Número,Mov,Facção,Transporte,Unitário,Desc Período OP,Ficha,Produto Custo,Observação,Descrição2,Peso Talhado,Índice,Grupo Prod,Desc Grupo Prod,Comp1,Comp2,Preço Produto,Entrega,Qtde Estampa,Preço Inv,Cidade,Endereço,Número End,Bairro,Fantasia,Dias,Dt Inicio,Dt Final,Tab Observação,Posse,Setor Reprocesso,Desc Reprocesso,Prog Setor,Dias Semana,Codigo2,Preço OP,Cliente Cnpj,Local,Nome Transp,Ord Setor,Local Produto,Tipo OP,Desc Tipo OP,Fac Operadores,Família,Desc Família,Grupo Família,Desc Grupo Família,Grupo Fac,Desc Grupo Fac,Grupo Setor,Desc Grupo Setor,Pedidos Prog,Nota Remessa,Descrição do Local,Retorno das Peças,Dt Limite,Dt Entrega,Marca,Desc Marca,Descrição Facção,Código,Produto Descrição,Parte,Desc Parte,Estoque,Etiqueta,Desc Etiqueta,Cor,Desc Cor,Tamanho,Ord Tam,Qtde Original,Qtde,Qtde Segunda,Qtde Incompleta,Qtde Faltante,Data Saída,Data Retorno,Fluxo,Desc Fluxo,Setor,Obs,Desc Setor,Tabela Preço,UN,Produto Status,Cliente Ped,Ped Cliente,RIS,Pedido,Pedido Codcli,Dt Fatura Ped,Ped Período,Ped Desc Período,Cliente Telefone,Cliente Consumos,Observação OF2,Dt Prevista,Grupo Cli,Desc Grupo Cli,Dt Prev Mov,Dias Fatura,Dias Retorno,Dias Parado,Qtde Pend,Preço Custo,Preço,Tempo,Tempo Total,Perc,Tab Cli Preço,Preço Padrão,Período OP,Coleção,Desc Coleção,Linha,Desc Linha,Soma Peças,Reprocesso,Opções
076521,0,834,,0,AMOSTRA,10/07,0,,B28,0,0,B01,CALÇA (BOTTON),,,0,00/01/1900,0,0,GASPAR,AVENIDA DEPUTADO FRANCISCO MASTELLA,3955,SETE DE SETEMBRO,,0,04/05/2026,04/06/2026,,1,,,,0,,0,00.577.158/0001-29,,,0,1 Ag F,0,OP PRODUÇÃO,0,0,CLASSIFICAR MODELO/FAMILIA,,,0097,GERAL,PRD,PRD - FASE PRODUTO,,,Agu retor Feira / pos fei,,00/01/1900,23/06/2021,149,SEM LICENÇA HERING,CONFECCOES ONEDA LTDA,13.16.00.0609,CALÇA / HKM183,CO,COR,N,HXI,HXI - HERING INVERNO 27,50,A DEFINIR,6,14,4,0,0,0,0,04/05/2026,04/05/2026,D41,FLUXO DE PENDENCIA DE COR,D01,,PENDENTE COR NOVA,0,PC,PENDENTE DESENVOLVIMENTO,,,,,,00/01/1900,,,(47) 3332-5004,0,,,,,,0,-142,142,4,,,0,0,0,0,0,A,H01,T54 - HERING KIDS O,5,CAIXA - LR,N,N,SSNN
076661,0,834,,0,AMOSTRA,19/06,0,,B25,0,0,T00,TOP CURTO (TOP),"cust. altenativ patch TPU R$ 3,50","GS39252.DST R$:1,70 COM PROTEÇÃO",0,00/01/1900,1,0,GASPAR,AVENIDA DEPUTADO FRANCISCO MASTELLA,3955,SETE DE SETEMBRO,,0,13/05/2026,13/06/2026,,1,,,,0,,0,00.577.158/0001-29,,,0,1 Ag F,0,OP PRODUÇÃO,0,0,CLASSIFICAR MODELO/FAMILIA,,,0097,GERAL,PRD,PRD - FASE PRODUTO,,,Agu retor Feira / pos fei,,00/01/1900,23/06/2021,139,CENTAURO,CONFECCOES ONEDA LTDA,05.20.00.0152,TOP CURTO / IV27VGM008,CO,COR,N,58F,58F - AW27 CENTAURO - INVERNO 27 - FUTEBOL,50,A DEFINIR,M,22,4,0,0,0,0,13/05/2026,13/05/2026,D41,FLUXO DE PENDENCIA DE COR,D01,,PENDENTE COR NOVA,0,PC,PENDENTE DESENVOLVIMENTO,,,,,,00/01/1900,,,(47) 3332-5004,0,,,,,,0,-133,133,4,,,0,0,0,0,0,A,51,CENTAURO,11,MASCULINO,N,N,SSNN
076662,0,834,,0,AMOSTRA,19/06,0,,B25,0,0,T00,TOP CURTO (TOP),,,0,00/01/1900,2,0,GASPAR,AVENIDA DEPUTADO FRANCISCO MASTELLA,3955,SETE DE SETEMBRO,,0,13/05/2026,13/06/2026,,1,,,,0,,0,00.577.158/0001-29,,,0,1 Ag F,0,OP PRODUÇÃO,0,0,CLASSIFICAR MODELO/FAMILIA,,,0097,GERAL,PRD,PRD - FASE PRODUTO,,,Agu retor Feira / pos fei,,00/01/1900,23/06/2021,139,CENTAURO,CONFECCOES ONEDA LTDA,05.20.00.0153,TOP CURTO,CO,COR,N,58F,58F - AW27 CENTAURO - INVERNO 27 - FUTEBOL,50,A DEFINIR,M,22,4,0,0,0,0,13/05/2026,13/05/2026,D41,FLUXO DE PENDENCIA DE COR,D01,,PENDENTE COR NOVA,0,PC,PENDENTE DESENVOLVIMENTO,,,,,,00/01/1900,,,(47) 3332-5004,0,,,,,,0,-133,133,4,,,0,0,0,0,0,A,51,CENTAURO,11,MASCULINO,N,N,SSNN
076667,0,834,,0,AMOSTRA,19/06,0,,B25,0,0,T00,TOP CURTO (TOP),,"Frente R$:1,65 / Manga R$:1,65",0,00/01/1900,1,0,GASPAR,AVENIDA DEPUTADO FRANCISCO MASTELLA,3955,SETE DE SETEMBRO,,0,13/05/2026,13/06/2026,,1,,,,0,,0,00.577.158/0001-29,,,0,1 Ag F,0,OP PRODUÇÃO,0,0,CLASSIFICAR MODELO/FAMILIA,,,0097,GERAL,PRD,PRD - FASE PRODUTO,,,Agu retor Feira / pos fei,,00/01/1900,23/06/2021,139,CENTAURO,CONFECCOES ONEDA LTDA,05.19.00.0135D,TOP CURTO,CO,COR,N,58A,58A - AW27 CENTAURO - INVERNO 27 - ASICS,50,A DEFINIR,M,22,4,0,0,0,0,13/05/2026,13/05/2026,D41,FLUXO DE PENDENCIA DE COR,D01,,PENDENTE COR NOVA,0,PC,PENDENTE DESENVOLVIMENTO,,,,,,00/01/1900,,,(47) 3332-5004,0,,,,,,0,-133,133,4,,,0,0,0,0,0,A,51,CENTAURO,12,FEMININO,N,N,SSNN
076669,0,834,,0,AMOSTRA,19/06,0,,B25,0,0,T00,TOP CURTO (TOP),,"Manga R$:1,65 /",0,00/01/1900,3,0,GASPAR,AVENIDA DEPUTADO FRANCISCO MASTELLA,3955,SETE DE SETEMBRO,,0,13/05/2026,13/06/2026,,1,,,,0,,0,00.577.158/0001-29,,,0,1 Ag F,0,OP PRODUÇÃO,0,0,CLASSIFICAR MODELO/FAMILIA,,,0097,GERAL,PRD,PRD - FASE PRODUTO,,,Agu retor Feira / pos fei,,00/01/1900,23/06/2021,139,CENTAURO,CONFECCOES ONEDA LTDA,05.19.00.0136G,TOP CURTO,CO,COR,N,58A,58A - AW27 CENTAURO - INVERNO 27 - ASICS,50,A DEFINIR,M,22,4,0,0,0,0,13/05/2026,13/05/2026,D41,FLUXO DE PENDENCIA DE COR,D01,,PENDENTE COR NOVA,0,PC,PENDENTE DESENVOLVIMENTO,,,,,,00/01/1900,,,(47) 3332-5004,0,,,,,,0,-133,133,4,,,0,0,0,0,0,A,51,CENTAURO,12,FEMININO,N,N,SSNN
076670,0,834,,0,AMOSTRA,19/06,0,,B25,0,0,T00,TOP CURTO (TOP),,"Manga R$:1,65 / Frente GS39253.DST R$:2,30",0,00/01/1900,2,0,GASPAR,AVENIDA DEPUTADO FRANCISCO MASTELLA,3955,SETE DE SETEMBRO,,0,13/05/2026,13/06/2026,,1,,,,0,,0,00.577.158/0001-29,,,0,1 Ag F,0,OP PRODUÇÃO,0,0,CLASSIFICAR MODELO/FAMILIA,,,0097,GERAL,PRD,PRD - FASE PRODUTO,,,Agu retor Feira / pos fei,,00/01/1900,23/06/2021,139,CENTAURO,CONFECCOES ONEDA LTDA,05.19.00.0136H,TOP CURTO,CO,COR,N,58A,58A - AW27 CENTAURO - INVERNO 27 - ASICS,50,A DEFINIR,M,22,4,0,0,0,0,13/05/2026,13/05/2026,D41,FLUXO DE PENDENCIA DE COR,D01,,PENDENTE COR NOVA,0,PC,PENDENTE DESENVOLVIMENTO,,,,,,00/01/1900,,,(47) 3332-5004,0,,,,,,0,-133,133,4,,,0,0,0,0,0,A,51,CENTAURO,12,FEMININO,N,N,SSNN
076910,0,834,,0,AMOSTRA,24/06,0,,B26,0,0,T00,TOP CURTO (TOP),,EST. FR 4 CORES / EST. COST. 3 CORES,0,00/01/1900,3,0,GASPAR,AVENIDA DEPUTADO FRANCISCO MASTELLA,3955,SETE DE SETEMBRO,,0,08/06/2026,08/07/2026,,1,,,,0,,0,00.577.158/0001-29,,,0,1 Ag F,0,OP PRODUÇÃO,0,0,CLASSIFICAR MODELO/FAMILIA,,,0097,GERAL,PRD,PRD - FASE PRODUTO,,,Agu retor Feira / pos fei,,00/01/1900,23/06/2021,139,CENTAURO,CONFECCOES ONEDA LTDA,05.19.00.0155,TOP CURTO,CO,COR,N,58O,58O - AW27 CENTAURO - INVERNO 27 - OXER,50,A DEFINIR,M,22,4,0,0,0,0,08/06/2026,08/06/2026,D41,FLUXO DE PENDENCIA DE COR,D01,,PENDENTE COR NOVA,0,PC,PENDENTE DESENVOLVIMENTO,,,,,,00/01/1900,,,(47) 3332-5004,0,,,,,,0,-107,107,4,,,0,0,0,0,0,A,51,CENTAURO,12,FEMININO,N,N,SSNN
076911,0,834,,0,AMOSTRA,18/09,0,,B38,0,0,T00,TOP CURTO (TOP),,EST. FR 1 COR / EST. COST. 4 CORES,0,00/01/1900,3,0,GASPAR,AVENIDA DEPUTADO FRANCISCO MASTELLA,3955,SETE DE SETEMBRO,,0,08/06/2026,08/07/2026,,1,,,,0,,0,00.577.158/0001-29,,,0,1 Ag F,0,OP PRODUÇÃO,0,0,CLASSIFICAR MODELO/FAMILIA,,,0097,GERAL,PRD,PRD - FASE PRODUTO,,,Agu retor Feira / pos fei,,00/01/1900,23/06/2021,139,CENTAURO,CONFECCOES ONEDA LTDA,05.19.00.0155A,TOP CURTO / I27OCF189,CO,COR,N,58O,58O - AW27 CENTAURO - INVERNO 27 - OXER,50,A DEFINIR,M,22,4,0,0,0,0,08/06/2026,08/06/2026,D41,FLUXO DE PENDENCIA DE COR,D01,,PENDENTE COR NOVA,0,PC,PENDENTE DESENVOLVIMENTO,,,,,,00/01/1900,,,(47) 3332-5004,0,,,,,,0,-107,107,4,,,0,0,0,0,0,A,51,CENTAURO,12,FEMININO,N,N,SSNN
076912,0,834,,0,AMOSTRA,24/06,0,,B26,0,0,T00,TOP CURTO (TOP),,EST. FR E COST 3 CORES CADA,0,00/01/1900,3,0,GASPAR,AVENIDA DEPUTADO FRANCISCO MASTELLA,3955,SETE DE SETEMBRO,,0,08/06/2026,08/07/2026,,1,,,,0,,0,00.577.158/0001-29,,,0,1 Ag F,0,OP PRODUÇÃO,0,0,CLASSIFICAR MODELO/FAMILIA,,,0097,GERAL,PRD,PRD - FASE PRODUTO,,,Agu retor Feira / pos fei,,00/01/1900,23/06/2021,139,CENTAURO,CONFECCOES ONEDA LTDA,05.19.00.0155B,TOP CURTO / I27OCF189,CO,COR,N,58O,58O - AW27 CENTAURO - INVERNO 27 - OXER,50,A DEFINIR,M,22,4,0,0,0,0,08/06/2026,08/06/2026,D41,FLUXO DE PENDENCIA DE COR,D01,,PENDENTE COR NOVA,0,PC,PENDENTE DESENVOLVIMENTO,,,,,,00/01/1900,,,(47) 3332-5004,0,,,,,,0,-107,107,4,,,0,0,0,0,0,A,51,CENTAURO,12,FEMININO,N,N,SSNN
076913,0,834,,0,AMOSTRA,24/06,0,,B26,0,0,T00,TOP CURTO (TOP),,EST 1 COR,0,00/01/1900,2,0,GASPAR,AVENIDA DEPUTADO FRANCISCO MASTELLA,3955,SETE DE SETEMBRO,,0,08/06/2026,08/07/2026,,1,,,,0,,0,00.577.158/0001-29,,,0,1 Ag F,0,OP PRODUÇÃO,0,0,CLASSIFICAR MODELO/FAMILIA,,,0097,GERAL,PRD,PRD - FASE PRODUTO,,,Agu retor Feira / pos fei,,00/01/1900,23/06/2021,139,CENTAURO,CONFECCOES ONEDA LTDA,05.19.00.0156,TOP CURTO,CO,COR,N,58O,58O - AW27 CENTAURO - INVERNO 27 - OXER,50,A DEFINIR,M,22,4,0,0,0,0,08/06/2026,08/06/2026,D41,FLUXO DE PENDENCIA DE COR,D01,,PENDENTE COR NOVA,0,PC,PENDENTE DESENVOLVIMENTO,,,,,,00/01/1900,,,(47) 3332-5004,0,,,,,,0,-107,107,4,,,0,0,0,0,0,A,51,CENTAURO,12,FEMININO,N,N,SSNN
076914,0,834,,0,AMOSTRA,18/09,0,,B38,0,0,T00,TOP CURTO (TOP),,EST 1 COR,0,00/01/1900,2,0,GASPAR,AVENIDA DEPUTADO FRANCISCO MASTELLA,3955,SETE DE SETEMBRO,,0,08/06/2026,08/07/2026,,1,,,,0,,0,00.577.158/0001-29,,,0,1 Ag F,0,OP PRODUÇÃO,0,0,CLASSIFICAR MODELO/FAMILIA,,,0097,GERAL,PRD,PRD - FASE PRODUTO,,,Agu retor Feira / pos fei,,00/01/1900,23/06/2021,139,CENTAURO,CONFECCOES ONEDA LTDA,05.19.00.0156A,TOP CURTO,CO,COR,N,58O,58O - AW27 CENTAURO - INVERNO 27 - OXER,50,A DEFINIR,M,22,4,0,0,0,0,08/06/2026,08/06/2026,D41,FLUXO DE PENDENCIA DE COR,D01,,PENDENTE COR NOVA,0,PC,PENDENTE DESENVOLVIMENTO,,,,,,00/01/1900,,,(47) 3332-5004,0,,,,,,0,-107,107,4,,,0,0,0,0,0,A,51,CENTAURO,12,FEMININO,N,N,SSNN
076915,0,834,,0,AMOSTRA,24/06,0,,B26,0,0,T00,TOP CURTO (TOP),,EST. COSTAS 4 CORES + GEL,0,00/01/1900,3,0,GASPAR,AVENIDA DEPUTADO FRANCISCO MASTELLA,3955,SETE DE SETEMBRO,,0,08/06/2026,08/07/2026,,1,,,,0,,0,00.577.158/0001-29,,,0,1 Ag F,0,OP PRODUÇÃO,0,0,CLASSIFICAR MODELO/FAMILIA,,,0097,GERAL,PRD,PRD - FASE PRODUTO,,,Agu retor Feira / pos fei,,00/01/1900,23/06/2021,139,CENTAURO,CONFECCOES ONEDA LTDA,05.20.00.0157,TOP CURTO,CO,COR,N,58O,58O - AW27 CENTAURO - INVERNO 27 - OXER,50,A DEFINIR,M,22,4,0,0,0,0,08/06/2026,08/06/2026,D41,FLUXO DE PENDENCIA DE COR,D01,,PENDENTE COR NOVA,0,PC,PENDENTE DESENVOLVIMENTO,,,,,,00/01/1900,,,(47) 3332-5004,0,,,,,,0,-107,107,4,,,0,0,0,0,0,A,51,CENTAURO,11,MASCULINO,N,N,SSNN
076916,0,834,,0,AMOSTRA,24/06,0,,B26,0,0,T00,TOP CURTO (TOP),,EST. FR E COST. 3 CORES CADA,0,00/01/1900,4,0,GASPAR,AVENIDA DEPUTADO FRANCISCO MASTELLA,3955,SETE DE SETEMBRO,,0,08/06/2026,08/07/2026,,1,,,,0,,0,00.577.158/0001-29,,,0,1 Ag F,0,OP PRODUÇÃO,0,0,CLASSIFICAR MODELO/FAMILIA,,,0097,GERAL,PRD,PRD - FASE PRODUTO,,,Agu retor Feira / pos fei,,00/01/1900,23/06/2021,139,CENTAURO,CONFECCOES ONEDA LTDA,05.20.00.0157A,TOP CURTO,CO,COR,N,58O,58O - AW27 CENTAURO - INVERNO 27 - OXER,50,A DEFINIR,M,22,4,0,0,0,0,08/06/2026,08/06/2026,D41,FLUXO DE PENDENCIA DE COR,D01,,PENDENTE COR NOVA,0,PC,PENDENTE DESENVOLVIMENTO,,,,,,00/01/1900,,,(47) 3332-5004,0,,,,,,0,-107,107,4,,,0,0,0,0,0,A,51,CENTAURO,11,MASCULINO,N,N,SSNN
076931,0,834,,0,AMOSTRA,26/06,0,,B27,0,0,T00,TOP CURTO (TOP),,,0,00/01/1900,4,0,GASPAR,AVENIDA DEPUTADO FRANCISCO MASTELLA,3955,SETE DE SETEMBRO,,0,10/06/2026,10/07/2026,,1,,,,0,,0,00.577.158/0001-29,,,0,1 Ag F,0,OP PRODUÇÃO,0,0,CLASSIFICAR MODELO/FAMILIA,,,0097,GERAL,PRD,PRD - FASE PRODUTO,,,Agu retor Feira / pos fei,,00/01/1900,23/06/2021,139,CENTAURO,CONFECCOES ONEDA LTDA,05.20.00.0158,TOP CURTO,CO,COR,N,58A,58A - AW27 CENTAURO - INVERNO 27 - ASICS,50,A DEFINIR,M,22,4,0,0,0,0,10/06/2026,10/06/2026,D41,FLUXO DE PENDENCIA DE COR,D01,,PENDENTE COR NOVA,0,PC,PENDENTE DESENVOLVIMENTO,,,,,,00/01/1900,,,(47) 3332-5004,0,,,,,,0,-105,105,4,,,0,0,0,0,0,A,51,CENTAURO,11,MASCULINO,N,N,SSNN
077042,0,834,,0,AMOSTRA,26/06,0,,B27,0,0,T00,TOP CURTO (TOP),,,0,00/01/1900,4,0,GASPAR,AVENIDA DEPUTADO FRANCISCO MASTELLA,3955,SETE DE SETEMBRO,,0,12/06/2026,12/07/2026,,1,,,,0,,0,00.577.158/0001-29,,,0,1 Ag F,0,OP PRODUÇÃO,0,0,CLASSIFICAR MODELO/FAMILIA,,,0097,GERAL,PRD,PRD - FASE PRODUTO,,,Agu retor Feira / pos fei,,00/01/1900,23/06/2021,139,CENTAURO,CONFECCOES ONEDA LTDA,05.20.00.0158-1,TOP CURTO,CO,COR,N,58A,58A - AW27 CENTAURO - INVERNO 27 - ASICS,50,A DEFINIR,M,22,4,0,0,0,0,12/06/2026,12/06/2026,D41,FLUXO DE PENDENCIA DE COR,D01,,PENDENTE COR NOVA,0,PC,PENDENTE DESENVOLVIMENTO,,,,,,00/01/1900,,,(47) 3332-5004,0,,,,,,0,-103,103,4,,,0,0,0,0,0,A,51,CENTAURO,11,MASCULINO,N,N,SSNN
077132,0,834,,0,AMOSTRA,17/07,0,,B29,0,0,T14,POLO LONGO (TOP),,,0,00/01/1900,0,0,GASPAR,AVENIDA DEPUTADO FRANCISCO MASTELLA,3955,SETE DE SETEMBRO,,0,17/06/2026,17/07/2026,,1,,,,0,,0,00.577.158/0001-29,,,0,1 Ag F,0,OP PRODUÇÃO,0,0,CLASSIFICAR MODELO/FAMILIA,,,0097,GERAL,PRD,PRD - FASE PRODUTO,,,Agu retor Feira / pos fei,,00/01/1900,23/06/2021,149,SEM LICENÇA HERING,CONFECCOES ONEDA LTDA,13.15.00.0631A,POLO LONGO,CO,COR,N,HXI,HXI - HERING INVERNO 27,50,A DEFINIR,6,14,4,0,0,0,0,17/06/2026,17/06/2026,D41,FLUXO DE PENDENCIA DE COR,D01,,PENDENTE COR NOVA,0,PC,PENDENTE DESENVOLVIMENTO,,,,,,00/01/1900,,,(47) 3332-5004,0,,,,,,0,-98,98,4,,,0,0,0,0,0,A,H02,T53 - HERING KIDS A,12,FEMININO,N,N,SSNN
077204,0,834,,0,AMOSTRA,28/09,0,,B38,0,0,T00,TOP CURTO (TOP),Bordado conferir GS na combinação,Estampa Frente 3 cores + Puff / Estampa Costas 4 cores + Puff,0,00/01/1900,3,0,GASPAR,AVENIDA DEPUTADO FRANCISCO MASTELLA,3955,SETE DE SETEMBRO,,0,22/06/2026,22/07/2026,,1,,,,0,,0,00.577.158/0001-29,,,0,1 Ag F,0,OP PRODUÇÃO,0,0,CLASSIFICAR MODELO/FAMILIA,,,0097,GERAL,PRD,PRD - FASE PRODUTO,,,Agu retor Feira / pos fei,,00/01/1900,23/06/2021,139,CENTAURO,CONFECCOES ONEDA LTDA,05.20.00.0159,TOP CURTO,CO,COR,N,58A,58A - AW27 CENTAURO - INVERNO 27 - ASICS,50,A DEFINIR,M,22,4,0,0,0,0,22/06/2026,22/06/2026,D41,FLUXO DE PENDENCIA DE COR,D01,,PENDENTE COR NOVA,0,PC,PENDENTE DESENVOLVIMENTO,,,,,,00/01/1900,,,(47) 3332-5004,0,,,,,,0,-93,93,4,,,0,0,0,0,0,A,51,CENTAURO,11,MASCULINO,N,N,SSNN
077305,0,834,,0,AMOSTRA,,0,,,0,0,T00,TOP CURTO (TOP),"cust alternativo: tag 0,80 / transfer 0,60",,0,00/01/1900,0,0,GASPAR,AVENIDA DEPUTADO FRANCISCO MASTELLA,3955,SETE DE SETEMBRO,,0,25/06/2026,25/07/2026,,1,,,,0,,0,00.577.158/0001-29,,,0,1 Ag F,0,OP PRODUÇÃO,0,0,CLASSIFICAR MODELO/FAMILIA,,,0097,GERAL,PRD,PRD - FASE PRODUTO,,,Agu retor Feira / pos fei,,00/01/1900,23/06/2021,139,CENTAURO,CONFECCOES ONEDA LTDA,05.20.00.0160,TOP CURTO,CO,COR,N,58A,58A - AW27 CENTAURO - INVERNO 27 - ASICS,50,A DEFINIR,M,22,4,0,0,0,0,25/06/2026,25/06/2026,D41,FLUXO DE PENDENCIA DE COR,D01,,PENDENTE COR NOVA,0,PC,PENDENTE DESENVOLVIMENTO,,,,,,00/01/1900,,,(47) 3332-5004,0,,,,,,0,-90,90,4,,,0,0,0,0,0,A,51,CENTAURO,11,MASCULINO,N,N,SSNN
077306,0,834,,0,AMOSTRA,24/07,0,,B30,0,0,T00,TOP CURTO (TOP),"cust alternativo: tag 0,80 / transfer 0,60 - Custo embossed na comb.","R$:1,90 COM PROTEÇÃO",0,00/01/1900,1,0,GASPAR,AVENIDA DEPUTADO FRANCISCO MASTELLA,3955,SETE DE SETEMBRO,,0,25/06/2026,25/07/2026,,1,,,,0,,0,00.577.158/0001-29,,,0,1 Ag F,0,OP PRODUÇÃO,0,0,CLASSIFICAR MODELO/FAMILIA,,,0097,GERAL,PRD,PRD - FASE PRODUTO,,,Agu retor Feira / pos fei,,00/01/1900,23/06/2021,139,CENTAURO,CONFECCOES ONEDA LTDA,05.20.00.0161,TOP CURTO,CO,COR,N,58A,58A - AW27 CENTAURO - INVERNO 27 - ASICS,50,A DEFINIR,M,22,4,0,0,0,0,25/06/2026,25/06/2026,D41,FLUXO DE PENDENCIA DE COR,D01,,PENDENTE COR NOVA,0,PC,PENDENTE DESENVOLVIMENTO,,,,,,00/01/1900,,,(47) 3332-5004,0,,,,,,0,-90,90,4,,,0,0,0,0,0,A,51,CENTAURO,11,MASCULINO,N,N,SSNN
077311,0,834,,0,AMOSTRA,10/07,0,,B28,0,0,T00,TOP CURTO (TOP),,Bord: conferir na combinação,0,00/01/1900,3,0,GASPAR,AVENIDA DEPUTADO FRANCISCO MASTELLA,3955,SETE DE SETEMBRO,,0,25/06/2026,25/07/2026,,1,,,,0,,0,00.577.158/0001-29,,,0,1 Ag F,0,OP PRODUÇÃO,0,0,CLASSIFICAR MODELO/FAMILIA,,,0097,GERAL,PRD,PRD - FASE PRODUTO,,,Agu retor Feira / pos fei,,00/01/1900,23/06/2021,139,CENTAURO,CONFECCOES ONEDA LTDA,05.20.00.0159-1,TOP CURTO,CO,COR,N,58A,58A - AW27 CENTAURO - INVERNO 27 - ASICS,50,A DEFINIR,M,22,4,0,0,0,0,25/06/2026,25/06/2026,D41,FLUXO DE PENDENCIA DE COR,D01,,PENDENTE COR NOVA,0,PC,PENDENTE DESENVOLVIMENTO,,,,,,00/01/1900,,,(47) 3332-5004,0,,,,,,0,-90,90,4,,,0,0,0,0,0,A,51,CENTAURO,11,MASCULINO,N,N,SSNN
077312,0,834,,0,AMOSTRA,,0,,,0,0,T00,TOP CURTO (TOP),"cust alternativo: tag 0,80 / transfer 0,60",,0,00/01/1900,0,0,GASPAR,AVENIDA DEPUTADO FRANCISCO MASTELLA,3955,SETE DE SETEMBRO,,0,26/06/2026,26/07/2026,,1,,,,0,,0,00.577.158/0001-29,,,0,1 Ag F,0,OP PRODUÇÃO,0,0,CLASSIFICAR MODELO/FAMILIA,,,0097,GERAL,PRD,PRD - FASE PRODUTO,,,Agu retor Feira / pos fei,,00/01/1900,23/06/2021,139,CENTAURO,CONFECCOES ONEDA LTDA,05.20.00.0160A,TOP CURTO,CO,COR,N,58A,58A - AW27 CENTAURO - INVERNO 27 - ASICS,50,A DEFINIR,M,22,4,0,0,0,0,26/06/2026,26/06/2026,D41,FLUXO DE PENDENCIA DE COR,D01,,PENDENTE COR NOVA,0,PC,PENDENTE DESENVOLVIMENTO,,,,,,00/01/1900,,,(47) 3332-5004,0,,,,,,0,-89,89,4,,,0,0,0,0,0,A,51,CENTAURO,11,MASCULINO,N,N,SSNN
077313,0,834,,0,AMOSTRA,,0,,,0,0,T00,TOP CURTO (TOP),"cust alternativo: tag 0,80 / transfer 0,60",,0,00/01/1900,0,0,GASPAR,AVENIDA DEPUTADO FRANCISCO MASTELLA,3955,SETE DE SETEMBRO,,0,26/06/2026,26/07/2026,,1,,,,0,,0,00.577.158/0001-29,,,0,1 Ag F,0,OP PRODUÇÃO,0,0,CLASSIFICAR MODELO/FAMILIA,,,0097,GERAL,PRD,PRD - FASE PRODUTO,,,Agu retor Feira / pos fei,,00/01/1900,23/06/2021,139,CENTAURO,CONFECCOES ONEDA LTDA,05.20.00.0160B,TOP CURTO,CO,COR,N,58A,58A - AW27 CENTAURO - INVERNO 27 - ASICS,50,A DEFINIR,M,22,4,0,0,0,0,26/06/2026,26/06/2026,D41,FLUXO DE PENDENCIA DE COR,D01,,PENDENTE COR NOVA,0,PC,PENDENTE DESENVOLVIMENTO,,,,,,00/01/1900,,,(47) 3332-5004,0,,,,,,0,-89,89,4,,,0,0,0,0,0,A,51,CENTAURO,11,MASCULINO,N,N,SSNN
077314,0,834,,0,AMOSTRA,,0,,,0,0,T00,TOP CURTO (TOP),"cust alternativo: tag 0,80 / transfer 0,60",,0,00/01/1900,0,0,GASPAR,AVENIDA DEPUTADO FRANCISCO MASTELLA,3955,SETE DE SETEMBRO,,0,26/06/2026,26/07/2026,,1,,,,0,,0,00.577.158/0001-29,,,0,1 Ag F,0,OP PRODUÇÃO,0,0,CLASSIFICAR MODELO/FAMILIA,,,0097,GERAL,PRD,PRD - FASE PRODUTO,,,Agu retor Feira / pos fei,,00/01/1900,23/06/2021,139,CENTAURO,CONFECCOES ONEDA LTDA,05.20.00.0160C,TOP CURTO,CO,COR,N,58A,58A - AW27 CENTAURO - INVERNO 27 - ASICS,50,A DEFINIR,M,22,4,0,0,0,0,26/06/2026,26/06/2026,D41,FLUXO DE PENDENCIA DE COR,D01,,PENDENTE COR NOVA,0,PC,PENDENTE DESENVOLVIMENTO,,,,,,00/01/1900,,,(47) 3332-5004,0,,,,,,0,-89,89,4,,,0,0,0,0,0,A,51,CENTAURO,11,MASCULINO,N,N,SSNN
077383,0,834,,0,AMOSTRA,20/07,0,,B30,0,0,T00,TOP CURTO (TOP),,,0,00/01/1900,4,0,GASPAR,AVENIDA DEPUTADO FRANCISCO MASTELLA,3955,SETE DE SETEMBRO,,0,07/07/2026,07/08/2026,,1,,,,0,,0,00.577.158/0001-29,,,0,,0,OP PRODUÇÃO,0,0,CLASSIFICAR MODELO/FAMILIA,,,0097,GERAL,PRD,PRD - FASE PRODUTO,,,,,00/01/1900,23/06/2021,139,CENTAURO,CONFECCOES ONEDA LTDA,05.20.00.0158-2,TOP CURTO,CO,COR,N,58A,58A - AW27 CENTAURO - INVERNO 27 - ASICS,50,A DEFINIR,M,22,4,0,0,0,0,07/07/2026,07/07/2026,D41,FLUXO DE PENDENCIA DE COR,D01,,PENDENTE COR NOVA,0,PC,PENDENTE DESENVOLVIMENTO,,,,,,00/01/1900,,,(47) 3332-5004,0,,,,,,0,-78,78,4,,,0,0,0,0,0,A,51,CENTAURO,11,MASCULINO,N,N,SSNN
077384,0,834,,0,AMOSTRA,20/07,0,,B30,0,0,T00,TOP CURTO (TOP),,,0,00/01/1900,4,0,GASPAR,AVENIDA DEPUTADO FRANCISCO MASTELLA,3955,SETE DE SETEMBRO,,0,07/07/2026,07/08/2026,,1,,,,0,,0,00.577.158/0001-29,,,0,,0,OP PRODUÇÃO,0,0,CLASSIFICAR MODELO/FAMILIA,,,0097,GERAL,PRD,PRD - FASE PRODUTO,,,,,00/01/1900,23/06/2021,139,CENTAURO,CONFECCOES ONEDA LTDA,05.20.00.0158-3,TOP CURTO,CO,COR,N,58A,58A - AW27 CENTAURO - INVERNO 27 - ASICS,50,A DEFINIR,M,22,4,0,0,0,0,07/07/2026,07/07/2026,D41,FLUXO DE PENDENCIA DE COR,D01,,PENDENTE COR NOVA,0,PC,PENDENTE DESENVOLVIMENTO,,,,,,00/01/1900,,,(47) 3332-5004,0,,,,,,0,-78,78,4,,,0,0,0,0,0,A,51,CENTAURO,11,MASCULINO,N,N,SSNN
077398,0,834,,0,AMOSTRA,31/07,0,,B31,0,0,T21,VESTIDO (TOP),"Rot 3 cores PIG R$ 21, processo completo",,0,00/01/1900,0,0,GASPAR,AVENIDA DEPUTADO FRANCISCO MASTELLA,3955,SETE DE SETEMBRO,,0,09/07/2026,09/08/2026,,1,,,,0,,0,00.577.158/0001-29,,,0,1 Ag F,0,OP PRODUÇÃO,0,0,CLASSIFICAR MODELO/FAMILIA,,,0097,GERAL,PRD,PRD - FASE PRODUTO,,,Agu retor Feira / pos fei,,00/01/1900,23/06/2021,149,SEM LICENÇA HERING,CONFECCOES ONEDA LTDA,13.17.00.0639,VESTIDO / HRTE158,CO,COR,N,HXV,HXV - HERING VERÃO 2027,50,A DEFINIR,XP,64,4,0,0,0,0,09/07/2026,09/07/2026,D41,FLUXO DE PENDENCIA DE COR,D01,,PENDENTE COR NOVA,0,PC,PENDENTE DESENVOLVIMENTO,,,,,,00/01/1900,,,(47) 3332-5004,0,,,,,,0,-76,76,4,,,0,0,0,0,0,A,H06,T59 - HERING TEEN A,5,CAIXA - LR,N,N,SSNN
077399,0,834,,0,AMOSTRA,31/07,0,,B31,0,0,T00,TOP CURTO (TOP),"Rot 3 cores PIG R$ 21, processo completo",,0,00/01/1900,0,0,GASPAR,AVENIDA DEPUTADO FRANCISCO MASTELLA,3955,SETE DE SETEMBRO,,0,09/07/2026,09/08/2026,,1,,,,0,,0,00.577.158/0001-29,,,0,1 Ag F,0,OP PRODUÇÃO,0,0,CLASSIFICAR MODELO/FAMILIA,,,0097,GERAL,PRD,PRD - FASE PRODUTO,,,Agu retor Feira / pos fei,,00/01/1900,23/06/2021,149,SEM LICENÇA HERING,CONFECCOES ONEDA LTDA,13.17.00.0640,TOP CURTO / HRTE163,CO,COR,N,HXV,HXV - HERING VERÃO 2027,50,A DEFINIR,XP,64,4,0,0,0,0,09/07/2026,09/07/2026,D41,FLUXO DE PENDENCIA DE COR,D01,,PENDENTE COR NOVA,0,PC,PENDENTE DESENVOLVIMENTO,,,,,,00/01/1900,,,(47) 3332-5004,0,,,,,,0,-76,76,4,,,0,0,0,0,0,A,H06,T59 - HERING TEEN A,5,CAIXA - LR,N,N,SSNN
077419,0,834,,0,AMOSTRA,07/08,0,,B32,0,0,T00,TOP CURTO (TOP),"Rot 3 cores PIG R$ 21, processo completo",,34,00/01/1900,0,0,GASPAR,AVENIDA DEPUTADO FRANCISCO MASTELLA,3955,SETE DE SETEMBRO,,0,13/07/2026,13/08/2026,,1,,,,0,,0,00.577.158/0001-29,,,0,1 Ag F,0,OP PRODUÇÃO,0,0,CLASSIFICAR MODELO/FAMILIA,,,0097,GERAL,PRD,PRD - FASE PRODUTO,,,Agu retor Feira / pos fei,,00/01/1900,23/06/2021,149,SEM LICENÇA HERING,CONFECCOES ONEDA LTDA,13.15.00.0645,TOP CURTO / HKF248,CO,COR,N,HXV,HXV - HERING VERÃO 2027,50,A DEFINIR,6,14,4,0,0,0,0,13/07/2026,13/07/2026,D41,FLUXO DE PENDENCIA DE COR,D01,,PENDENTE COR NOVA,0,PC,PENDENTE DESENVOLVIMENTO,,,,,,00/01/1900,,,(47) 3332-5004,0,,,,,,0,-72,72,4,,,0,0,0,0,0,A,H02,T53 - HERING KIDS A,5,CAIXA - LR,N,N,SSNN
077420,0,834,,0,AMOSTRA,07/08,0,,B32,0,0,T00,TOP CURTO (TOP),"Rot 5 cores PIG R$ 23, processo completo",,34,00/01/1900,0,0,GASPAR,AVENIDA DEPUTADO FRANCISCO MASTELLA,3955,SETE DE SETEMBRO,,0,13/07/2026,13/08/2026,,1,,,,0,,0,00.577.158/0001-29,,,0,1 Ag F,0,OP PRODUÇÃO,0,0,CLASSIFICAR MODELO/FAMILIA,,,0097,GERAL,PRD,PRD - FASE PRODUTO,,,Agu retor Feira / pos fei,,00/01/1900,23/06/2021,149,SEM LICENÇA HERING,CONFECCOES ONEDA LTDA,13.15.00.0646,TOP CURTO / HKF254,CO,COR,N,HXV,HXV - HERING VERÃO 2027,50,A DEFINIR,6,14,4,0,0,0,0,13/07/2026,13/07/2026,D41,FLUXO DE PENDENCIA DE COR,D01,,PENDENTE COR NOVA,0,PC,PENDENTE DESENVOLVIMENTO,,,,,,00/01/1900,,,(47) 3332-5004,0,,,,,,0,-72,72,4,,,0,0,0,0,0,A,H02,T53 - HERING KIDS A,5,CAIXA - LR,N,N,SSNN
077422,0,834,,0,AMOSTRA,03/08,0,,B32,0,0,T13,POLO CURTO (TOP),,,34,00/01/1900,0,0,GASPAR,AVENIDA DEPUTADO FRANCISCO MASTELLA,3955,SETE DE SETEMBRO,,0,13/07/2026,13/08/2026,,1,,,,0,,0,00.577.158/0001-29,,,0,1 Ag F,0,OP PRODUÇÃO,0,0,CLASSIFICAR MODELO/FAMILIA,,,0097,GERAL,PRD,PRD - FASE PRODUTO,,,Agu retor Feira / pos fei,,00/01/1900,23/06/2021,149,SEM LICENÇA HERING,CONFECCOES ONEDA LTDA,13.15.00.0647,POLO CURTO / HKF257,CO,COR,N,HXV,HXV - HERING VERÃO 2027,50,A DEFINIR,6,14,4,0,0,0,0,13/07/2026,13/07/2026,D41,FLUXO DE PENDENCIA DE COR,D01,,PENDENTE COR NOVA,0,PC,PENDENTE DESENVOLVIMENTO,,,,,,00/01/1900,,,(47) 3332-5004,0,,,,,,0,-72,72,4,,,0,0,0,0,0,A,H02,T53 - HERING KIDS A,5,CAIXA - LR,N,N,SSNN
077423,0,834,,0,AMOSTRA,31/07,0,,B31,0,0,B01,CALÇA (BOTTON),,,34,00/01/1900,0,0,GASPAR,AVENIDA DEPUTADO FRANCISCO MASTELLA,3955,SETE DE SETEMBRO,,0,13/07/2026,13/08/2026,,1,,,,0,,0,00.577.158/0001-29,,,0,1 Ag F,0,OP PRODUÇÃO,0,0,CLASSIFICAR MODELO/FAMILIA,,,0097,GERAL,PRD,PRD - FASE PRODUTO,,,Agu retor Feira / pos fei,,00/01/1900,23/06/2021,149,SEM LICENÇA HERING,CONFECCOES ONEDA LTDA,13.15.00.0648,CALÇA / HKF267,CO,COR,N,HXV,HXV - HERING VERÃO 2027,50,A DEFINIR,6,14,4,0,0,0,0,13/07/2026,13/07/2026,D41,FLUXO DE PENDENCIA DE COR,D01,,PENDENTE COR NOVA,0,PC,PENDENTE DESENVOLVIMENTO,,,,,,00/01/1900,,,(47) 3332-5004,0,,,,,,0,-72,72,4,,,0,0,0,0,0,A,H02,T53 - HERING KIDS A,5,CAIXA - LR,N,N,SSNN
077424,0,834,,0,AMOSTRA,07/08,0,,B32,0,0,T00,TOP CURTO (TOP),"Rot 3 cores PIG R$ 21, processo completo",,34,00/01/1900,0,0,GASPAR,AVENIDA DEPUTADO FRANCISCO MASTELLA,3955,SETE DE SETEMBRO,,0,13/07/2026,13/08/2026,,1,,,,0,,0,00.577.158/0001-29,,,0,1 Ag F,0,OP PRODUÇÃO,0,0,CLASSIFICAR MODELO/FAMILIA,,,0097,GERAL,PRD,PRD - FASE PRODUTO,,,Agu retor Feira / pos fei,,00/01/1900,23/06/2021,149,SEM LICENÇA HERING,CONFECCOES ONEDA LTDA,13.15.00.0649,TOP CURTO / HKF270,CO,COR,N,HXV,HXV - HERING VERÃO 2027,50,A DEFINIR,6,14,4,0,0,0,0,13/07/2026,13/07/2026,D41,FLUXO DE PENDENCIA DE COR,D01,,PENDENTE COR NOVA,0,PC,PENDENTE DESENVOLVIMENTO,,,,,,00/01/1900,,,(47) 3332-5004,0,,,,,,0,-72,72,4,,,0,0,0,0,0,A,H02,T53 - HERING KIDS A,5,CAIXA - LR,N,N,SSNN
077425,0,834,,0,AMOSTRA,31/07,0,,B31,0,0,T00,TOP CURTO (TOP),"Rot 5 cores PIG R$ 23, processo completo",,34,00/01/1900,0,0,GASPAR,AVENIDA DEPUTADO FRANCISCO MASTELLA,3955,SETE DE SETEMBRO,,0,13/07/2026,13/08/2026,,1,,,,0,,0,00.577.158/0001-29,,,0,1 Ag F,0,OP PRODUÇÃO,0,0,CLASSIFICAR MODELO/FAMILIA,,,0097,GERAL,PRD,PRD - FASE PRODUTO,,,Agu retor Feira / pos fei,,00/01/1900,23/06/2021,149,SEM LICENÇA HERING,CONFECCOES ONEDA LTDA,13.15.00.0650,TOP CURTO / HKF272,CO,COR,N,HXV,HXV - HERING VERÃO 2027,50,A DEFINIR,6,14,4,0,0,0,0,13/07/2026,13/07/2026,D41,FLUXO DE PENDENCIA DE COR,D01,,PENDENTE COR NOVA,0,PC,PENDENTE DESENVOLVIMENTO,,,,,,00/01/1900,,,(47) 3332-5004,0,,,,,,0,-72,72,4,,,0,0,0,0,0,A,H02,T53 - HERING KIDS A,5,CAIXA - LR,N,N,SSNN
077426,0,834,,0,AMOSTRA,31/07,0,,B32,0,0,T21,VESTIDO (TOP),,,34,00/01/1900,0,0,GASPAR,AVENIDA DEPUTADO FRANCISCO MASTELLA,3955,SETE DE SETEMBRO,,0,13/07/2026,13/08/2026,,1,,,,0,,0,00.577.158/0001-29,,,0,1 Ag F,0,OP PRODUÇÃO,0,0,CLASSIFICAR MODELO/FAMILIA,,,0097,GERAL,PRD,PRD - FASE PRODUTO,,,Agu retor Feira / pos fei,,00/01/1900,23/06/2021,149,SEM LICENÇA HERING,CONFECCOES ONEDA LTDA,13.15.00.0651,VESTIDO / HKF276,CO,COR,N,HXV,HXV - HERING VERÃO 2027,50,A DEFINIR,6,14,4,0,0,0,0,13/07/2026,13/07/2026,D41,FLUXO DE PENDENCIA DE COR,D01,,PENDENTE COR NOVA,0,PC,PENDENTE DESENVOLVIMENTO,,,,,,00/01/1900,,,(47) 3332-5004,0,,,,,,0,-72,72,4,,,0,0,0,0,0,A,H02,T53 - HERING KIDS A,5,CAIXA - LR,N,N,SSNN
077427,0,834,,0,AMOSTRA,31/07,0,,B31,0,0,C00,CONJUNTO CURTO (TOP/BOTTON),"Rot 4 cores PIG R$ 22, processo completo","Etq decorativa, custo alternativo da etiqueta do produto 13.15.00.0414",34,00/01/1900,0,0,GASPAR,AVENIDA DEPUTADO FRANCISCO MASTELLA,3955,SETE DE SETEMBRO,,0,13/07/2026,13/08/2026,,1,,,,0,,0,00.577.158/0001-29,,,0,1 Ag F,0,OP PRODUÇÃO,0,0,CLASSIFICAR MODELO/FAMILIA,,,0097,GERAL,PRD,PRD - FASE PRODUTO,,,Agu retor Feira / pos fei,,00/01/1900,23/06/2021,149,SEM LICENÇA HERING,CONFECCOES ONEDA LTDA,13.15.00.0652,CONJUNTO CURTO / HKF283,CO,COR,N,HXV,HXV - HERING VERÃO 2027,50,A DEFINIR,6,14,4,0,0,0,0,13/07/2026,13/07/2026,D41,FLUXO DE PENDENCIA DE COR,D01,,PENDENTE COR NOVA,0,PC,PENDENTE DESENVOLVIMENTO,,,,,,00/01/1900,,,(47) 3332-5004,0,,,,,,0,-72,72,4,,,0,0,0,0,0,A,H02,T53 - HERING KIDS A,5,CAIXA - LR,N,N,SSNN
077428,0,834,,0,AMOSTRA,31/07,0,,B31,0,0,C00,CONJUNTO CURTO (TOP/BOTTON),,,34,00/01/1900,0,0,GASPAR,AVENIDA DEPUTADO FRANCISCO MASTELLA,3955,SETE DE SETEMBRO,,0,13/07/2026,13/08/2026,,1,,,,0,,0,00.577.158/0001-29,,,0,1 Ag F,0,OP PRODUÇÃO,0,0,CLASSIFICAR MODELO/FAMILIA,,,0097,GERAL,PRD,PRD - FASE PRODUTO,,,Agu retor Feira / pos fei,,00/01/1900,23/06/2021,149,SEM LICENÇA HERING,CONFECCOES ONEDA LTDA,13.15.00.0653,CONJUNTO CURTO / HKF284,CO,COR,N,HXV,HXV - HERING VERÃO 2027,50,A DEFINIR,6,14,4,0,0,0,0,13/07/2026,13/07/2026,D41,FLUXO DE PENDENCIA DE COR,D01,,PENDENTE COR NOVA,0,PC,PENDENTE DESENVOLVIMENTO,,,,,,00/01/1900,,,(47) 3332-5004,0,,,,,,0,-72,72,4,,,0,0,0,0,0,A,H02,T53 - HERING KIDS A,5,CAIXA - LR,N,N,SSNN
077429,0,834,,0,AMOSTRA,31/07,0,,B31,0,0,C00,CONJUNTO CURTO (TOP/BOTTON),,,34,00/01/1900,0,0,GASPAR,AVENIDA DEPUTADO FRANCISCO MASTELLA,3955,SETE DE SETEMBRO,,0,13/07/2026,13/08/2026,,1,,,,0,,0,00.577.158/0001-29,,,0,1 Ag F,0,OP PRODUÇÃO,0,0,CLASSIFICAR MODELO/FAMILIA,,,0097,GERAL,PRD,PRD - FASE PRODUTO,,,Agu retor Feira / pos fei,,00/01/1900,23/06/2021,149,SEM LICENÇA HERING,CONFECCOES ONEDA LTDA,13.15.00.0654,CONJUNTO CURTO / HKF285-1,CO,COR,N,HXV,HXV - HERING VERÃO 2027,50,A DEFINIR,6,14,4,0,0,0,0,13/07/2026,13/07/2026,D41,FLUXO DE PENDENCIA DE COR,D01,,PENDENTE COR NOVA,0,PC,PENDENTE DESENVOLVIMENTO,,,,,,00/01/1900,,,(47) 3332-5004,0,,,,,,0,-72,72,4,,,0,0,0,0,0,A,H02,T53 - HERING KIDS A,5,CAIXA - LR,N,N,SSNN
077430,0,834,,0,AMOSTRA,05/08,0,,B32,0,0,C00,CONJUNTO CURTO (TOP/BOTTON),"Rot 2 cores PIG R$ 20, processo completo","R$: 4,65 COM PROTEÇÃO",34,00/01/1900,0,0,GASPAR,AVENIDA DEPUTADO FRANCISCO MASTELLA,3955,SETE DE SETEMBRO,,0,13/07/2026,13/08/2026,,1,,,,0,,0,00.577.158/0001-29,,,0,1 Ag F,0,OP PRODUÇÃO,0,0,CLASSIFICAR MODELO/FAMILIA,,,0097,GERAL,PRD,PRD - FASE PRODUTO,,,Agu retor Feira / pos fei,,00/01/1900,23/06/2021,149,SEM LICENÇA HERING,CONFECCOES ONEDA LTDA,13.15.00.0655,CONJUNTO CURTO / HKF286-1,CO,COR,N,HXV,HXV - HERING VERÃO 2027,50,A DEFINIR,6,14,4,0,0,0,0,13/07/2026,13/07/2026,D41,FLUXO DE PENDENCIA DE COR,D01,,PENDENTE COR NOVA,0,PC,PENDENTE DESENVOLVIMENTO,,,,,,00/01/1900,,,(47) 3332-5004,0,,,,,,0,-72,72,4,,,0,0,0,0,0,A,H02,T53 - HERING KIDS A,5,CAIXA - LR,N,N,SSNN
077431,0,834,,0,AMOSTRA,31/07,0,,B31,0,0,B00,SHORTS (BOTTON),"Rot 5 cores PIG R$ 23, processo completo",,34,00/01/1900,0,0,GASPAR,AVENIDA DEPUTADO FRANCISCO MASTELLA,3955,SETE DE SETEMBRO,,0,13/07/2026,13/08/2026,,1,,,,0,,0,00.577.158/0001-29,,,0,1 Ag F,0,OP PRODUÇÃO,0,0,CLASSIFICAR MODELO/FAMILIA,,,0097,GERAL,PRD,PRD - FASE PRODUTO,,,Agu retor Feira / pos fei,,00/01/1900,23/06/2021,149,SEM LICENÇA HERING,CONFECCOES ONEDA LTDA,13.15.00.0656,SHORTS / HKF260,CO,COR,N,HXV,HXV - HERING VERÃO 2027,50,A DEFINIR,6,14,4,0,0,0,0,13/07/2026,13/07/2026,D41,FLUXO DE PENDENCIA DE COR,D01,,PENDENTE COR NOVA,0,PC,PENDENTE DESENVOLVIMENTO,,,,,,00/01/1900,,,(47) 3332-5004,0,,,,,,0,-72,72,4,,,0,0,0,0,0,A,H02,T53 - HERING KIDS A,5,CAIXA - LR,N,N,SSNN
077432,0,834,,0,AMOSTRA,31/07,0,,B31,0,0,B02,SAIA (BOTTON),"Rot 4 cores PIG R$ 22, processo completo",,34,00/01/1900,0,0,GASPAR,AVENIDA DEPUTADO FRANCISCO MASTELLA,3955,SETE DE SETEMBRO,,0,13/07/2026,13/08/2026,,1,,,,0,,0,00.577.158/0001-29,,,0,1 Ag F,0,OP PRODUÇÃO,0,0,CLASSIFICAR MODELO/FAMILIA,,,0097,GERAL,PRD,PRD - FASE PRODUTO,,,Agu retor Feira / pos fei,,00/01/1900,23/06/2021,149,SEM LICENÇA HERING,CONFECCOES ONEDA LTDA,13.15.00.0657,SAIA / HKF264,CO,COR,N,HXV,HXV - HERING VERÃO 2027,50,A DEFINIR,6,14,4,0,0,0,0,13/07/2026,13/07/2026,D41,FLUXO DE PENDENCIA DE COR,D01,,PENDENTE COR NOVA,0,PC,PENDENTE DESENVOLVIMENTO,,,,,,00/01/1900,,,(47) 3332-5004,0,,,,,,0,-72,72,4,,,0,0,0,0,0,A,H02,T53 - HERING KIDS A,5,CAIXA - LR,N,N,SSNN
077457,0,834,,0,AMOSTRA,31/07,0,,B31,0,0,C00,CONJUNTO CURTO (TOP/BOTTON),,,0,00/01/1900,0,0,GASPAR,AVENIDA DEPUTADO FRANCISCO MASTELLA,3955,SETE DE SETEMBRO,,0,13/07/2026,13/08/2026,,1,,,,0,,0,00.577.158/0001-29,,,0,1 Ag F,0,OP PRODUÇÃO,0,0,CLASSIFICAR MODELO/FAMILIA,,,0097,GERAL,PRD,PRD - FASE PRODUTO,,,Agu retor Feira / pos fei,,00/01/1900,23/06/2021,149,SEM LICENÇA HERING,CONFECCOES ONEDA LTDA,13.16.00.0641,CONJUNTO CURTO / HKM218,CO,COR,N,HXV,HXV - HERING VERÃO 2027,50,A DEFINIR,6,14,4,0,0,0,0,13/07/2026,13/07/2026,D41,FLUXO DE PENDENCIA DE COR,D01,,PENDENTE COR NOVA,0,PC,PENDENTE DESENVOLVIMENTO,,,,,,00/01/1900,,,(47) 3332-5004,0,,,,,,0,-72,72,4,,,0,0,0,0,0,A,H01,T54 - HERING KIDS O,5,CAIXA - LR,N,N,SSNN
077458,0,834,,0,AMOSTRA,31/07,0,,B31,0,0,C00,CONJUNTO CURTO (TOP/BOTTON),,,0,00/01/1900,0,0,GASPAR,AVENIDA DEPUTADO FRANCISCO MASTELLA,3955,SETE DE SETEMBRO,,0,13/07/2026,13/08/2026,,1,,,,0,,0,00.577.158/0001-29,,,0,1 Ag F,0,OP PRODUÇÃO,0,0,CLASSIFICAR MODELO/FAMILIA,,,0097,GERAL,PRD,PRD - FASE PRODUTO,,,Agu retor Feira / pos fei,,00/01/1900,23/06/2021,149,SEM LICENÇA HERING,CONFECCOES ONEDA LTDA,13.16.00.0642,CONJUNTO CURTO / HKM219,CO,COR,N,HXV,HXV - HERING VERÃO 2027,50,A DEFINIR,6,14,4,0,0,0,0,13/07/2026,13/07/2026,D41,FLUXO DE PENDENCIA DE COR,D01,,PENDENTE COR NOVA,0,PC,PENDENTE DESENVOLVIMENTO,,,,,,00/01/1900,,,(47) 3332-5004,0,,,,,,0,-72,72,4,,,0,0,0,0,0,A,H01,T54 - HERING KIDS O,5,CAIXA - LR,N,N,SSNN
077459,0,834,,0,AMOSTRA,31/07,0,,B31,0,0,C00,CONJUNTO CURTO (TOP/BOTTON),,,0,00/01/1900,0,0,GASPAR,AVENIDA DEPUTADO FRANCISCO MASTELLA,3955,SETE DE SETEMBRO,,0,13/07/2026,13/08/2026,,1,,,,0,,0,00.577.158/0001-29,,,0,1 Ag F,0,OP PRODUÇÃO,0,0,CLASSIFICAR MODELO/FAMILIA,,,0097,GERAL,PRD,PRD - FASE PRODUTO,,,Agu retor Feira / pos fei,,00/01/1900,23/06/2021,149,SEM LICENÇA HERING,CONFECCOES ONEDA LTDA,13.16.00.0643,CONJUNTO CURTO / HKM220,CO,COR,N,HXV,HXV - HERING VERÃO 2027,50,A DEFINIR,6,14,4,0,0,0,0,13/07/2026,13/07/2026,D41,FLUXO DE PENDENCIA DE COR,D01,,PENDENTE COR NOVA,0,PC,PENDENTE DESENVOLVIMENTO,,,,,,00/01/1900,,,(47) 3332-5004,0,,,,,,0,-72,72,4,,,0,0,0,0,0,A,H01,T54 - HERING KIDS O,5,CAIXA - LR,N,N,SSNN
077460,0,834,,0,AMOSTRA,31/07,0,,B31,0,0,C00,CONJUNTO CURTO (TOP/BOTTON),,,0,00/01/1900,0,0,GASPAR,AVENIDA DEPUTADO FRANCISCO MASTELLA,3955,SETE DE SETEMBRO,,0,13/07/2026,13/08/2026,,1,,,,0,,0,00.577.158/0001-29,,,0,1 Ag F,0,OP PRODUÇÃO,0,0,CLASSIFICAR MODELO/FAMILIA,,,0097,GERAL,PRD,PRD - FASE PRODUTO,,,Agu retor Feira / pos fei,,00/01/1900,23/06/2021,149,SEM LICENÇA HERING,CONFECCOES ONEDA LTDA,13.16.00.0644,CONJUNTO CURTO / HKM221,CO,COR,N,HXV,HXV - HERING VERÃO 2027,50,A DEFINIR,6,14,4,0,0,0,0,13/07/2026,13/07/2026,D41,FLUXO DE PENDENCIA DE COR,D01,,PENDENTE COR NOVA,0,PC,PENDENTE DESENVOLVIMENTO,,,,,,00/01/1900,,,(47) 3332-5004,0,,,,,,0,-72,72,4,,,0,0,0,0,0,A,H01,T54 - HERING KIDS O,5,CAIXA - LR,N,N,SSNN
077461,0,834,,0,AMOSTRA,24/07,0,,B30,0,0,T02,TOP LONGO (TOP),,,0,00/01/1900,0,0,GASPAR,AVENIDA DEPUTADO FRANCISCO MASTELLA,3955,SETE DE SETEMBRO,,0,16/07/2026,16/08/2026,,1,,,,0,,0,00.577.158/0001-29,,,0,1 Ag F,0,OP PRODUÇÃO,0,0,CLASSIFICAR MODELO/FAMILIA,,,0097,GERAL,PRD,PRD - FASE PRODUTO,,,Agu retor Feira / pos fei,,00/01/1900,23/06/2021,149,SEM LICENÇA HERING,CONFECCOES ONEDA LTDA,13.19.00.0658,TOP LONGO / 4HEU,CO,COR,N,HXI,HXI - HERING INVERNO 27,50,A DEFINIR,P,21,4,0,0,0,0,16/07/2026,16/07/2026,D41,FLUXO DE PENDENCIA DE COR,D01,,PENDENTE COR NOVA,0,PC,PENDENTE DESENVOLVIMENTO,,,,,,00/01/1900,,,(47) 3332-5004,0,,,,,,0,-69,69,4,,,0,0,0,0,0,A,62,ADULTO,5,CAIXA - LR,N,N,SSNN
077462,0,834,,0,AMOSTRA,,0,,B30,0,0,T02,TOP LONGO (TOP),,,0,00/01/1900,0,0,GASPAR,AVENIDA DEPUTADO FRANCISCO MASTELLA,3955,SETE DE SETEMBRO,,0,16/07/2026,16/08/2026,,1,,,,0,,0,00.577.158/0001-29,,,0,1 Ag F,0,OP PRODUÇÃO,0,0,CLASSIFICAR MODELO/FAMILIA,,,0097,GERAL,PRD,PRD - FASE PRODUTO,,,Agu retor Feira / pos fei,,00/01/1900,23/06/2021,149,SEM LICENÇA HERING,CONFECCOES ONEDA LTDA,13.19.00.0658A,TOP LONGO,CO,COR,N,HXI,HXI - HERING INVERNO 27,50,A DEFINIR,P,21,4,0,0,0,0,16/07/2026,16/07/2026,D41,FLUXO DE PENDENCIA DE COR,D01,,PENDENTE COR NOVA,0,PC,PENDENTE DESENVOLVIMENTO,,,,,,00/01/1900,,,(47) 3332-5004,0,,,,,,0,-69,69,4,,,0,0,0,0,0,A,62,ADULTO,5,CAIXA - LR,N,N,SSNN
077534,0,834,,0,AMOSTRA,02/10,0,,B39,0,0,T00,TOP CURTO (TOP),"Rot 7 cores PIG R$24,59 kg processo completo. (Não considerar cilindro no custo)",,0,00/01/1900,0,0,GASPAR,AVENIDA DEPUTADO FRANCISCO MASTELLA,3955,SETE DE SETEMBRO,,0,27/07/2026,27/08/2026,,1,,,,0,,0,00.577.158/0001-29,,,0,1 Ag F,0,OP PRODUÇÃO,0,0,CLASSIFICAR MODELO/FAMILIA,,,0097,GERAL,PRD,PRD - FASE PRODUTO,,,Agu retor Feira / pos fei,,00/01/1900,23/06/2021,149,SEM LICENÇA HERING,CONFECCOES ONEDA LTDA,13.14.00.0624E,TOP CURTO,CO,COR,N,HXV,HXV - HERING VERÃO 2027,50,A DEFINIR,2,11,4,0,0,0,0,27/07/2026,27/07/2026,D41,FLUXO DE PENDENCIA DE COR,D01,,PENDENTE COR NOVA,0,PC,PENDENTE DESENVOLVIMENTO,,,,,,00/01/1900,,,(47) 3332-5004,0,,,,,,0,-58,58,4,,,0,0,100,0,0,A,H03,T52 - HERING BB0,11,MASCULINO,N,N,SSNN
077535,0,834,,0,AMOSTRA,02/10,0,,B39,0,0,T00,TOP CURTO (TOP),"Rot 6 cores PIG R$24,59 kg processo completo. (Não considerar cilindro no custo)",,0,00/01/1900,0,0,GASPAR,AVENIDA DEPUTADO FRANCISCO MASTELLA,3955,SETE DE SETEMBRO,,0,27/07/2026,27/08/2026,,1,,,,0,,0,00.577.158/0001-29,,,0,1 Ag F,0,OP PRODUÇÃO,0,0,CLASSIFICAR MODELO/FAMILIA,,,0097,GERAL,PRD,PRD - FASE PRODUTO,,,Agu retor Feira / pos fei,,00/01/1900,23/06/2021,149,SEM LICENÇA HERING,CONFECCOES ONEDA LTDA,13.14.00.0624F,TOP CURTO,CO,COR,N,HXV,HXV - HERING VERÃO 2027,50,A DEFINIR,2,11,4,0,0,0,0,27/07/2026,27/07/2026,D41,FLUXO DE PENDENCIA DE COR,D01,,PENDENTE COR NOVA,0,PC,PENDENTE DESENVOLVIMENTO,,,,,,00/01/1900,,,(47) 3332-5004,0,,,,,,0,-58,58,4,,,0,0,100,0,0,A,H03,T52 - HERING BB0,11,MASCULINO,N,N,SSNN
077536,0,834,,0,AMOSTRA,02/10,0,,B39,0,0,T00,TOP CURTO (TOP),"Rot 5 cores PIG R$ 24 kg, processo completo. (Não considerar cilindro no custo)",,0,00/01/1900,0,0,GASPAR,AVENIDA DEPUTADO FRANCISCO MASTELLA,3955,SETE DE SETEMBRO,,0,27/07/2026,27/08/2026,,1,,,,0,,0,00.577.158/0001-29,,,0,1 Ag F,0,OP PRODUÇÃO,0,0,CLASSIFICAR MODELO/FAMILIA,,,0097,GERAL,PRD,PRD - FASE PRODUTO,,,Agu retor Feira / pos fei,,00/01/1900,23/06/2021,149,SEM LICENÇA HERING,CONFECCOES ONEDA LTDA,13.14.00.0624G,TOP CURTO,CO,COR,N,HXV,HXV - HERING VERÃO 2027,50,A DEFINIR,2,11,4,0,0,0,0,27/07/2026,27/07/2026,D41,FLUXO DE PENDENCIA DE COR,D01,,PENDENTE COR NOVA,0,PC,PENDENTE DESENVOLVIMENTO,,,,,,00/01/1900,,,(47) 3332-5004,0,,,,,,0,-58,58,4,,,0,0,100,0,0,A,H03,T52 - HERING BB0,11,MASCULINO,N,N,SSNN
077537,0,834,,0,AMOSTRA,02/10,0,,B39,0,0,B00,SHORTS (BOTTON),"Rot 7 cores PIG R$24,59 kg processo completo. (Não considerar cilindro no custo)",,0,00/01/1900,0,0,GASPAR,AVENIDA DEPUTADO FRANCISCO MASTELLA,3955,SETE DE SETEMBRO,,0,27/07/2026,27/08/2026,,1,,,,0,,0,00.577.158/0001-29,,,0,1 Ag F,0,OP PRODUÇÃO,0,0,CLASSIFICAR MODELO/FAMILIA,,,0097,GERAL,PRD,PRD - FASE PRODUTO,,,Agu retor Feira / pos fei,,00/01/1900,23/06/2021,149,SEM LICENÇA HERING,CONFECCOES ONEDA LTDA,13.14.00.0625E,SHORTS,CO,COR,N,HXV,HXV - HERING VERÃO 2027,50,A DEFINIR,2,11,4,0,0,0,0,27/07/2026,27/07/2026,D41,FLUXO DE PENDENCIA DE COR,D01,,PENDENTE COR NOVA,0,PC,PENDENTE DESENVOLVIMENTO,,,,,,00/01/1900,,,(47) 3332-5004,0,,,,,,0,-58,58,4,,,0,0,100,0,0,A,H03,T52 - HERING BB0,11,MASCULINO,N,N,SSNN
077538,0,834,,0,AMOSTRA,02/10,0,,B39,0,0,B00,SHORTS (BOTTON),"Rot 6 cores PIG R$24,59 kg processo completo. (Não considerar cilindro no custo)",,0,00/01/1900,0,0,GASPAR,AVENIDA DEPUTADO FRANCISCO MASTELLA,3955,SETE DE SETEMBRO,,0,27/07/2026,27/08/2026,,1,,,,0,,0,00.577.158/0001-29,,,0,1 Ag F,0,OP PRODUÇÃO,0,0,CLASSIFICAR MODELO/FAMILIA,,,0097,GERAL,PRD,PRD - FASE PRODUTO,,,Agu retor Feira / pos fei,,00/01/1900,23/06/2021,149,SEM LICENÇA HERING,CONFECCOES ONEDA LTDA,13.14.00.0625F,SHORTS,CO,COR,N,HXV,HXV - HERING VERÃO 2027,50,A DEFINIR,2,11,4,0,0,0,0,27/07/2026,27/07/2026,D41,FLUXO DE PENDENCIA DE COR,D01,,PENDENTE COR NOVA,0,PC,PENDENTE DESENVOLVIMENTO,,,,,,00/01/1900,,,(47) 3332-5004,0,,,,,,0,-58,58,4,,,0,0,100,0,0,A,H03,T52 - HERING BB0,11,MASCULINO,N,N,SSNN
077539,0,834,,0,AMOSTRA,02/10,0,,B39,0,0,B00,SHORTS (BOTTON),"Rot 5 cores PIG R$ 24 kg, processo completo. (Não considerar cilindro no custo)",,0,00/01/1900,0,0,GASPAR,AVENIDA DEPUTADO FRANCISCO MASTELLA,3955,SETE DE SETEMBRO,,0,27/07/2026,27/08/2026,,1,,,,0,,0,00.577.158/0001-29,,,0,1 Ag F,0,OP PRODUÇÃO,0,0,CLASSIFICAR MODELO/FAMILIA,,,0097,GERAL,PRD,PRD - FASE PRODUTO,,,Agu retor Feira / pos fei,,00/01/1900,23/06/2021,149,SEM LICENÇA HERING,CONFECCOES ONEDA LTDA,13.14.00.0625G,SHORTS,CO,COR,N,HXV,HXV - HERING VERÃO 2027,50,A DEFINIR,2,11,4,0,0,0,0,27/07/2026,27/07/2026,D41,FLUXO DE PENDENCIA DE COR,D01,,PENDENTE COR NOVA,0,PC,PENDENTE DESENVOLVIMENTO,,,,,,00/01/1900,,,(47) 3332-5004,0,,,,,,0,-58,58,4,,,0,0,100,0,0,A,H03,T52 - HERING BB0,11,MASCULINO,N,N,SSNN
077540,0,834,,0,AMOSTRA,02/10,0,,B39,0,0,B01,CALÇA (BOTTON),LACRES: [ ] MODELAGEM-[ ] ESTAMP - [ ] COR -[ ] AVIAMENTOS,"Rot 4 cores PIG R$ 25,6kg, processo completo.(Não considerar cilindro no custo)",0,00/01/1900,0,0,GASPAR,AVENIDA DEPUTADO FRANCISCO MASTELLA,3955,SETE DE SETEMBRO,,0,27/07/2026,27/08/2026,,1,,,,0,,0,00.577.158/0001-29,,,0,1 Ag F,0,OP PRODUÇÃO,0,0,CLASSIFICAR MODELO/FAMILIA,,,0097,GERAL,PRD,PRD - FASE PRODUTO,,,Agu retor Feira / pos fei,,00/01/1900,23/06/2021,149,SEM LICENÇA HERING,CONFECCOES ONEDA LTDA,13.13.00.0622F,CALÇA,CO,COR,N,HXV,HXV - HERING VERÃO 2027,50,A DEFINIR,2,11,4,0,0,0,0,27/07/2026,27/07/2026,D41,FLUXO DE PENDENCIA DE COR,D01,,PENDENTE COR NOVA,0,PC,PENDENTE DESENVOLVIMENTO,,,,,,00/01/1900,,,(47) 3332-5004,0,,,,,,0,-58,58,4,,,0,0,0,0,0,A,H04,T58 - HERING BBA,12,FEMININO,N,N,SSNN
077541,0,834,,0,AMOSTRA,02/10,0,,B39,0,0,B01,CALÇA (BOTTON),LACRES: [ ] MODELAGEM-[ ] ESTAMP - [ ] COR -[ ] AVIAMENTOS,"Rot 6 cores PIG R$ 25,6kg, processo completo.(Não considerar cilindro no custo)",0,00/01/1900,0,0,GASPAR,AVENIDA DEPUTADO FRANCISCO MASTELLA,3955,SETE DE SETEMBRO,,0,27/07/2026,27/08/2026,,1,,,,0,,0,00.577.158/0001-29,,,0,1 Ag F,0,OP PRODUÇÃO,0,0,CLASSIFICAR MODELO/FAMILIA,,,0097,GERAL,PRD,PRD - FASE PRODUTO,,,Agu retor Feira / pos fei,,00/01/1900,23/06/2021,149,SEM LICENÇA HERING,CONFECCOES ONEDA LTDA,13.13.00.0622G,CALÇA,CO,COR,N,HXV,HXV - HERING VERÃO 2027,50,A DEFINIR,2,11,4,0,0,0,0,27/07/2026,27/07/2026,D41,FLUXO DE PENDENCIA DE COR,D01,,PENDENTE COR NOVA,0,PC,PENDENTE DESENVOLVIMENTO,,,,,,00/01/1900,,,(47) 3332-5004,0,,,,,,0,-58,58,4,,,0,0,0,0,0,A,H04,T58 - HERING BBA,12,FEMININO,N,N,SSNN
077543,0,834,,0,AMOSTRA,02/10,0,,B39,0,0,C00,CONJUNTO CURTO (TOP/BOTTON),LACRES: [ ] MODELAGEM-[ ] ESTAMP - [ ] COR -[ ] AVIAMENTOS,"Rot 4 cores PIG R$ 25,6kg, processo completo.(Não considerar cilindro no custo)",0,00/01/1900,1,0,GASPAR,AVENIDA DEPUTADO FRANCISCO MASTELLA,3955,SETE DE SETEMBRO,,0,27/07/2026,27/08/2026,,1,,,,0,,0,00.577.158/0001-29,,,0,1 Ag F,0,OP PRODUÇÃO,0,0,CLASSIFICAR MODELO/FAMILIA,,,0097,GERAL,PRD,PRD - FASE PRODUTO,,,Agu retor Feira / pos fei,,00/01/1900,23/06/2021,149,SEM LICENÇA HERING,CONFECCOES ONEDA LTDA,13.13.00.0623E,CONJUNTO CURTO,CO,COR,N,HXV,HXV - HERING VERÃO 2027,50,A DEFINIR,2,11,4,0,0,0,0,27/07/2026,27/07/2026,D41,FLUXO DE PENDENCIA DE COR,D01,,PENDENTE COR NOVA,0,PC,PENDENTE DESENVOLVIMENTO,,,,,,00/01/1900,,,(47) 3332-5004,0,,,,,,0,-58,58,4,,,0,0,0,0,0,A,H04,T58 - HERING BBA,12,FEMININO,N,N,SSNN
077544,0,834,,0,AMOSTRA,02/10,0,,B39,0,0,C00,CONJUNTO CURTO (TOP/BOTTON),LACRES: [ ] MODELAGEM-[ ] ESTAMP - [ ] COR -[ ] AVIAMENTOS,"Rot 4 cores PIG R$ 25,6kg, processo completo.(Não considerar cilindro no custo)",0,00/01/1900,1,0,GASPAR,AVENIDA DEPUTADO FRANCISCO MASTELLA,3955,SETE DE SETEMBRO,,0,27/07/2026,27/08/2026,,1,,,,0,,0,00.577.158/0001-29,,,0,1 Ag F,0,OP PRODUÇÃO,0,0,CLASSIFICAR MODELO/FAMILIA,,,0097,GERAL,PRD,PRD - FASE PRODUTO,,,Agu retor Feira / pos fei,,00/01/1900,23/06/2021,149,SEM LICENÇA HERING,CONFECCOES ONEDA LTDA,13.13.00.0623F,CONJUNTO CURTO,CO,COR,N,HXV,HXV - HERING VERÃO 2027,50,A DEFINIR,2,11,4,0,0,0,0,27/07/2026,27/07/2026,D41,FLUXO DE PENDENCIA DE COR,D01,,PENDENTE COR NOVA,0,PC,PENDENTE DESENVOLVIMENTO,,,,,,00/01/1900,,,(47) 3332-5004,0,,,,,,0,-58,58,4,,,0,0,100,0,0,A,H04,T58 - HERING BBA,12,FEMININO,N,N,SSNN
077545,0,834,,0,AMOSTRA,02/10,0,,B39,0,0,C00,CONJUNTO CURTO (TOP/BOTTON),LACRES: [ ] MODELAGEM-[ ] ESTAMP - [ ] COR -[ ] AVIAMENTOS,"Rot 6 cores PIG R$ 25,6kg, processo completo.(Não considerar cilindro no custo)",0,00/01/1900,1,0,GASPAR,AVENIDA DEPUTADO FRANCISCO MASTELLA,3955,SETE DE SETEMBRO,,0,27/07/2026,27/08/2026,,1,,,,0,,0,00.577.158/0001-29,,,0,1 Ag F,0,OP PRODUÇÃO,0,0,CLASSIFICAR MODELO/FAMILIA,,,0097,GERAL,PRD,PRD - FASE PRODUTO,,,Agu retor Feira / pos fei,,00/01/1900,23/06/2021,149,SEM LICENÇA HERING,CONFECCOES ONEDA LTDA,13.13.00.0623G,CONJUNTO CURTO,CO,COR,N,HXV,HXV - HERING VERÃO 2027,50,A DEFINIR,2,11,4,0,0,0,0,27/07/2026,27/07/2026,D41,FLUXO DE PENDENCIA DE COR,D01,,PENDENTE COR NOVA,0,PC,PENDENTE DESENVOLVIMENTO,,,,,,00/01/1900,,,(47) 3332-5004,0,,,,,,0,-58,58,4,,,0,0,100,0,0,A,H04,T58 - HERING BBA,12,FEMININO,N,N,SSNN
077590,0,834,,0,AMOSTRA,19/10,0,,B40,0,0,T14,POLO LONGO (TOP),,,0,00/01/1900,0,0,GASPAR,AVENIDA DEPUTADO FRANCISCO MASTELLA,3955,SETE DE SETEMBRO,,0,03/08/2026,03/09/2026,,1,,,,0,,0,00.577.158/0001-29,,,0,,0,OP PRODUÇÃO,0,0,CLASSIFICAR MODELO/FAMILIA,,,0097,GERAL,PRD,PRD - FASE PRODUTO,,,,,00/01/1900,23/06/2021,085,SEM LICENSA C&A,CONFECCOES ONEDA LTDA,ON.14.0103,POLO LONGO,CO,COR,N,ONDW,ONDW - SHOW ROOM WINTER - AMOSTRAS AGOSTO 2026,50,A DEFINIR,2,11,4,0,0,0,0,03/08/2026,03/08/2026,D41,FLUXO DE PENDENCIA DE COR,D01,,PENDENTE COR NOVA,0,PC,PENDENTE DESENVOLVIMENTO,,,,,,00/01/1900,,,(47) 3332-5004,0,,,,,,0,-51,51,4,,,0,0,0,0,0,A,003,T52A - BBO,11,MASCULINO,N,N,SSNN
077591,0,834,,0,AMOSTRA,19/10,0,,B40,0,0,C01,CONJUNTO LONGO (TOP/BOTTON),,,0,00/01/1900,0,0,GASPAR,AVENIDA DEPUTADO FRANCISCO MASTELLA,3955,SETE DE SETEMBRO,,0,03/08/2026,03/09/2026,,1,,,,0,,0,00.577.158/0001-29,,,0,,0,OP PRODUÇÃO,0,0,CLASSIFICAR MODELO/FAMILIA,,,0097,GERAL,PRD,PRD - FASE PRODUTO,,,,,00/01/1900,23/06/2021,085,SEM LICENSA C&A,CONFECCOES ONEDA LTDA,ON.14.0104,CONJUNTO LONGO,CO,COR,N,ONDW,ONDW - SHOW ROOM WINTER - AMOSTRAS AGOSTO 2026,50,A DEFINIR,2,11,4,0,0,0,0,03/08/2026,03/08/2026,D41,FLUXO DE PENDENCIA DE COR,D01,,PENDENTE COR NOVA,0,PC,PENDENTE DESENVOLVIMENTO,,,,,,00/01/1900,,,(47) 3332-5004,0,,,,,,0,-51,51,4,,,0,0,0,0,0,A,003,T52A - BBO,11,MASCULINO,N,N,SSNN
077649,0,834,,0,AMOSTRA,04/09,0,,B35,0,0,C09,CONJUNTO POLO CURTO (TOP/BOTTON),,"GS39537 R$ 2,57 c/ proteção",0,00/01/1900,2,0,GASPAR,AVENIDA DEPUTADO FRANCISCO MASTELLA,3955,SETE DE SETEMBRO,,0,06/08/2026,06/09/2026,,1,,,,0,,0,00.577.158/0001-29,,,0,,0,OP PRODUÇÃO,0,0,CLASSIFICAR MODELO/FAMILIA,,,0097,GERAL,PRD,PRD - FASE PRODUTO,,,,,00/01/1900,23/06/2021,085,SEM LICENSA C&A,CONFECCOES ONEDA LTDA,01.12.00.7867,CONJUNTO POLO CURTO / 2027-1-4741,CO,COR,N,CFC,CFC - FEIRA WINTER I 2027 (PROD CS),50,A DEFINIR,3-6,32,4,0,0,0,0,06/08/2026,06/08/2026,D41,FLUXO DE PENDENCIA DE COR,D01,,PENDENTE COR NOVA,0,PC,PENDENTE DESENVOLVIMENTO,,,,,,00/01/1900,,,(47) 3332-5004,0,,,,,,0,-48,48,4,,,0,0,0,0,0,A,004,T51A - RNO,11,MASCULINO,N,N,SSNN
077652,0,834,,0,AMOSTRA,04/09,0,,B36,0,0,C04,CONJUNTO MOLETOM (TOP/BOTTON),EST 1 COR,"GS39532 - R$ 2,35 c/ proteção",0,00/01/1900,1,0,GASPAR,AVENIDA DEPUTADO FRANCISCO MASTELLA,3955,SETE DE SETEMBRO,,0,06/08/2026,06/09/2026,,1,,,,0,,0,00.577.158/0001-29,,,0,,0,OP PRODUÇÃO,0,0,CLASSIFICAR MODELO/FAMILIA,,,0097,GERAL,PRD,PRD - FASE PRODUTO,,,,,00/01/1900,23/06/2021,085,SEM LICENSA C&A,CONFECCOES ONEDA LTDA,01.12.00.7870,CONJUNTO MOLETOM / 2027-1-4735,CO,COR,N,CFC,CFC - FEIRA WINTER I 2027 (PROD CS),50,A DEFINIR,3-6,32,4,0,0,0,0,06/08/2026,06/08/2026,D41,FLUXO DE PENDENCIA DE COR,D01,,PENDENTE COR NOVA,0,PC,PENDENTE DESENVOLVIMENTO,,,,,,00/01/1900,,,(47) 3332-5004,0,,,,,,0,-48,48,4,,,0,0,0,0,0,A,004,T51A - RNO,11,MASCULINO,N,N,SSNN
077655,0,834,,0,AMOSTRA,04/09,0,,B35,0,0,T15,BODY CURTO (TOP),"Rot 1 cor ECOWAY R$ 24, processo completo",,0,00/01/1900,2,0,GASPAR,AVENIDA DEPUTADO FRANCISCO MASTELLA,3955,SETE DE SETEMBRO,,0,06/08/2026,06/09/2026,,1,,,,0,,0,00.577.158/0001-29,,,0,,0,OP PRODUÇÃO,0,0,CLASSIFICAR MODELO/FAMILIA,,,0097,GERAL,PRD,PRD - FASE PRODUTO,,,,,00/01/1900,23/06/2021,085,SEM LICENSA C&A,CONFECCOES ONEDA LTDA,01.12.00.7873,BODY CURTO / 2027-1-4750,CO,COR,N,CFC,CFC - FEIRA WINTER I 2027 (PROD CS),50,A DEFINIR,3-6,32,4,0,0,0,0,06/08/2026,06/08/2026,D41,FLUXO DE PENDENCIA DE COR,D01,,PENDENTE COR NOVA,0,PC,PENDENTE DESENVOLVIMENTO,,,,,,00/01/1900,,,(47) 3332-5004,0,,,,,,0,-48,48,4,,,0,0,0,0,0,A,004,T51A - RNO,11,MASCULINO,N,N,SSNN
077656,0,834,,0,AMOSTRA,04/09,0,,B36,0,0,C01,CONJUNTO LONGO (TOP/BOTTON),,,0,00/01/1900,0,0,GASPAR,AVENIDA DEPUTADO FRANCISCO MASTELLA,3955,SETE DE SETEMBRO,,0,06/08/2026,06/09/2026,,1,,,,0,,0,00.577.158/0001-29,,,0,,0,OP PRODUÇÃO,0,0,CLASSIFICAR MODELO/FAMILIA,,,0097,GERAL,PRD,PRD - FASE PRODUTO,,,,,00/01/1900,23/06/2021,085,SEM LICENSA C&A,CONFECCOES ONEDA LTDA,01.12.00.7874,CONJUNTO LONGO / 2027-1-4748,CO,COR,N,CFC,CFC - FEIRA WINTER I 2027 (PROD CS),50,A DEFINIR,3-6,32,4,0,0,0,0,06/08/2026,06/08/2026,D41,FLUXO DE PENDENCIA DE COR,D01,,PENDENTE COR NOVA,0,PC,PENDENTE DESENVOLVIMENTO,,,,,,00/01/1900,,,(47) 3332-5004,0,,,,,,0,-48,48,4,,,0,0,0,0,0,A,004,T51A - RNO,11,MASCULINO,N,N,SSNN
077658,0,834,,0,AMOSTRA,04/09,0,,B35,0,0,C11,CONJUNTO JARDINEIRA (TOP/BOTTON),"Rot 1 cor ECOWAY R$ 24, processo completo",,0,00/01/1900,2,0,GASPAR,AVENIDA DEPUTADO FRANCISCO MASTELLA,3955,SETE DE SETEMBRO,,0,06/08/2026,06/09/2026,,1,,,,0,,0,00.577.158/0001-29,,,0,,0,OP PRODUÇÃO,0,0,CLASSIFICAR MODELO/FAMILIA,,,0097,GERAL,PRD,PRD - FASE PRODUTO,,,,,00/01/1900,23/06/2021,085,SEM LICENSA C&A,CONFECCOES ONEDA LTDA,01.11.00.7876,CONJUNTO JARDINEIRA / 2027-1-4720,CO,COR,N,CFC,CFC - FEIRA WINTER I 2027 (PROD CS),50,A DEFINIR,3-6,32,8,0,0,0,0,06/08/2026,06/08/2026,D41,FLUXO DE PENDENCIA DE COR,D01,,PENDENTE COR NOVA,0,CJ,PENDENTE DESENVOLVIMENTO,,,,,,00/01/1900,,,(47) 3332-5004,0,,,,,,0,-48,48,8,,,0,0,0,0,0,A,006,T51A - RNA,12,FEMININO,N,N,SSNN
077659,0,834,,0,AMOSTRA,04/09,0,,B36,0,0,B00,SHORTS (BOTTON),,,0,00/01/1900,0,0,GASPAR,AVENIDA DEPUTADO FRANCISCO MASTELLA,3955,SETE DE SETEMBRO,,0,06/08/2026,06/09/2026,,1,,,,0,,0,00.577.158/0001-29,,,0,,0,OP PRODUÇÃO,0,0,CLASSIFICAR MODELO/FAMILIA,,,0097,GERAL,PRD,PRD - FASE PRODUTO,,,,,00/01/1900,23/06/2021,085,SEM LICENSA C&A,CONFECCOES ONEDA LTDA,01.11.00.7877,SHORTS / VPN-DEFINIR,CO,COR,N,CFC,CFC - FEIRA WINTER I 2027 (PROD CS),50,A DEFINIR,3-6,32,8,0,0,0,0,06/08/2026,06/08/2026,D41,FLUXO DE PENDENCIA DE COR,D01,,PENDENTE COR NOVA,0,CJ,PENDENTE DESENVOLVIMENTO,,,,,,00/01/1900,,,(47) 3332-5004,0,,,,,,0,-48,48,8,,,0,0,0,0,0,A,006,T51A - RNA,12,FEMININO,N,N,SSNN
077694,0,834,,0,AMOSTRA,04/09,0,,B35,0,0,C11,CONJUNTO JARDINEIRA (TOP/BOTTON),"Rot 1 cor ECOWAY R$ 24, processo completo",,0,00/01/1900,0,0,GASPAR,AVENIDA DEPUTADO FRANCISCO MASTELLA,3955,SETE DE SETEMBRO,,0,07/08/2026,07/09/2026,,1,,,,0,,0,00.577.158/0001-29,,,0,,0,OP PRODUÇÃO,0,0,CLASSIFICAR MODELO/FAMILIA,,,0097,GERAL,PRD,PRD - FASE PRODUTO,,,,,00/01/1900,23/06/2021,085,SEM LICENSA C&A,CONFECCOES ONEDA LTDA,01.11.00.7876-1,CONJUNTO JARDINEIRA / 2027-1-4720,CO,COR,N,CFC,CFC - FEIRA WINTER I 2027 (PROD CS),50,A DEFINIR,3-6,32,8,0,0,0,0,07/08/2026,07/08/2026,D41,FLUXO DE PENDENCIA DE COR,D01,,PENDENTE COR NOVA,0,CJ,PENDENTE DESENVOLVIMENTO,,,,,,00/01/1900,,,(47) 3332-5004,0,,,,,,0,-47,47,8,,,0,0,0,0,0,A,006,T51A - RNA,12,FEMININO,N,N,SSNN
077769,0,834,,0,AMOSTRA,04/09,0,,B35,0,0,B01,CALÇA (BOTTON),,,0,00/01/1900,0,0,GASPAR,AVENIDA DEPUTADO FRANCISCO MASTELLA,3955,SETE DE SETEMBRO,,0,10/08/2026,10/09/2026,,1,,,,0,,0,00.577.158/0001-29,,,0,1 Ag F,0,OP PRODUÇÃO,0,0,CLASSIFICAR MODELO/FAMILIA,,,0097,GERAL,PRD,PRD - FASE PRODUTO,,,Agu retor Feira / pos fei,,00/01/1900,23/06/2021,085,SEM LICENSA C&A,CONFECCOES ONEDA LTDA,01.14.00.7881B,CALÇA / 2027-1-5599,CO,COR,N,CFA,CFA - FEIRA WINTER I 2027 (PROD AS BS),50,A DEFINIR,2,11,4,0,0,0,0,10/08/2026,10/08/2026,D41,FLUXO DE PENDENCIA DE COR,D01,,PENDENTE COR NOVA,0,PC,PENDENTE DESENVOLVIMENTO,,,,,,00/01/1900,,,(47) 3332-5004,0,,,,,,0,-44,44,4,,,0,0,0,0,0,A,003,T52A - BBO,11,MASCULINO,N,N,SSNN
077771,0,834,,0,AMOSTRA,04/09,0,,B36,0,0,T11,TOP MOLETOM (TOP),,,0,00/01/1900,0,0,GASPAR,AVENIDA DEPUTADO FRANCISCO MASTELLA,3955,SETE DE SETEMBRO,,0,10/08/2026,10/09/2026,,1,,,,0,,0,00.577.158/0001-29,,,0,1 Ag F,0,OP PRODUÇÃO,0,0,CLASSIFICAR MODELO/FAMILIA,,,0097,GERAL,PRD,PRD - FASE PRODUTO,,,Agu retor Feira / pos fei,,00/01/1900,23/06/2021,085,SEM LICENSA C&A,CONFECCOES ONEDA LTDA,01.14.00.7268G,TOP MOLETOM / 2025-1-1809,CO,COR,N,CFA,CFA - FEIRA WINTER I 2027 (PROD AS BS),50,A DEFINIR,2,11,4,0,0,0,0,10/08/2026,10/08/2026,D41,FLUXO DE PENDENCIA DE COR,D01,,PENDENTE COR NOVA,0,PC,PENDENTE DESENVOLVIMENTO,,,,,,00/01/1900,,,(47) 3332-5004,0,,,,,,0,-44,44,4,,,0,0,0,0,0,A,003,T52A - BBO,11,MASCULINO,N,N,SSNN
077781,0,834,,0,AMOSTRA,04/09,0,,B35,0,0,B01,CALÇA (BOTTON),,,0,00/01/1900,0,0,GASPAR,AVENIDA DEPUTADO FRANCISCO MASTELLA,3955,SETE DE SETEMBRO,,0,10/08/2026,10/09/2026,,1,,,,0,,0,00.577.158/0001-29,,,0,1 Ag F,0,OP PRODUÇÃO,0,0,CLASSIFICAR MODELO/FAMILIA,,,0097,GERAL,PRD,PRD - FASE PRODUTO,,,Agu retor Feira / pos fei,,00/01/1900,23/06/2021,085,SEM LICENSA C&A,CONFECCOES ONEDA LTDA,01.14.00.7885,CALÇA 2027-1-5604,CO,COR,N,CFA,CFA - FEIRA WINTER I 2027 (PROD AS BS),50,A DEFINIR,2,11,4,0,0,0,0,10/08/2026,10/08/2026,D41,FLUXO DE PENDENCIA DE COR,D01,,PENDENTE COR NOVA,0,PC,PENDENTE DESENVOLVIMENTO,,,,,,00/01/1900,,,(47) 3332-5004,0,,,,,,0,-44,44,4,,,0,0,100,0,0,A,003,T52A - BBO,11,MASCULINO,N,N,SSNN
077782,0,834,,0,AMOSTRA,04/09,0,,B35,0,0,B01,CALÇA (BOTTON),,,0,00/01/1900,0,0,GASPAR,AVENIDA DEPUTADO FRANCISCO MASTELLA,3955,SETE DE SETEMBRO,,0,10/08/2026,10/09/2026,,1,,,,0,,0,00.577.158/0001-29,,,0,,0,OP PRODUÇÃO,0,0,CLASSIFICAR MODELO/FAMILIA,,,0097,GERAL,PRD,PRD - FASE PRODUTO,,,,,00/01/1900,23/06/2021,085,SEM LICENSA C&A,CONFECCOES ONEDA LTDA,01.14.00.7886,CALÇA / 2027-1-5605,CO,COR,N,CFA,CFA - FEIRA WINTER I 2027 (PROD AS BS),50,A DEFINIR,2,11,4,0,0,0,0,10/08/2026,10/08/2026,D41,FLUXO DE PENDENCIA DE COR,D01,,PENDENTE COR NOVA,0,PC,PENDENTE DESENVOLVIMENTO,,,,,,00/01/1900,,,(47) 3332-5004,0,,,,,,0,-44,44,4,,,0,0,0,0,0,A,003,T52A - BBO,11,MASCULINO,N,N,SSNN
077788,0,834,,0,AMOSTRA,04/09,0,,B35,0,0,C04,CONJUNTO MOLETOM (TOP/BOTTON),"Rot 1 cor PIG R$ 19, processo completo",EST 6 CORES + PUFF,0,00/01/1900,3,0,GASPAR,AVENIDA DEPUTADO FRANCISCO MASTELLA,3955,SETE DE SETEMBRO,,0,10/08/2026,10/09/2026,,1,,,,0,,0,00.577.158/0001-29,,,0,1 Ag F,0,OP PRODUÇÃO,0,0,CLASSIFICAR MODELO/FAMILIA,,,0097,GERAL,PRD,PRD - FASE PRODUTO,,,Agu retor Feira / pos fei,,00/01/1900,23/06/2021,086,DISNEY C&A,CONFECCOES ONEDA LTDA,01.14.01.3262,CONJUNTO MOLETOM / 2027-1-5611,CO,COR,N,CFA,CFA - FEIRA WINTER I 2027 (PROD AS BS),50,A DEFINIR,2,11,4,0,0,0,0,10/08/2026,10/08/2026,D41,FLUXO DE PENDENCIA DE COR,D01,,PENDENTE COR NOVA,0,PC,AGUAR. APROV. LIC. / CONCEITO,,,,,,00/01/1900,,,(47) 3332-5004,0,,,,,,0,-44,44,4,,,0,0,0,0,0,A,003,T52A - BBO,11,MASCULINO,N,N,SSNN
077790,0,834,,0,AMOSTRA,04/09,0,,B34,0,0,T06,TOP REGATA (TOP),,,0,00/01/1900,1,0,GASPAR,AVENIDA DEPUTADO FRANCISCO MASTELLA,3955,SETE DE SETEMBRO,,0,10/08/2026,10/09/2026,,1,,,,0,,0,00.577.158/0001-29,,,0,1 Ag F,0,OP PRODUÇÃO,0,0,CLASSIFICAR MODELO/FAMILIA,,,0097,GERAL,PRD,PRD - FASE PRODUTO,,,Agu retor Feira / pos fei,,00/01/1900,23/06/2021,085,SEM LICENSA C&A,CONFECCOES ONEDA LTDA,01.14.00.7736E,TOP REGATA / 2026-2-3571,CO,COR,N,CFA,CFA - FEIRA WINTER I 2027 (PROD AS BS),50,A DEFINIR,2,11,4,0,0,0,0,10/08/2026,10/08/2026,D41,FLUXO DE PENDENCIA DE COR,D01,,PENDENTE COR NOVA,0,PC,PENDENTE DESENVOLVIMENTO,,,,,,00/01/1900,,,(47) 3332-5004,0,,,,,,0,-44,44,4,,,0,0,0,0,0,A,003,T52A - BBO,11,MASCULINO,N,N,SSNN
077792,0,834,,0,AMOSTRA,04/09,0,,B36,0,0,T00,TOP CURTO (TOP),"ETIQUETA R$ 220,00 / milheiro","GS39553 R$ 2,20 c/ proteção",0,00/01/1900,2,0,GASPAR,AVENIDA DEPUTADO FRANCISCO MASTELLA,3955,SETE DE SETEMBRO,,0,10/08/2026,10/09/2026,,1,,,,0,,0,00.577.158/0001-29,,,0,1 Ag F,0,OP PRODUÇÃO,0,0,CLASSIFICAR MODELO/FAMILIA,,,0097,GERAL,PRD,PRD - FASE PRODUTO,,,Agu retor Feira / pos fei,,00/01/1900,23/06/2021,086,DISNEY C&A,CONFECCOES ONEDA LTDA,01.14.01.3263,TOP CURTO / 2027-1-5616,CO,COR,N,CFA,CFA - FEIRA WINTER I 2027 (PROD AS BS),50,A DEFINIR,2,11,4,0,0,0,0,10/08/2026,10/08/2026,D41,FLUXO DE PENDENCIA DE COR,D01,,PENDENTE COR NOVA,0,PC,AGUAR. APROV. LIC. / CONCEITO,,,,,,00/01/1900,,,(47) 3332-5004,0,,,,,,0,-44,44,4,,,0,0,0,0,0,A,003,T52A - BBO,11,MASCULINO,N,N,SSNN
077793,0,834,,0,AMOSTRA,04/09,0,,B36,0,0,T00,TOP CURTO (TOP),"ETIQUETA R$ 270,00 / milheiro","GS39551 R$ 2,20 c/ proteção",0,00/01/1900,2,0,GASPAR,AVENIDA DEPUTADO FRANCISCO MASTELLA,3955,SETE DE SETEMBRO,,0,10/08/2026,10/09/2026,,1,,,,0,,0,00.577.158/0001-29,,,0,1 Ag F,0,OP PRODUÇÃO,0,0,CLASSIFICAR MODELO/FAMILIA,,,0097,GERAL,PRD,PRD - FASE PRODUTO,,,Agu retor Feira / pos fei,,00/01/1900,23/06/2021,119,PEANUTS C&A,CONFECCOES ONEDA LTDA,01.14.28.0152,TOP CURTO / 2027-1-5622,CO,COR,N,CFA,CFA - FEIRA WINTER I 2027 (PROD AS BS),50,A DEFINIR,2,11,4,0,0,0,0,10/08/2026,10/08/2026,D41,FLUXO DE PENDENCIA DE COR,D01,,PENDENTE COR NOVA,0,PC,AGUAR. APROV. LIC. / CONCEITO,,,,,,00/01/1900,,,(47) 3332-5004,0,,,,,,0,-44,44,4,,,0,0,0,0,0,A,003,T52A - BBO,11,MASCULINO,N,N,SSNN
077794,0,834,,0,AMOSTRA,04/09,0,,B36,0,0,T00,TOP CURTO (TOP),,"GS39555A R$ 0,55",0,00/01/1900,4,0,GASPAR,AVENIDA DEPUTADO FRANCISCO MASTELLA,3955,SETE DE SETEMBRO,,0,10/08/2026,10/09/2026,,1,,,,0,,0,00.577.158/0001-29,,,0,1 Ag F,0,OP PRODUÇÃO,0,0,CLASSIFICAR MODELO/FAMILIA,,,0097,GERAL,PRD,PRD - FASE PRODUTO,,,Agu retor Feira / pos fei,,00/01/1900,23/06/2021,085,SEM LICENSA C&A,CONFECCOES ONEDA LTDA,01.14.00.7888,TOP CURTO / 2027-1-5623,CO,COR,N,CFC,CFC - FEIRA WINTER I 2027 (PROD CS),50,A DEFINIR,2,11,4,0,0,0,0,10/08/2026,10/08/2026,D41,FLUXO DE PENDENCIA DE COR,D01,,PENDENTE COR NOVA,0,PC,PENDENTE DESENVOLVIMENTO,,,,,,00/01/1900,,,(47) 3332-5004,0,,,,,,0,-44,44,4,,,0,0,0,0,0,A,003,T52A - BBO,11,MASCULINO,N,N,SSNN
077797,0,834,,0,AMOSTRA,04/09,0,,B36,0,0,T13,POLO CURTO (TOP),,"GS39552 R$ 1,65 c/ proteção",0,00/01/1900,1,0,GASPAR,AVENIDA DEPUTADO FRANCISCO MASTELLA,3955,SETE DE SETEMBRO,,0,10/08/2026,10/09/2026,,1,,,,0,,0,00.577.158/0001-29,,,0,,0,OP PRODUÇÃO,0,0,CLASSIFICAR MODELO/FAMILIA,,,0097,GERAL,PRD,PRD - FASE PRODUTO,,,,,00/01/1900,23/06/2021,085,SEM LICENSA C&A,CONFECCOES ONEDA LTDA,01.14.00.7891,POLO CURTO / 2027-1-5626,CO,COR,N,CFC,CFC - FEIRA WINTER I 2027 (PROD CS),50,A DEFINIR,2,11,4,0,0,0,0,10/08/2026,10/08/2026,D41,FLUXO DE PENDENCIA DE COR,D01,,PENDENTE COR NOVA,0,PC,PENDENTE DESENVOLVIMENTO,,,,,,00/01/1900,,,(47) 3332-5004,0,,,,,,0,-44,44,4,,,0,0,0,0,0,A,003,T52A - BBO,11,MASCULINO,N,N,SSNN
077801,0,834,,0,AMOSTRA,04/09,0,,B34,0,0,B00,SHORTS (BOTTON),,"GS39533 R$ 1,60 c/ proteção",0,00/01/1900,0,0,GASPAR,AVENIDA DEPUTADO FRANCISCO MASTELLA,3955,SETE DE SETEMBRO,,0,10/08/2026,10/09/2026,,1,,,,0,,0,00.577.158/0001-29,,,0,,0,OP PRODUÇÃO,0,0,CLASSIFICAR MODELO/FAMILIA,,,0097,GERAL,PRD,PRD - FASE PRODUTO,,,,,00/01/1900,23/06/2021,085,SEM LICENSA C&A,CONFECCOES ONEDA LTDA,01.12.00.7875A,SHORTS / VPN-DEFINIR,CO,COR,N,CFC,CFC - FEIRA WINTER I 2027 (PROD CS),50,A DEFINIR,3-6,32,4,0,0,0,0,10/08/2026,10/08/2026,D41,FLUXO DE PENDENCIA DE COR,D01,,PENDENTE COR NOVA,0,PC,PENDENTE DESENVOLVIMENTO,,,,,,00/01/1900,,,(47) 3332-5004,0,,,,,,0,-44,44,4,,,0,0,0,0,0,A,004,T51A - RNO,11,MASCULINO,N,N,SSNN
077802,0,834,,0,AMOSTRA,04/09,0,,B35,0,0,T00,TOP CURTO (TOP),,EST FR 6 CORES / EST COST 10 CORES,0,00/01/1900,2,0,GASPAR,AVENIDA DEPUTADO FRANCISCO MASTELLA,3955,SETE DE SETEMBRO,,0,10/08/2026,10/09/2026,,1,,,,0,,0,00.577.158/0001-29,,,0,1 Ag F,0,OP PRODUÇÃO,0,0,CLASSIFICAR MODELO/FAMILIA,,,0097,GERAL,PRD,PRD - FASE PRODUTO,,,Agu retor Feira / pos fei,,00/01/1900,23/06/2021,097,MOJANG C&A,CONFECCOES ONEDA LTDA,01.16.11.0363,TOP CURTO / 2027-1-5218,CO,COR,N,CFA,CFA - FEIRA WINTER I 2027 (PROD AS BS),50,A DEFINIR,6,14,4,0,0,0,0,10/08/2026,10/08/2026,D41,FLUXO DE PENDENCIA DE COR,D01,,PENDENTE COR NOVA,0,PC,AGUAR. APROV. LIC. / CONCEITO,,,,,,00/01/1900,,,(47) 3332-5004,0,,,,,,0,-44,44,4,,,0,0,0,0,0,A,001,T54A - LICENSE MASC.,11,MASCULINO,N,N,SSNN
077805,0,834,,0,AMOSTRA,04/09,0,,B35,0,0,T02,TOP LONGO (TOP),,EST 3 CORES,0,00/01/1900,2,0,GASPAR,AVENIDA DEPUTADO FRANCISCO MASTELLA,3955,SETE DE SETEMBRO,,0,10/08/2026,10/09/2026,,1,,,,0,T21A,0,00.577.158/0001-29,,,0,1 Ag F,0,OP PRODUÇÃO,0,0,CLASSIFICAR MODELO/FAMILIA,,,0097,GERAL,PRD,PRD - FASE PRODUTO,,,Agu retor Feira / pos fei,,00/01/1900,23/06/2021,146,LICENÇAS VARIADAS,CONFECCOES ONEDA LTDA,01.16.42.0551,TOP LONGO / 2027-1-5127,CO,COR,N,CFA,CFA - FEIRA WINTER I 2027 (PROD AS BS),50,A DEFINIR,6,14,4,0,0,0,0,10/08/2026,10/08/2026,D41,FLUXO DE PENDENCIA DE COR,D01,,PENDENTE COR NOVA,0,PC,AGUAR. APROV. LIC. / CONCEITO,,,,,,00/01/1900,,,(47) 3332-5004,0,,,,,,0,-44,44,4,,,0,0,0,0,0,A,001,T54A - LICENSE MASC.,11,MASCULINO,N,N,SSNN
077817,0,834,,0,AMOSTRA,04/09,0,,B35,0,0,C00,CONJUNTO CURTO (TOP/BOTTON),,EST 1 COR,0,00/01/1900,2,0,GASPAR,AVENIDA DEPUTADO FRANCISCO MASTELLA,3955,SETE DE SETEMBRO,,0,10/08/2026,10/09/2026,,1,,,,0,,0,00.577.158/0001-29,,,0,,0,OP PRODUÇÃO,0,0,CLASSIFICAR MODELO/FAMILIA,,,0097,GERAL,PRD,PRD - FASE PRODUTO,,,,,00/01/1900,23/06/2021,085,SEM LICENSA C&A,CONFECCOES ONEDA LTDA,01.16.00.7896,CONJUNTO CURTO / 2027-1-5196,CO,COR,N,CFA,CFA - FEIRA WINTER I 2027 (PROD AS BS),50,A DEFINIR,6,14,4,0,0,0,0,10/08/2026,10/08/2026,D41,FLUXO DE PENDENCIA DE COR,D01,,PENDENTE COR NOVA,0,PC,PENDENTE DESENVOLVIMENTO,,,,,,00/01/1900,,,(47) 3332-5004,0,,,,,,0,-44,44,4,,,0,0,0,0,0,A,007,T54A - PALOMINO,11,MASCULINO,N,N,SSNN
077819,0,834,,0,AMOSTRA,04/09,0,,B34,0,0,T00,TOP CURTO (TOP),,,0,00/01/1900,2,0,GASPAR,AVENIDA DEPUTADO FRANCISCO MASTELLA,3955,SETE DE SETEMBRO,,0,10/08/2026,10/09/2026,,1,,,,0,,0,00.577.158/0001-29,,,0,1 Ag F,0,OP PRODUÇÃO,0,0,CLASSIFICAR MODELO/FAMILIA,,,0097,GERAL,PRD,PRD - FASE PRODUTO,,,Agu retor Feira / pos fei,,00/01/1900,23/06/2021,085,SEM LICENSA C&A,CONFECCOES ONEDA LTDA,01.16.00.7898,TOP CURTO / 2027-1-5190,CO,COR,N,CFA,CFA - FEIRA WINTER I 2027 (PROD AS BS),50,A DEFINIR,6,14,4,0,0,0,0,10/08/2026,10/08/2026,D41,FLUXO DE PENDENCIA DE COR,D01,,PENDENTE COR NOVA,0,PC,PENDENTE DESENVOLVIMENTO,,,,,,00/01/1900,,,(47) 3332-5004,0,,,,,,0,-44,44,4,,,0,0,0,0,0,A,007,T54A - PALOMINO,11,MASCULINO,N,N,SSNN
077822,0,834,,0,AMOSTRA,04/09,0,,B36,0,0,T03,TOP LONGO COM CAPUZ (TOP),,EST FR 3 CORES / EST COST FLOCADO + 3 CORES,0,00/01/1900,3,0,GASPAR,AVENIDA DEPUTADO FRANCISCO MASTELLA,3955,SETE DE SETEMBRO,,0,10/08/2026,10/09/2026,,1,,,,0,,0,00.577.158/0001-29,,,0,1 Ag F,0,OP PRODUÇÃO,0,0,CLASSIFICAR MODELO/FAMILIA,,,0097,GERAL,PRD,PRD - FASE PRODUTO,,,Agu retor Feira / pos fei,,00/01/1900,23/06/2021,085,SEM LICENSA C&A,CONFECCOES ONEDA LTDA,01.16.00.7901,TOP LONGO COM CAPUZ / 2027-1-5152,CO,COR,N,CFA,CFA - FEIRA WINTER I 2027 (PROD AS BS),50,A DEFINIR,6,14,4,0,0,0,0,10/08/2026,10/08/2026,D41,FLUXO DE PENDENCIA DE COR,D01,,PENDENTE COR NOVA,0,PC,PENDENTE DESENVOLVIMENTO,,,,,,00/01/1900,,,(47) 3332-5004,0,,,,,,0,-44,44,4,,,0,0,0,0,0,A,007,T54A - PALOMINO,11,MASCULINO,N,N,SSNN
077825,0,834,,0,AMOSTRA,04/09,0,,B34,0,0,T00,TOP CURTO (TOP),,,0,00/01/1900,1,0,GASPAR,AVENIDA DEPUTADO FRANCISCO MASTELLA,3955,SETE DE SETEMBRO,,0,10/08/2026,10/09/2026,,1,,,,0,,0,00.577.158/0001-29,,,0,1 Ag F,0,OP PRODUÇÃO,0,0,CLASSIFICAR MODELO/FAMILIA,,,0097,GERAL,PRD,PRD - FASE PRODUTO,,,Agu retor Feira / pos fei,,00/01/1900,23/06/2021,085,SEM LICENSA C&A,CONFECCOES ONEDA LTDA,01.16.00.7903A,TOP CURTO / 2027-1-5101,CO,COR,N,CFA,CFA - FEIRA WINTER I 2027 (PROD AS BS),50,A DEFINIR,6,14,4,0,0,0,0,10/08/2026,10/08/2026,D41,FLUXO DE PENDENCIA DE COR,D01,,PENDENTE COR NOVA,0,PC,PENDENTE DESENVOLVIMENTO,,,,,,00/01/1900,,,(47) 3332-5004,0,,,,,,0,-44,44,4,,,0,0,0,0,0,A,007,T54A - PALOMINO,11,MASCULINO,N,N,SSNN
077826,0,834,,0,AMOSTRA,04/09,0,,B35,0,0,B00,SHORTS (BOTTON),"Rot 1 cor ECOWAY R$ 24, processo completo",,0,00/01/1900,1,0,GASPAR,AVENIDA DEPUTADO FRANCISCO MASTELLA,3955,SETE DE SETEMBRO,,0,10/08/2026,10/09/2026,,1,,,,0,,0,00.577.158/0001-29,,,0,,0,OP PRODUÇÃO,0,0,CLASSIFICAR MODELO/FAMILIA,,,0097,GERAL,PRD,PRD - FASE PRODUTO,,,,,00/01/1900,23/06/2021,085,SEM LICENSA C&A,CONFECCOES ONEDA LTDA,01.11.00.7904,SHORTS / VPN-DEFINIR,CO,COR,N,CFC,CFC - FEIRA WINTER I 2027 (PROD CS),50,A DEFINIR,3-6,32,8,0,0,0,0,10/08/2026,10/08/2026,D41,FLUXO DE PENDENCIA DE COR,D01,,PENDENTE COR NOVA,0,CJ,PENDENTE DESENVOLVIMENTO,,,,,,00/01/1900,,,(47) 3332-5004,0,,,,,,0,-44,44,8,,,0,0,0,0,0,A,006,T51A - RNA,12,FEMININO,N,N,SSNN
077842,0,834,,0,AMOSTRA,04/09,0,,B35,0,0,T02,TOP LONGO (TOP),,EST FR 6 CORES / EST COST 10 CORES,0,00/01/1900,2,0,GASPAR,AVENIDA DEPUTADO FRANCISCO MASTELLA,3955,SETE DE SETEMBRO,,0,11/08/2026,11/09/2026,,1,,,,0,,0,00.577.158/0001-29,,,0,1 Ag F,0,OP PRODUÇÃO,0,0,CLASSIFICAR MODELO/FAMILIA,,,0097,GERAL,PRD,PRD - FASE PRODUTO,,,Agu retor Feira / pos fei,,00/01/1900,23/06/2021,097,MOJANG C&A,CONFECCOES ONEDA LTDA,01.16.11.0364,TOP LONGO / 2027-1-5218,CO,COR,N,CFA,CFA - FEIRA WINTER I 2027 (PROD AS BS),50,A DEFINIR,6,14,4,0,0,0,0,11/08/2026,11/08/2026,D41,FLUXO DE PENDENCIA DE COR,D01,,PENDENTE COR NOVA,0,PC,AGUAR. APROV. LIC. / CONCEITO,,,,,,00/01/1900,,,(47) 3332-5004,0,,,,,,0,-43,43,4,,,0,0,0,0,0,A,001,T54A - LICENSE MASC.,11,MASCULINO,N,N,SSNN
077847,0,834,,0,AMOSTRA,04/09,0,,B34,0,0,T00,TOP CURTO (TOP),,,0,00/01/1900,2,0,GASPAR,AVENIDA DEPUTADO FRANCISCO MASTELLA,3955,SETE DE SETEMBRO,,0,12/08/2026,12/09/2026,,1,,,,0,,0,00.577.158/0001-29,,,0,,0,OP PRODUÇÃO,0,0,CLASSIFICAR MODELO/FAMILIA,,,0097,GERAL,PRD,PRD - FASE PRODUTO,,,,,00/01/1900,23/06/2021,083,UNIVERSAL C&A,CONFECCOES ONEDA LTDA,01.13.08.0212,TOP CURTO / 2027-1-5071,CO,COR,N,CFA,CFA - FEIRA WINTER I 2027 (PROD AS BS),50,A DEFINIR,2,11,4,0,0,0,0,12/08/2026,12/08/2026,D41,FLUXO DE PENDENCIA DE COR,D01,,PENDENTE COR NOVA,0,PC,AGUAR. APROV. LIC. / CONCEITO,,,,,,00/01/1900,,,(47) 3332-5004,0,,,,,,0,-42,42,4,,,0,0,0,0,0,A,005,T58A - BBA,12,FEMININO,N,N,SSNN
077853,0,834,,0,AMOSTRA,04/09,0,,B34,0,0,T02,TOP LONGO (TOP),,,0,00/01/1900,2,0,GASPAR,AVENIDA DEPUTADO FRANCISCO MASTELLA,3955,SETE DE SETEMBRO,,0,12/08/2026,12/09/2026,,1,,,,0,,0,00.577.158/0001-29,,,0,,0,OP PRODUÇÃO,0,0,CLASSIFICAR MODELO/FAMILIA,,,0097,GERAL,PRD,PRD - FASE PRODUTO,,,,,00/01/1900,23/06/2021,146,LICENÇAS VARIADAS,CONFECCOES ONEDA LTDA,01.13.42.0563,TOP LONGO / 2027-1-5321,CO,COR,N,CFA,CFA - FEIRA WINTER I 2027 (PROD AS BS),50,A DEFINIR,2,11,4,0,0,0,0,12/08/2026,12/08/2026,D41,FLUXO DE PENDENCIA DE COR,D01,,PENDENTE COR NOVA,0,PC,AGUAR. APROV. LIC. / CONCEITO,,,,,,00/01/1900,,,(47) 3332-5004,0,,,,,,0,-42,42,4,,,0,0,0,0,0,A,005,T58A - BBA,12,FEMININO,N,N,SSNN
077855,0,834,,0,AMOSTRA,04/09,0,,B35,0,0,T02,TOP LONGO (TOP),,EST 6 CORES + GLITTER,0,00/01/1900,2,0,GASPAR,AVENIDA DEPUTADO FRANCISCO MASTELLA,3955,SETE DE SETEMBRO,,0,12/08/2026,12/09/2026,,1,,,,0,,0,00.577.158/0001-29,,,0,,0,OP PRODUÇÃO,0,0,CLASSIFICAR MODELO/FAMILIA,,,0097,GERAL,PRD,PRD - FASE PRODUTO,,,,,00/01/1900,23/06/2021,086,DISNEY C&A,CONFECCOES ONEDA LTDA,01.13.01.3269,TOP LONGO / 2027-1-5056,CO,COR,N,CFA,CFA - FEIRA WINTER I 2027 (PROD AS BS),50,A DEFINIR,2,11,4,0,0,0,0,12/08/2026,12/08/2026,D41,FLUXO DE PENDENCIA DE COR,D01,,PENDENTE COR NOVA,0,PC,AGUAR. APROV. LIC. / CONCEITO,,,,,,00/01/1900,,,(47) 3332-5004,0,,,,,,0,-42,42,4,,,0,0,0,0,0,A,005,T58A - BBA,12,FEMININO,N,N,SSNN
077859,0,834,,0,AMOSTRA,04/09,0,,B34,0,0,T00,TOP CURTO (TOP),,EST. 9 CORES + GLITTER,0,00/01/1900,1,0,GASPAR,AVENIDA DEPUTADO FRANCISCO MASTELLA,3955,SETE DE SETEMBRO,,0,12/08/2026,12/09/2026,,1,,,,0,,0,00.577.158/0001-29,,,0,,0,OP PRODUÇÃO,0,0,CLASSIFICAR MODELO/FAMILIA,,,0097,GERAL,PRD,PRD - FASE PRODUTO,,,,,00/01/1900,23/06/2021,036,WARNER C&A,CONFECCOES ONEDA LTDA,01.13.07.0690,TOP LONGO / 2027-1-5322,CO,COR,N,CFA,CFA - FEIRA WINTER I 2027 (PROD AS BS),50,A DEFINIR,2,11,4,0,0,0,0,12/08/2026,12/08/2026,D41,FLUXO DE PENDENCIA DE COR,D01,,PENDENTE COR NOVA,0,PC,AGUAR. APROV. LIC. / CONCEITO,,,,,,00/01/1900,,,(47) 3332-5004,0,,,,,,0,-42,42,4,,,0,0,0,0,0,A,005,T58A - BBA,12,FEMININO,N,N,SSNN
077868,0,834,,0,AMOSTRA,10/09,0,,B37,0,0,T00,TOP CURTO (TOP),,,0,00/01/1900,2,0,GASPAR,AVENIDA DEPUTADO FRANCISCO MASTELLA,3955,SETE DE SETEMBRO,,0,13/08/2026,13/09/2026,,1,,,,0,,0,00.577.158/0001-29,,,0,,0,OP PRODUÇÃO,0,0,CLASSIFICAR MODELO/FAMILIA,,,0097,GERAL,PRD,PRD - FASE PRODUTO,,,,,00/01/1900,23/06/2021,146,LICENÇAS VARIADAS,CONFECCOES ONEDA LTDA,01.18.42.0568,TOP CURTO / 2027-1-5824,CO,COR,N,CFA,CFA - FEIRA WINTER I 2027 (PROD AS BS),50,A DEFINIR,12,17,4,0,0,0,0,13/08/2026,13/08/2026,D41,FLUXO DE PENDENCIA DE COR,D01,,PENDENTE COR NOVA,0,PC,AGUAR. APROV. LIC. / CONCEITO,,,,,,00/01/1900,,,(47) 3332-5004,0,,,,,,0,-41,41,4,,,0,0,0,0,0,A,013,T59A - FIFTEEN MP,11,MASCULINO,N,N,SSNN
077871,0,834,,0,AMOSTRA,10/09,0,,B37,0,0,T13,POLO CURTO (TOP),,,0,00/01/1900,3,0,GASPAR,AVENIDA DEPUTADO FRANCISCO MASTELLA,3955,SETE DE SETEMBRO,,0,13/08/2026,13/09/2026,,1,,,,0,,0,00.577.158/0001-29,,,0,,0,OP PRODUÇÃO,0,0,CLASSIFICAR MODELO/FAMILIA,,,0097,GERAL,PRD,PRD - FASE PRODUTO,,,,,00/01/1900,23/06/2021,085,SEM LICENSA C&A,CONFECCOES ONEDA LTDA,01.18.00.7908,POLO CURTO / 2027-1-5816,CO,COR,N,CFA,CFA - FEIRA WINTER I 2027 (PROD AS BS),50,A DEFINIR,12,17,4,0,0,0,0,13/08/2026,13/08/2026,D41,FLUXO DE PENDENCIA DE COR,D01,,PENDENTE COR NOVA,0,PC,PENDENTE DESENVOLVIMENTO,,,,,,00/01/1900,,,(47) 3332-5004,0,,,,,,0,-41,41,4,,,0,0,0,0,0,A,013,T59A - FIFTEEN MP,11,MASCULINO,N,N,SSNN
077879,0,834,,0,AMOSTRA,10/09,0,,B34,0,0,T00,TOP CURTO (TOP),,,0,00/01/1900,1,0,GASPAR,AVENIDA DEPUTADO FRANCISCO MASTELLA,3955,SETE DE SETEMBRO,,0,13/08/2026,13/09/2026,,1,,,,0,,0,00.577.158/0001-29,,,0,,0,OP PRODUÇÃO,0,0,CLASSIFICAR MODELO/FAMILIA,,,0097,GERAL,PRD,PRD - FASE PRODUTO,,,,,00/01/1900,23/06/2021,085,SEM LICENSA C&A,CONFECCOES ONEDA LTDA,01.18.00.7914,TOP CURTO / VPN-DEFINIR,CO,COR,N,CFB,CFB - FEIRA WINTER I 2027 (BUFFER),50,A DEFINIR,12,17,4,0,0,0,0,13/08/2026,13/08/2026,D41,FLUXO DE PENDENCIA DE COR,D01,,PENDENTE COR NOVA,0,PC,PENDENTE DESENVOLVIMENTO,,,,,,00/01/1900,,,(47) 3332-5004,0,,,,,,0,-41,41,4,,,0,0,0,0,0,A,013,T59A - FIFTEEN MP,11,MASCULINO,N,N,SSNN
077881,0,834,,0,AMOSTRA,10/09,0,,B36,0,0,T00,TOP CURTO (TOP),,,0,00/01/1900,1,0,GASPAR,AVENIDA DEPUTADO FRANCISCO MASTELLA,3955,SETE DE SETEMBRO,,0,13/08/2026,13/09/2026,,1,,,,0,,0,00.577.158/0001-29,,,0,,0,OP PRODUÇÃO,0,0,CLASSIFICAR MODELO/FAMILIA,,,0097,GERAL,PRD,PRD - FASE PRODUTO,,,,,00/01/1900,23/06/2021,085,SEM LICENSA C&A,CONFECCOES ONEDA LTDA,01.18.00.7916,TOP CURTO / VPN-DEFINIR,CO,COR,N,CFB,CFB - FEIRA WINTER I 2027 (BUFFER),50,A DEFINIR,12,17,4,0,0,0,0,13/08/2026,13/08/2026,D41,FLUXO DE PENDENCIA DE COR,D01,,PENDENTE COR NOVA,0,PC,PENDENTE DESENVOLVIMENTO,,,,,,00/01/1900,,,(47) 3332-5004,0,,,,,,0,-41,41,4,,,0,0,0,0,0,A,013,T59A - FIFTEEN MP,11,MASCULINO,N,N,SSNN
077898,0,834,,0,AMOSTRA,,0,,,0,0,T26,BLAZER FEMININO (TOP),,,37,00/01/1900,0,0,GASPAR,AVENIDA DEPUTADO FRANCISCO MASTELLA,3955,SETE DE SETEMBRO,,0,14/08/2026,14/09/2026,,1,,,,0,,0,00.577.158/0001-29,,,0,1 Ag F,0,OP PRODUÇÃO,0,0,CLASSIFICAR MODELO/FAMILIA,,,0097,GERAL,PRD,PRD - FASE PRODUTO,,,Agu retor Feira / pos fei,,00/01/1900,23/06/2021,207,SANTA MARCA,CONFECCOES ONEDA LTDA,21.19.00.0001,BLAZER FEMININO,CO,COR,N,SM1,SANTA MARCA - VERÃO 1 CRIATIFF,000238,DOURADO,M,22,4,0,0,0,0,14/08/2026,14/08/2026,D41,FLUXO DE PENDENCIA DE COR,D01,,PENDENTE COR NOVA,0,PC,PENDENTE DESENVOLVIMENTO,,,,,,00/01/1900,,,(47) 3332-5004,0,,,,,,0,-40,40,4,,,0,0,0,0,0,A,62,ADULTO,12,FEMININO,N,N,SSNN
077899,0,834,,0,AMOSTRA,,0,,,0,0,T02,TOP LONGO (TOP),,,30,00/01/1900,0,0,GASPAR,AVENIDA DEPUTADO FRANCISCO MASTELLA,3955,SETE DE SETEMBRO,,0,14/08/2026,14/09/2026,,1,,,,0,,0,00.577.158/0001-29,,,0,1 Ag F,0,OP PRODUÇÃO,0,0,CLASSIFICAR MODELO/FAMILIA,,,0097,GERAL,PRD,PRD - FASE PRODUTO,,,Agu retor Feira / pos fei,,00/01/1900,23/06/2021,207,SANTA MARCA,CONFECCOES ONEDA LTDA,21.19.00.0002,TOP LONGO,CO,COR,N,SM1,SANTA MARCA - VERÃO 1 CRIATIFF,000238,DOURADO,M,22,4,0,0,0,0,14/08/2026,14/08/2026,D41,FLUXO DE PENDENCIA DE COR,D01,,PENDENTE COR NOVA,0,PC,PENDENTE DESENVOLVIMENTO,,,,,,00/01/1900,,,(47) 3332-5004,0,,,,,,0,-40,40,4,,,0,0,0,0,0,A,62,ADULTO,12,FEMININO,N,N,SSNN
077906,0,834,,0,AMOSTRA,04/09,0,,B35,0,0,T00,TOP CURTO (TOP),,"R$ 326,00 / milheiro",0,00/01/1900,1,0,GASPAR,AVENIDA DEPUTADO FRANCISCO MASTELLA,3955,SETE DE SETEMBRO,,0,14/08/2026,14/09/2026,,1,,,,0,,0,00.577.158/0001-29,,,0,1 Ag F,0,OP PRODUÇÃO,0,0,CLASSIFICAR MODELO/FAMILIA,,,0097,GERAL,PRD,PRD - FASE PRODUTO,,,Agu retor Feira / pos fei,,00/01/1900,23/06/2021,085,SEM LICENSA C&A,CONFECCOES ONEDA LTDA,01.14.00.7917,TOP CURTO / VPN-DEFINIR,CO,COR,N,CFB,CFB - FEIRA WINTER I 2027 (BUFFER),50,A DEFINIR,2,11,4,0,0,0,0,14/08/2026,14/08/2026,D41,FLUXO DE PENDENCIA DE COR,D01,,PENDENTE COR NOVA,0,PC,PENDENTE DESENVOLVIMENTO,,,,,,00/01/1900,,,(47) 3332-5004,0,,,,,,0,-40,40,4,,,0,0,0,0,0,A,003,T52A - BBO,11,MASCULINO,N,N,SSNN
077908,0,834,,0,AMOSTRA,04/09,0,,B35,0,0,T14,POLO LONGO (TOP),,,0,00/01/1900,1,0,GASPAR,AVENIDA DEPUTADO FRANCISCO MASTELLA,3955,SETE DE SETEMBRO,,0,14/08/2026,14/09/2026,,1,,,,0,,0,00.577.158/0001-29,,,0,1 Ag F,0,OP PRODUÇÃO,0,0,CLASSIFICAR MODELO/FAMILIA,,,0097,GERAL,PRD,PRD - FASE PRODUTO,,,Agu retor Feira / pos fei,,00/01/1900,23/06/2021,085,SEM LICENSA C&A,CONFECCOES ONEDA LTDA,01.14.00.7923,POLO LONGO / VPN-DEFINIR,CO,COR,N,CFB,CFB - FEIRA WINTER I 2027 (BUFFER),50,A DEFINIR,2,11,4,0,0,0,0,14/08/2026,14/08/2026,D41,FLUXO DE PENDENCIA DE COR,D01,,PENDENTE COR NOVA,0,PC,PENDENTE DESENVOLVIMENTO,,,,,,00/01/1900,,,(47) 3332-5004,0,,,,,,0,-40,40,4,,,0,0,0,0,0,A,003,T52A - BBO,11,MASCULINO,N,N,SSNN
077914,0,834,,0,LIBERAÇÃO DE PRODUTO,04/09,0,,B37,0,0,T06,TOP REGATA (TOP),,,"33,09",00/01/1900,0,0,GASPAR,AVENIDA DEPUTADO FRANCISCO MASTELLA,3955,SETE DE SETEMBRO,,0,21/08/2026,28/08/2026,,1,,,,0,,0,00.577.158/0001-29,,,0,1 Ag F,0,OP PRODUÇÃO,0,0,CLASSIFICAR MODELO/FAMILIA,,,0097,GERAL,PRD,PRD - FASE PRODUTO,,,Agu retor Feira / pos fei,,00/01/1900,23/06/2021,207,SANTA MARCA,CONFECCOES ONEDA LTDA,21.19.00.0003,Top Regata,CO,COR,N,SM1,SANTA MARCA - VERÃO 1 CRIATIFF,1006,MARINHO,P,21,2,0,0,0,0,17/08/2026,17/08/2026,D41,FLUXO DE PENDENCIA DE COR,D01,,PENDENTE COR NOVA,0,PC,PENDENTE DESENVOLVIMENTO,,,,,,00/01/1900,,,(47) 3332-5004,0,,,,,,0,-37,37,2,,,0,0,0,0,0,E043,62,ADULTO,12,FEMININO,N,N,SSNN
077915,0,834,,0,LIBERAÇÃO DE PRODUTO,04/09,0,,B37,0,0,B00,SHORTS (BOTTON),,,"47,29",00/01/1900,0,0,GASPAR,AVENIDA DEPUTADO FRANCISCO MASTELLA,3955,SETE DE SETEMBRO,,0,21/08/2026,28/08/2026,,1,,,,0,,0,00.577.158/0001-29,,,0,1 Ag F,0,OP PRODUÇÃO,0,0,CLASSIFICAR MODELO/FAMILIA,,,0097,GERAL,PRD,PRD - FASE PRODUTO,,,Agu retor Feira / pos fei,,00/01/1900,23/06/2021,207,SANTA MARCA,CONFECCOES ONEDA LTDA,21.19.00.0004,Shorts,CO,COR,N,SM1,SANTA MARCA - VERÃO 1 CRIATIFF,1006,MARINHO,P,21,2,0,0,0,0,17/08/2026,17/08/2026,D41,FLUXO DE PENDENCIA DE COR,D01,,PENDENTE COR NOVA,0,PC,PENDENTE DESENVOLVIMENTO,,,,,,00/01/1900,,,(47) 3332-5004,0,,,,,,0,-37,37,2,,,0,0,0,0,0,E043,62,ADULTO,12,FEMININO,N,N,SSNN
077922,0,834,,0,AMOSTRA,,0,,,0,0,T00,TOP CURTO (TOP),,,0,00/01/1900,0,0,GASPAR,AVENIDA DEPUTADO FRANCISCO MASTELLA,3955,SETE DE SETEMBRO,,0,19/08/2026,19/09/2026,,1,,,,0,,0,00.577.158/0001-29,,,0,,0,OP PRODUÇÃO,0,0,CLASSIFICAR MODELO/FAMILIA,,,0097,GERAL,PRD,PRD - FASE PRODUTO,,,,,00/01/1900,23/06/2021,073,BARCELONA,CONFECCOES ONEDA LTDA,02.16.42.0057,TOP CURTO,CO,COR,N,RRB,RRB - RENNER BUFFER,50,A DEFINIR,7-8,53,4,0,0,0,0,19/08/2026,19/08/2026,D41,FLUXO DE PENDENCIA DE COR,D01,,PENDENTE COR NOVA,0,PC,PENDENT DESENV/ APROV ESTILO,,,,,,00/01/1900,,,(47) 3332-5004,0,,,,,,0,-35,35,4,,,0,0,0,0,0,A,R8,LICENSE MENINO RENNER,17,CABIDE,N,N,SSNN
078007,0,834,,0,AMOSTRA,,0,,,0,0,B00,SHORTS (BOTTON),,,0,00/01/1900,0,0,GASPAR,AVENIDA DEPUTADO FRANCISCO MASTELLA,3955,SETE DE SETEMBRO,,0,25/08/2026,25/09/2026,,1,,,,0,,0,00.577.158/0001-29,,,0,,0,OP PRODUÇÃO,0,0,CLASSIFICAR MODELO/FAMILIA,,,0097,GERAL,PRD,PRD - FASE PRODUTO,,,,,00/01/1900,23/06/2021,073,BARCELONA,CONFECCOES ONEDA LTDA,02.16.42.0058,SHORTS,CO,COR,N,RRB,RRB - RENNER BUFFER,50,A DEFINIR,7-8,53,4,0,0,0,0,25/08/2026,25/08/2026,D41,FLUXO DE PENDENCIA DE COR,D01,,PENDENTE COR NOVA,0,PC,PENDENT DESENV/ APROV ESTILO,,,,,,00/01/1900,,,(47) 3332-5004,0,,,,,,0,-29,29,4,,,0,0,0,0,0,A,R8,LICENSE MENINO RENNER,17,CABIDE,N,N,SSNN
078008,0,834,,0,AMOSTRA,,0,,,0,0,T00,TOP CURTO (TOP),,,0,00/01/1900,0,0,GASPAR,AVENIDA DEPUTADO FRANCISCO MASTELLA,3955,SETE DE SETEMBRO,,0,25/08/2026,25/09/2026,,1,,,,0,,0,00.577.158/0001-29,,,0,,0,OP PRODUÇÃO,0,0,CLASSIFICAR MODELO/FAMILIA,,,0097,GERAL,PRD,PRD - FASE PRODUTO,,,,,00/01/1900,23/06/2021,073,BARCELONA,CONFECCOES ONEDA LTDA,02.16.42.0057-1,TOP CURTO,CO,COR,N,RRB,RRB - RENNER BUFFER,50,A DEFINIR,7-8,53,4,0,0,0,0,25/08/2026,25/08/2026,D41,FLUXO DE PENDENCIA DE COR,D01,,PENDENTE COR NOVA,0,PC,PENDENT DESENV/ APROV ESTILO,,,,,,00/01/1900,,,(47) 3332-5004,0,,,,,,0,-29,29,4,,,0,0,0,0,0,A,R8,LICENSE MENINO RENNER,17,CABIDE,N,N,SSNN
078038,0,834,,0,AMOSTRA,10/09,0,,B36,0,0,T13,POLO CURTO (TOP),,,0,00/01/1900,1,0,GASPAR,AVENIDA DEPUTADO FRANCISCO MASTELLA,3955,SETE DE SETEMBRO,,0,26/08/2026,26/09/2026,,1,,,,0,,0,00.577.158/0001-29,,,0,,0,OP PRODUÇÃO,0,0,CLASSIFICAR MODELO/FAMILIA,,,0097,GERAL,PRD,PRD - FASE PRODUTO,,,,,00/01/1900,23/06/2021,085,SEM LICENSA C&A,CONFECCOES ONEDA LTDA,01.18.00.7908-1,POLO CURTO / 2027-1-5816,CO,COR,N,CFA,CFA - FEIRA WINTER I 2027 (PROD AS BS),50,A DEFINIR,12,17,4,0,0,0,0,26/08/2026,26/08/2026,D41,FLUXO DE PENDENCIA DE COR,D01,,PENDENTE COR NOVA,0,PC,PENDENTE DESENVOLVIMENTO,,,,,,00/01/1900,,,(47) 3332-5004,0,,,,,,0,-28,28,4,,,0,0,0,0,0,A,013,T59A - FIFTEEN MP,11,MASCULINO,N,N,SSNN
078047,0,834,,0,LIBERAÇÃO DE PRODUTO,25/09,0,,B38,0,0,T00,TOP CURTO (TOP),,"Frente R$:1,65 / Manga R$:1,65",0,00/01/1900,1,0,GASPAR,AVENIDA DEPUTADO FRANCISCO MASTELLA,3955,SETE DE SETEMBRO,,0,31/08/2026,04/09/2026,,1,,,,0,,0,00.577.158/0001-29,,,0,,0,OP PRODUÇÃO,0,0,CLASSIFICAR MODELO/FAMILIA,,,0097,GERAL,PRD,PRD - FASE PRODUTO,,,,,00/01/1900,23/06/2021,139,CENTAURO,CONFECCOES ONEDA LTDA,05.19.00.0135E,TOP CURTO,CO,COR,N,58A,58A - AW27 CENTAURO - INVERNO 27 - ASICS,50,A DEFINIR,P,21,4,0,0,0,0,27/08/2026,27/08/2026,D41,FLUXO DE PENDENCIA DE COR,D01,,PENDENTE COR NOVA,0,PC,PENDENTE DESENVOLVIMENTO,,,,,,00/01/1900,,,(47) 3332-5004,0,,,,,,0,-27,27,4,,,0,0,0,0,0,E044,51,CENTAURO,5,CAIXA - LR,N,N,SSNN
078052,0,834,,0,AMOSTRA,02/10,0,,B39,0,0,C00,CONJUNTO CURTO (TOP/BOTTON),LACRES: [ ] MODELAGEM-[ ] ESTAMP - [ ] COR -[ ] AVIAMENTOS,,0,00/01/1900,1,0,GASPAR,AVENIDA DEPUTADO FRANCISCO MASTELLA,3955,SETE DE SETEMBRO,,0,31/08/2026,30/09/2026,,1,,,,0,,0,00.577.158/0001-29,,,0,1 Ag F,0,OP PRODUÇÃO,0,0,CLASSIFICAR MODELO/FAMILIA,,,0097,GERAL,PRD,PRD - FASE PRODUTO,,,Agu retor Feira / pos fei,,00/01/1900,23/06/2021,149,SEM LICENÇA HERING,CONFECCOES ONEDA LTDA,13.16.00.0578F,CONJUNTO CURTO,CO,COR,N,HXV,HXV - HERING VERÃO 2027,50,A DEFINIR,4,13,4,0,0,0,0,31/08/2026,31/08/2026,D41,FLUXO DE PENDENCIA DE COR,D01,,PENDENTE COR NOVA,0,PC,PENDENTE DESENVOLVIMENTO,,,,,,00/01/1900,,,(47) 3332-5004,0,,,,,,0,-23,23,4,,,0,0,0,0,0,A,H01,T54 - HERING KIDS O,5,CAIXA - LR,N,N,SSNN
078053,0,834,,0,AMOSTRA,02/10,0,,B39,0,0,C00,CONJUNTO CURTO (TOP/BOTTON),LACRES: [ ] MODELAGEM-[ ] ESTAMP - [ ] COR -[ ] AVIAMENTOS,,0,00/01/1900,1,0,GASPAR,AVENIDA DEPUTADO FRANCISCO MASTELLA,3955,SETE DE SETEMBRO,,0,31/08/2026,30/09/2026,,1,,,,0,,0,00.577.158/0001-29,,,0,1 Ag F,0,OP PRODUÇÃO,0,0,CLASSIFICAR MODELO/FAMILIA,,,0097,GERAL,PRD,PRD - FASE PRODUTO,,,Agu retor Feira / pos fei,,00/01/1900,23/06/2021,149,SEM LICENÇA HERING,CONFECCOES ONEDA LTDA,13.16.00.0578G,CONJUNTO CURTO,CO,COR,N,HXV,HXV - HERING VERÃO 2027,50,A DEFINIR,4,13,4,0,0,0,0,31/08/2026,31/08/2026,D41,FLUXO DE PENDENCIA DE COR,D01,,PENDENTE COR NOVA,0,PC,PENDENTE DESENVOLVIMENTO,,,,,,00/01/1900,,,(47) 3332-5004,0,,,,,,0,-23,23,4,,,0,0,0,0,0,A,H01,T54 - HERING KIDS O,5,CAIXA - LR,N,N,SSNN
078054,0,834,,0,AMOSTRA,02/10,0,,B39,0,0,C00,CONJUNTO CURTO (TOP/BOTTON),LACRES: [ ] MODELAGEM-[ ] ESTAMP - [ ] COR -[ ] AVIAMENTOS,,0,00/01/1900,1,0,GASPAR,AVENIDA DEPUTADO FRANCISCO MASTELLA,3955,SETE DE SETEMBRO,,0,31/08/2026,30/09/2026,,1,,,,0,,0,00.577.158/0001-29,,,0,1 Ag F,0,OP PRODUÇÃO,0,0,CLASSIFICAR MODELO/FAMILIA,,,0097,GERAL,PRD,PRD - FASE PRODUTO,,,Agu retor Feira / pos fei,,00/01/1900,23/06/2021,149,SEM LICENÇA HERING,CONFECCOES ONEDA LTDA,13.16.00.0578H,CONJUNTO CURTO,CO,COR,N,HXV,HXV - HERING VERÃO 2027,50,A DEFINIR,4,13,4,0,0,0,0,31/08/2026,31/08/2026,D41,FLUXO DE PENDENCIA DE COR,D01,,PENDENTE COR NOVA,0,PC,PENDENTE DESENVOLVIMENTO,,,,,,00/01/1900,,,(47) 3332-5004,0,,,,,,0,-23,23,4,,,0,0,0,0,0,A,H01,T54 - HERING KIDS O,5,CAIXA - LR,N,N,SSNN
078055,0,834,,0,AMOSTRA,02/10,0,,B39,0,0,C00,CONJUNTO CURTO (TOP/BOTTON),LACRES: [ ] MODELAGEM-[ ] ESTAMP - [ ] COR -[ ] AVIAMENTOS,,0,00/01/1900,1,0,GASPAR,AVENIDA DEPUTADO FRANCISCO MASTELLA,3955,SETE DE SETEMBRO,,0,31/08/2026,30/09/2026,,1,,,,0,,0,00.577.158/0001-29,,,0,1 Ag F,0,OP PRODUÇÃO,0,0,CLASSIFICAR MODELO/FAMILIA,,,0097,GERAL,PRD,PRD - FASE PRODUTO,,,Agu retor Feira / pos fei,,00/01/1900,23/06/2021,149,SEM LICENÇA HERING,CONFECCOES ONEDA LTDA,13.16.00.0439H,CONJUNTO CURTO,CO,COR,N,HXV,HXV - HERING VERÃO 2027,50,A DEFINIR,4,13,4,0,0,0,0,31/08/2026,31/08/2026,D41,FLUXO DE PENDENCIA DE COR,D01,,PENDENTE COR NOVA,0,PC,PENDENTE DESENVOLVIMENTO,,,,,,00/01/1900,,,(47) 3332-5004,0,,,,,,0,-23,23,4,,,0,0,0,0,0,A,H01,T54 - HERING KIDS O,5,CAIXA - LR,N,N,SSNN
078056,0,834,,0,AMOSTRA,02/10,0,,B39,0,0,C00,CONJUNTO CURTO (TOP/BOTTON),LACRES: [ ] MODELAGEM-[ ] ESTAMP - [ ] COR -[ ] AVIAMENTOS,,0,00/01/1900,1,0,GASPAR,AVENIDA DEPUTADO FRANCISCO MASTELLA,3955,SETE DE SETEMBRO,,0,31/08/2026,30/09/2026,,1,,,,0,,0,00.577.158/0001-29,,,0,1 Ag F,0,OP PRODUÇÃO,0,0,CLASSIFICAR MODELO/FAMILIA,,,0097,GERAL,PRD,PRD - FASE PRODUTO,,,Agu retor Feira / pos fei,,00/01/1900,23/06/2021,149,SEM LICENÇA HERING,CONFECCOES ONEDA LTDA,13.16.00.0439I,CONJUNTO CURTO,CO,COR,N,HXV,HXV - HERING VERÃO 2027,50,A DEFINIR,4,13,4,0,0,0,0,31/08/2026,31/08/2026,D41,FLUXO DE PENDENCIA DE COR,D01,,PENDENTE COR NOVA,0,PC,PENDENTE DESENVOLVIMENTO,,,,,,00/01/1900,,,(47) 3332-5004,0,,,,,,0,-23,23,4,,,0,0,0,0,0,A,H01,T54 - HERING KIDS O,5,CAIXA - LR,N,N,SSNN
078057,0,834,,0,AMOSTRA,11/09,0,,B36,0,0,T00,TOP CURTO (TOP),,,0,00/01/1900,0,0,GASPAR,AVENIDA DEPUTADO FRANCISCO MASTELLA,3955,SETE DE SETEMBRO,,0,31/08/2026,30/09/2026,,1,,,,0,,0,00.577.158/0001-29,,,0,,0,OP PRODUÇÃO,0,0,CLASSIFICAR MODELO/FAMILIA,,,0097,GERAL,PRD,PRD - FASE PRODUTO,,,,,00/01/1900,23/06/2021,111,SEM LICENÇA RENNER,CONFECCOES ONEDA LTDA,02.19.00.1024,TOP CURTO,CO,COR,N,RRB,RRB - RENNER BUFFER,50,A DEFINIR,M,22,4,0,0,0,0,31/08/2026,31/08/2026,D41,FLUXO DE PENDENCIA DE COR,D01,,PENDENTE COR NOVA,0,PC,PENDENTE DESENVOLVIMENTO,,,,,,00/01/1900,,,(47) 3332-5004,0,,,,,,0,-23,23,4,,,0,0,0,0,0,A,12,ADULTO RENNER,12,FEMININO,N,N,SSNN
078058,0,834,,0,AMOSTRA,11/09,0,,B37,0,0,T00,TOP CURTO (TOP),SHOWROOM,,0,00/01/1900,2,0,GASPAR,AVENIDA DEPUTADO FRANCISCO MASTELLA,3955,SETE DE SETEMBRO,,0,31/08/2026,30/09/2026,,1,,,,0,,0,00.577.158/0001-29,,,0,,0,OP PRODUÇÃO,0,0,CLASSIFICAR MODELO/FAMILIA,,,0097,GERAL,PRD,PRD - FASE PRODUTO,,,,,00/01/1900,23/06/2021,111,SEM LICENÇA RENNER,CONFECCOES ONEDA LTDA,02.19.00.1025,TOP CURTO,CO,COR,N,RRB,RRB - RENNER BUFFER,50,A DEFINIR,M,22,4,0,0,0,0,31/08/2026,31/08/2026,D41,FLUXO DE PENDENCIA DE COR,D01,,PENDENTE COR NOVA,0,PC,PENDENTE DESENVOLVIMENTO,,,,,,00/01/1900,,,(47) 3332-5004,0,,,,,,0,-23,23,4,,,0,0,0,0,0,A,12,ADULTO RENNER,12,FEMININO,N,N,SSNN
078059,0,834,,0,AMOSTRA,11/09,0,,B37,0,0,T00,TOP CURTO (TOP),,,0,00/01/1900,3,0,GASPAR,AVENIDA DEPUTADO FRANCISCO MASTELLA,3955,SETE DE SETEMBRO,,0,31/08/2026,30/09/2026,,1,,,,0,,0,00.577.158/0001-29,,,0,,0,OP PRODUÇÃO,0,0,CLASSIFICAR MODELO/FAMILIA,,,0097,GERAL,PRD,PRD - FASE PRODUTO,,,,,00/01/1900,23/06/2021,146,LICENÇAS VARIADAS,CONFECCOES ONEDA LTDA,02.19.42.0059,TOP CURTO,CO,COR,N,RRB,RRB - RENNER BUFFER,50,A DEFINIR,M,22,4,0,0,0,0,31/08/2026,31/08/2026,D41,FLUXO DE PENDENCIA DE COR,D01,,PENDENTE COR NOVA,0,PC,PENDENT DESENV/ APROV ESTILO,,,,,,00/01/1900,,,(47) 3332-5004,0,,,,,,0,-23,23,4,,,0,0,0,0,0,A,12,ADULTO RENNER,12,FEMININO,N,N,SSNN
078060,0,834,,0,AMOSTRA,11/09,0,,B37,0,0,T00,TOP CURTO (TOP),,,0,00/01/1900,2,0,GASPAR,AVENIDA DEPUTADO FRANCISCO MASTELLA,3955,SETE DE SETEMBRO,,0,31/08/2026,30/09/2026,,1,,,,0,,0,00.577.158/0001-29,,,0,,0,OP PRODUÇÃO,0,0,CLASSIFICAR MODELO/FAMILIA,,,0097,GERAL,PRD,PRD - FASE PRODUTO,,,,,00/01/1900,23/06/2021,146,LICENÇAS VARIADAS,CONFECCOES ONEDA LTDA,02.19.42.0060,TOP CURTO,CO,COR,N,RRB,RRB - RENNER BUFFER,50,A DEFINIR,M,22,4,0,0,0,0,31/08/2026,31/08/2026,D41,FLUXO DE PENDENCIA DE COR,D01,,PENDENTE COR NOVA,0,PC,PENDENT DESENV/ APROV ESTILO,,,,,,00/01/1900,,,(47) 3332-5004,0,,,,,,0,-23,23,4,,,0,0,0,0,0,A,12,ADULTO RENNER,12,FEMININO,N,N,SSNN
078061,0,834,,0,AMOSTRA,11/09,0,,B37,0,0,T00,TOP CURTO (TOP),,,0,00/01/1900,2,0,GASPAR,AVENIDA DEPUTADO FRANCISCO MASTELLA,3955,SETE DE SETEMBRO,,0,31/08/2026,30/09/2026,,1,,,,0,,0,00.577.158/0001-29,,,0,,0,OP PRODUÇÃO,0,0,CLASSIFICAR MODELO/FAMILIA,,,0097,GERAL,PRD,PRD - FASE PRODUTO,,,,,00/01/1900,23/06/2021,146,LICENÇAS VARIADAS,CONFECCOES ONEDA LTDA,02.19.42.0061,TOP CURTO,CO,COR,N,RRB,RRB - RENNER BUFFER,50,A DEFINIR,M,22,4,0,0,0,0,31/08/2026,31/08/2026,D41,FLUXO DE PENDENCIA DE COR,D01,,PENDENTE COR NOVA,0,PC,PENDENT DESENV/ APROV ESTILO,,,,,,00/01/1900,,,(47) 3332-5004,0,,,,,,0,-23,23,4,,,0,0,0,0,0,A,12,ADULTO RENNER,12,FEMININO,N,N,SSNN
078062,0,834,,0,AMOSTRA,11/09,0,,B37,0,0,T00,TOP CURTO (TOP),,,0,00/01/1900,2,0,GASPAR,AVENIDA DEPUTADO FRANCISCO MASTELLA,3955,SETE DE SETEMBRO,,0,31/08/2026,30/09/2026,,1,,,,0,,0,00.577.158/0001-29,,,0,,0,OP PRODUÇÃO,0,0,CLASSIFICAR MODELO/FAMILIA,,,0097,GERAL,PRD,PRD - FASE PRODUTO,,,,,00/01/1900,23/06/2021,152,PEANUTS RENNER,CONFECCOES ONEDA LTDA,02.19.28.0003,TOP CURTO,CO,COR,N,RRB,RRB - RENNER BUFFER,50,A DEFINIR,M,22,4,0,0,0,0,31/08/2026,31/08/2026,D41,FLUXO DE PENDENCIA DE COR,D01,,PENDENTE COR NOVA,0,PC,PENDENT DESENV/ APROV ESTILO,,,,,,00/01/1900,,,(47) 3332-5004,0,,,,,,0,-23,23,4,,,0,0,0,0,0,A,12,ADULTO RENNER,12,FEMININO,N,N,SSNN
078063,0,834,,0,AMOSTRA,11/09,0,,B37,0,0,T00,TOP CURTO (TOP),,,0,00/01/1900,2,0,GASPAR,AVENIDA DEPUTADO FRANCISCO MASTELLA,3955,SETE DE SETEMBRO,,0,31/08/2026,30/09/2026,,1,,,,0,,0,00.577.158/0001-29,,,0,,0,OP PRODUÇÃO,0,0,CLASSIFICAR MODELO/FAMILIA,,,0097,GERAL,PRD,PRD - FASE PRODUTO,,,,,00/01/1900,23/06/2021,152,PEANUTS RENNER,CONFECCOES ONEDA LTDA,02.19.28.0004,TOP CURTO,CO,COR,N,RRB,RRB - RENNER BUFFER,50,A DEFINIR,M,22,4,0,0,0,0,31/08/2026,31/08/2026,D41,FLUXO DE PENDENCIA DE COR,D01,,PENDENTE COR NOVA,0,PC,PENDENT DESENV/ APROV ESTILO,,,,,,00/01/1900,,,(47) 3332-5004,0,,,,,,0,-23,23,4,,,0,0,0,0,0,A,12,ADULTO RENNER,12,FEMININO,N,N,SSNN
078064,0,834,,0,AMOSTRA,11/09,0,,B37,0,0,T00,TOP CURTO (TOP),,,0,00/01/1900,2,0,GASPAR,AVENIDA DEPUTADO FRANCISCO MASTELLA,3955,SETE DE SETEMBRO,,0,31/08/2026,30/09/2026,,1,,,,0,,0,00.577.158/0001-29,,,0,,0,OP PRODUÇÃO,0,0,CLASSIFICAR MODELO/FAMILIA,,,0097,GERAL,PRD,PRD - FASE PRODUTO,,,,,00/01/1900,23/06/2021,087,DISNEY RENNER,CONFECCOES ONEDA LTDA,02.19.01.0327,TOP CURTO,CO,COR,N,RRB,RRB - RENNER BUFFER,50,A DEFINIR,M,22,4,0,0,0,0,31/08/2026,31/08/2026,D41,FLUXO DE PENDENCIA DE COR,D01,,PENDENTE COR NOVA,0,PC,PENDENT DESENV/ APROV ESTILO,,,,,,00/01/1900,,,(47) 3332-5004,0,,,,,,0,-23,23,4,,,0,0,0,0,0,A,12,ADULTO RENNER,12,FEMININO,N,N,SSNN
078070,0,834,,0,AMOSTRA,24/09,0,,B39,0,0,T00,TOP CURTO (TOP),,,0,00/01/1900,3,0,GASPAR,AVENIDA DEPUTADO FRANCISCO MASTELLA,3955,SETE DE SETEMBRO,,0,01/09/2026,01/10/2026,,1,,,,0,,0,00.577.158/0001-29,,,0,1 Ag F,0,OP PRODUÇÃO,0,0,CLASSIFICAR MODELO/FAMILIA,,,0097,GERAL,PRD,PRD - FASE PRODUTO,,,Agu retor Feira / pos fei,,00/01/1900,23/06/2021,036,WARNER C&A,CONFECCOES ONEDA LTDA,01.16.07.0694,TOP CURTO,CO,COR,N,CGB,CGB - FEIRA WINTER II 2027 (BUFFER),50,A DEFINIR,6,14,4,0,0,0,0,01/09/2026,01/09/2026,D41,FLUXO DE PENDENCIA DE COR,D01,,PENDENTE COR NOVA,0,PC,AGUAR. APROV. LIC. / CONCEITO,,,,,,00/01/1900,,,(47) 3332-5004,0,,,,,,0,-22,22,4,,,0,0,0,0,0,A,001,T54A - LICENSE MASC.,11,MASCULINO,N,N,SSNN
078074,0,834,,0,AMOSTRA,09/10,0,,B40,0,0,T00,TOP CURTO (TOP),,ET. LATERAL = MUH12.1,0,00/01/1900,0,0,GASPAR,AVENIDA DEPUTADO FRANCISCO MASTELLA,3955,SETE DE SETEMBRO,,0,01/09/2026,01/10/2026,,1,,,,0,,0,00.577.158/0001-29,,,0,1 Ag F,0,OP PRODUÇÃO,0,0,CLASSIFICAR MODELO/FAMILIA,,,0097,GERAL,PRD,PRD - FASE PRODUTO,,,Agu retor Feira / pos fei,,00/01/1900,23/06/2021,149,SEM LICENÇA HERING,CONFECCOES ONEDA LTDA,13.20.00.0675,TOP CURTO,CO,COR,N,HXH,DROP HALLOWEEN HERING,50,A DEFINIR,M,22,4,0,0,0,0,01/09/2026,01/09/2026,D41,FLUXO DE PENDENCIA DE COR,D01,,PENDENTE COR NOVA,0,PC,PENDENTE DESENVOLVIMENTO,,,,,,00/01/1900,,,(47) 3332-5004,0,,,,,,0,-22,22,4,,,0,0,0,0,0,A,62,ADULTO,5,CAIXA - LR,N,N,SSNN
078075,0,834,,0,AMOSTRA,09/10,0,,B40,0,0,T00,TOP CURTO (TOP),,ET. LATERAL = MUH12.1,0,00/01/1900,0,0,GASPAR,AVENIDA DEPUTADO FRANCISCO MASTELLA,3955,SETE DE SETEMBRO,,0,01/09/2026,01/10/2026,,1,,,,0,,0,00.577.158/0001-29,,,0,1 Ag F,0,OP PRODUÇÃO,0,0,CLASSIFICAR MODELO/FAMILIA,,,0097,GERAL,PRD,PRD - FASE PRODUTO,,,Agu retor Feira / pos fei,,00/01/1900,23/06/2021,149,SEM LICENÇA HERING,CONFECCOES ONEDA LTDA,13.16.00.0671,TOP CURTO,CO,COR,N,HXH,DROP HALLOWEEN HERING,50,A DEFINIR,4,13,4,0,0,0,0,01/09/2026,01/09/2026,D41,FLUXO DE PENDENCIA DE COR,D01,,PENDENTE COR NOVA,0,PC,PENDENTE DESENVOLVIMENTO,,,,,,00/01/1900,,,(47) 3332-5004,0,,,,,,0,-22,22,4,,,0,0,0,0,0,A,H01,T54 - HERING KIDS O,5,CAIXA - LR,N,N,SSNN
078076,0,834,,0,AMOSTRA,09/10,0,,B40,0,0,C01,CONJUNTO LONGO (TOP/BOTTON),,ET. LATERAL ALTERNATIVO = MUH12.1,0,00/01/1900,0,0,GASPAR,AVENIDA DEPUTADO FRANCISCO MASTELLA,3955,SETE DE SETEMBRO,,0,01/09/2026,01/10/2026,,1,,,,0,,0,00.577.158/0001-29,,,0,1 Ag F,0,OP PRODUÇÃO,0,0,CLASSIFICAR MODELO/FAMILIA,,,0097,GERAL,PRD,PRD - FASE PRODUTO,,,Agu retor Feira / pos fei,,00/01/1900,23/06/2021,149,SEM LICENÇA HERING,CONFECCOES ONEDA LTDA,13.16.00.0672,CONJUNTO LONGO,CO,COR,N,HXH,DROP HALLOWEEN HERING,50,A DEFINIR,4,13,4,0,0,0,0,01/09/2026,01/09/2026,D41,FLUXO DE PENDENCIA DE COR,D01,,PENDENTE COR NOVA,0,PC,PENDENTE DESENVOLVIMENTO,,,,,,00/01/1900,,,(47) 3332-5004,0,,,,,,0,-22,22,4,,,0,0,0,0,0,A,H01,T54 - HERING KIDS O,5,CAIXA - LR,N,N,SSNN
078077,0,834,,0,AMOSTRA,09/10,0,,B40,0,0,T00,TOP CURTO (TOP),,ET. LATERAL = MUH12.1,0,00/01/1900,0,0,GASPAR,AVENIDA DEPUTADO FRANCISCO MASTELLA,3955,SETE DE SETEMBRO,,0,01/09/2026,01/10/2026,,1,,,,0,,0,00.577.158/0001-29,,,0,1 Ag F,0,OP PRODUÇÃO,0,0,CLASSIFICAR MODELO/FAMILIA,,,0097,GERAL,PRD,PRD - FASE PRODUTO,,,Agu retor Feira / pos fei,,00/01/1900,23/06/2021,149,SEM LICENÇA HERING,CONFECCOES ONEDA LTDA,13.16.00.0673,TOP CURTO,CO,COR,N,HXH,DROP HALLOWEEN HERING,50,A DEFINIR,4,13,4,0,0,0,0,01/09/2026,01/09/2026,D41,FLUXO DE PENDENCIA DE COR,D01,,PENDENTE COR NOVA,0,PC,PENDENTE DESENVOLVIMENTO,,,,,,00/01/1900,,,(47) 3332-5004,0,,,,,,0,-22,22,4,,,0,0,0,0,0,A,H01,T54 - HERING KIDS O,5,CAIXA - LR,N,N,SSNN
078078,0,834,,0,AMOSTRA,09/10,0,,B40,0,0,T00,TOP CURTO (TOP),"preço rotativo 27,50 por kg (processo completo)",,0,00/01/1900,0,0,GASPAR,AVENIDA DEPUTADO FRANCISCO MASTELLA,3955,SETE DE SETEMBRO,,0,01/09/2026,01/10/2026,,1,,,,0,,0,00.577.158/0001-29,,,0,1 Ag F,0,OP PRODUÇÃO,0,0,CLASSIFICAR MODELO/FAMILIA,,,0097,GERAL,PRD,PRD - FASE PRODUTO,,,Agu retor Feira / pos fei,,00/01/1900,23/06/2021,149,SEM LICENÇA HERING,CONFECCOES ONEDA LTDA,13.16.00.0674,TOP CURTO,CO,COR,N,HXH,DROP HALLOWEEN HERING,50,A DEFINIR,4,13,4,0,0,0,0,01/09/2026,01/09/2026,D41,FLUXO DE PENDENCIA DE COR,D01,,PENDENTE COR NOVA,0,PC,PENDENTE DESENVOLVIMENTO,,,,,,00/01/1900,,,(47) 3332-5004,0,,,,,,0,-22,22,4,,,0,0,0,0,0,A,H01,T54 - HERING KIDS O,5,CAIXA - LR,N,N,SSNN
078079,0,834,,0,AMOSTRA,09/10,0,,B40,0,0,C00,CONJUNTO CURTO (TOP/BOTTON),,PATCH EMBORRACHADO USAR CUSTO DO 01.18.00.7861,0,00/01/1900,0,0,GASPAR,AVENIDA DEPUTADO FRANCISCO MASTELLA,3955,SETE DE SETEMBRO,,0,01/09/2026,01/10/2026,,1,,,,0,,0,00.577.158/0001-29,,,0,1 Ag F,0,OP PRODUÇÃO,0,0,CLASSIFICAR MODELO/FAMILIA,,,0097,GERAL,PRD,PRD - FASE PRODUTO,,,Agu retor Feira / pos fei,,00/01/1900,23/06/2021,149,SEM LICENÇA HERING,CONFECCOES ONEDA LTDA,13.16.00.0676,CONJUNTO CURTO,CO,COR,N,HXH,DROP HALLOWEEN HERING,50,A DEFINIR,4,13,4,0,0,0,0,01/09/2026,01/09/2026,D41,FLUXO DE PENDENCIA DE COR,D01,,PENDENTE COR NOVA,0,PC,PENDENTE DESENVOLVIMENTO,,,,,,00/01/1900,,,(47) 3332-5004,0,,,,,,0,-22,22,4,,,0,0,0,0,0,A,H01,T54 - HERING KIDS O,5,CAIXA - LR,N,N,SSNN
078080,0,834,,0,AMOSTRA,09/10,0,,B40,0,0,T00,TOP CURTO (TOP),"Rot 3 cores PIG R$ 21, processo completo",,0,00/01/1900,0,0,GASPAR,AVENIDA DEPUTADO FRANCISCO MASTELLA,3955,SETE DE SETEMBRO,,0,01/09/2026,01/10/2026,,1,,,,0,,0,00.577.158/0001-29,,,0,1 Ag F,0,OP PRODUÇÃO,0,0,CLASSIFICAR MODELO/FAMILIA,,,0097,GERAL,PRD,PRD - FASE PRODUTO,,,Agu retor Feira / pos fei,,00/01/1900,23/06/2021,149,SEM LICENÇA HERING,CONFECCOES ONEDA LTDA,13.15.00.0665,TOP CURTO,CO,COR,N,HXH,DROP HALLOWEEN HERING,50,A DEFINIR,4,13,4,0,0,0,0,01/09/2026,01/09/2026,D41,FLUXO DE PENDENCIA DE COR,D01,,PENDENTE COR NOVA,0,PC,PENDENTE DESENVOLVIMENTO,,,,,,00/01/1900,,,(47) 3332-5004,0,,,,,,0,-22,22,4,,,0,0,0,0,0,A,H02,T53 - HERING KIDS A,5,CAIXA - LR,N,N,SSNN
078082,0,834,,0,AMOSTRA,09/10,0,,B40,0,0,T02,TOP LONGO (TOP),,,0,00/01/1900,0,0,GASPAR,AVENIDA DEPUTADO FRANCISCO MASTELLA,3955,SETE DE SETEMBRO,,0,01/09/2026,01/10/2026,,1,,,,0,,0,00.577.158/0001-29,,,0,1 Ag F,0,OP PRODUÇÃO,0,0,CLASSIFICAR MODELO/FAMILIA,,,0097,GERAL,PRD,PRD - FASE PRODUTO,,,Agu retor Feira / pos fei,,00/01/1900,23/06/2021,149,SEM LICENÇA HERING,CONFECCOES ONEDA LTDA,13.15.00.0667,TOP LONGO,CO,COR,N,HXH,DROP HALLOWEEN HERING,50,A DEFINIR,4,13,4,0,0,0,0,01/09/2026,01/09/2026,D41,FLUXO DE PENDENCIA DE COR,D01,,PENDENTE COR NOVA,0,PC,PENDENTE DESENVOLVIMENTO,,,,,,00/01/1900,,,(47) 3332-5004,0,,,,,,0,-22,22,4,,,0,0,0,0,0,A,H02,T53 - HERING KIDS A,5,CAIXA - LR,N,N,SSNN
078083,0,834,,0,AMOSTRA,09/10,0,,B40,0,0,B01,CALÇA (BOTTON),,,0,00/01/1900,0,0,GASPAR,AVENIDA DEPUTADO FRANCISCO MASTELLA,3955,SETE DE SETEMBRO,,0,01/09/2026,01/10/2026,,1,,,,0,,0,00.577.158/0001-29,,,0,1 Ag F,0,OP PRODUÇÃO,0,0,CLASSIFICAR MODELO/FAMILIA,,,0097,GERAL,PRD,PRD - FASE PRODUTO,,,Agu retor Feira / pos fei,,00/01/1900,23/06/2021,149,SEM LICENÇA HERING,CONFECCOES ONEDA LTDA,13.15.00.0668,CALÇA,CO,COR,N,HXH,DROP HALLOWEEN HERING,50,A DEFINIR,4,13,4,0,0,0,0,01/09/2026,01/09/2026,D41,FLUXO DE PENDENCIA DE COR,D01,,PENDENTE COR NOVA,0,PC,PENDENTE DESENVOLVIMENTO,,,,,,00/01/1900,,,(47) 3332-5004,0,,,,,,0,-22,22,4,,,0,0,0,0,0,A,H02,T53 - HERING KIDS A,5,CAIXA - LR,N,N,SSNN
078084,0,834,,0,AMOSTRA,09/10,0,,B40,0,0,B02,SAIA (BOTTON),,,0,00/01/1900,0,0,GASPAR,AVENIDA DEPUTADO FRANCISCO MASTELLA,3955,SETE DE SETEMBRO,,0,01/09/2026,01/10/2026,,1,,,,0,,0,00.577.158/0001-29,,,0,1 Ag F,0,OP PRODUÇÃO,0,0,CLASSIFICAR MODELO/FAMILIA,,,0097,GERAL,PRD,PRD - FASE PRODUTO,,,Agu retor Feira / pos fei,,00/01/1900,23/06/2021,149,SEM LICENÇA HERING,CONFECCOES ONEDA LTDA,13.15.00.0669,SAIA,CO,COR,N,HXH,DROP HALLOWEEN HERING,50,A DEFINIR,4,13,4,0,0,0,0,01/09/2026,01/09/2026,D41,FLUXO DE PENDENCIA DE COR,D01,,PENDENTE COR NOVA,0,PC,PENDENTE DESENVOLVIMENTO,,,,,,00/01/1900,,,(47) 3332-5004,0,,,,,,0,-22,22,4,,,0,0,0,0,0,A,H02,T53 - HERING KIDS A,5,CAIXA - LR,N,N,SSNN
078085,0,834,,0,AMOSTRA,09/10,0,,B39,0,0,T21,VESTIDO (TOP),,,0,00/01/1900,0,0,GASPAR,AVENIDA DEPUTADO FRANCISCO MASTELLA,3955,SETE DE SETEMBRO,,0,01/09/2026,01/10/2026,,1,,,,0,,0,00.577.158/0001-29,,,0,1 Ag F,0,OP PRODUÇÃO,0,0,CLASSIFICAR MODELO/FAMILIA,,,0097,GERAL,PRD,PRD - FASE PRODUTO,,,Agu retor Feira / pos fei,,00/01/1900,23/06/2021,149,SEM LICENÇA HERING,CONFECCOES ONEDA LTDA,13.15.00.0670,VESTIDO,CO,COR,N,HXH,DROP HALLOWEEN HERING,50,A DEFINIR,4,13,4,0,0,0,0,01/09/2026,01/09/2026,D41,FLUXO DE PENDENCIA DE COR,D01,,PENDENTE COR NOVA,0,PC,PENDENTE DESENVOLVIMENTO,,,,,,00/01/1900,,,(47) 3332-5004,0,,,,,,0,-22,22,4,,,0,0,0,0,0,A,H02,T53 - HERING KIDS A,5,CAIXA - LR,N,N,SSNN
078086,0,834,,0,AMOSTRA,11/09,0,,B37,0,0,T00,TOP CURTO (TOP),,,0,00/01/1900,2,0,GASPAR,AVENIDA DEPUTADO FRANCISCO MASTELLA,3955,SETE DE SETEMBRO,,0,02/09/2026,02/10/2026,,1,,,,0,,0,00.577.158/0001-29,,,0,,0,OP PRODUÇÃO,0,0,CLASSIFICAR MODELO/FAMILIA,,,0097,GERAL,PRD,PRD - FASE PRODUTO,,,,,00/01/1900,23/06/2021,146,LICENÇAS VARIADAS,CONFECCOES ONEDA LTDA,02.19.42.0062,TOP CURTO,CO,COR,N,RRB,RRB - RENNER BUFFER,50,A DEFINIR,M,22,4,0,0,0,0,02/09/2026,02/09/2026,D41,FLUXO DE PENDENCIA DE COR,D01,,PENDENTE COR NOVA,0,PC,PENDENT DESENV/ APROV ESTILO,,,,,,00/01/1900,,,(47) 3332-5004,0,,,,,,0,-21,21,4,,,0,0,0,0,0,A,12,ADULTO RENNER,12,FEMININO,N,N,SSNN
078112,0,834,,0,AMOSTRA,16/09,0,,B38,0,0,C00,CONJUNTO CURTO (TOP/BOTTON),,"GS39638 R$ 7,10 c/ proteção",0,00/01/1900,4,0,GASPAR,AVENIDA DEPUTADO FRANCISCO MASTELLA,3955,SETE DE SETEMBRO,,0,04/09/2026,04/10/2026,,1,,,,0,,0,00.577.158/0001-29,,,0,1 Ag F,0,OP PRODUÇÃO,0,0,CLASSIFICAR MODELO/FAMILIA,,,0097,GERAL,PRD,PRD - FASE PRODUTO,,,Agu retor Feira / pos fei,,00/01/1900,23/06/2021,085,SEM LICENSA C&A,CONFECCOES ONEDA LTDA,01.14.00.7928,CONJUNTO CURTO / 2027-1-6329,CO,COR,N,CFI,CFI - FEIRA WINTER I 2027 (PROD AS BS) INCLUSÃO,50,A DEFINIR,2,11,4,0,0,0,0,04/09/2026,04/09/2026,D41,FLUXO DE PENDENCIA DE COR,D01,,PENDENTE COR NOVA,0,PC,PENDENTE DESENVOLVIMENTO,,,,,,00/01/1900,,,(47) 3332-5004,0,,,,,,0,-19,19,4,,,0,0,0,0,0,A,003,T52A - BBO,11,MASCULINO,N,N,SSNN
078113,0,834,,0,AMOSTRA,16/09,0,,B38,0,0,C00,CONJUNTO CURTO (TOP/BOTTON),,"GS39641 R$ 3,98 s/ proteção",0,00/01/1900,4,0,GASPAR,AVENIDA DEPUTADO FRANCISCO MASTELLA,3955,SETE DE SETEMBRO,,0,04/09/2026,04/10/2026,,1,,,,0,,0,00.577.158/0001-29,,,0,1 Ag F,0,OP PRODUÇÃO,0,0,CLASSIFICAR MODELO/FAMILIA,,,0097,GERAL,PRD,PRD - FASE PRODUTO,,,Agu retor Feira / pos fei,,00/01/1900,23/06/2021,085,SEM LICENSA C&A,CONFECCOES ONEDA LTDA,01.14.00.7929,CONJUNTO CURTO / 2027-1-4984,CO,COR,N,CFI,CFI - FEIRA WINTER I 2027 (PROD AS BS) INCLUSÃO,50,A DEFINIR,2,11,4,0,0,0,0,04/09/2026,04/09/2026,D41,FLUXO DE PENDENCIA DE COR,D01,,PENDENTE COR NOVA,0,PC,PENDENTE DESENVOLVIMENTO,,,,,,00/01/1900,,,(47) 3332-5004,0,,,,,,0,-19,19,4,,,0,0,0,0,0,A,003,T52A - BBO,11,MASCULINO,N,N,SSNN
078120,0,834,,0,AMOSTRA,,0,,,0,0,T00,TOP CURTO (TOP),,,0,00/01/1900,0,0,GASPAR,AVENIDA DEPUTADO FRANCISCO MASTELLA,3955,SETE DE SETEMBRO,,0,09/09/2026,09/09/2026,,1,,,,0,,0,00.577.158/0001-29,,,0,,0,OP PRODUÇÃO,0,0,CLASSIFICAR MODELO/FAMILIA,,,0097,GERAL,PRD,PRD - FASE PRODUTO,,,,,00/01/1900,23/06/2021,086,DISNEY C&A,CONFECCOES ONEDA LTDA,01.20.01.3273,TOP CURTO,CO,COR,N,CVP,CVP - FEIRA SUMMER I 2026 (PREÇOS E COTAÇÕES),0,UNICO,M,22,4,0,0,0,0,09/09/2026,09/09/2026,D41,FLUXO DE PENDENCIA DE COR,D01,,PENDENTE COR NOVA,0,PC,AGUAR. APROV. LIC. / CONCEITO,,,,,,00/01/1900,,,(47) 3332-5004,0,,,,,,0,-14,14,4,,,0,0,0,0,0,A,73,T36 - ACE,11,MASCULINO,N,N,SSNN
078121,0,834,,0,AMOSTRA,,0,,,0,0,T00,TOP CURTO (TOP),,,0,00/01/1900,0,0,GASPAR,AVENIDA DEPUTADO FRANCISCO MASTELLA,3955,SETE DE SETEMBRO,,0,09/09/2026,09/09/2026,,1,,,,0,,0,00.577.158/0001-29,,,0,,0,OP PRODUÇÃO,0,0,CLASSIFICAR MODELO/FAMILIA,,,0097,GERAL,PRD,PRD - FASE PRODUTO,,,,,00/01/1900,23/06/2021,085,SEM LICENSA C&A,CONFECCOES ONEDA LTDA,01.20.42.0573,TOP CURTO,CO,COR,N,CVP,CVP - FEIRA SUMMER I 2026 (PREÇOS E COTAÇÕES),0,UNICO,M,22,4,0,0,0,0,09/09/2026,09/09/2026,D41,FLUXO DE PENDENCIA DE COR,D01,,PENDENTE COR NOVA,0,PC,AGUAR. APROV. LIC. / CONCEITO,,,,,,00/01/1900,,,(47) 3332-5004,0,,,,,,0,-14,14,4,,,0,0,0,0,0,A,73,T36 - ACE,11,MASCULINO,N,N,SSNN
078122,0,834,,0,AMOSTRA,,0,,,0,0,T00,TOP CURTO (TOP),,,0,00/01/1900,0,0,GASPAR,AVENIDA DEPUTADO FRANCISCO MASTELLA,3955,SETE DE SETEMBRO,,0,09/09/2026,09/09/2026,,1,,,,0,,0,00.577.158/0001-29,,,0,,0,OP PRODUÇÃO,0,0,CLASSIFICAR MODELO/FAMILIA,,,0097,GERAL,PRD,PRD - FASE PRODUTO,,,,,00/01/1900,23/06/2021,085,SEM LICENSA C&A,CONFECCOES ONEDA LTDA,01.20.42.0574,TOP CURTO,CO,COR,N,CVP,CVP - FEIRA SUMMER I 2026 (PREÇOS E COTAÇÕES),0,UNICO,M,22,4,0,0,0,0,09/09/2026,09/09/2026,D41,FLUXO DE PENDENCIA DE COR,D01,,PENDENTE COR NOVA,0,PC,AGUAR. APROV. LIC. / CONCEITO,,,,,,00/01/1900,,,(47) 3332-5004,0,,,,,,0,-14,14,4,,,0,0,0,0,0,A,73,T36 - ACE,11,MASCULINO,N,N,SSNN
078123,0,834,,0,AMOSTRA,,0,,,0,0,T04,TOP MACHÃO (TOP),"tingimento em Kg 21,78 (estonado) - marmorizado R$ 6,42 por peça",,0,00/01/1900,0,0,GASPAR,AVENIDA DEPUTADO FRANCISCO MASTELLA,3955,SETE DE SETEMBRO,,0,09/09/2026,09/09/2026,,1,,,,0,,0,00.577.158/0001-29,,,0,,0,OP PRODUÇÃO,0,0,CLASSIFICAR MODELO/FAMILIA,,,0097,GERAL,PRD,PRD - FASE PRODUTO,,,,,00/01/1900,23/06/2021,085,SEM LICENSA C&A,CONFECCOES ONEDA LTDA,01.20.42.0575,MACHÃO,CO,COR,N,CVP,CVP - FEIRA SUMMER I 2026 (PREÇOS E COTAÇÕES),0,UNICO,M,22,4,0,0,0,0,09/09/2026,09/09/2026,D41,FLUXO DE PENDENCIA DE COR,D01,,PENDENTE COR NOVA,0,PC,AGUAR. APROV. LIC. / CONCEITO,,,,,,00/01/1900,,,(47) 3332-5004,0,,,,,,0,-14,14,4,,,0,0,0,0,0,A,73,T36 - ACE,11,MASCULINO,N,N,SSNN
078124,0,834,,0,AMOSTRA,,0,,,0,0,T00,TOP CURTO (TOP),,,0,00/01/1900,0,0,GASPAR,AVENIDA DEPUTADO FRANCISCO MASTELLA,3955,SETE DE SETEMBRO,,0,09/09/2026,09/09/2026,,1,,,,0,,0,00.577.158/0001-29,,,0,,0,OP PRODUÇÃO,0,0,CLASSIFICAR MODELO/FAMILIA,,,0097,GERAL,PRD,PRD - FASE PRODUTO,,,,,00/01/1900,23/06/2021,119,PEANUTS C&A,CONFECCOES ONEDA LTDA,01.20.28.0153,TOP CURTO,CO,COR,N,CVP,CVP - FEIRA SUMMER I 2026 (PREÇOS E COTAÇÕES),0,UNICO,M,22,4,0,0,0,0,09/09/2026,09/09/2026,D41,FLUXO DE PENDENCIA DE COR,D01,,PENDENTE COR NOVA,0,PC,AGUAR. APROV. LIC. / CONCEITO,,,,,,00/01/1900,,,(47) 3332-5004,0,,,,,,0,-14,14,4,,,0,0,0,0,0,A,73,T36 - ACE,11,MASCULINO,N,N,SSNN
078125,0,834,,0,AMOSTRA,16/09,0,,B38,0,0,C00,CONJUNTO CURTO (TOP/BOTTON),,"GS39639 R$ 3,98 s/ proteção",0,00/01/1900,4,0,GASPAR,AVENIDA DEPUTADO FRANCISCO MASTELLA,3955,SETE DE SETEMBRO,,0,09/09/2026,09/10/2026,,1,,,,0,,0,00.577.158/0001-29,,,0,1 Ag F,0,OP PRODUÇÃO,0,0,CLASSIFICAR MODELO/FAMILIA,,,0097,GERAL,PRD,PRD - FASE PRODUTO,,,Agu retor Feira / pos fei,,00/01/1900,23/06/2021,085,SEM LICENSA C&A,CONFECCOES ONEDA LTDA,01.14.00.7928-1,CONJUNTO CURTO / 2027-1-6329,CO,COR,N,CFI,CFI - FEIRA WINTER I 2027 (PROD AS BS) INCLUSÃO,50,A DEFINIR,2,11,4,0,0,0,0,09/09/2026,09/09/2026,D41,FLUXO DE PENDENCIA DE COR,D01,,PENDENTE COR NOVA,0,PC,PENDENTE DESENVOLVIMENTO,,,,,,00/01/1900,,,(47) 3332-5004,0,,,,,,0,-14,14,4,,,0,0,0,0,0,A,003,T52A - BBO,11,MASCULINO,N,N,SSNN
078126,0,834,,0,AMOSTRA,16/09,0,,B38,0,0,C00,CONJUNTO CURTO (TOP/BOTTON),,"GS39640 R$ 2,95 c/ proteção",0,00/01/1900,4,0,GASPAR,AVENIDA DEPUTADO FRANCISCO MASTELLA,3955,SETE DE SETEMBRO,,0,09/09/2026,09/10/2026,,1,,,,0,,0,00.577.158/0001-29,,,0,1 Ag F,0,OP PRODUÇÃO,0,0,CLASSIFICAR MODELO/FAMILIA,,,0097,GERAL,PRD,PRD - FASE PRODUTO,,,Agu retor Feira / pos fei,,00/01/1900,23/06/2021,085,SEM LICENSA C&A,CONFECCOES ONEDA LTDA,01.14.00.7928-2,CONJUNTO CURTO / 2027-1-6329,CO,COR,N,CFI,CFI - FEIRA WINTER I 2027 (PROD AS BS) INCLUSÃO,50,A DEFINIR,2,11,4,0,0,0,0,09/09/2026,09/09/2026,D41,FLUXO DE PENDENCIA DE COR,D01,,PENDENTE COR NOVA,0,PC,PENDENTE DESENVOLVIMENTO,,,,,,00/01/1900,,,(47) 3332-5004,0,,,,,,0,-14,14,4,,,0,0,0,0,0,A,003,T52A - BBO,11,MASCULINO,N,N,SSNN
078127,0,834,,0,AMOSTRA,16/09,0,,B38,0,0,C00,CONJUNTO CURTO (TOP/BOTTON),,"GS39642 R$ 2,95 c/ proteção",0,00/01/1900,4,0,GASPAR,AVENIDA DEPUTADO FRANCISCO MASTELLA,3955,SETE DE SETEMBRO,,0,09/09/2026,09/10/2026,,1,,,,0,,0,00.577.158/0001-29,,,0,1 Ag F,0,OP PRODUÇÃO,0,0,CLASSIFICAR MODELO/FAMILIA,,,0097,GERAL,PRD,PRD - FASE PRODUTO,,,Agu retor Feira / pos fei,,00/01/1900,23/06/2021,085,SEM LICENSA C&A,CONFECCOES ONEDA LTDA,01.14.00.7929-1,CONJUNTO CURTO / 2027-1-4984,CO,COR,N,CFI,CFI - FEIRA WINTER I 2027 (PROD AS BS) INCLUSÃO,50,A DEFINIR,2,11,4,0,0,0,0,09/09/2026,09/09/2026,D41,FLUXO DE PENDENCIA DE COR,D01,,PENDENTE COR NOVA,0,PC,PENDENTE DESENVOLVIMENTO,,,,,,00/01/1900,,,(47) 3332-5004,0,,,,,,0,-14,14,4,,,0,0,0,0,0,A,003,T52A - BBO,11,MASCULINO,N,N,SSNN
078128,0,834,,0,AMOSTRA,,0,,,0,0,T00,TOP CURTO (TOP),,,0,00/01/1900,0,0,GASPAR,AVENIDA DEPUTADO FRANCISCO MASTELLA,3955,SETE DE SETEMBRO,,0,10/09/2026,10/09/2026,,1,,,,0,,0,00.577.158/0001-29,,,0,,0,OP PRODUÇÃO,0,0,CLASSIFICAR MODELO/FAMILIA,,,0097,GERAL,PRD,PRD - FASE PRODUTO,,,,,00/01/1900,23/06/2021,086,DISNEY C&A,CONFECCOES ONEDA LTDA,01.20.01.3272,TOP MC,CO,COR,N,CVP,CVP - FEIRA SUMMER I 2026 (PREÇOS E COTAÇÕES),0,UNICO,M,22,4,0,0,0,0,10/09/2026,10/09/2026,D41,FLUXO DE PENDENCIA DE COR,D01,,PENDENTE COR NOVA,0,PC,AGUAR. APROV. LIC. / CONCEITO,,,,,,00/01/1900,,,(47) 3332-5004,0,,,,,,0,-13,13,4,,,0,0,0,0,0,A,73,T36 - ACE,11,MASCULINO,N,N,SSNN
078129,0,834,,0,AMOSTRA,16/09,0,,B38,0,0,T00,TOP CURTO (TOP),,,0,00/01/1900,2,0,GASPAR,AVENIDA DEPUTADO FRANCISCO MASTELLA,3955,SETE DE SETEMBRO,,0,10/09/2026,10/10/2026,,1,,,,0,,0,00.577.158/0001-29,,,0,,0,OP PRODUÇÃO,0,0,CLASSIFICAR MODELO/FAMILIA,,,0097,GERAL,PRD,PRD - FASE PRODUTO,,,,,00/01/1900,23/06/2021,073,BARCELONA,CONFECCOES ONEDA LTDA,02.16.42.0063,TOP CURTO,CO,COR,N,RRB,RRB - RENNER BUFFER,50,A DEFINIR,7-8,53,4,0,0,0,0,10/09/2026,10/09/2026,D41,FLUXO DE PENDENCIA DE COR,D01,,PENDENTE COR NOVA,0,PC,AGUAR. APROV. LIC. / CONCEITO,,,,,,00/01/1900,,,(47) 3332-5004,0,,,,,,0,-13,13,4,,,0,0,0,0,0,A,R8,LICENSE MENINO RENNER,17,CABIDE,N,N,SSNN
078165,0,834,,0,AMOSTRA,09/10,0,,B40,0,0,T00,TOP CURTO (TOP),,,0,00/01/1900,0,0,GASPAR,AVENIDA DEPUTADO FRANCISCO MASTELLA,3955,SETE DE SETEMBRO,,0,15/09/2026,15/10/2026,,1,,,,0,,0,00.577.158/0001-29,,,0,,0,OP PRODUÇÃO,0,0,CLASSIFICAR MODELO/FAMILIA,,,0097,GERAL,PRD,PRD - FASE PRODUTO,,,,,00/01/1900,23/06/2021,149,SEM LICENÇA HERING,CONFECCOES ONEDA LTDA,13.16.00.0671A,TOP CURTO,CO,COR,N,HXH,DROP HALLOWEEN HERING,50,A DEFINIR,4,13,4,0,0,0,0,15/09/2026,15/09/2026,D41,FLUXO DE PENDENCIA DE COR,D01,,PENDENTE COR NOVA,0,PC,PENDENTE DESENVOLVIMENTO,,,,,,00/01/1900,,,(47) 3332-5004,0,,,,,,0,-8,8,4,,,0,0,0,0,0,A,H01,T54 - HERING KIDS O,5,CAIXA - LR,N,N,SSNN
078166,0,834,,0,AMOSTRA,09/10,0,,B40,0,0,T00,TOP CURTO (TOP),,,0,00/01/1900,0,0,GASPAR,AVENIDA DEPUTADO FRANCISCO MASTELLA,3955,SETE DE SETEMBRO,,0,15/09/2026,15/10/2026,,1,,,,0,,0,00.577.158/0001-29,,,0,,0,OP PRODUÇÃO,0,0,CLASSIFICAR MODELO/FAMILIA,,,0097,GERAL,PRD,PRD - FASE PRODUTO,,,,,00/01/1900,23/06/2021,149,SEM LICENÇA HERING,CONFECCOES ONEDA LTDA,13.16.00.0671B,TOP CURTO,CO,COR,N,HXH,DROP HALLOWEEN HERING,50,A DEFINIR,4,13,4,0,0,0,0,15/09/2026,15/09/2026,D41,FLUXO DE PENDENCIA DE COR,D01,,PENDENTE COR NOVA,0,PC,PENDENTE DESENVOLVIMENTO,,,,,,00/01/1900,,,(47) 3332-5004,0,,,,,,0,-8,8,4,,,0,0,0,0,0,A,H01,T54 - HERING KIDS O,5,CAIXA - LR,N,N,SSNN
078167,0,834,,0,AMOSTRA,09/10,0,,B40,0,0,T00,TOP CURTO (TOP),,,0,00/01/1900,0,0,GASPAR,AVENIDA DEPUTADO FRANCISCO MASTELLA,3955,SETE DE SETEMBRO,,0,15/09/2026,15/10/2026,,1,,,,0,,0,00.577.158/0001-29,,,0,,0,OP PRODUÇÃO,0,0,CLASSIFICAR MODELO/FAMILIA,,,0097,GERAL,PRD,PRD - FASE PRODUTO,,,,,00/01/1900,23/06/2021,149,SEM LICENÇA HERING,CONFECCOES ONEDA LTDA,13.16.00.0671C,TOP CURTO,CO,COR,N,HXH,DROP HALLOWEEN HERING,50,A DEFINIR,4,13,4,0,0,0,0,15/09/2026,15/09/2026,D41,FLUXO DE PENDENCIA DE COR,D01,,PENDENTE COR NOVA,0,PC,PENDENTE DESENVOLVIMENTO,,,,,,00/01/1900,,,(47) 3332-5004,0,,,,,,0,-8,8,4,,,0,0,0,0,0,A,H01,T54 - HERING KIDS O,5,CAIXA - LR,N,N,SSNN
078168,0,834,,0,AMOSTRA,09/10,0,,B40,0,0,C00,CONJUNTO CURTO (TOP/BOTTON),,,0,00/01/1900,0,0,GASPAR,AVENIDA DEPUTADO FRANCISCO MASTELLA,3955,SETE DE SETEMBRO,,0,15/09/2026,15/10/2026,,1,,,,0,,0,00.577.158/0001-29,,,0,,0,OP PRODUÇÃO,0,0,CLASSIFICAR MODELO/FAMILIA,,,0097,GERAL,PRD,PRD - FASE PRODUTO,,,,,00/01/1900,23/06/2021,149,SEM LICENÇA HERING,CONFECCOES ONEDA LTDA,13.16.00.0676A,CONJUNTO CURTO,CO,COR,N,HXH,DROP HALLOWEEN HERING,50,A DEFINIR,4,13,4,0,0,0,0,15/09/2026,15/09/2026,D41,FLUXO DE PENDENCIA DE COR,D01,,PENDENTE COR NOVA,0,PC,PENDENTE DESENVOLVIMENTO,,,,,,00/01/1900,,,(47) 3332-5004,0,,,,,,0,-8,8,4,,,0,0,0,0,0,A,H01,T54 - HERING KIDS O,5,CAIXA - LR,N,N,SSNN
078169,0,834,,0,AMOSTRA,09/10,0,,B40,0,0,T00,TOP CURTO (TOP),,,0,00/01/1900,0,0,GASPAR,AVENIDA DEPUTADO FRANCISCO MASTELLA,3955,SETE DE SETEMBRO,,0,15/09/2026,15/10/2026,,1,,,,0,,0,00.577.158/0001-29,,,0,,0,OP PRODUÇÃO,0,0,CLASSIFICAR MODELO/FAMILIA,,,0097,GERAL,PRD,PRD - FASE PRODUTO,,,,,00/01/1900,23/06/2021,149,SEM LICENÇA HERING,CONFECCOES ONEDA LTDA,13.16.00.0673A,TOP CURTO,CO,COR,N,HXH,DROP HALLOWEEN HERING,50,A DEFINIR,4,13,4,0,0,0,0,15/09/2026,15/09/2026,D41,FLUXO DE PENDENCIA DE COR,D01,,PENDENTE COR NOVA,0,PC,PENDENTE DESENVOLVIMENTO,,,,,,00/01/1900,,,(47) 3332-5004,0,,,,,,0,-8,8,4,,,0,0,0,0,0,A,H01,T54 - HERING KIDS O,5,CAIXA - LR,N,N,SSNN
078170,0,834,,0,AMOSTRA,09/10,0,,B40,0,0,T00,TOP CURTO (TOP),,,0,00/01/1900,0,0,GASPAR,AVENIDA DEPUTADO FRANCISCO MASTELLA,3955,SETE DE SETEMBRO,,0,15/09/2026,15/10/2026,,1,,,,0,,0,00.577.158/0001-29,,,0,,0,OP PRODUÇÃO,0,0,CLASSIFICAR MODELO/FAMILIA,,,0097,GERAL,PRD,PRD - FASE PRODUTO,,,,,00/01/1900,23/06/2021,149,SEM LICENÇA HERING,CONFECCOES ONEDA LTDA,13.15.00.0665A,TOP CURTO,CO,COR,N,HXH,DROP HALLOWEEN HERING,50,A DEFINIR,4,13,4,0,0,0,0,15/09/2026,15/09/2026,D41,FLUXO DE PENDENCIA DE COR,D01,,PENDENTE COR NOVA,0,PC,PENDENTE DESENVOLVIMENTO,,,,,,00/01/1900,,,(47) 3332-5004,0,,,,,,0,-8,8,4,,,0,0,0,0,0,A,H02,T53 - HERING KIDS A,5,CAIXA - LR,N,N,SSNN
078171,0,834,,0,AMOSTRA,09/10,0,,B40,0,0,T21,VESTIDO (TOP),,,0,00/01/1900,0,0,GASPAR,AVENIDA DEPUTADO FRANCISCO MASTELLA,3955,SETE DE SETEMBRO,,0,15/09/2026,15/10/2026,,1,,,,0,,0,00.577.158/0001-29,,,0,,0,OP PRODUÇÃO,0,0,CLASSIFICAR MODELO/FAMILIA,,,0097,GERAL,PRD,PRD - FASE PRODUTO,,,,,00/01/1900,23/06/2021,149,SEM LICENÇA HERING,CONFECCOES ONEDA LTDA,13.15.00.0670A,VESTIDO,CO,COR,N,HXH,DROP HALLOWEEN HERING,50,A DEFINIR,4,13,4,0,0,0,0,15/09/2026,15/09/2026,D41,FLUXO DE PENDENCIA DE COR,D01,,PENDENTE COR NOVA,0,PC,PENDENTE DESENVOLVIMENTO,,,,,,00/01/1900,,,(47) 3332-5004,0,,,,,,0,-8,8,4,,,0,0,0,0,0,A,H02,T53 - HERING KIDS A,5,CAIXA - LR,N,N,SSNN
078235,0,834,,0,AMOSTRA,02/10,0,,,0,0,T00,TOP CURTO (TOP),,,0,00/01/1900,0,0,GASPAR,AVENIDA DEPUTADO FRANCISCO MASTELLA,3955,SETE DE SETEMBRO,,0,21/09/2026,21/10/2026,,1,,,,0,,0,00.577.158/0001-29,,,0,,0,OP PRODUÇÃO,0,0,CLASSIFICAR MODELO/FAMILIA,,,0097,GERAL,PRD,PRD - FASE PRODUTO,,,,,00/01/1900,23/06/2021,085,SEM LICENSA C&A,CONFECCOES ONEDA LTDA,ON.19.0162,TOP CURTO,CO,COR,N,SRH,SHOW ROOM - HAVAN,50,A DEFINIR,M,22,4,0,0,0,0,21/09/2026,21/09/2026,D41,FLUXO DE PENDENCIA DE COR,D01,,PENDENTE COR NOVA,0,PC,PENDENTE DESENVOLVIMENTO,,,,,,00/01/1900,,,(47) 3332-5004,0,,,,,,0,-2,2,4,,,0,0,0,0,0,A,100,T18C - FEMININO C&A,12,FEMININO,N,N,SSNN
078236,0,834,,0,AMOSTRA,02/10,0,,,0,0,T00,TOP CURTO (TOP),,,0,00/01/1900,0,0,GASPAR,AVENIDA DEPUTADO FRANCISCO MASTELLA,3955,SETE DE SETEMBRO,,0,21/09/2026,21/10/2026,,1,,,,0,,0,00.577.158/0001-29,,,0,,0,OP PRODUÇÃO,0,0,CLASSIFICAR MODELO/FAMILIA,,,0097,GERAL,PRD,PRD - FASE PRODUTO,,,,,00/01/1900,23/06/2021,085,SEM LICENSA C&A,CONFECCOES ONEDA LTDA,ON.19.0163,TOP CURTO,CO,COR,N,SRH,SHOW ROOM - HAVAN,50,A DEFINIR,M,22,4,0,0,0,0,21/09/2026,21/09/2026,D41,FLUXO DE PENDENCIA DE COR,D01,,PENDENTE COR NOVA,0,PC,PENDENTE DESENVOLVIMENTO,,,,,,00/01/1900,,,(47) 3332-5004,0,,,,,,0,-2,2,4,,,0,0,0,0,0,A,100,T18C - FEMININO C&A,12,FEMININO,N,N,SSNN
078237,0,834,,0,AMOSTRA,02/10,0,,,0,0,T06,TOP REGATA (TOP),,,0,00/01/1900,0,0,GASPAR,AVENIDA DEPUTADO FRANCISCO MASTELLA,3955,SETE DE SETEMBRO,,0,21/09/2026,21/10/2026,,1,,,,0,,0,00.577.158/0001-29,,,0,,0,OP PRODUÇÃO,0,0,CLASSIFICAR MODELO/FAMILIA,,,0097,GERAL,PRD,PRD - FASE PRODUTO,,,,,00/01/1900,23/06/2021,085,SEM LICENSA C&A,CONFECCOES ONEDA LTDA,ON.19.0161,TOP REGATA,CO,COR,N,SRH,SHOW ROOM - HAVAN,50,A DEFINIR,M,22,4,0,0,0,0,21/09/2026,21/09/2026,D41,FLUXO DE PENDENCIA DE COR,D01,,PENDENTE COR NOVA,0,PC,PENDENTE DESENVOLVIMENTO,,,,,,00/01/1900,,,(47) 3332-5004,0,,,,,,0,-2,2,4,,,0,0,0,0,0,A,100,T18C - FEMININO C&A,12,FEMININO,N,N,SSNN
078238,0,834,,0,AMOSTRA,02/10,0,,,0,0,T00,TOP CURTO (TOP),,,0,00/01/1900,0,0,GASPAR,AVENIDA DEPUTADO FRANCISCO MASTELLA,3955,SETE DE SETEMBRO,,0,21/09/2026,21/10/2026,,1,,,,0,,0,00.577.158/0001-29,,,0,,0,OP PRODUÇÃO,0,0,CLASSIFICAR MODELO/FAMILIA,,,0097,GERAL,PRD,PRD - FASE PRODUTO,,,,,00/01/1900,23/06/2021,085,SEM LICENSA C&A,CONFECCOES ONEDA LTDA,ON.19.0164,TOP CURTO,CO,COR,N,SRH,SHOW ROOM - HAVAN,50,A DEFINIR,M,22,4,0,0,0,0,21/09/2026,21/09/2026,D41,FLUXO DE PENDENCIA DE COR,D01,,PENDENTE COR NOVA,0,PC,PENDENTE DESENVOLVIMENTO,,,,,,00/01/1900,,,(47) 3332-5004,0,,,,,,0,-2,2,4,,,0,0,0,0,0,A,100,T18C - FEMININO C&A,12,FEMININO,N,N,SSNN
078239,0,834,,0,AMOSTRA,02/10,0,,B40,0,0,B00,SHORTS (BOTTON),,,0,00/01/1900,0,0,GASPAR,AVENIDA DEPUTADO FRANCISCO MASTELLA,3955,SETE DE SETEMBRO,,0,22/09/2026,22/10/2026,,1,,,,0,,0,00.577.158/0001-29,,,0,,0,OP PRODUÇÃO,0,0,CLASSIFICAR MODELO/FAMILIA,,,0097,GERAL,PRD,PRD - FASE PRODUTO,,,,,00/01/1900,23/06/2021,085,SEM LICENSA C&A,CONFECCOES ONEDA LTDA,ON.13.0164,SHORTS,CO,COR,N,SRH,SHOW ROOM - HAVAN,50,A DEFINIR,2,11,4,0,0,0,0,22/09/2026,22/09/2026,D41,FLUXO DE PENDENCIA DE COR,D01,,PENDENTE COR NOVA,0,PC,PENDENTE DESENVOLVIMENTO,,,,,,00/01/1900,,,(47) 3332-5004,0,,,,,,0,-1,1,4,,,0,0,0,0,0,A,005,T58A - BBA,12,FEMININO,N,N,SSNN
078240,0,834,,0,AMOSTRA,02/10,0,,B40,0,0,B01,CALÇA (BOTTON),,,0,00/01/1900,0,0,GASPAR,AVENIDA DEPUTADO FRANCISCO MASTELLA,3955,SETE DE SETEMBRO,,0,22/09/2026,22/10/2026,,1,,,,0,,0,00.577.158/0001-29,,,0,,0,OP PRODUÇÃO,0,0,CLASSIFICAR MODELO/FAMILIA,,,0097,GERAL,PRD,PRD - FASE PRODUTO,,,,,00/01/1900,23/06/2021,085,SEM LICENSA C&A,CONFECCOES ONEDA LTDA,ON.15.0165,CALÇA,CO,COR,N,T10,BASES TEMPLATES PARA O DESENVOLVIMENTO,50,A DEFINIR,6,14,4,0,0,0,0,22/09/2026,22/09/2026,D41,FLUXO DE PENDENCIA DE COR,D01,,PENDENTE COR NOVA,0,PC,PENDENTE DESENVOLVIMENTO,,,,,,00/01/1900,,,(47) 3332-5004,0,,,,,,0,-1,1,4,,,0,0,0,0,0,A,002,T53 - LICENSE FEM.,12,FEMININO,N,N,SSNN
078243,0,834,,0,AMOSTRA,25/09,0,,B39,0,0,T00,TOP CURTO (TOP),,,0,00/01/1900,2,0,GASPAR,AVENIDA DEPUTADO FRANCISCO MASTELLA,3955,SETE DE SETEMBRO,,0,22/09/2026,22/10/2026,,1,,,,0,,0,00.577.158/0001-29,,,0,1 Ag F,0,OP PRODUÇÃO,0,0,CLASSIFICAR MODELO/FAMILIA,,,0097,GERAL,PRD,PRD - FASE PRODUTO,,,Agu retor Feira / pos fei,,00/01/1900,23/06/2021,058,NICKELODEON C&A,CONFECCOES ONEDA LTDA,01.14.03.0280,TOP CURTO,CO,COR,N,CFP,CFP - FEIRA WINTER I 2027 (COTAÇÃO),50,A DEFINIR,2,11,4,0,0,0,0,22/09/2026,22/09/2026,D41,FLUXO DE PENDENCIA DE COR,D01,,PENDENTE COR NOVA,0,PC,AGUAR. APROV. LIC. / CONCEITO,,,,,,00/01/1900,,,(47) 3332-5004,0,,,,,,0,-1,1,4,,,0,0,0,0,0,A,003,T52A - BBO,11,MASCULINO,N,N,SSNN
078244,0,834,,0,AMOSTRA,25/09,0,,B39,0,0,T00,TOP CURTO (TOP),,,0,00/01/1900,2,0,GASPAR,AVENIDA DEPUTADO FRANCISCO MASTELLA,3955,SETE DE SETEMBRO,,0,22/09/2026,22/10/2026,,1,,,,0,,0,00.577.158/0001-29,,,0,1 Ag F,0,OP PRODUÇÃO,0,0,CLASSIFICAR MODELO/FAMILIA,,,0097,GERAL,PRD,PRD - FASE PRODUTO,,,Agu retor Feira / pos fei,,00/01/1900,23/06/2021,058,NICKELODEON C&A,CONFECCOES ONEDA LTDA,01.14.03.0279,TOP CURTO,CO,COR,N,CFP,CFP - FEIRA WINTER I 2027 (COTAÇÃO),50,A DEFINIR,2,11,4,0,0,0,0,22/09/2026,22/09/2026,D41,FLUXO DE PENDENCIA DE COR,D01,,PENDENTE COR NOVA,0,PC,AGUAR. APROV. LIC. / CONCEITO,,,,,,00/01/1900,,,(47) 3332-5004,0,,,,,,0,-1,1,4,,,0,0,0,0,0,A,003,T52A - BBO,11,MASCULINO,N,N,SSNN
078245,0,834,,0,AMOSTRA,25/09,0,,B39,0,0,T00,TOP CURTO (TOP),,,0,00/01/1900,2,0,GASPAR,AVENIDA DEPUTADO FRANCISCO MASTELLA,3955,SETE DE SETEMBRO,,0,22/09/2026,22/10/2026,,1,,,,0,,0,00.577.158/0001-29,,,0,1 Ag F,0,OP PRODUÇÃO,0,0,CLASSIFICAR MODELO/FAMILIA,,,0097,GERAL,PRD,PRD - FASE PRODUTO,,,Agu retor Feira / pos fei,,00/01/1900,23/06/2021,146,LICENÇAS VARIADAS,CONFECCOES ONEDA LTDA,01.16.42.0577,TOP CURTO,CO,COR,N,CFP,CFP - FEIRA WINTER I 2027 (COTAÇÃO),50,A DEFINIR,6,14,4,0,0,0,0,22/09/2026,22/09/2026,D41,FLUXO DE PENDENCIA DE COR,D01,,PENDENTE COR NOVA,0,PC,AGUAR. APROV. LIC. / CONCEITO,,,,,,00/01/1900,,,(47) 3332-5004,0,,,,,,0,-1,1,4,,,0,0,0,0,0,A,001,T54A - LICENSE MASC.,11,MASCULINO,N,N,SSNN
078246,0,834,,0,AMOSTRA,25/09,0,,B39,0,0,T00,TOP CURTO (TOP),,,0,00/01/1900,2,0,GASPAR,AVENIDA DEPUTADO FRANCISCO MASTELLA,3955,SETE DE SETEMBRO,,0,22/09/2026,22/10/2026,,1,,,,0,,0,00.577.158/0001-29,,,0,1 Ag F,0,OP PRODUÇÃO,0,0,CLASSIFICAR MODELO/FAMILIA,,,0097,GERAL,PRD,PRD - FASE PRODUTO,,,Agu retor Feira / pos fei,,00/01/1900,23/06/2021,146,LICENÇAS VARIADAS,CONFECCOES ONEDA LTDA,01.16.42.0576,TOP CURTO,CO,COR,N,CFP,CFP - FEIRA WINTER I 2027 (COTAÇÃO),50,A DEFINIR,6,14,4,0,0,0,0,22/09/2026,22/09/2026,D41,FLUXO DE PENDENCIA DE COR,D01,,PENDENTE COR NOVA,0,PC,AGUAR. APROV. LIC. / CONCEITO,,,,,,00/01/1900,,,(47) 3332-5004,0,,,,,,0,-1,1,4,,,0,0,0,0,0,A,001,T54A - LICENSE MASC.,11,MASCULINO,N,N,SSNN
077305,0,834,,0,AMOSTRA,,0,,,0,0,T00,TOP CURTO (TOP),"cust alternativo: tag 0,80 / transfer 0,60",,0,00/01/1900,0,0,GASPAR,AVENIDA DEPUTADO FRANCISCO MASTELLA,3955,SETE DE SETEMBRO,,0,25/06/2026,25/07/2026,,1,,,,0,,0,00.577.158/0001-29,,,0,1 Ag F,0,OP PRODUÇÃO,0,0,CLASSIFICAR MODELO/FAMILIA,,,0097,GERAL,PRD,PRD - FASE PRODUTO,,,Agu retor Feira / pos fei,,00/01/1900,23/06/2021,139,CENTAURO,CONFECCOES ONEDA LTDA,05.20.00.0160,TOP CURTO,TF,TING. FEIRA,N,58A,58A - AW27 CENTAURO - INVERNO 27 - ASICS,50,A DEFINIR,M,22,4,0,0,0,0,25/06/2026,25/06/2026,D43,TING. FEIRA,M00,,MALHA FEIRA EM ANALISE,0,PC,PENDENTE DESENVOLVIMENTO,,,,,,00/01/1900,,,(47) 3332-5004,0,,,,,,0,-90,90,4,,,0,0,0,0,0,A,51,CENTAURO,11,MASCULINO,N,N,SSNN
077312,0,834,,0,AMOSTRA,,0,,,0,0,T00,TOP CURTO (TOP),"cust alternativo: tag 0,80 / transfer 0,60",,0,00/01/1900,0,0,GASPAR,AVENIDA DEPUTADO FRANCISCO MASTELLA,3955,SETE DE SETEMBRO,,0,26/06/2026,26/07/2026,,1,,,,0,,0,00.577.158/0001-29,,,0,1 Ag F,0,OP PRODUÇÃO,0,0,CLASSIFICAR MODELO/FAMILIA,,,0097,GERAL,PRD,PRD - FASE PRODUTO,,,Agu retor Feira / pos fei,,00/01/1900,23/06/2021,139,CENTAURO,CONFECCOES ONEDA LTDA,05.20.00.0160A,TOP CURTO,TF,TING. FEIRA,N,58A,58A - AW27 CENTAURO - INVERNO 27 - ASICS,50,A DEFINIR,M,22,4,0,0,0,0,26/06/2026,26/06/2026,D43,TING. FEIRA,M00,,MALHA FEIRA EM ANALISE,0,PC,PENDENTE DESENVOLVIMENTO,,,,,,00/01/1900,,,(47) 3332-5004,0,,,,,,0,-89,89,4,,,0,0,0,0,0,A,51,CENTAURO,11,MASCULINO,N,N,SSNN
077313,0,834,,0,AMOSTRA,,0,,,0,0,T00,TOP CURTO (TOP),"cust alternativo: tag 0,80 / transfer 0,60",,0,00/01/1900,0,0,GASPAR,AVENIDA DEPUTADO FRANCISCO MASTELLA,3955,SETE DE SETEMBRO,,0,26/06/2026,26/07/2026,,1,,,,0,,0,00.577.158/0001-29,,,0,1 Ag F,0,OP PRODUÇÃO,0,0,CLASSIFICAR MODELO/FAMILIA,,,0097,GERAL,PRD,PRD - FASE PRODUTO,,,Agu retor Feira / pos fei,,00/01/1900,23/06/2021,139,CENTAURO,CONFECCOES ONEDA LTDA,05.20.00.0160B,TOP CURTO,TF,TING. FEIRA,N,58A,58A - AW27 CENTAURO - INVERNO 27 - ASICS,50,A DEFINIR,M,22,4,0,0,0,0,26/06/2026,26/06/2026,D43,TING. FEIRA,M00,,MALHA FEIRA EM ANALISE,0,PC,PENDENTE DESENVOLVIMENTO,,,,,,00/01/1900,,,(47) 3332-5004,0,,,,,,0,-89,89,4,,,0,0,0,0,0,A,51,CENTAURO,11,MASCULINO,N,N,SSNN
077314,0,834,,0,AMOSTRA,,0,,,0,0,T00,TOP CURTO (TOP),"cust alternativo: tag 0,80 / transfer 0,60",,0,00/01/1900,0,0,GASPAR,AVENIDA DEPUTADO FRANCISCO MASTELLA,3955,SETE DE SETEMBRO,,0,26/06/2026,26/07/2026,,1,,,,0,,0,00.577.158/0001-29,,,0,1 Ag F,0,OP PRODUÇÃO,0,0,CLASSIFICAR MODELO/FAMILIA,,,0097,GERAL,PRD,PRD - FASE PRODUTO,,,Agu retor Feira / pos fei,,00/01/1900,23/06/2021,139,CENTAURO,CONFECCOES ONEDA LTDA,05.20.00.0160C,TOP CURTO,TF,TING. FEIRA,N,58A,58A - AW27 CENTAURO - INVERNO 27 - ASICS,50,A DEFINIR,M,22,4,0,0,0,0,26/06/2026,26/06/2026,D43,TING. FEIRA,M00,,MALHA FEIRA EM ANALISE,0,PC,PENDENTE DESENVOLVIMENTO,,,,,,00/01/1900,,,(47) 3332-5004,0,,,,,,0,-89,89,4,,,0,0,0,0,0,A,51,CENTAURO,11,MASCULINO,N,N,SSNN
078120,0,834,,0,AMOSTRA,,0,,,0,0,T00,TOP CURTO (TOP),,,0,00/01/1900,0,0,GASPAR,AVENIDA DEPUTADO FRANCISCO MASTELLA,3955,SETE DE SETEMBRO,,0,09/09/2026,09/09/2026,,1,,,,0,,0,00.577.158/0001-29,,,0,,0,OP PRODUÇÃO,0,0,CLASSIFICAR MODELO/FAMILIA,,,0097,GERAL,PRD,PRD - FASE PRODUTO,,,,,00/01/1900,23/06/2021,086,DISNEY C&A,CONFECCOES ONEDA LTDA,01.20.01.3273,TOP CURTO,TF,TING. FEIRA,N,CVP,CVP - FEIRA SUMMER I 2026 (PREÇOS E COTAÇÕES),0,UNICO,M,22,4,0,0,0,0,09/09/2026,09/09/2026,D43,TING. FEIRA,M00,,MALHA FEIRA EM ANALISE,0,PC,AGUAR. APROV. LIC. / CONCEITO,,,,,,00/01/1900,,,(47) 3332-5004,0,,,,,,0,-14,14,4,,,0,0,0,0,0,A,73,T36 - ACE,11,MASCULINO,N,N,SSNN
078121,0,834,,0,AMOSTRA,,0,,,0,0,T00,TOP CURTO (TOP),,,0,00/01/1900,0,0,GASPAR,AVENIDA DEPUTADO FRANCISCO MASTELLA,3955,SETE DE SETEMBRO,,0,09/09/2026,09/09/2026,,1,,,,0,,0,00.577.158/0001-29,,,0,,0,OP PRODUÇÃO,0,0,CLASSIFICAR MODELO/FAMILIA,,,0097,GERAL,PRD,PRD - FASE PRODUTO,,,,,00/01/1900,23/06/2021,085,SEM LICENSA C&A,CONFECCOES ONEDA LTDA,01.20.42.0573,TOP CURTO,TF,TING. FEIRA,N,CVP,CVP - FEIRA SUMMER I 2026 (PREÇOS E COTAÇÕES),0,UNICO,M,22,4,0,0,0,0,09/09/2026,09/09/2026,D43,TING. FEIRA,M00,,MALHA FEIRA EM ANALISE,0,PC,AGUAR. APROV. LIC. / CONCEITO,,,,,,00/01/1900,,,(47) 3332-5004,0,,,,,,0,-14,14,4,,,0,0,0,0,0,A,73,T36 - ACE,11,MASCULINO,N,N,SSNN
078122,0,834,,0,AMOSTRA,,0,,,0,0,T00,TOP CURTO (TOP),,,0,00/01/1900,0,0,GASPAR,AVENIDA DEPUTADO FRANCISCO MASTELLA,3955,SETE DE SETEMBRO,,0,09/09/2026,09/09/2026,,1,,,,0,,0,00.577.158/0001-29,,,0,,0,OP PRODUÇÃO,0,0,CLASSIFICAR MODELO/FAMILIA,,,0097,GERAL,PRD,PRD - FASE PRODUTO,,,,,00/01/1900,23/06/2021,085,SEM LICENSA C&A,CONFECCOES ONEDA LTDA,01.20.42.0574,TOP CURTO,TF,TING. FEIRA,N,CVP,CVP - FEIRA SUMMER I 2026 (PREÇOS E COTAÇÕES),0,UNICO,M,22,4,0,0,0,0,09/09/2026,09/09/2026,D43,TING. FEIRA,M00,,MALHA FEIRA EM ANALISE,0,PC,AGUAR. APROV. LIC. / CONCEITO,,,,,,00/01/1900,,,(47) 3332-5004,0,,,,,,0,-14,14,4,,,0,0,0,0,0,A,73,T36 - ACE,11,MASCULINO,N,N,SSNN
078123,0,834,,0,AMOSTRA,,0,,,0,0,T04,TOP MACHÃO (TOP),"tingimento em Kg 21,78 (estonado) - marmorizado R$ 6,42 por peça",,0,00/01/1900,0,0,GASPAR,AVENIDA DEPUTADO FRANCISCO MASTELLA,3955,SETE DE SETEMBRO,,0,09/09/2026,09/09/2026,,1,,,,0,,0,00.577.158/0001-29,,,0,,0,OP PRODUÇÃO,0,0,CLASSIFICAR MODELO/FAMILIA,,,0097,GERAL,PRD,PRD - FASE PRODUTO,,,,,00/01/1900,23/06/2021,085,SEM LICENSA C&A,CONFECCOES ONEDA LTDA,01.20.42.0575,MACHÃO,TF,TING. FEIRA,N,CVP,CVP - FEIRA SUMMER I 2026 (PREÇOS E COTAÇÕES),0,UNICO,M,22,4,0,0,0,0,09/09/2026,09/09/2026,D43,TING. FEIRA,M00,,MALHA FEIRA EM ANALISE,0,PC,AGUAR. APROV. LIC. / CONCEITO,,,,,,00/01/1900,,,(47) 3332-5004,0,,,,,,0,-14,14,4,,,0,0,0,0,0,A,73,T36 - ACE,11,MASCULINO,N,N,SSNN
078124,0,834,,0,AMOSTRA,,0,,,0,0,T00,TOP CURTO (TOP),,,0,00/01/1900,0,0,GASPAR,AVENIDA DEPUTADO FRANCISCO MASTELLA,3955,SETE DE SETEMBRO,,0,09/09/2026,09/09/2026,,1,,,,0,,0,00.577.158/0001-29,,,0,,0,OP PRODUÇÃO,0,0,CLASSIFICAR MODELO/FAMILIA,,,0097,GERAL,PRD,PRD - FASE PRODUTO,,,,,00/01/1900,23/06/2021,119,PEANUTS C&A,CONFECCOES ONEDA LTDA,01.20.28.0153,TOP CURTO,TF,TING. FEIRA,N,CVP,CVP - FEIRA SUMMER I 2026 (PREÇOS E COTAÇÕES),0,UNICO,M,22,4,0,0,0,0,09/09/2026,09/09/2026,D43,TING. FEIRA,M00,,MALHA FEIRA EM ANALISE,0,PC,AGUAR. APROV. LIC. / CONCEITO,,,,,,00/01/1900,,,(47) 3332-5004,0,,,,,,0,-14,14,4,,,0,0,0,0,0,A,73,T36 - ACE,11,MASCULINO,N,N,SSNN
078128,0,834,,0,AMOSTRA,,0,,,0,0,T00,TOP CURTO (TOP),,,0,00/01/1900,0,0,GASPAR,AVENIDA DEPUTADO FRANCISCO MASTELLA,3955,SETE DE SETEMBRO,,0,10/09/2026,10/09/2026,,1,,,,0,,0,00.577.158/0001-29,,,0,,0,OP PRODUÇÃO,0,0,CLASSIFICAR MODELO/FAMILIA,,,0097,GERAL,PRD,PRD - FASE PRODUTO,,,,,00/01/1900,23/06/2021,086,DISNEY C&A,CONFECCOES ONEDA LTDA,01.20.01.3272,TOP MC,TF,TING. FEIRA,N,CVP,CVP - FEIRA SUMMER I 2026 (PREÇOS E COTAÇÕES),0,UNICO,M,22,4,0,0,0,0,10/09/2026,10/09/2026,D43,TING. FEIRA,M00,,MALHA FEIRA EM ANALISE,0,PC,AGUAR. APROV. LIC. / CONCEITO,,,,,,00/01/1900,,,(47) 3332-5004,0,,,,,,0,-13,13,4,,,0,0,0,0,0,A,73,T36 - ACE,11,MASCULINO,N,N,SSNN
077540,1,834,,0,AMOSTRA,02/10,0,,B39,0,0,B01,CALÇA (BOTTON),LACRES: [ ] MODELAGEM-[ ] ESTAMP - [ ] COR -[ ] AVIAMENTOS,"Rot 4 cores PIG R$ 25,6kg, processo completo.(Não considerar cilindro no custo)",0,00/01/1900,0,0,GASPAR,AVENIDA DEPUTADO FRANCISCO MASTELLA,3955,SETE DE SETEMBRO,,0,27/07/2026,27/08/2026,,1,,,,0,,0,00.577.158/0001-29,,,0,1 Ag F,0,OP PRODUÇÃO,0,0,CLASSIFICAR MODELO/FAMILIA,,,0097,GERAL,PRD,PRD - FASE PRODUTO,,,Agu retor Feira / pos fei,,00/01/1900,23/06/2021,149,SEM LICENÇA HERING,CONFECCOES ONEDA LTDA,13.13.00.0622F,CALÇA,TF,TING. FEIRA,N,HXV,HXV - HERING VERÃO 2027,50,A DEFINIR,2,11,4,0,0,0,0,18/09/2026,18/09/2026,D43,TING. FEIRA,M02,,MALHA FEIRA TINGINDO,0,PC,PENDENTE DESENVOLVIMENTO,,,,,,00/01/1900,,,(47) 3332-5004,0,,,,,27/08/2026,0,-5,5,4,,,0,0,0,0,0,A,H04,T58 - HERING BBA,12,FEMININO,N,N,SSNN
077543,1,834,,0,AMOSTRA,02/10,0,,B39,0,0,C00,CONJUNTO CURTO (TOP/BOTTON),LACRES: [ ] MODELAGEM-[ ] ESTAMP - [ ] COR -[ ] AVIAMENTOS,"Rot 4 cores PIG R$ 25,6kg, processo completo.(Não considerar cilindro no custo)",0,00/01/1900,1,0,GASPAR,AVENIDA DEPUTADO FRANCISCO MASTELLA,3955,SETE DE SETEMBRO,,0,27/07/2026,27/08/2026,,1,,,,0,,0,00.577.158/0001-29,,,0,1 Ag F,0,OP PRODUÇÃO,0,0,CLASSIFICAR MODELO/FAMILIA,,,0097,GERAL,PRD,PRD - FASE PRODUTO,,,Agu retor Feira / pos fei,,00/01/1900,23/06/2021,149,SEM LICENÇA HERING,CONFECCOES ONEDA LTDA,13.13.00.0623E,CONJUNTO CURTO,TF,TING. FEIRA,N,HXV,HXV - HERING VERÃO 2027,50,A DEFINIR,2,11,4,0,0,0,0,18/09/2026,18/09/2026,D43,TING. FEIRA,M02,,MALHA FEIRA TINGINDO,0,PC,PENDENTE DESENVOLVIMENTO,,,,,,00/01/1900,,,(47) 3332-5004,0,,,,,27/08/2026,0,-5,5,4,,,0,0,0,0,0,A,H04,T58 - HERING BBA,12,FEMININO,N,N,SSNN
078045,1,834,,0,AMOSTRA,19/10,0,,B40,0,0,I00,MACAQUINHO CURTO (TOP),,,0,00/01/1900,1,0,GASPAR,AVENIDA DEPUTADO FRANCISCO MASTELLA,3955,SETE DE SETEMBRO,,0,27/08/2026,27/09/2026,,1,,,,0,,0,00.577.158/0001-29,,,0,,0,OP PRODUÇÃO,0,0,CLASSIFICAR MODELO/FAMILIA,,,0097,GERAL,PRD,PRD - FASE PRODUTO,,,,,00/01/1900,23/06/2021,085,SEM LICENSA C&A,CONFECCOES ONEDA LTDA,ON.12.0119,MACAQUINHO CURTO,TF,TING. FEIRA,N,CGB,CGB - FEIRA WINTER II 2027 (BUFFER),50,A DEFINIR,3-6,32,4,0,0,0,0,18/09/2026,18/09/2026,D43,TING. FEIRA,M02,,MALHA FEIRA TINGINDO,0,PC,PENDENTE DESENVOLVIMENTO,,,,,,00/01/1900,,,(47) 3332-5004,0,,,,,27/09/2026,0,-5,5,4,,,0,0,0,0,0,A,004,T51A - RNO,11,MASCULINO,N,N,SSNN
078046,1,834,,0,AMOSTRA,19/10,0,,B40,0,0,I00,MACAQUINHO CURTO (TOP),,,0,00/01/1900,1,0,GASPAR,AVENIDA DEPUTADO FRANCISCO MASTELLA,3955,SETE DE SETEMBRO,,0,27/08/2026,27/9/2026,,1,,,,0,,0,00.577.158/0001-29,,,0,,0,OP PRODUÇÃO,0,0,CLASSIFICAR MODELO/FAMILIA,,,0097,GERAL,PRD,PRD - FASE PRODUTO,,,,,00/01/1900,23/06/2021,085,SEM LICENSA C&A,CONFECCOES ONEDA LTDA,ON.12.0119-1,MACAQUINHO CURTO,TF,TING. FEIRA,N,CGB,CGB - FEIRA WINTER II 2027 (BUFFER),50,A DEFINIR,3-6,32,4,0,0,0,0,18/09/2026,18/09/2026,D43,TING. FEIRA,M02,,MALHA FEIRA TINGINDO,0,PC,PENDENTE DESENVOLVIMENTO,,,,,,00/01/1900,,,(47) 3332-5004,0,,,,,27/09/2026,0,-5,5,4,,,0,0,0,0,0,A,004,T51A - RNO,11,MASCULINO,N,N,SSNN
078077,1,834,,0,AMOSTRA,09/10,0,,B40,0,0,T00,TOP CURTO (TOP),,ET. LATERAL = MUH12.1,0,00/01/1900,0,0,GASPAR,AVENIDA DEPUTADO FRANCISCO MASTELLA,3955,SETE DE SETEMBRO,,0,01/09/2026,1/10/2026,,1,,,,0,,0,00.577.158/0001-29,,,0,1 Ag F,0,OP PRODUÇÃO,0,0,CLASSIFICAR MODELO/FAMILIA,,,0097,GERAL,PRD,PRD - FASE PRODUTO,,,Agu retor Feira / pos fei,,00/01/1900,23/06/2021,149,SEM LICENÇA HERING,CONFECCOES ONEDA LTDA,13.16.00.0673,TOP CURTO,TF,TING. FEIRA,N,HXH,DROP HALLOWEEN HERING,50,A DEFINIR,4,13,4,0,0,0,0,14/09/2026,14/09/2026,D43,TING. FEIRA,M02,,MALHA FEIRA TINGINDO,0,PC,PENDENTE DESENVOLVIMENTO,,,,,,00/01/1900,,,(47) 3332-5004,0,,,,,01/10/2026,0,-9,9,4,,,0,0,0,0,0,A,H01,T54 - HERING KIDS O,5,CAIXA - LR,N,N,SSNN
078078,1,834,,0,AMOSTRA,09/10,0,,B40,0,0,T00,TOP CURTO (TOP),"preço rotativo 27,50 por kg (processo completo)",,0,00/01/1900,0,0,GASPAR,AVENIDA DEPUTADO FRANCISCO MASTELLA,3955,SETE DE SETEMBRO,,0,01/09/2026,1/10/2026,,1,,,,0,,0,00.577.158/0001-29,,,0,1 Ag F,0,OP PRODUÇÃO,0,0,CLASSIFICAR MODELO/FAMILIA,,,0097,GERAL,PRD,PRD - FASE PRODUTO,,,Agu retor Feira / pos fei,,00/01/1900,23/06/2021,149,SEM LICENÇA HERING,CONFECCOES ONEDA LTDA,13.16.00.0674,TOP CURTO,TF,TING. FEIRA,N,HXH,DROP HALLOWEEN HERING,50,A DEFINIR,4,13,4,0,0,0,0,14/09/2026,14/09/2026,D43,TING. FEIRA,M02,,MALHA FEIRA TINGINDO,0,PC,PENDENTE DESENVOLVIMENTO,,,,,,00/01/1900,,,(47) 3332-5004,0,,,,,01/10/2026,0,-9,9,4,,,0,0,0,0,0,A,H01,T54 - HERING KIDS O,5,CAIXA - LR,N,N,SSNN
078084,1,834,,0,AMOSTRA,09/10,0,,B40,0,0,B02,SAIA (BOTTON),,,0,00/01/1900,0,0,GASPAR,AVENIDA DEPUTADO FRANCISCO MASTELLA,3955,SETE DE SETEMBRO,,0,01/09/2026,1/10/2026,,1,,,,0,,0,00.577.158/0001-29,,,0,1 Ag F,0,OP PRODUÇÃO,0,0,CLASSIFICAR MODELO/FAMILIA,,,0097,GERAL,PRD,PRD - FASE PRODUTO,,,Agu retor Feira / pos fei,,00/01/1900,23/06/2021,149,SEM LICENÇA HERING,CONFECCOES ONEDA LTDA,13.15.00.0669,SAIA,TF,TING. FEIRA,N,HXH,DROP HALLOWEEN HERING,50,A DEFINIR,4,13,4,0,0,0,0,14/09/2026,14/09/2026,D43,TING. FEIRA,M02,,MALHA FEIRA TINGINDO,0,PC,PENDENTE DESENVOLVIMENTO,,,,,,00/01/1900,,,(47) 3332-5004,0,,,,,01/10/2026,0,-9,9,4,,,0,0,0,0,0,A,H02,T53 - HERING KIDS A,5,CAIXA - LR,N,N,SSNN
078090,1,834,,0,AMOSTRA,02/10,0,,B40,0,0,T00,TOP CURTO (TOP),"Rot 5 cores PIG R$ 23, processo completo",,0,00/01/1900,0,0,GASPAR,AVENIDA DEPUTADO FRANCISCO MASTELLA,3955,SETE DE SETEMBRO,,0,03/09/2026,3/10/2026,,1,,,,0,,0,00.577.158/0001-29,,,0,,0,OP PRODUÇÃO,0,0,CLASSIFICAR MODELO/FAMILIA,,,0097,GERAL,PRD,PRD - FASE PRODUTO,,,,,00/01/1900,23/06/2021,085,SEM LICENSA C&A,CONFECCOES ONEDA LTDA,ON.13.0127,TOP CURTO,TF,TING. FEIRA,N,ONDH,ONDH - SHOWROOM HAVAN,50,A DEFINIR,2,11,4,0,0,0,0,22/09/2026,22/09/2026,D43,TING. FEIRA,M02,,MALHA FEIRA TINGINDO,0,PC,PENDENTE DESENVOLVIMENTO,,,,,,00/01/1900,,,(47) 3332-5004,0,,,,,03/10/2026,0,-1,1,4,,,0,0,0,0,0,A,005,T58A - BBA,12,FEMININO,N,N,SSNN
078137,1,834,,0,AMOSTRA,02/10,0,,B39,0,0,T00,TOP CURTO (TOP),,,0,00/01/1900,2,0,GASPAR,AVENIDA DEPUTADO FRANCISCO MASTELLA,3955,SETE DE SETEMBRO,,0,11/09/2026,11/10/2026,,1,,,,0,,0,00.577.158/0001-29,,,0,,0,OP PRODUÇÃO,0,0,CLASSIFICAR MODELO/FAMILIA,,,0097,GERAL,PRD,PRD - FASE PRODUTO,,,,,00/01/1900,23/06/2021,085,SEM LICENSA C&A,CONFECCOES ONEDA LTDA,ON.14.0140,TOP CURTO,TF,TING. FEIRA,N,ONDH,ONDH - SHOWROOM HAVAN,50,A DEFINIR,2,11,4,0,0,0,0,15/09/2026,15/09/2026,D43,TING. FEIRA,M02,,MALHA FEIRA TINGINDO,0,PC,PENDENTE DESENVOLVIMENTO,,,,,,00/01/1900,,,(47) 3332-5004,0,,,,,11/10/2026,0,-8,8,4,,,0,0,0,0,0,A,003,T52A - BBO,11,MASCULINO,N,N,SSNN
078167,1,834,,0,AMOSTRA,09/10,0,,B40,0,0,T00,TOP CURTO (TOP),,,0,00/01/1900,0,0,GASPAR,AVENIDA DEPUTADO FRANCISCO MASTELLA,3955,SETE DE SETEMBRO,,0,15/09/2026,15/10/2026,,1,,,,0,,0,00.577.158/0001-29,,,0,,0,OP PRODUÇÃO,0,0,CLASSIFICAR MODELO/FAMILIA,,,0097,GERAL,PRD,PRD - FASE PRODUTO,,,,,00/01/1900,23/06/2021,149,SEM LICENÇA HERING,CONFECCOES ONEDA LTDA,13.16.00.0671C,TOP CURTO,TF,TING. FEIRA,N,HXH,DROP HALLOWEEN HERING,50,A DEFINIR,4,13,4,0,0,0,0,15/09/2026,15/09/2026,D43,TING. FEIRA,M02,,MALHA FEIRA TINGINDO,0,PC,PENDENTE DESENVOLVIMENTO,,,,,,00/01/1900,,,(47) 3332-5004,0,,,,,15/10/2026,0,-8,8,4,,,0,0,0,0,0,A,H01,T54 - HERING KIDS O,5,CAIXA - LR,N,N,SSNN
078169,1,834,,0,AMOSTRA,09/10,0,,B40,0,0,T00,TOP CURTO (TOP),,,0,00/01/1900,0,0,GASPAR,AVENIDA DEPUTADO FRANCISCO MASTELLA,3955,SETE DE SETEMBRO,,0,15/09/2026,15/10/2026,,1,,,,0,,0,00.577.158/0001-29,,,0,,0,OP PRODUÇÃO,0,0,CLASSIFICAR MODELO/FAMILIA,,,0097,GERAL,PRD,PRD - FASE PRODUTO,,,,,00/01/1900,23/06/2021,149,SEM LICENÇA HERING,CONFECCOES ONEDA LTDA,13.16.00.0673A,TOP CURTO,TF,TING. FEIRA,N,HXH,DROP HALLOWEEN HERING,50,A DEFINIR,4,13,4,0,0,0,0,15/09/2026,15/09/2026,D43,TING. FEIRA,M02,,MALHA FEIRA TINGINDO,0,PC,PENDENTE DESENVOLVIMENTO,,,,,,00/01/1900,,,(47) 3332-5004,0,,,,,15/10/2026,0,-8,8,4,,,0,0,0,0,0,A,H01,T54 - HERING KIDS O,5,CAIXA - LR,N,N,SSNN
078221,1,834,,0,AMOSTRA,02/10,0,,B40,0,0,B00,SHORTS (BOTTON),,,0,00/01/1900,0,0,GASPAR,AVENIDA DEPUTADO FRANCISCO MASTELLA,3955,SETE DE SETEMBRO,,0,16/09/2026,16/10/2026,,1,,,,0,,0,00.577.158/0001-29,,,0,,0,OP PRODUÇÃO,0,0,CLASSIFICAR MODELO/FAMILIA,,,0097,GERAL,PRD,PRD - FASE PRODUTO,,,,,00/01/1900,23/06/2021,085,SEM LICENSA C&A,CONFECCOES ONEDA LTDA,ON.16.0144,SHORTS,TF,TING. FEIRA,N,SRH,SHOW ROOM - HAVAN,50,A DEFINIR,6,14,4,0,0,0,0,16/09/2026,16/09/2026,D43,TING. FEIRA,M02,,MALHA FEIRA TINGINDO,0,PC,PENDENTE DESENVOLVIMENTO,,,,,,00/01/1900,,,(47) 3332-5004,0,,,,,16/10/2026,0,-7,7,4,,,0,0,0,0,0,A,007,T54A - PALOMINO,11,MASCULINO,N,N,SSNN
055937,0,834,,0,REPEAT SEM FLUXO,10/06,0,,Y27,0,0,C00,CONJUNTO CURTO (TOP/BOTTON),"17049-3-------------- LANCASTER - Rot/TC/1C/PIG/($6,72+2,16ram)+(2,16+preç ting)",,"35,65",00/01/1900,3,0,GASPAR,AVENIDA DEPUTADO FRANCISCO MASTELLA,3955,SETE DE SETEMBRO,,5,13/07/2026,17/07/2026,,1,,,,0,(C),0,00.577.158/0001-29,,,0,9 lcc,0,OP PRODUÇÃO,0,0,CLASSIFICAR MODELO/FAMILIA,,,0097,GERAL,,,,,Lib corte,,00/01/1900,23/06/2021,085,SEM LICENSA C&A,CONFECCOES ONEDA LTDA,01.12.00.7097,CONJUNTO CURTO \ 2024-2-7311,AV,AVIAMENTOS PENDENTE ESTILO,N,CECR,CECR - FEIRA SUMMER II 2026 (PROD CS) REPEATS,130000,AREIA,3-6,32,6,0,0,0,0,13/07/2026,20/07/2026,D47,AVIAMENTOS ESTILO,X01,,AVIAMENTOS PENDENTE ESTILO,0,PC,LIBERADO PARA PRODUÇÂO,,,,,,00/01/1900,,,(47) 3332-5004,0,,,,,10/07/2026,0,-65,72,6,,,0,0,100,0,0,E37R,81,T51C - RN,19,CABIDE-DORSAL,N,N,SSNN
076661,0,834,,0,AMOSTRA,19/06,0,,B25,0,0,T00,TOP CURTO (TOP),"cust. altenativ patch TPU R$ 3,50","GS39252.DST R$:1,70 COM PROTEÇÃO",0,00/01/1900,1,0,GASPAR,AVENIDA DEPUTADO FRANCISCO MASTELLA,3955,SETE DE SETEMBRO,,5,13/05/2026,13/06/2026,,1,,,,0,,0,00.577.158/0001-29,,,0,1 Ag F,0,OP PRODUÇÃO,0,0,CLASSIFICAR MODELO/FAMILIA,,,0097,GERAL,,,,,Agu retor Feira / pos fei,,00/01/1900,23/06/2021,139,CENTAURO,CONFECCOES ONEDA LTDA,05.20.00.0152,TOP CURTO / IV27VGM008,AV,AVIAMENTOS PENDENTE ESTILO,N,58F,58F - AW27 CENTAURO - INVERNO 27 - FUTEBOL,50,A DEFINIR,M,22,4,0,0,0,0,13/05/2026,20/05/2026,D47,AVIAMENTOS ESTILO,X01,,AVIAMENTOS PENDENTE ESTILO,0,PC,PENDENTE DESENVOLVIMENTO,,,,,,00/01/1900,,,(47) 3332-5004,0,,,,,08/06/2026,0,-126,133,4,,,0,0,0,0,0,A,51,CENTAURO,11,MASCULINO,N,N,SSNN
076662,0,834,,0,AMOSTRA,19/06,0,,B25,0,0,T00,TOP CURTO (TOP),,,0,00/01/1900,2,0,GASPAR,AVENIDA DEPUTADO FRANCISCO MASTELLA,3955,SETE DE SETEMBRO,,5,13/05/2026,13/06/2026,,1,,,,0,,0,00.577.158/0001-29,,,0,1 Ag F,0,OP PRODUÇÃO,0,0,CLASSIFICAR MODELO/FAMILIA,,,0097,GERAL,,,,,Agu retor Feira / pos fei,,00/01/1900,23/06/2021,139,CENTAURO,CONFECCOES ONEDA LTDA,05.20.00.0153,TOP CURTO,AV,AVIAMENTOS PENDENTE ESTILO,N,58F,58F - AW27 CENTAURO - INVERNO 27 - FUTEBOL,50,A DEFINIR,M,22,4,0,0,0,0,13/05/2026,20/05/2026,D47,AVIAMENTOS ESTILO,X01,,AVIAMENTOS PENDENTE ESTILO,0,PC,PENDENTE DESENVOLVIMENTO,,,,,,00/01/1900,,,(47) 3332-5004,0,,,,,08/06/2026,0,-126,133,4,,,0,0,0,0,0,A,51,CENTAURO,11,MASCULINO,N,N,SSNN
076663,0,834,,0,AMOSTRA,19/06,0,,B25,0,0,T00,TOP CURTO (TOP),"cust. altenativ patch TPU R$ 6,50","GS39251.DST R$: 2,90 COM PROTEÇÃO",0,00/01/1900,1,0,GASPAR,AVENIDA DEPUTADO FRANCISCO MASTELLA,3955,SETE DE SETEMBRO,,5,13/05/2026,13/06/2026,,1,,,,0,,0,00.577.158/0001-29,,,0,1 Ag F,0,OP PRODUÇÃO,0,0,CLASSIFICAR MODELO/FAMILIA,,,0097,GERAL,,,,,Agu retor Feira / pos fei,,00/01/1900,23/06/2021,139,CENTAURO,CONFECCOES ONEDA LTDA,05.20.00.0154,TOP CURTO,AV,AVIAMENTOS PENDENTE ESTILO,N,58F,58F - AW27 CENTAURO - INVERNO 27 - FUTEBOL,50,A DEFINIR,M,22,4,0,0,0,0,13/05/2026,20/05/2026,D47,AVIAMENTOS ESTILO,X01,,AVIAMENTOS PENDENTE ESTILO,0,PC,PENDENTE DESENVOLVIMENTO,,,,,,00/01/1900,,,(47) 3332-5004,0,,,,,08/06/2026,0,-126,133,4,,,0,0,0,0,0,A,51,CENTAURO,11,MASCULINO,N,N,SSNN
076913,0,834,,0,AMOSTRA,24/06,0,,B26,0,0,T00,TOP CURTO (TOP),,EST 1 COR,0,00/01/1900,2,0,GASPAR,AVENIDA DEPUTADO FRANCISCO MASTELLA,3955,SETE DE SETEMBRO,,5,08/06/2026,08/07/2026,,1,,,,0,,0,00.577.158/0001-29,,,0,1 Ag F,0,OP PRODUÇÃO,0,0,CLASSIFICAR MODELO/FAMILIA,,,0097,GERAL,,,,,Agu retor Feira / pos fei,,00/01/1900,23/06/2021,139,CENTAURO,CONFECCOES ONEDA LTDA,05.19.00.0156,TOP CURTO,AV,AVIAMENTOS PENDENTE ESTILO,N,58O,58O - AW27 CENTAURO - INVERNO 27 - OXER,50,A DEFINIR,M,22,4,0,0,0,0,08/06/2026,15/06/2026,D47,AVIAMENTOS ESTILO,X01,,AVIAMENTOS PENDENTE ESTILO,0,PC,PENDENTE DESENVOLVIMENTO,,,,,,00/01/1900,,,(47) 3332-5004,0,,,,,01/07/2026,0,-100,107,4,,,0,0,0,0,0,A,51,CENTAURO,12,FEMININO,N,N,SSNN
076914,0,834,,0,AMOSTRA,18/09,0,,B38,0,0,T00,TOP CURTO (TOP),,EST 1 COR,0,00/01/1900,2,0,GASPAR,AVENIDA DEPUTADO FRANCISCO MASTELLA,3955,SETE DE SETEMBRO,,5,08/06/2026,08/07/2026,,1,,,,0,,0,00.577.158/0001-29,,,0,1 Ag F,0,OP PRODUÇÃO,0,0,CLASSIFICAR MODELO/FAMILIA,,,0097,GERAL,,,,,Agu retor Feira / pos fei,,00/01/1900,23/06/2021,139,CENTAURO,CONFECCOES ONEDA LTDA,05.19.00.0156A,TOP CURTO,AV,AVIAMENTOS PENDENTE ESTILO,N,58O,58O - AW27 CENTAURO - INVERNO 27 - OXER,50,A DEFINIR,M,22,4,0,0,0,0,08/06/2026,15/06/2026,D47,AVIAMENTOS ESTILO,X01,,AVIAMENTOS PENDENTE ESTILO,0,PC,PENDENTE DESENVOLVIMENTO,,,,,,00/01/1900,,,(47) 3332-5004,0,,,,,01/07/2026,0,-100,107,4,,,0,0,0,0,0,A,51,CENTAURO,12,FEMININO,N,N,SSNN
077132,0,834,,0,AMOSTRA,17/07,0,,B29,0,0,T14,POLO LONGO (TOP),,,0,00/01/1900,0,0,GASPAR,AVENIDA DEPUTADO FRANCISCO MASTELLA,3955,SETE DE SETEMBRO,,5,17/06/2026,17/07/2026,,1,,,,0,,0,00.577.158/0001-29,,,0,1 Ag F,0,OP PRODUÇÃO,0,0,CLASSIFICAR MODELO/FAMILIA,,,0097,GERAL,,,,,Agu retor Feira / pos fei,,00/01/1900,23/06/2021,149,SEM LICENÇA HERING,CONFECCOES ONEDA LTDA,13.15.00.0631A,POLO LONGO,AV,AVIAMENTOS PENDENTE ESTILO,N,HXI,HXI - HERING INVERNO 27,50,A DEFINIR,6,14,4,0,0,0,0,17/06/2026,24/06/2026,D47,AVIAMENTOS ESTILO,X01,,AVIAMENTOS PENDENTE ESTILO,0,PC,PENDENTE DESENVOLVIMENTO,,,,,,00/01/1900,,,(47) 3332-5004,0,,,,,10/07/2026,0,-91,98,4,,,0,0,0,0,0,A,H02,T53 - HERING KIDS A,12,FEMININO,N,N,SSNN
077305,0,834,,0,AMOSTRA,,0,,,0,0,T00,TOP CURTO (TOP),"cust alternativo: tag 0,80 / transfer 0,60",,0,00/01/1900,0,0,GASPAR,AVENIDA DEPUTADO FRANCISCO MASTELLA,3955,SETE DE SETEMBRO,,5,25/06/2026,25/07/2026,,1,,,,0,,0,00.577.158/0001-29,,,0,1 Ag F,0,OP PRODUÇÃO,0,0,CLASSIFICAR MODELO/FAMILIA,,,0097,GERAL,,,,,Agu retor Feira / pos fei,,00/01/1900,23/06/2021,139,CENTAURO,CONFECCOES ONEDA LTDA,05.20.00.0160,TOP CURTO,AV,AVIAMENTOS PENDENTE ESTILO,N,58A,58A - AW27 CENTAURO - INVERNO 27 - ASICS,50,A DEFINIR,M,22,4,0,0,0,0,25/06/2026,02/07/2026,D47,AVIAMENTOS ESTILO,X01,,AVIAMENTOS PENDENTE ESTILO,0,PC,PENDENTE DESENVOLVIMENTO,,,,,,00/01/1900,,,(47) 3332-5004,0,,,,,20/07/2026,0,-83,90,4,,,0,0,0,0,0,A,51,CENTAURO,11,MASCULINO,N,N,SSNN
077306,0,834,,0,AMOSTRA,24/07,0,,B30,0,0,T00,TOP CURTO (TOP),"cust alternativo: tag 0,80 / transfer 0,60 - Custo embossed na comb.","R$:1,90 COM PROTEÇÃO",0,00/01/1900,1,0,GASPAR,AVENIDA DEPUTADO FRANCISCO MASTELLA,3955,SETE DE SETEMBRO,,5,25/06/2026,25/07/2026,,1,,,,0,,0,00.577.158/0001-29,,,0,1 Ag F,0,OP PRODUÇÃO,0,0,CLASSIFICAR MODELO/FAMILIA,,,0097,GERAL,,,,,Agu retor Feira / pos fei,,00/01/1900,23/06/2021,139,CENTAURO,CONFECCOES ONEDA LTDA,05.20.00.0161,TOP CURTO,AV,AVIAMENTOS PENDENTE ESTILO,N,58A,58A - AW27 CENTAURO - INVERNO 27 - ASICS,50,A DEFINIR,M,22,4,0,0,0,0,25/06/2026,02/07/2026,D47,AVIAMENTOS ESTILO,X01,,AVIAMENTOS PENDENTE ESTILO,0,PC,PENDENTE DESENVOLVIMENTO,,,,,,00/01/1900,,,(47) 3332-5004,0,,,,,20/07/2026,0,-83,90,4,,,0,0,0,0,0,A,51,CENTAURO,11,MASCULINO,N,N,SSNN
077312,0,834,,0,AMOSTRA,,0,,,0,0,T00,TOP CURTO (TOP),"cust alternativo: tag 0,80 / transfer 0,60",,0,00/01/1900,0,0,GASPAR,AVENIDA DEPUTADO FRANCISCO MASTELLA,3955,SETE DE SETEMBRO,,5,26/06/2026,26/07/2026,,1,,,,0,,0,00.577.158/0001-29,,,0,1 Ag F,0,OP PRODUÇÃO,0,0,CLASSIFICAR MODELO/FAMILIA,,,0097,GERAL,,,,,Agu retor Feira / pos fei,,00/01/1900,23/06/2021,139,CENTAURO,CONFECCOES ONEDA LTDA,05.20.00.0160A,TOP CURTO,AV,AVIAMENTOS PENDENTE ESTILO,N,58A,58A - AW27 CENTAURO - INVERNO 27 - ASICS,50,A DEFINIR,M,22,4,0,0,0,0,26/06/2026,03/07/2026,D47,AVIAMENTOS ESTILO,X01,,AVIAMENTOS PENDENTE ESTILO,0,PC,PENDENTE DESENVOLVIMENTO,,,,,,00/01/1900,,,(47) 3332-5004,0,,,,,20/07/2026,0,-82,89,4,,,0,0,0,0,0,A,51,CENTAURO,11,MASCULINO,N,N,SSNN
077313,0,834,,0,AMOSTRA,,0,,,0,0,T00,TOP CURTO (TOP),"cust alternativo: tag 0,80 / transfer 0,60",,0,00/01/1900,0,0,GASPAR,AVENIDA DEPUTADO FRANCISCO MASTELLA,3955,SETE DE SETEMBRO,,5,26/06/2026,26/07/2026,,1,,,,0,,0,00.577.158/0001-29,,,0,1 Ag F,0,OP PRODUÇÃO,0,0,CLASSIFICAR MODELO/FAMILIA,,,0097,GERAL,,,,,Agu retor Feira / pos fei,,00/01/1900,23/06/2021,139,CENTAURO,CONFECCOES ONEDA LTDA,05.20.00.0160B,TOP CURTO,AV,AVIAMENTOS PENDENTE ESTILO,N,58A,58A - AW27 CENTAURO - INVERNO 27 - ASICS,50,A DEFINIR,M,22,4,0,0,0,0,26/06/2026,03/07/2026,D47,AVIAMENTOS ESTILO,X01,,AVIAMENTOS PENDENTE ESTILO,0,PC,PENDENTE DESENVOLVIMENTO,,,,,,00/01/1900,,,(47) 3332-5004,0,,,,,20/07/2026,0,-82,89,4,,,0,0,0,0,0,A,51,CENTAURO,11,MASCULINO,N,N,SSNN
077314,0,834,,0,AMOSTRA,,0,,,0,0,T00,TOP CURTO (TOP),"cust alternativo: tag 0,80 / transfer 0,60",,0,00/01/1900,0,0,GASPAR,AVENIDA DEPUTADO FRANCISCO MASTELLA,3955,SETE DE SETEMBRO,,5,26/06/2026,26/07/2026,,1,,,,0,,0,00.577.158/0001-29,,,0,1 Ag F,0,OP PRODUÇÃO,0,0,CLASSIFICAR MODELO/FAMILIA,,,0097,GERAL,,,,,Agu retor Feira / pos fei,,00/01/1900,23/06/2021,139,CENTAURO,CONFECCOES ONEDA LTDA,05.20.00.0160C,TOP CURTO,AV,AVIAMENTOS PENDENTE ESTILO,N,58A,58A - AW27 CENTAURO - INVERNO 27 - ASICS,50,A DEFINIR,M,22,4,0,0,0,0,26/06/2026,03/07/2026,D47,AVIAMENTOS ESTILO,X01,,AVIAMENTOS PENDENTE ESTILO,0,PC,PENDENTE DESENVOLVIMENTO,,,,,,00/01/1900,,,(47) 3332-5004,0,,,,,20/07/2026,0,-82,89,4,,,0,0,0,0,0,A,51,CENTAURO,11,MASCULINO,N,N,SSNN
077398,0,834,,0,AMOSTRA,31/07,0,,B31,0,0,T21,VESTIDO (TOP),"Rot 3 cores PIG R$ 21, processo completo",,0,00/01/1900,0,0,GASPAR,AVENIDA DEPUTADO FRANCISCO MASTELLA,3955,SETE DE SETEMBRO,,5,09/07/2026,09/08/2026,,1,,,,0,,0,00.577.158/0001-29,,,0,1 Ag F,0,OP PRODUÇÃO,0,0,CLASSIFICAR MODELO/FAMILIA,,,0097,GERAL,,,,,Agu retor Feira / pos fei,,00/01/1900,23/06/2021,149,SEM LICENÇA HERING,CONFECCOES ONEDA LTDA,13.17.00.0639,VESTIDO / HRTE158,AV,AVIAMENTOS PENDENTE ESTILO,N,HXV,HXV - HERING VERÃO 2027,50,A DEFINIR,XP,64,4,0,0,0,0,09/07/2026,16/07/2026,D47,AVIAMENTOS ESTILO,X01,,AVIAMENTOS PENDENTE ESTILO,0,PC,PENDENTE DESENVOLVIMENTO,,,,,,00/01/1900,,,(47) 3332-5004,0,,,,,03/08/2026,0,-69,76,4,,,0,0,0,0,0,A,H06,T59 - HERING TEEN A,5,CAIXA - LR,N,N,SSNN
077399,0,834,,0,AMOSTRA,31/07,0,,B31,0,0,T00,TOP CURTO (TOP),"Rot 3 cores PIG R$ 21, processo completo",,0,00/01/1900,0,0,GASPAR,AVENIDA DEPUTADO FRANCISCO MASTELLA,3955,SETE DE SETEMBRO,,5,09/07/2026,09/08/2026,,1,,,,0,,0,00.577.158/0001-29,,,0,1 Ag F,0,OP PRODUÇÃO,0,0,CLASSIFICAR MODELO/FAMILIA,,,0097,GERAL,,,,,Agu retor Feira / pos fei,,00/01/1900,23/06/2021,149,SEM LICENÇA HERING,CONFECCOES ONEDA LTDA,13.17.00.0640,TOP CURTO / HRTE163,AV,AVIAMENTOS PENDENTE ESTILO,N,HXV,HXV - HERING VERÃO 2027,50,A DEFINIR,XP,64,4,0,0,0,0,09/07/2026,16/07/2026,D47,AVIAMENTOS ESTILO,X01,,AVIAMENTOS PENDENTE ESTILO,0,PC,PENDENTE DESENVOLVIMENTO,,,,,,00/01/1900,,,(47) 3332-5004,0,,,,,03/08/2026,0,-69,76,4,,,0,0,0,0,0,A,H06,T59 - HERING TEEN A,5,CAIXA - LR,N,N,SSNN
077420,0,834,,0,AMOSTRA,07/08,0,,B32,0,0,T00,TOP CURTO (TOP),"Rot 5 cores PIG R$ 23, processo completo",,34,00/01/1900,0,0,GASPAR,AVENIDA DEPUTADO FRANCISCO MASTELLA,3955,SETE DE SETEMBRO,,5,13/07/2026,13/08/2026,,1,,,,0,,0,00.577.158/0001-29,,,0,1 Ag F,0,OP PRODUÇÃO,0,0,CLASSIFICAR MODELO/FAMILIA,,,0097,GERAL,,,,,Agu retor Feira / pos fei,,00/01/1900,23/06/2021,149,SEM LICENÇA HERING,CONFECCOES ONEDA LTDA,13.15.00.0646,TOP CURTO / HKF254,AV,AVIAMENTOS PENDENTE ESTILO,N,HXV,HXV - HERING VERÃO 2027,50,A DEFINIR,6,14,4,0,0,0,0,13/07/2026,20/07/2026,D47,AVIAMENTOS ESTILO,X01,,AVIAMENTOS PENDENTE ESTILO,0,PC,PENDENTE DESENVOLVIMENTO,,,,,,00/01/1900,,,(47) 3332-5004,0,,,,,06/08/2026,0,-65,72,4,,,0,0,0,0,0,A,H02,T53 - HERING KIDS A,5,CAIXA - LR,N,N,SSNN
077422,0,834,,0,AMOSTRA,03/08,0,,B32,0,0,T13,POLO CURTO (TOP),,,34,00/01/1900,0,0,GASPAR,AVENIDA DEPUTADO FRANCISCO MASTELLA,3955,SETE DE SETEMBRO,,5,13/07/2026,13/08/2026,,1,,,,0,,0,00.577.158/0001-29,,,0,1 Ag F,0,OP PRODUÇÃO,0,0,CLASSIFICAR MODELO/FAMILIA,,,0097,GERAL,,,,,Agu retor Feira / pos fei,,00/01/1900,23/06/2021,149,SEM LICENÇA HERING,CONFECCOES ONEDA LTDA,13.15.00.0647,POLO CURTO / HKF257,AV,AVIAMENTOS PENDENTE ESTILO,N,HXV,HXV - HERING VERÃO 2027,50,A DEFINIR,6,14,4,0,0,0,0,13/07/2026,20/07/2026,D47,AVIAMENTOS ESTILO,X01,,AVIAMENTOS PENDENTE ESTILO,0,PC,PENDENTE DESENVOLVIMENTO,,,,,,00/01/1900,,,(47) 3332-5004,0,,,,,06/08/2026,0,-65,72,4,,,0,0,0,0,0,A,H02,T53 - HERING KIDS A,5,CAIXA - LR,N,N,SSNN
077423,0,834,,0,AMOSTRA,31/07,0,,B31,0,0,B01,CALÇA (BOTTON),,,34,00/01/1900,0,0,GASPAR,AVENIDA DEPUTADO FRANCISCO MASTELLA,3955,SETE DE SETEMBRO,,5,13/07/2026,13/08/2026,,1,,,,0,,0,00.577.158/0001-29,,,0,1 Ag F,0,OP PRODUÇÃO,0,0,CLASSIFICAR MODELO/FAMILIA,,,0097,GERAL,,,,,Agu retor Feira / pos fei,,00/01/1900,23/06/2021,149,SEM LICENÇA HERING,CONFECCOES ONEDA LTDA,13.15.00.0648,CALÇA / HKF267,AV,AVIAMENTOS PENDENTE ESTILO,N,HXV,HXV - HERING VERÃO 2027,50,A DEFINIR,6,14,4,0,0,0,0,13/07/2026,20/07/2026,D47,AVIAMENTOS ESTILO,X01,,AVIAMENTOS PENDENTE ESTILO,0,PC,PENDENTE DESENVOLVIMENTO,,,,,,00/01/1900,,,(47) 3332-5004,0,,,,,06/08/2026,0,-65,72,4,,,0,0,0,0,0,A,H02,T53 - HERING KIDS A,5,CAIXA - LR,N,N,SSNN
077425,0,834,,0,AMOSTRA,31/07,0,,B31,0,0,T00,TOP CURTO (TOP),"Rot 5 cores PIG R$ 23, processo completo",,34,00/01/1900,0,0,GASPAR,AVENIDA DEPUTADO FRANCISCO MASTELLA,3955,SETE DE SETEMBRO,,5,13/07/2026,13/08/2026,,1,,,,0,,0,00.577.158/0001-29,,,0,1 Ag F,0,OP PRODUÇÃO,0,0,CLASSIFICAR MODELO/FAMILIA,,,0097,GERAL,,,,,Agu retor Feira / pos fei,,00/01/1900,23/06/2021,149,SEM LICENÇA HERING,CONFECCOES ONEDA LTDA,13.15.00.0650,TOP CURTO / HKF272,AV,AVIAMENTOS PENDENTE ESTILO,N,HXV,HXV - HERING VERÃO 2027,50,A DEFINIR,6,14,4,0,0,0,0,13/07/2026,20/07/2026,D47,AVIAMENTOS ESTILO,X01,,AVIAMENTOS PENDENTE ESTILO,0,PC,PENDENTE DESENVOLVIMENTO,,,,,,00/01/1900,,,(47) 3332-5004,0,,,,,06/08/2026,0,-65,72,4,,,0,0,0,0,0,A,H02,T53 - HERING KIDS A,5,CAIXA - LR,N,N,SSNN
077426,0,834,,0,AMOSTRA,31/07,0,,B32,0,0,T21,VESTIDO (TOP),,,34,00/01/1900,0,0,GASPAR,AVENIDA DEPUTADO FRANCISCO MASTELLA,3955,SETE DE SETEMBRO,,5,13/07/2026,13/08/2026,,1,,,,0,,0,00.577.158/0001-29,,,0,1 Ag F,0,OP PRODUÇÃO,0,0,CLASSIFICAR MODELO/FAMILIA,,,0097,GERAL,,,,,Agu retor Feira / pos fei,,00/01/1900,23/06/2021,149,SEM LICENÇA HERING,CONFECCOES ONEDA LTDA,13.15.00.0651,VESTIDO / HKF276,AV,AVIAMENTOS PENDENTE ESTILO,N,HXV,HXV - HERING VERÃO 2027,50,A DEFINIR,6,14,4,0,0,0,0,13/07/2026,20/07/2026,D47,AVIAMENTOS ESTILO,X01,,AVIAMENTOS PENDENTE ESTILO,0,PC,PENDENTE DESENVOLVIMENTO,,,,,,00/01/1900,,,(47) 3332-5004,0,,,,,06/08/2026,0,-65,72,4,,,0,0,0,0,0,A,H02,T53 - HERING KIDS A,5,CAIXA - LR,N,N,SSNN
077427,0,834,,0,AMOSTRA,31/07,0,,B31,0,0,C00,CONJUNTO CURTO (TOP/BOTTON),"Rot 4 cores PIG R$ 22, processo completo","Etq decorativa, custo alternativo da etiqueta do produto 13.15.00.0414",34,00/01/1900,0,0,GASPAR,AVENIDA DEPUTADO FRANCISCO MASTELLA,3955,SETE DE SETEMBRO,,5,13/07/2026,13/08/2026,,1,,,,0,,0,00.577.158/0001-29,,,0,1 Ag F,0,OP PRODUÇÃO,0,0,CLASSIFICAR MODELO/FAMILIA,,,0097,GERAL,,,,,Agu retor Feira / pos fei,,00/01/1900,23/06/2021,149,SEM LICENÇA HERING,CONFECCOES ONEDA LTDA,13.15.00.0652,CONJUNTO CURTO / HKF283,AV,AVIAMENTOS PENDENTE ESTILO,N,HXV,HXV - HERING VERÃO 2027,50,A DEFINIR,6,14,4,0,0,0,0,13/07/2026,20/07/2026,D47,AVIAMENTOS ESTILO,X01,,AVIAMENTOS PENDENTE ESTILO,0,PC,PENDENTE DESENVOLVIMENTO,,,,,,00/01/1900,,,(47) 3332-5004,0,,,,,06/08/2026,0,-65,72,4,,,0,0,0,0,0,A,H02,T53 - HERING KIDS A,5,CAIXA - LR,N,N,SSNN
077428,0,834,,0,AMOSTRA,31/07,0,,B31,0,0,C00,CONJUNTO CURTO (TOP/BOTTON),,,34,00/01/1900,0,0,GASPAR,AVENIDA DEPUTADO FRANCISCO MASTELLA,3955,SETE DE SETEMBRO,,5,13/07/2026,13/08/2026,,1,,,,0,,0,00.577.158/0001-29,,,0,1 Ag F,0,OP PRODUÇÃO,0,0,CLASSIFICAR MODELO/FAMILIA,,,0097,GERAL,,,,,Agu retor Feira / pos fei,,00/01/1900,23/06/2021,149,SEM LICENÇA HERING,CONFECCOES ONEDA LTDA,13.15.00.0653,CONJUNTO CURTO / HKF284,AV,AVIAMENTOS PENDENTE ESTILO,N,HXV,HXV - HERING VERÃO 2027,50,A DEFINIR,6,14,4,0,0,0,0,13/07/2026,20/07/2026,D47,AVIAMENTOS ESTILO,X01,,AVIAMENTOS PENDENTE ESTILO,0,PC,PENDENTE DESENVOLVIMENTO,,,,,,00/01/1900,,,(47) 3332-5004,0,,,,,06/08/2026,0,-65,72,4,,,0,0,0,0,0,A,H02,T53 - HERING KIDS A,5,CAIXA - LR,N,N,SSNN
077429,0,834,,0,AMOSTRA,31/07,0,,B31,0,0,C00,CONJUNTO CURTO (TOP/BOTTON),,,34,00/01/1900,0,0,GASPAR,AVENIDA DEPUTADO FRANCISCO MASTELLA,3955,SETE DE SETEMBRO,,5,13/07/2026,13/08/2026,,1,,,,0,,0,00.577.158/0001-29,,,0,1 Ag F,0,OP PRODUÇÃO,0,0,CLASSIFICAR MODELO/FAMILIA,,,0097,GERAL,,,,,Agu retor Feira / pos fei,,00/01/1900,23/06/2021,149,SEM LICENÇA HERING,CONFECCOES ONEDA LTDA,13.15.00.0654,CONJUNTO CURTO / HKF285-1,AV,AVIAMENTOS PENDENTE ESTILO,N,HXV,HXV - HERING VERÃO 2027,50,A DEFINIR,6,14,4,0,0,0,0,13/07/2026,20/07/2026,D47,AVIAMENTOS ESTILO,X01,,AVIAMENTOS PENDENTE ESTILO,0,PC,PENDENTE DESENVOLVIMENTO,,,,,,00/01/1900,,,(47) 3332-5004,0,,,,,06/08/2026,0,-65,72,4,,,0,0,0,0,0,A,H02,T53 - HERING KIDS A,5,CAIXA - LR,N,N,SSNN
077431,0,834,,0,AMOSTRA,31/07,0,,B31,0,0,B00,SHORTS (BOTTON),"Rot 5 cores PIG R$ 23, processo completo",,34,00/01/1900,0,0,GASPAR,AVENIDA DEPUTADO FRANCISCO MASTELLA,3955,SETE DE SETEMBRO,,5,13/07/2026,13/8/2026,,1,,,,0,,0,00.577.158/0001-29,,,0,1 Ag F,0,OP PRODUÇÃO,0,0,CLASSIFICAR MODELO/FAMILIA,,,0097,GERAL,,,,,Agu retor Feira / pos fei,,00/01/1900,23/06/2021,149,SEM LICENÇA HERING,CONFECCOES ONEDA LTDA,13.15.00.0656,SHORTS / HKF260,AV,AVIAMENTOS PENDENTE ESTILO,N,HXV,HXV - HERING VERÃO 2027,50,A DEFINIR,6,14,4,0,0,0,0,13/07/2026,20/07/2026,D47,AVIAMENTOS ESTILO,X01,,AVIAMENTOS PENDENTE ESTILO,0,PC,PENDENTE DESENVOLVIMENTO,,,,,,00/01/1900,,,(47) 3332-5004,0,,,,,06/08/2026,0,-65,72,4,,,0,0,0,0,0,A,H02,T53 - HERING KIDS A,5,CAIXA - LR,N,N,SSNN
077457,0,834,,0,AMOSTRA,31/07,0,,B31,0,0,C00,CONJUNTO CURTO (TOP/BOTTON),,,0,00/01/1900,0,0,GASPAR,AVENIDA DEPUTADO FRANCISCO MASTELLA,3955,SETE DE SETEMBRO,,5,13/07/2026,13/8/2026,,1,,,,0,,0,00.577.158/0001-29,,,0,1 Ag F,0,OP PRODUÇÃO,0,0,CLASSIFICAR MODELO/FAMILIA,,,0097,GERAL,,,,,Agu retor Feira / pos fei,,00/01/1900,23/06/2021,149,SEM LICENÇA HERING,CONFECCOES ONEDA LTDA,13.16.00.0641,CONJUNTO CURTO / HKM218,AV,AVIAMENTOS PENDENTE ESTILO,N,HXV,HXV - HERING VERÃO 2027,50,A DEFINIR,6,14,4,0,0,0,0,13/07/2026,20/07/2026,D47,AVIAMENTOS ESTILO,X01,,AVIAMENTOS PENDENTE ESTILO,0,PC,PENDENTE DESENVOLVIMENTO,,,,,,00/01/1900,,,(47) 3332-5004,0,,,,,06/08/2026,0,-65,72,4,,,0,0,0,0,0,A,H01,T54 - HERING KIDS O,5,CAIXA - LR,N,N,SSNN
077458,0,834,,0,AMOSTRA,31/07,0,,B31,0,0,C00,CONJUNTO CURTO (TOP/BOTTON),,,0,00/01/1900,0,0,GASPAR,AVENIDA DEPUTADO FRANCISCO MASTELLA,3955,SETE DE SETEMBRO,,5,13/07/2026,13/8/2026,,1,,,,0,,0,00.577.158/0001-29,,,0,1 Ag F,0,OP PRODUÇÃO,0,0,CLASSIFICAR MODELO/FAMILIA,,,0097,GERAL,,,,,Agu retor Feira / pos fei,,00/01/1900,23/06/2021,149,SEM LICENÇA HERING,CONFECCOES ONEDA LTDA,13.16.00.0642,CONJUNTO CURTO / HKM219,AV,AVIAMENTOS PENDENTE ESTILO,N,HXV,HXV - HERING VERÃO 2027,50,A DEFINIR,6,14,4,0,0,0,0,13/07/2026,20/07/2026,D47,AVIAMENTOS ESTILO,X01,,AVIAMENTOS PENDENTE ESTILO,0,PC,PENDENTE DESENVOLVIMENTO,,,,,,00/01/1900,,,(47) 3332-5004,0,,,,,06/08/2026,0,-65,72,4,,,0,0,0,0,0,A,H01,T54 - HERING KIDS O,5,CAIXA - LR,N,N,SSNN
077459,0,834,,0,AMOSTRA,31/07,0,,B31,0,0,C00,CONJUNTO CURTO (TOP/BOTTON),,,0,00/01/1900,0,0,GASPAR,AVENIDA DEPUTADO FRANCISCO MASTELLA,3955,SETE DE SETEMBRO,,5,13/07/2026,13/8/2026,,1,,,,0,,0,00.577.158/0001-29,,,0,1 Ag F,0,OP PRODUÇÃO,0,0,CLASSIFICAR MODELO/FAMILIA,,,0097,GERAL,,,,,Agu retor Feira / pos fei,,00/01/1900,23/06/2021,149,SEM LICENÇA HERING,CONFECCOES ONEDA LTDA,13.16.00.0643,CONJUNTO CURTO / HKM220,AV,AVIAMENTOS PENDENTE ESTILO,N,HXV,HXV - HERING VERÃO 2027,50,A DEFINIR,6,14,4,0,0,0,0,13/07/2026,20/07/2026,D47,AVIAMENTOS ESTILO,X01,,AVIAMENTOS PENDENTE ESTILO,0,PC,PENDENTE DESENVOLVIMENTO,,,,,,00/01/1900,,,(47) 3332-5004,0,,,,,06/08/2026,0,-65,72,4,,,0,0,0,0,0,A,H01,T54 - HERING KIDS O,5,CAIXA - LR,N,N,SSNN
077460,0,834,,0,AMOSTRA,31/07,0,,B31,0,0,C00,CONJUNTO CURTO (TOP/BOTTON),,,0,00/01/1900,0,0,GASPAR,AVENIDA DEPUTADO FRANCISCO MASTELLA,3955,SETE DE SETEMBRO,,5,13/07/2026,13/8/2026,,1,,,,0,,0,00.577.158/0001-29,,,0,1 Ag F,0,OP PRODUÇÃO,0,0,CLASSIFICAR MODELO/FAMILIA,,,0097,GERAL,,,,,Agu retor Feira / pos fei,,00/01/1900,23/06/2021,149,SEM LICENÇA HERING,CONFECCOES ONEDA LTDA,13.16.00.0644,CONJUNTO CURTO / HKM221,AV,AVIAMENTOS PENDENTE ESTILO,N,HXV,HXV - HERING VERÃO 2027,50,A DEFINIR,6,14,4,0,0,0,0,13/07/2026,20/07/2026,D47,AVIAMENTOS ESTILO,X01,,AVIAMENTOS PENDENTE ESTILO,0,PC,PENDENTE DESENVOLVIMENTO,,,,,,00/01/1900,,,(47) 3332-5004,0,,,,,06/08/2026,0,-65,72,4,,,0,0,0,0,0,A,H01,T54 - HERING KIDS O,5,CAIXA - LR,N,N,SSNN
077461,0,834,,0,AMOSTRA,24/07,0,,B30,0,0,T02,TOP LONGO (TOP),,,0,00/01/1900,0,0,GASPAR,AVENIDA DEPUTADO FRANCISCO MASTELLA,3955,SETE DE SETEMBRO,,5,16/07/2026,16/8/2026,,1,,,,0,,0,00.577.158/0001-29,,,0,1 Ag F,0,OP PRODUÇÃO,0,0,CLASSIFICAR MODELO/FAMILIA,,,0097,GERAL,,,,,Agu retor Feira / pos fei,,00/01/1900,23/06/2021,149,SEM LICENÇA HERING,CONFECCOES ONEDA LTDA,13.19.00.0658,TOP LONGO / 4HEU,AV,AVIAMENTOS PENDENTE ESTILO,N,HXI,HXI - HERING INVERNO 27,50,A DEFINIR,P,21,4,0,0,0,0,16/07/2026,23/07/2026,D47,AVIAMENTOS ESTILO,X01,,AVIAMENTOS PENDENTE ESTILO,0,PC,PENDENTE DESENVOLVIMENTO,,,,,,00/01/1900,,,(47) 3332-5004,0,,,,,10/08/2026,0,-62,69,4,,,0,0,0,0,0,A,62,ADULTO,5,CAIXA - LR,N,N,SSNN
077590,0,834,,0,AMOSTRA,19/10,0,,B40,0,0,T14,POLO LONGO (TOP),,,0,00/01/1900,0,0,GASPAR,AVENIDA DEPUTADO FRANCISCO MASTELLA,3955,SETE DE SETEMBRO,,5,03/08/2026,3/9/2026,,1,,,,0,,0,00.577.158/0001-29,,,0,,0,OP PRODUÇÃO,0,0,CLASSIFICAR MODELO/FAMILIA,,,0097,GERAL,,,,,,,00/01/1900,23/06/2021,085,SEM LICENSA C&A,CONFECCOES ONEDA LTDA,ON.14.0103,POLO LONGO,AV,AVIAMENTOS PENDENTE ESTILO,N,ONDW,ONDW - SHOW ROOM WINTER - AMOSTRAS AGOSTO 2026,50,A DEFINIR,2,11,4,0,0,0,0,03/08/2026,10/08/2026,D47,AVIAMENTOS ESTILO,X01,,AVIAMENTOS PENDENTE ESTILO,0,PC,PENDENTE DESENVOLVIMENTO,,,,,,00/01/1900,,,(47) 3332-5004,0,,,,,27/08/2026,0,-44,51,4,,,0,0,0,0,0,A,003,T52A - BBO,11,MASCULINO,N,N,SSNN
077591,0,834,,0,AMOSTRA,19/10,0,,B40,0,0,C01,CONJUNTO LONGO (TOP/BOTTON),,,0,00/01/1900,0,0,GASPAR,AVENIDA DEPUTADO FRANCISCO MASTELLA,3955,SETE DE SETEMBRO,,5,03/08/2026,3/9/2026,,1,,,,0,,0,00.577.158/0001-29,,,0,,0,OP PRODUÇÃO,0,0,CLASSIFICAR MODELO/FAMILIA,,,0097,GERAL,,,,,,,00/01/1900,23/06/2021,085,SEM LICENSA C&A,CONFECCOES ONEDA LTDA,ON.14.0104,CONJUNTO LONGO,AV,AVIAMENTOS PENDENTE ESTILO,N,ONDW,ONDW - SHOW ROOM WINTER - AMOSTRAS AGOSTO 2026,50,A DEFINIR,2,11,4,0,0,0,0,03/08/2026,10/08/2026,D47,AVIAMENTOS ESTILO,X01,,AVIAMENTOS PENDENTE ESTILO,0,PC,PENDENTE DESENVOLVIMENTO,,,,,,00/01/1900,,,(47) 3332-5004,0,,,,,27/08/2026,0,-44,51,4,,,0,0,0,0,0,A,003,T52A - BBO,11,MASCULINO,N,N,SSNN
077649,0,834,,0,AMOSTRA,04/09,0,,B35,0,0,C09,CONJUNTO POLO CURTO (TOP/BOTTON),,"GS39537 R$ 2,57 c/ proteção",0,00/01/1900,2,0,GASPAR,AVENIDA DEPUTADO FRANCISCO MASTELLA,3955,SETE DE SETEMBRO,,5,06/08/2026,6/9/2026,,1,,,,0,,0,00.577.158/0001-29,,,0,,0,OP PRODUÇÃO,0,0,CLASSIFICAR MODELO/FAMILIA,,,0097,GERAL,,,,,,,00/01/1900,23/06/2021,085,SEM LICENSA C&A,CONFECCOES ONEDA LTDA,01.12.00.7867,CONJUNTO POLO CURTO / 2027-1-4741,AV,AVIAMENTOS PENDENTE ESTILO,N,CFC,CFC - FEIRA WINTER I 2027 (PROD CS),50,A DEFINIR,3-6,32,4,0,0,0,0,06/08/2026,13/08/2026,D47,AVIAMENTOS ESTILO,X01,,AVIAMENTOS PENDENTE ESTILO,0,PC,PENDENTE DESENVOLVIMENTO,,,,,,00/01/1900,,,(47) 3332-5004,0,,,,,31/08/2026,0,-41,48,4,,,0,0,0,0,0,A,004,T51A - RNO,11,MASCULINO,N,N,SSNN
077650,0,834,,0,AMOSTRA,04/09,0,,B34,0,0,T00,TOP CURTO (TOP),,"GS39535 R$ 3,30 c/ proteção",0,00/01/1900,3,0,GASPAR,AVENIDA DEPUTADO FRANCISCO MASTELLA,3955,SETE DE SETEMBRO,,5,06/08/2026,6/9/2026,,1,,,,0,,0,00.577.158/0001-29,,,0,,0,OP PRODUÇÃO,0,0,CLASSIFICAR MODELO/FAMILIA,,,0097,GERAL,,,,,,,00/01/1900,23/06/2021,085,SEM LICENSA C&A,CONFECCOES ONEDA LTDA,01.12.00.7868,CONJUNTO CURTO / 2027-1-4746,AV,AVIAMENTOS PENDENTE ESTILO,N,CFC,CFC - FEIRA WINTER I 2027 (PROD CS),50,A DEFINIR,3-6,32,4,0,0,0,0,06/08/2026,13/08/2026,D47,AVIAMENTOS ESTILO,X01,,AVIAMENTOS PENDENTE ESTILO,0,PC,PENDENTE DESENVOLVIMENTO,,,,,,00/01/1900,,,(47) 3332-5004,0,,,,,31/08/2026,0,-41,48,4,,,0,0,0,0,0,A,004,T51A - RNO,11,MASCULINO,N,N,SSNN
077651,0,834,,0,AMOSTRA,04/09,0,,B34,0,0,C04,CONJUNTO MOLETOM (TOP/BOTTON),"Rot 1 cor PIG R$ 19, processo completo","GS39534 R$ 1,62",0,00/01/1900,1,0,GASPAR,AVENIDA DEPUTADO FRANCISCO MASTELLA,3955,SETE DE SETEMBRO,,5,06/08/2026,6/9/2026,,1,,,,0,,0,00.577.158/0001-29,,,0,,0,OP PRODUÇÃO,0,0,CLASSIFICAR MODELO/FAMILIA,,,0097,GERAL,,,,,,,00/01/1900,23/06/2021,085,SEM LICENSA C&A,CONFECCOES ONEDA LTDA,01.12.00.7869,CONJUNTO MOLETOM / 2027-1-4736,AV,AVIAMENTOS PENDENTE ESTILO,N,CFC,CFC - FEIRA WINTER I 2027 (PROD CS),50,A DEFINIR,3-6,32,4,0,0,0,0,06/08/2026,13/08/2026,D47,AVIAMENTOS ESTILO,X01,,AVIAMENTOS PENDENTE ESTILO,0,PC,PENDENTE DESENVOLVIMENTO,,,,,,00/01/1900,,,(47) 3332-5004,0,,,,,31/08/2026,0,-41,48,4,,,0,0,0,0,0,A,004,T51A - RNO,11,MASCULINO,N,N,SSNN
077652,0,834,,0,AMOSTRA,04/09,0,,B36,0,0,C04,CONJUNTO MOLETOM (TOP/BOTTON),EST 1 COR,"GS39532 - R$ 2,35 c/ proteção",0,00/01/1900,1,0,GASPAR,AVENIDA DEPUTADO FRANCISCO MASTELLA,3955,SETE DE SETEMBRO,,5,06/08/2026,6/9/2026,,1,,,,0,,0,00.577.158/0001-29,,,0,,0,OP PRODUÇÃO,0,0,CLASSIFICAR MODELO/FAMILIA,,,0097,GERAL,,,,,,,00/01/1900,23/06/2021,085,SEM LICENSA C&A,CONFECCOES ONEDA LTDA,01.12.00.7870,CONJUNTO MOLETOM / 2027-1-4735,AV,AVIAMENTOS PENDENTE ESTILO,N,CFC,CFC - FEIRA WINTER I 2027 (PROD CS),50,A DEFINIR,3-6,32,4,0,0,0,0,06/08/2026,13/08/2026,D47,AVIAMENTOS ESTILO,X01,,AVIAMENTOS PENDENTE ESTILO,0,PC,PENDENTE DESENVOLVIMENTO,,,,,,00/01/1900,,,(47) 3332-5004,0,,,,,31/08/2026,0,-41,48,4,,,0,0,0,0,0,A,004,T51A - RNO,11,MASCULINO,N,N,SSNN
077653,0,834,,0,AMOSTRA,04/09,0,,B35,0,0,C09,CONJUNTO POLO CURTO (TOP/BOTTON),,,0,00/01/1900,3,0,GASPAR,AVENIDA DEPUTADO FRANCISCO MASTELLA,3955,SETE DE SETEMBRO,,5,06/08/2026,6/9/2026,,1,,,,0,,0,00.577.158/0001-29,,,0,,0,OP PRODUÇÃO,0,0,CLASSIFICAR MODELO/FAMILIA,,,0097,GERAL,,,,,,,00/01/1900,23/06/2021,085,SEM LICENSA C&A,CONFECCOES ONEDA LTDA,01.12.00.7871,CONJUNTO POLO CURTO / 2027-1-836,AV,AVIAMENTOS PENDENTE ESTILO,N,CFC,CFC - FEIRA WINTER I 2027 (PROD CS),50,A DEFINIR,3-6,32,4,0,0,0,0,06/08/2026,13/08/2026,D47,AVIAMENTOS ESTILO,X01,,AVIAMENTOS PENDENTE ESTILO,0,PC,PENDENTE DESENVOLVIMENTO,,,,,,00/01/1900,,,(47) 3332-5004,0,,,,,31/08/2026,0,-41,48,4,,,0,0,0,0,0,A,004,T51A - RNO,11,MASCULINO,N,N,SSNN
077654,0,834,,0,AMOSTRA,04/09,0,,B34,0,0,T15,BODY CURTO (TOP),,,0,00/01/1900,1,0,GASPAR,AVENIDA DEPUTADO FRANCISCO MASTELLA,3955,SETE DE SETEMBRO,,5,06/08/2026,6/9/2026,,1,,,,0,,0,00.577.158/0001-29,,,0,,0,OP PRODUÇÃO,0,0,CLASSIFICAR MODELO/FAMILIA,,,0097,GERAL,,,,,,,00/01/1900,23/06/2021,085,SEM LICENSA C&A,CONFECCOES ONEDA LTDA,01.12.00.7872,BODY CURTO / VPN-DEFINIR,AV,AVIAMENTOS PENDENTE ESTILO,N,CFC,CFC - FEIRA WINTER I 2027 (PROD CS),50,A DEFINIR,3-6,32,4,0,0,0,0,06/08/2026,13/08/2026,D47,AVIAMENTOS ESTILO,X01,,AVIAMENTOS PENDENTE ESTILO,0,PC,PENDENTE DESENVOLVIMENTO,,,,,,00/01/1900,,,(47) 3332-5004,0,,,,,31/08/2026,0,-41,48,4,,,0,0,0,0,0,A,004,T51A - RNO,11,MASCULINO,N,N,SSNN
077655,0,834,,0,AMOSTRA,04/09,0,,B35,0,0,T15,BODY CURTO (TOP),"Rot 1 cor ECOWAY R$ 24, processo completo",,0,00/01/1900,2,0,GASPAR,AVENIDA DEPUTADO FRANCISCO MASTELLA,3955,SETE DE SETEMBRO,,5,06/08/2026,6/9/2026,,1,,,,0,,0,00.577.158/0001-29,,,0,,0,OP PRODUÇÃO,0,0,CLASSIFICAR MODELO/FAMILIA,,,0097,GERAL,,,,,,,00/01/1900,23/06/2021,085,SEM LICENSA C&A,CONFECCOES ONEDA LTDA,01.12.00.7873,BODY CURTO / 2027-1-4750,AV,AVIAMENTOS PENDENTE ESTILO,N,CFC,CFC - FEIRA WINTER I 2027 (PROD CS),50,A DEFINIR,3-6,32,4,0,0,0,0,06/08/2026,13/08/2026,D47,AVIAMENTOS ESTILO,X01,,AVIAMENTOS PENDENTE ESTILO,0,PC,PENDENTE DESENVOLVIMENTO,,,,,,00/01/1900,,,(47) 3332-5004,0,,,,,31/08/2026,0,-41,48,4,,,0,0,0,0,0,A,004,T51A - RNO,11,MASCULINO,N,N,SSNN
077656,0,834,,0,AMOSTRA,04/09,0,,B36,0,0,C01,CONJUNTO LONGO (TOP/BOTTON),,,0,00/01/1900,0,0,GASPAR,AVENIDA DEPUTADO FRANCISCO MASTELLA,3955,SETE DE SETEMBRO,,5,06/08/2026,6/9/2026,,1,,,,0,,0,00.577.158/0001-29,,,0,,0,OP PRODUÇÃO,0,0,CLASSIFICAR MODELO/FAMILIA,,,0097,GERAL,,,,,,,00/01/1900,23/06/2021,085,SEM LICENSA C&A,CONFECCOES ONEDA LTDA,01.12.00.7874,CONJUNTO LONGO / 2027-1-4748,AV,AVIAMENTOS PENDENTE ESTILO,N,CFC,CFC - FEIRA WINTER I 2027 (PROD CS),50,A DEFINIR,3-6,32,4,0,0,0,0,06/08/2026,13/08/2026,D47,AVIAMENTOS ESTILO,X01,,AVIAMENTOS PENDENTE ESTILO,0,PC,PENDENTE DESENVOLVIMENTO,,,,,,00/01/1900,,,(47) 3332-5004,0,,,,,31/08/2026,0,-41,48,4,,,0,0,0,0,0,A,004,T51A - RNO,11,MASCULINO,N,N,SSNN
077657,0,834,,0,AMOSTRA,04/09,0,,B35,0,0,B00,SHORTS (BOTTON),,"GS39533 R$ 1,60 c/ proteção",0,00/01/1900,0,0,GASPAR,AVENIDA DEPUTADO FRANCISCO MASTELLA,3955,SETE DE SETEMBRO,,5,06/08/2026,6/9/2026,,1,,,,0,,0,00.577.158/0001-29,,,0,,0,OP PRODUÇÃO,0,0,CLASSIFICAR MODELO/FAMILIA,,,0097,GERAL,,,,,,,00/01/1900,23/06/2021,085,SEM LICENSA C&A,CONFECCOES ONEDA LTDA,01.12.00.7875,SHORTS / VPN-DEFINIR,AV,AVIAMENTOS PENDENTE ESTILO,N,CFC,CFC - FEIRA WINTER I 2027 (PROD CS),50,A DEFINIR,3-6,32,4,0,0,0,0,06/08/2026,13/08/2026,D47,AVIAMENTOS ESTILO,X01,,AVIAMENTOS PENDENTE ESTILO,0,PC,PENDENTE DESENVOLVIMENTO,,,,,,00/01/1900,,,(47) 3332-5004,0,,,,,31/08/2026,0,-41,48,4,,,0,0,0,0,0,A,004,T51A - RNO,11,MASCULINO,N,N,SSNN
077658,0,834,,0,AMOSTRA,04/09,0,,B35,0,0,C11,CONJUNTO JARDINEIRA (TOP/BOTTON),"Rot 1 cor ECOWAY R$ 24, processo completo",,0,00/01/1900,2,0,GASPAR,AVENIDA DEPUTADO FRANCISCO MASTELLA,3955,SETE DE SETEMBRO,,5,06/08/2026,6/9/2026,,1,,,,0,,0,00.577.158/0001-29,,,0,,0,OP PRODUÇÃO,0,0,CLASSIFICAR MODELO/FAMILIA,,,0097,GERAL,,,,,,,00/01/1900,23/06/2021,085,SEM LICENSA C&A,CONFECCOES ONEDA LTDA,01.11.00.7876,CONJUNTO JARDINEIRA / 2027-1-4720,AV,AVIAMENTOS PENDENTE ESTILO,N,CFC,CFC - FEIRA WINTER I 2027 (PROD CS),50,A DEFINIR,3-6,32,8,0,0,0,0,06/08/2026,13/08/2026,D47,AVIAMENTOS ESTILO,X01,,AVIAMENTOS PENDENTE ESTILO,0,CJ,PENDENTE DESENVOLVIMENTO,,,,,,00/01/1900,,,(47) 3332-5004,0,,,,,31/08/2026,0,-41,48,8,,,0,0,0,0,0,A,006,T51A - RNA,12,FEMININO,N,N,SSNN
077691,0,834,,0,AMOSTRA,04/09,0,,B35,0,0,C00,CONJUNTO CURTO (TOP/BOTTON),,"ET. R$ 326,00 / milheiro",0,00/01/1900,1,0,GASPAR,AVENIDA DEPUTADO FRANCISCO MASTELLA,3955,SETE DE SETEMBRO,,5,07/08/2026,7/9/2026,,1,,,,0,,0,00.577.158/0001-29,,,0,,0,OP PRODUÇÃO,0,0,CLASSIFICAR MODELO/FAMILIA,,,0097,GERAL,,,,,,,00/01/1900,23/06/2021,085,SEM LICENSA C&A,CONFECCOES ONEDA LTDA,01.12.00.7879,CONJUNTO CURTO / 2027-1-4465,AV,AVIAMENTOS PENDENTE ESTILO,N,CFC,CFC - FEIRA WINTER I 2027 (PROD CS),50,A DEFINIR,3-6,32,4,0,0,0,0,07/08/2026,14/08/2026,D47,AVIAMENTOS ESTILO,X01,,AVIAMENTOS PENDENTE ESTILO,0,PC,PENDENTE DESENVOLVIMENTO,,,,,,00/01/1900,,,(47) 3332-5004,0,,,,,31/08/2026,0,-40,47,4,,,0,0,0,0,0,A,004,T51A - RNO,11,MASCULINO,N,N,SSNN
077692,0,834,,0,AMOSTRA,04/09,0,,B34,0,0,C01,CONJUNTO LONGO (TOP/BOTTON),,"GS39536 R$ 2,60 c/ proteção",0,00/01/1900,2,0,GASPAR,AVENIDA DEPUTADO FRANCISCO MASTELLA,3955,SETE DE SETEMBRO,,5,07/08/2026,7/9/2026,,1,,,,0,,0,00.577.158/0001-29,,,0,,0,OP PRODUÇÃO,0,0,CLASSIFICAR MODELO/FAMILIA,,,0097,GERAL,,,,,,,00/01/1900,23/06/2021,085,SEM LICENSA C&A,CONFECCOES ONEDA LTDA,01.12.00.7878,CONJUNTO LONGO / 2027-1-808,AV,AVIAMENTOS PENDENTE ESTILO,N,CFC,CFC - FEIRA WINTER I 2027 (PROD CS),50,A DEFINIR,3-6,32,4,0,0,0,0,07/08/2026,14/08/2026,D47,AVIAMENTOS ESTILO,X01,,AVIAMENTOS PENDENTE ESTILO,0,PC,PENDENTE DESENVOLVIMENTO,,,,,,00/01/1900,,,(47) 3332-5004,0,,,,,31/08/2026,0,-40,47,4,,,0,0,0,0,0,A,004,T51A - RNO,11,MASCULINO,N,N,SSNN
077694,0,834,,0,AMOSTRA,04/09,0,,B35,0,0,C11,CONJUNTO JARDINEIRA (TOP/BOTTON),"Rot 1 cor ECOWAY R$ 24, processo completo",,0,00/01/1900,0,0,GASPAR,AVENIDA DEPUTADO FRANCISCO MASTELLA,3955,SETE DE SETEMBRO,,5,07/08/2026,07/09/2026,,1,,,,0,,0,00.577.158/0001-29,,,0,,0,OP PRODUÇÃO,0,0,CLASSIFICAR MODELO/FAMILIA,,,0097,GERAL,,,,,,,00/01/1900,23/06/2021,085,SEM LICENSA C&A,CONFECCOES ONEDA LTDA,01.11.00.7876-1,CONJUNTO JARDINEIRA / 2027-1-4720,AV,AVIAMENTOS PENDENTE ESTILO,N,CFC,CFC - FEIRA WINTER I 2027 (PROD CS),50,A DEFINIR,3-6,32,8,0,0,0,0,07/08/2026,14/08/2026,D47,AVIAMENTOS ESTILO,X01,,AVIAMENTOS PENDENTE ESTILO,0,CJ,PENDENTE DESENVOLVIMENTO,,,,,,00/01/1900,,,(47) 3332-5004,0,,,,,31/08/2026,0,-40,47,8,,,0,0,0,0,0,A,006,T51A - RNA,12,FEMININO,N,N,SSNN
077764,0,834,,0,AMOSTRA,04/09,0,,B36,0,0,T00,TOP CURTO (TOP),"Rot 1 cor PIG R$ 19, processo completo",,0,00/01/1900,2,0,GASPAR,AVENIDA DEPUTADO FRANCISCO MASTELLA,3955,SETE DE SETEMBRO,,5,10/08/2026,10/09/2026,,1,,,,0,,0,00.577.158/0001-29,,,0,1 Ag F,0,OP PRODUÇÃO,0,0,CLASSIFICAR MODELO/FAMILIA,,,0097,GERAL,,,,,Agu retor Feira / pos fei,,00/01/1900,23/06/2021,085,SEM LICENSA C&A,CONFECCOES ONEDA LTDA,01.14.00.7741A,TOP CURTO / 2026-2-3531,AV,AVIAMENTOS PENDENTE ESTILO,N,CFA,CFA - FEIRA WINTER I 2027 (PROD AS BS),50,A DEFINIR,2,11,4,0,0,0,0,10/08/2026,17/08/2026,D47,AVIAMENTOS ESTILO,X01,,AVIAMENTOS PENDENTE ESTILO,0,PC,PENDENTE DESENVOLVIMENTO,,,,,,00/01/1900,,,(47) 3332-5004,0,,,,,03/09/2026,0,-37,44,4,,,0,0,0,0,0,A,003,T52A - BBO,11,MASCULINO,N,N,SSNN
077765,0,834,,0,AMOSTRA,04/09,0,,B36,0,0,T00,TOP CURTO (TOP),"Rot 1 cor PIG R$ 19, processo completo",,0,00/01/1900,2,0,GASPAR,AVENIDA DEPUTADO FRANCISCO MASTELLA,3955,SETE DE SETEMBRO,,5,10/08/2026,10/09/2026,,1,,,,0,,0,00.577.158/0001-29,,,0,1 Ag F,0,OP PRODUÇÃO,0,0,CLASSIFICAR MODELO/FAMILIA,,,0097,GERAL,,,,,Agu retor Feira / pos fei,,00/01/1900,23/06/2021,085,SEM LICENSA C&A,CONFECCOES ONEDA LTDA,01.14.00.7741B,TOP CURTO / 2026-2-3531,AV,AVIAMENTOS PENDENTE ESTILO,N,CFA,CFA - FEIRA WINTER I 2027 (PROD AS BS),50,A DEFINIR,2,11,4,0,0,0,0,10/08/2026,17/08/2026,D47,AVIAMENTOS ESTILO,X01,,AVIAMENTOS PENDENTE ESTILO,0,PC,PENDENTE DESENVOLVIMENTO,,,,,,00/01/1900,,,(47) 3332-5004,0,,,,,03/09/2026,0,-37,44,4,,,0,0,0,0,0,A,003,T52A - BBO,11,MASCULINO,N,N,SSNN
077766,0,834,,0,AMOSTRA,04/09,0,,B36,0,0,T00,TOP CURTO (TOP),"Rot 1 cor PIG R$ 19, processo completo",,0,00/01/1900,2,0,GASPAR,AVENIDA DEPUTADO FRANCISCO MASTELLA,3955,SETE DE SETEMBRO,,5,10/08/2026,10/09/2026,,1,,,,0,,0,00.577.158/0001-29,,,0,1 Ag F,0,OP PRODUÇÃO,0,0,CLASSIFICAR MODELO/FAMILIA,,,0097,GERAL,,,,,Agu retor Feira / pos fei,,00/01/1900,23/06/2021,085,SEM LICENSA C&A,CONFECCOES ONEDA LTDA,01.14.00.7741C,TOP CURTO / 2026-2-3531,AV,AVIAMENTOS PENDENTE ESTILO,N,CFA,CFA - FEIRA WINTER I 2027 (PROD AS BS),50,A DEFINIR,2,11,4,0,0,0,0,10/08/2026,17/08/2026,D47,AVIAMENTOS ESTILO,X01,,AVIAMENTOS PENDENTE ESTILO,0,PC,PENDENTE DESENVOLVIMENTO,,,,,,00/01/1900,,,(47) 3332-5004,0,,,,,03/09/2026,0,-37,44,4,,,0,0,0,0,0,A,003,T52A - BBO,11,MASCULINO,N,N,SSNN
077769,0,834,,0,AMOSTRA,04/09,0,,B35,0,0,B01,CALÇA (BOTTON),,,0,00/01/1900,0,0,GASPAR,AVENIDA DEPUTADO FRANCISCO MASTELLA,3955,SETE DE SETEMBRO,,5,10/08/2026,10/09/2026,,1,,,,0,,0,00.577.158/0001-29,,,0,1 Ag F,0,OP PRODUÇÃO,0,0,CLASSIFICAR MODELO/FAMILIA,,,0097,GERAL,,,,,Agu retor Feira / pos fei,,00/01/1900,23/06/2021,085,SEM LICENSA C&A,CONFECCOES ONEDA LTDA,01.14.00.7881B,CALÇA / 2027-1-5599,AV,AVIAMENTOS PENDENTE ESTILO,N,CFA,CFA - FEIRA WINTER I 2027 (PROD AS BS),50,A DEFINIR,2,11,4,0,0,0,0,10/08/2026,17/08/2026,D47,AVIAMENTOS ESTILO,X01,,AVIAMENTOS PENDENTE ESTILO,0,PC,PENDENTE DESENVOLVIMENTO,,,,,,00/01/1900,,,(47) 3332-5004,0,,,,,03/09/2026,0,-37,44,4,,,0,0,0,0,0,A,003,T52A - BBO,11,MASCULINO,N,N,SSNN
077771,0,834,,0,AMOSTRA,04/09,0,,B36,0,0,T11,TOP MOLETOM (TOP),,,0,00/01/1900,0,0,GASPAR,AVENIDA DEPUTADO FRANCISCO MASTELLA,3955,SETE DE SETEMBRO,,5,10/08/2026,10/9/2026,,1,,,,0,,0,00.577.158/0001-29,,,0,1 Ag F,0,OP PRODUÇÃO,0,0,CLASSIFICAR MODELO/FAMILIA,,,0097,GERAL,,,,,Agu retor Feira / pos fei,,00/01/1900,23/06/2021,085,SEM LICENSA C&A,CONFECCOES ONEDA LTDA,01.14.00.7268G,TOP MOLETOM / 2025-1-1809,AV,AVIAMENTOS PENDENTE ESTILO,N,CFA,CFA - FEIRA WINTER I 2027 (PROD AS BS),50,A DEFINIR,2,11,4,0,0,0,0,10/08/2026,17/08/2026,D47,AVIAMENTOS ESTILO,X01,,AVIAMENTOS PENDENTE ESTILO,0,PC,PENDENTE DESENVOLVIMENTO,,,,,,00/01/1900,,,(47) 3332-5004,0,,,,,03/09/2026,0,-37,44,4,,,0,0,0,0,0,A,003,T52A - BBO,11,MASCULINO,N,N,SSNN
077773,0,834,,0,AMOSTRA,04/09,0,,B36,0,0,B01,CALÇA (BOTTON),,,0,00/01/1900,0,0,GASPAR,AVENIDA DEPUTADO FRANCISCO MASTELLA,3955,SETE DE SETEMBRO,,5,10/08/2026,10/9/2026,,1,,,,0,,0,00.577.158/0001-29,,,0,1 Ag F,0,OP PRODUÇÃO,0,0,CLASSIFICAR MODELO/FAMILIA,,,0097,GERAL,,,,,Agu retor Feira / pos fei,,00/01/1900,23/06/2021,085,SEM LICENSA C&A,CONFECCOES ONEDA LTDA,01.14.00.7269G,CALÇA / 2025-1-1814,AV,AVIAMENTOS PENDENTE ESTILO,N,CFA,CFA - FEIRA WINTER I 2027 (PROD AS BS),50,A DEFINIR,2,11,4,0,0,0,0,10/08/2026,17/08/2026,D47,AVIAMENTOS ESTILO,X01,,AVIAMENTOS PENDENTE ESTILO,0,PC,PENDENTE DESENVOLVIMENTO,,,,,,00/01/1900,,,(47) 3332-5004,0,,,,,03/09/2026,0,-37,44,4,,,0,0,0,0,0,A,003,T52A - BBO,11,MASCULINO,N,N,SSNN
077776,0,834,,0,AMOSTRA,04/09,0,,B36,0,0,B00,SHORTS (BOTTON),,,0,00/01/1900,0,0,GASPAR,AVENIDA DEPUTADO FRANCISCO MASTELLA,3955,SETE DE SETEMBRO,,5,10/08/2026,10/9/2026,,1,,,,0,,0,00.577.158/0001-29,,,0,1 Ag F,0,OP PRODUÇÃO,0,0,CLASSIFICAR MODELO/FAMILIA,,,0097,GERAL,,,,,Agu retor Feira / pos fei,,00/01/1900,23/06/2021,085,SEM LICENSA C&A,CONFECCOES ONEDA LTDA,01.14.00.7267U,SHORTS / 2025-2-3968,AV,AVIAMENTOS PENDENTE ESTILO,N,CFA,CFA - FEIRA WINTER I 2027 (PROD AS BS),50,A DEFINIR,2,11,4,0,0,0,0,10/08/2026,17/08/2026,D47,AVIAMENTOS ESTILO,X01,,AVIAMENTOS PENDENTE ESTILO,0,PC,PENDENTE DESENVOLVIMENTO,,,,,,00/01/1900,,,(47) 3332-5004,0,,,,,03/09/2026,0,-37,44,4,,,0,0,0,0,0,A,003,T52A - BBO,11,MASCULINO,N,N,SSNN
077778,0,834,,0,AMOSTRA,04/09,0,,B35,0,0,B01,CALÇA (BOTTON),,"GS39558 R$ 1,90 c/ proteção",0,00/01/1900,1,0,GASPAR,AVENIDA DEPUTADO FRANCISCO MASTELLA,3955,SETE DE SETEMBRO,,5,10/08/2026,10/9/2026,,1,,,,0,,0,00.577.158/0001-29,,,0,1 Ag F,0,OP PRODUÇÃO,0,0,CLASSIFICAR MODELO/FAMILIA,,,0097,GERAL,,,,,Agu retor Feira / pos fei,,00/01/1900,23/06/2021,085,SEM LICENSA C&A,CONFECCOES ONEDA LTDA,01.14.00.7882,CALÇA / 2027-1-2601,AV,AVIAMENTOS PENDENTE ESTILO,N,CFA,CFA - FEIRA WINTER I 2027 (PROD AS BS),50,A DEFINIR,2,11,4,0,0,0,0,10/08/2026,17/08/2026,D47,AVIAMENTOS ESTILO,X01,,AVIAMENTOS PENDENTE ESTILO,0,PC,PENDENTE DESENVOLVIMENTO,,,,,,00/01/1900,,,(47) 3332-5004,0,,,,,03/09/2026,0,-37,44,4,,,0,0,0,0,0,A,003,T52A - BBO,11,MASCULINO,N,N,SSNN
077779,0,834,,0,AMOSTRA,04/09,0,,B36,0,0,B01,CALÇA (BOTTON),,"GS39559 R$ 1,90 c/ proteção",0,00/01/1900,1,0,GASPAR,AVENIDA DEPUTADO FRANCISCO MASTELLA,3955,SETE DE SETEMBRO,,5,10/08/2026,10/9/2026,,1,,,,0,,0,00.577.158/0001-29,,,0,1 Ag F,0,OP PRODUÇÃO,0,0,CLASSIFICAR MODELO/FAMILIA,,,0097,GERAL,,,,,Agu retor Feira / pos fei,,00/01/1900,23/06/2021,085,SEM LICENSA C&A,CONFECCOES ONEDA LTDA,01.14.00.7883,CALÇA / 2027-1-5602,AV,AVIAMENTOS PENDENTE ESTILO,N,CFA,CFA - FEIRA WINTER I 2027 (PROD AS BS),50,A DEFINIR,2,11,4,0,0,0,0,10/08/2026,17/08/2026,D47,AVIAMENTOS ESTILO,X01,,AVIAMENTOS PENDENTE ESTILO,0,PC,PENDENTE DESENVOLVIMENTO,,,,,,00/01/1900,,,(47) 3332-5004,0,,,,,03/09/2026,0,-37,44,4,,,0,0,0,0,0,A,003,T52A - BBO,11,MASCULINO,N,N,SSNN
077780,0,834,,0,AMOSTRA,04/09,0,,B36,0,0,B01,CALÇA (BOTTON),,"GS39557 R$ 1,90 c/ proteção",0,00/01/1900,1,0,GASPAR,AVENIDA DEPUTADO FRANCISCO MASTELLA,3955,SETE DE SETEMBRO,,5,10/08/2026,10/09/2026,,1,,,,0,,0,00.577.158/0001-29,,,0,1 Ag F,0,OP PRODUÇÃO,0,0,CLASSIFICAR MODELO/FAMILIA,,,0097,GERAL,,,,,Agu retor Feira / pos fei,,00/01/1900,23/06/2021,085,SEM LICENSA C&A,CONFECCOES ONEDA LTDA,01.14.00.7884,CALÇA / 2027-1-5603,AV,AVIAMENTOS PENDENTE ESTILO,N,CFA,CFA - FEIRA WINTER I 2027 (PROD AS BS),50,A DEFINIR,2,11,4,0,0,0,0,10/08/2026,17/08/2026,D47,AVIAMENTOS ESTILO,X01,,AVIAMENTOS PENDENTE ESTILO,0,PC,PENDENTE DESENVOLVIMENTO,,,,,,00/01/1900,,,(47) 3332-5004,0,,,,,03/09/2026,0,-37,44,4,,,0,0,0,0,0,A,003,T52A - BBO,11,MASCULINO,N,N,SSNN
077781,0,834,,0,AMOSTRA,04/09,0,,B35,0,0,B01,CALÇA (BOTTON),,,0,00/01/1900,0,0,GASPAR,AVENIDA DEPUTADO FRANCISCO MASTELLA,3955,SETE DE SETEMBRO,,5,10/08/2026,10/09/2026,,1,,,,0,,0,00.577.158/0001-29,,,0,1 Ag F,0,OP PRODUÇÃO,0,0,CLASSIFICAR MODELO/FAMILIA,,,0097,GERAL,,,,,Agu retor Feira / pos fei,,00/01/1900,23/06/2021,085,SEM LICENSA C&A,CONFECCOES ONEDA LTDA,01.14.00.7885,CALÇA 2027-1-5604,AV,AVIAMENTOS PENDENTE ESTILO,N,CFA,CFA - FEIRA WINTER I 2027 (PROD AS BS),50,A DEFINIR,2,11,4,0,0,0,0,10/08/2026,17/08/2026,D47,AVIAMENTOS ESTILO,X01,,AVIAMENTOS PENDENTE ESTILO,0,PC,PENDENTE DESENVOLVIMENTO,,,,,,00/01/1900,,,(47) 3332-5004,0,,,,,03/09/2026,0,-37,44,4,,,0,0,100,0,0,A,003,T52A - BBO,11,MASCULINO,N,N,SSNN
077782,0,834,,0,AMOSTRA,04/09,0,,B35,0,0,B01,CALÇA (BOTTON),,,0,00/01/1900,0,0,GASPAR,AVENIDA DEPUTADO FRANCISCO MASTELLA,3955,SETE DE SETEMBRO,,5,10/08/2026,10/09/2026,,1,,,,0,,0,00.577.158/0001-29,,,0,,0,OP PRODUÇÃO,0,0,CLASSIFICAR MODELO/FAMILIA,,,0097,GERAL,,,,,,,00/01/1900,23/06/2021,085,SEM LICENSA C&A,CONFECCOES ONEDA LTDA,01.14.00.7886,CALÇA / 2027-1-5605,AV,AVIAMENTOS PENDENTE ESTILO,N,CFA,CFA - FEIRA WINTER I 2027 (PROD AS BS),50,A DEFINIR,2,11,4,0,0,0,0,10/08/2026,17/08/2026,D47,AVIAMENTOS ESTILO,X01,,AVIAMENTOS PENDENTE ESTILO,0,PC,PENDENTE DESENVOLVIMENTO,,,,,,00/01/1900,,,(47) 3332-5004,0,,,,,03/09/2026,0,-37,44,4,,,0,0,0,0,0,A,003,T52A - BBO,11,MASCULINO,N,N,SSNN
077783,0,834,,0,AMOSTRA,04/09,0,,B35,0,0,C04,CONJUNTO MOLETOM (TOP/BOTTON),"Rot 1 cor PIG R$ 19, processo completo",EST 10 CORES,0,00/01/1900,2,0,GASPAR,AVENIDA DEPUTADO FRANCISCO MASTELLA,3955,SETE DE SETEMBRO,,5,10/08/2026,10/09/2026,,1,,,,0,,0,00.577.158/0001-29,,,0,1 Ag F,0,OP PRODUÇÃO,0,0,CLASSIFICAR MODELO/FAMILIA,,,0097,GERAL,,,,,Agu retor Feira / pos fei,,00/01/1900,23/06/2021,058,NICKELODEON C&A,CONFECCOES ONEDA LTDA,01.14.03.0276,CONJUNTO MOLETOM / 2027-1-5606,AV,AVIAMENTOS PENDENTE ESTILO,N,CFA,CFA - FEIRA WINTER I 2027 (PROD AS BS),50,A DEFINIR,2,11,4,0,0,0,0,10/08/2026,17/08/2026,D47,AVIAMENTOS ESTILO,X01,,AVIAMENTOS PENDENTE ESTILO,0,PC,AGUAR. APROV. LIC./ PP SAMPLE,,,,,,00/01/1900,,,(47) 3332-5004,0,,,,,03/09/2026,0,-37,44,4,,,0,0,0,0,0,A,003,T52A - BBO,11,MASCULINO,N,N,SSNN
077784,0,834,,0,AMOSTRA,04/09,0,,B35,0,0,C04,CONJUNTO MOLETOM (TOP/BOTTON),"Rot 1 cor PIG R$ 19, processo completo",EST 10 CORES,0,00/01/1900,2,0,GASPAR,AVENIDA DEPUTADO FRANCISCO MASTELLA,3955,SETE DE SETEMBRO,,5,10/08/2026,10/09/2026,,1,,,,0,,0,00.577.158/0001-29,,,0,1 Ag F,0,OP PRODUÇÃO,0,0,CLASSIFICAR MODELO/FAMILIA,,,0097,GERAL,,,,,Agu retor Feira / pos fei,,00/01/1900,23/06/2021,086,DISNEY C&A,CONFECCOES ONEDA LTDA,01.14.01.3261,CONJUNTO MOLETOM / 2027-1-5607,AV,AVIAMENTOS PENDENTE ESTILO,N,CFA,CFA - FEIRA WINTER I 2027 (PROD AS BS),50,A DEFINIR,2,11,4,0,0,0,0,10/08/2026,17/08/2026,D47,AVIAMENTOS ESTILO,X01,,AVIAMENTOS PENDENTE ESTILO,0,PC,AGUAR. APROV. LIC. / CONCEITO,,,,,,00/01/1900,,,(47) 3332-5004,0,,,,,03/09/2026,0,-37,44,4,,,0,0,0,0,0,A,003,T52A - BBO,11,MASCULINO,N,N,SSNN
077787,0,834,,0,AMOSTRA,04/09,0,,B35,0,0,T11,TOP MOLETOM (TOP),"Rot 1 cor PIG R$ 19, processo completo",EST 6 CORES + PUFF,0,00/01/1900,3,0,GASPAR,AVENIDA DEPUTADO FRANCISCO MASTELLA,3955,SETE DE SETEMBRO,,5,10/08/2026,10/9/2026,,1,,,,0,,0,00.577.158/0001-29,,,0,1 Ag F,0,OP PRODUÇÃO,0,0,CLASSIFICAR MODELO/FAMILIA,,,0097,GERAL,,,,,Agu retor Feira / pos fei,,00/01/1900,23/06/2021,085,SEM LICENSA C&A,CONFECCOES ONEDA LTDA,01.14.00.7887,TOP MOLETOM / 2027-1-5608,AV,AVIAMENTOS PENDENTE ESTILO,N,CFA,CFA - FEIRA WINTER I 2027 (PROD AS BS),50,A DEFINIR,2,11,4,0,0,0,0,10/08/2026,17/08/2026,D47,AVIAMENTOS ESTILO,X01,,AVIAMENTOS PENDENTE ESTILO,0,PC,PENDENTE DESENVOLVIMENTO,,,,,,00/01/1900,,,(47) 3332-5004,0,,,,,03/09/2026,0,-37,44,4,,,0,0,0,0,0,A,003,T52A - BBO,11,MASCULINO,N,N,SSNN
077788,0,834,,0,AMOSTRA,04/09,0,,B35,0,0,C04,CONJUNTO MOLETOM (TOP/BOTTON),"Rot 1 cor PIG R$ 19, processo completo",EST 6 CORES + PUFF,0,00/01/1900,3,0,GASPAR,AVENIDA DEPUTADO FRANCISCO MASTELLA,3955,SETE DE SETEMBRO,,5,10/08/2026,10/9/2026,,1,,,,0,,0,00.577.158/0001-29,,,0,1 Ag F,0,OP PRODUÇÃO,0,0,CLASSIFICAR MODELO/FAMILIA,,,0097,GERAL,,,,,Agu retor Feira / pos fei,,00/01/1900,23/06/2021,086,DISNEY C&A,CONFECCOES ONEDA LTDA,01.14.01.3262,CONJUNTO MOLETOM / 2027-1-5611,AV,AVIAMENTOS PENDENTE ESTILO,N,CFA,CFA - FEIRA WINTER I 2027 (PROD AS BS),50,A DEFINIR,2,11,4,0,0,0,0,10/08/2026,17/08/2026,D47,AVIAMENTOS ESTILO,X01,,AVIAMENTOS PENDENTE ESTILO,0,PC,AGUAR. APROV. LIC. / CONCEITO,,,,,,00/01/1900,,,(47) 3332-5004,0,,,,,03/09/2026,0,-37,44,4,,,0,0,0,0,0,A,003,T52A - BBO,11,MASCULINO,N,N,SSNN
077792,0,834,,0,AMOSTRA,04/09,0,,B36,0,0,T00,TOP CURTO (TOP),"ETIQUETA R$ 220,00 / milheiro","GS39553 R$ 2,20 c/ proteção",0,00/01/1900,2,0,GASPAR,AVENIDA DEPUTADO FRANCISCO MASTELLA,3955,SETE DE SETEMBRO,,5,10/08/2026,10/9/2026,,1,,,,0,,0,00.577.158/0001-29,,,0,1 Ag F,0,OP PRODUÇÃO,0,0,CLASSIFICAR MODELO/FAMILIA,,,0097,GERAL,,,,,Agu retor Feira / pos fei,,00/01/1900,23/06/2021,086,DISNEY C&A,CONFECCOES ONEDA LTDA,01.14.01.3263,TOP CURTO / 2027-1-5616,AV,AVIAMENTOS PENDENTE ESTILO,N,CFA,CFA - FEIRA WINTER I 2027 (PROD AS BS),50,A DEFINIR,2,11,4,0,0,0,0,10/08/2026,17/08/2026,D47,AVIAMENTOS ESTILO,X01,,AVIAMENTOS PENDENTE ESTILO,0,PC,AGUAR. APROV. LIC. / CONCEITO,,,,,,00/01/1900,,,(47) 3332-5004,0,,,,,03/09/2026,0,-37,44,4,,,0,0,0,0,0,A,003,T52A - BBO,11,MASCULINO,N,N,SSNN
077793,0,834,,0,AMOSTRA,04/09,0,,B36,0,0,T00,TOP CURTO (TOP),"ETIQUETA R$ 270,00 / milheiro","GS39551 R$ 2,20 c/ proteção",0,00/01/1900,2,0,GASPAR,AVENIDA DEPUTADO FRANCISCO MASTELLA,3955,SETE DE SETEMBRO,,5,10/08/2026,10/9/2026,,1,,,,0,,0,00.577.158/0001-29,,,0,1 Ag F,0,OP PRODUÇÃO,0,0,CLASSIFICAR MODELO/FAMILIA,,,0097,GERAL,,,,,Agu retor Feira / pos fei,,00/01/1900,23/06/2021,119,PEANUTS C&A,CONFECCOES ONEDA LTDA,01.14.28.0152,TOP CURTO / 2027-1-5622,AV,AVIAMENTOS PENDENTE ESTILO,N,CFA,CFA - FEIRA WINTER I 2027 (PROD AS BS),50,A DEFINIR,2,11,4,0,0,0,0,10/08/2026,17/08/2026,D47,AVIAMENTOS ESTILO,X01,,AVIAMENTOS PENDENTE ESTILO,0,PC,AGUAR. APROV. LIC. / CONCEITO,,,,,,00/01/1900,,,(47) 3332-5004,0,,,,,03/09/2026,0,-37,44,4,,,0,0,0,0,0,A,003,T52A - BBO,11,MASCULINO,N,N,SSNN
077797,0,834,,0,AMOSTRA,04/09,0,,B36,0,0,T13,POLO CURTO (TOP),,"GS39552 R$ 1,65 c/ proteção",0,00/01/1900,1,0,GASPAR,AVENIDA DEPUTADO FRANCISCO MASTELLA,3955,SETE DE SETEMBRO,,5,10/08/2026,10/9/2026,,1,,,,0,,0,00.577.158/0001-29,,,0,,0,OP PRODUÇÃO,0,0,CLASSIFICAR MODELO/FAMILIA,,,0097,GERAL,,,,,,,00/01/1900,23/06/2021,085,SEM LICENSA C&A,CONFECCOES ONEDA LTDA,01.14.00.7891,POLO CURTO / 2027-1-5626,AV,AVIAMENTOS PENDENTE ESTILO,N,CFC,CFC - FEIRA WINTER I 2027 (PROD CS),50,A DEFINIR,2,11,4,0,0,0,0,10/08/2026,17/08/2026,D47,AVIAMENTOS ESTILO,X01,,AVIAMENTOS PENDENTE ESTILO,0,PC,PENDENTE DESENVOLVIMENTO,,,,,,00/01/1900,,,(47) 3332-5004,0,,,,,03/09/2026,0,-37,44,4,,,0,0,0,0,0,A,003,T52A - BBO,11,MASCULINO,N,N,SSNN
077798,0,834,,0,AMOSTRA,04/09,0,,B35,0,0,T13,POLO CURTO (TOP),"Rot 2 cores PIG R$ 20, processo completo","GS39542 R$ 2,25 c/ proteção",0,00/01/1900,2,0,GASPAR,AVENIDA DEPUTADO FRANCISCO MASTELLA,3955,SETE DE SETEMBRO,,5,10/08/2026,10/09/2026,,1,,,,0,,0,00.577.158/0001-29,,,0,1 Ag F,0,OP PRODUÇÃO,0,0,CLASSIFICAR MODELO/FAMILIA,,,0097,GERAL,,,,,Agu retor Feira / pos fei,,00/01/1900,23/06/2021,085,SEM LICENSA C&A,CONFECCOES ONEDA LTDA,01.14.00.7892,POLO CURTO / 2027-1-5651,AV,AVIAMENTOS PENDENTE ESTILO,N,CFC,CFC - FEIRA WINTER I 2027 (PROD CS),50,A DEFINIR,2,11,4,0,0,0,0,10/08/2026,17/08/2026,D47,AVIAMENTOS ESTILO,X01,,AVIAMENTOS PENDENTE ESTILO,0,PC,PENDENTE DESENVOLVIMENTO,,,,,,00/01/1900,,,(47) 3332-5004,0,,,,,03/09/2026,0,-37,44,4,,,0,0,0,0,0,A,003,T52A - BBO,11,MASCULINO,N,N,SSNN
077799,0,834,,0,AMOSTRA,04/09,0,,B36,0,0,T00,TOP CURTO (TOP),,,0,00/01/1900,1,0,GASPAR,AVENIDA DEPUTADO FRANCISCO MASTELLA,3955,SETE DE SETEMBRO,,5,10/08/2026,10/09/2026,,1,,,,0,,0,00.577.158/0001-29,,,0,1 Ag F,0,OP PRODUÇÃO,0,0,CLASSIFICAR MODELO/FAMILIA,,,0097,GERAL,,,,,Agu retor Feira / pos fei,,00/01/1900,23/06/2021,086,DISNEY C&A,CONFECCOES ONEDA LTDA,01.14.01.3264,TOP CURTO / 2027-1-5647,AV,AVIAMENTOS PENDENTE ESTILO,N,CFC,CFC - FEIRA WINTER I 2027 (PROD CS),50,A DEFINIR,2,11,4,0,0,0,0,10/08/2026,17/08/2026,D47,AVIAMENTOS ESTILO,X01,,AVIAMENTOS PENDENTE ESTILO,0,PC,AGUAR. APROV. LIC. / CONCEITO,,,,,,00/01/1900,,,(47) 3332-5004,0,,,,,03/09/2026,0,-37,44,4,,,0,0,0,0,0,A,003,T52A - BBO,11,MASCULINO,N,N,SSNN
077801,0,834,,0,AMOSTRA,04/09,0,,B34,0,0,B00,SHORTS (BOTTON),,"GS39533 R$ 1,60 c/ proteção",0,00/01/1900,0,0,GASPAR,AVENIDA DEPUTADO FRANCISCO MASTELLA,3955,SETE DE SETEMBRO,,5,10/08/2026,10/09/2026,,1,,,,0,,0,00.577.158/0001-29,,,0,,0,OP PRODUÇÃO,0,0,CLASSIFICAR MODELO/FAMILIA,,,0097,GERAL,,,,,,,00/01/1900,23/06/2021,085,SEM LICENSA C&A,CONFECCOES ONEDA LTDA,01.12.00.7875A,SHORTS / VPN-DEFINIR,AV,AVIAMENTOS PENDENTE ESTILO,N,CFC,CFC - FEIRA WINTER I 2027 (PROD CS),50,A DEFINIR,3-6,32,4,0,0,0,0,10/08/2026,17/08/2026,D47,AVIAMENTOS ESTILO,X01,,AVIAMENTOS PENDENTE ESTILO,0,PC,PENDENTE DESENVOLVIMENTO,,,,,,00/01/1900,,,(47) 3332-5004,0,,,,,03/09/2026,0,-37,44,4,,,0,0,0,0,0,A,004,T51A - RNO,11,MASCULINO,N,N,SSNN
077817,0,834,,0,AMOSTRA,04/09,0,,B35,0,0,C00,CONJUNTO CURTO (TOP/BOTTON),,EST 1 COR,0,00/01/1900,2,0,GASPAR,AVENIDA DEPUTADO FRANCISCO MASTELLA,3955,SETE DE SETEMBRO,,5,10/08/2026,10/09/2026,,1,,,,0,,0,00.577.158/0001-29,,,0,,0,OP PRODUÇÃO,0,0,CLASSIFICAR MODELO/FAMILIA,,,0097,GERAL,,,,,,,00/01/1900,23/06/2021,085,SEM LICENSA C&A,CONFECCOES ONEDA LTDA,01.16.00.7896,CONJUNTO CURTO / 2027-1-5196,AV,AVIAMENTOS PENDENTE ESTILO,N,CFA,CFA - FEIRA WINTER I 2027 (PROD AS BS),50,A DEFINIR,6,14,4,0,0,0,0,10/08/2026,17/08/2026,D47,AVIAMENTOS ESTILO,X01,,AVIAMENTOS PENDENTE ESTILO,0,PC,PENDENTE DESENVOLVIMENTO,,,,,,00/01/1900,,,(47) 3332-5004,0,,,,,03/09/2026,0,-37,44,4,,,0,0,0,0,0,A,007,T54A - PALOMINO,11,MASCULINO,N,N,SSNN
077818,0,834,,0,AMOSTRA,04/09,0,,B36,0,0,T11,TOP MOLETOM (TOP),,,0,00/01/1900,1,0,GASPAR,AVENIDA DEPUTADO FRANCISCO MASTELLA,3955,SETE DE SETEMBRO,,5,10/08/2026,10/09/2026,,1,,,,0,,0,00.577.158/0001-29,,,0,1 Ag F,0,OP PRODUÇÃO,0,0,CLASSIFICAR MODELO/FAMILIA,,,0097,GERAL,,,,,Agu retor Feira / pos fei,,00/01/1900,23/06/2021,085,SEM LICENSA C&A,CONFECCOES ONEDA LTDA,01.16.00.7897,TOP MOLETOM / 2027-1-5195,AV,AVIAMENTOS PENDENTE ESTILO,N,CFA,CFA - FEIRA WINTER I 2027 (PROD AS BS),50,A DEFINIR,6,14,4,0,0,0,0,10/08/2026,17/08/2026,D47,AVIAMENTOS ESTILO,X01,,AVIAMENTOS PENDENTE ESTILO,0,PC,PENDENTE DESENVOLVIMENTO,,,,,,00/01/1900,,,(47) 3332-5004,0,,,,,03/09/2026,0,-37,44,4,,,0,0,0,0,0,A,007,T54A - PALOMINO,11,MASCULINO,N,N,SSNN
077820,0,834,,0,AMOSTRA,04/09,0,,B36,0,0,T06,TOP REGATA (TOP),,,0,00/01/1900,2,0,GASPAR,AVENIDA DEPUTADO FRANCISCO MASTELLA,3955,SETE DE SETEMBRO,,5,10/08/2026,10/09/2026,,1,,,,0,,0,00.577.158/0001-29,,,0,1 Ag F,0,OP PRODUÇÃO,0,0,CLASSIFICAR MODELO/FAMILIA,,,0097,GERAL,,,,,Agu retor Feira / pos fei,,00/01/1900,23/06/2021,085,SEM LICENSA C&A,CONFECCOES ONEDA LTDA,01.16.00.7899,TOP REGATA / 2027-1-5164,AV,AVIAMENTOS PENDENTE ESTILO,N,CFA,CFA - FEIRA WINTER I 2027 (PROD AS BS),50,A DEFINIR,6,14,4,0,0,0,0,10/08/2026,17/08/2026,D47,AVIAMENTOS ESTILO,X01,,AVIAMENTOS PENDENTE ESTILO,0,PC,PENDENTE DESENVOLVIMENTO,,,,,,00/01/1900,,,(47) 3332-5004,0,,,,,03/09/2026,0,-37,44,4,,,0,0,0,0,0,A,007,T54A - PALOMINO,11,MASCULINO,N,N,SSNN
077821,0,834,,0,AMOSTRA,04/09,0,,B36,0,0,C04,CONJUNTO MOLETOM (TOP/BOTTON),,"GS39550 R$ 1,60 c/ proteção",0,00/01/1900,0,0,GASPAR,AVENIDA DEPUTADO FRANCISCO MASTELLA,3955,SETE DE SETEMBRO,,5,10/08/2026,10/09/2026,,1,,,,0,,0,00.577.158/0001-29,,,0,,0,OP PRODUÇÃO,0,0,CLASSIFICAR MODELO/FAMILIA,,,0097,GERAL,,,,,,,00/01/1900,23/06/2021,085,SEM LICENSA C&A,CONFECCOES ONEDA LTDA,01.16.00.7900,CONJUNTO MOLETOM / 2027-1-5159,AV,AVIAMENTOS PENDENTE ESTILO,N,CFA,CFA - FEIRA WINTER I 2027 (PROD AS BS),50,A DEFINIR,6,14,4,0,0,0,0,10/08/2026,17/08/2026,D47,AVIAMENTOS ESTILO,X01,,AVIAMENTOS PENDENTE ESTILO,0,PC,PENDENTE DESENVOLVIMENTO,,,,,,00/01/1900,,,(47) 3332-5004,0,,,,,03/09/2026,0,-37,44,4,,,0,0,0,0,0,A,007,T54A - PALOMINO,11,MASCULINO,N,N,SSNN
077824,0,834,,0,AMOSTRA,04/09,0,,B34,0,0,T00,TOP CURTO (TOP),,,0,00/01/1900,1,0,GASPAR,AVENIDA DEPUTADO FRANCISCO MASTELLA,3955,SETE DE SETEMBRO,,5,10/08/2026,10/09/2026,,1,,,,0,,0,00.577.158/0001-29,,,0,1 Ag F,0,OP PRODUÇÃO,0,0,CLASSIFICAR MODELO/FAMILIA,,,0097,GERAL,,,,,Agu retor Feira / pos fei,,00/01/1900,23/06/2021,085,SEM LICENSA C&A,CONFECCOES ONEDA LTDA,01.16.00.7903,TOP CURTO / 2027-1-5101,AV,AVIAMENTOS PENDENTE ESTILO,N,CFA,CFA - FEIRA WINTER I 2027 (PROD AS BS),50,A DEFINIR,6,14,4,0,0,0,0,10/08/2026,17/08/2026,D47,AVIAMENTOS ESTILO,X01,,AVIAMENTOS PENDENTE ESTILO,0,PC,PENDENTE DESENVOLVIMENTO,,,,,,00/01/1900,,,(47) 3332-5004,0,,,,,03/09/2026,0,-37,44,4,,,0,0,0,0,0,A,007,T54A - PALOMINO,11,MASCULINO,N,N,SSNN
077825,0,834,,0,AMOSTRA,04/09,0,,B34,0,0,T00,TOP CURTO (TOP),,,0,00/01/1900,1,0,GASPAR,AVENIDA DEPUTADO FRANCISCO MASTELLA,3955,SETE DE SETEMBRO,,5,10/08/2026,10/09/2026,,1,,,,0,,0,00.577.158/0001-29,,,0,1 Ag F,0,OP PRODUÇÃO,0,0,CLASSIFICAR MODELO/FAMILIA,,,0097,GERAL,,,,,Agu retor Feira / pos fei,,00/01/1900,23/06/2021,085,SEM LICENSA C&A,CONFECCOES ONEDA LTDA,01.16.00.7903A,TOP CURTO / 2027-1-5101,AV,AVIAMENTOS PENDENTE ESTILO,N,CFA,CFA - FEIRA WINTER I 2027 (PROD AS BS),50,A DEFINIR,6,14,4,0,0,0,0,10/08/2026,17/08/2026,D47,AVIAMENTOS ESTILO,X01,,AVIAMENTOS PENDENTE ESTILO,0,PC,PENDENTE DESENVOLVIMENTO,,,,,,00/01/1900,,,(47) 3332-5004,0,,,,,03/09/2026,0,-37,44,4,,,0,0,0,0,0,A,007,T54A - PALOMINO,11,MASCULINO,N,N,SSNN
077826,0,834,,0,AMOSTRA,04/09,0,,B35,0,0,B00,SHORTS (BOTTON),"Rot 1 cor ECOWAY R$ 24, processo completo",,0,00/01/1900,1,0,GASPAR,AVENIDA DEPUTADO FRANCISCO MASTELLA,3955,SETE DE SETEMBRO,,5,10/08/2026,10/09/2026,,1,,,,0,,0,00.577.158/0001-29,,,0,,0,OP PRODUÇÃO,0,0,CLASSIFICAR MODELO/FAMILIA,,,0097,GERAL,,,,,,,00/01/1900,23/06/2021,085,SEM LICENSA C&A,CONFECCOES ONEDA LTDA,01.11.00.7904,SHORTS / VPN-DEFINIR,AV,AVIAMENTOS PENDENTE ESTILO,N,CFC,CFC - FEIRA WINTER I 2027 (PROD CS),50,A DEFINIR,3-6,32,8,0,0,0,0,10/08/2026,17/08/2026,D47,AVIAMENTOS ESTILO,X01,,AVIAMENTOS PENDENTE ESTILO,0,CJ,PENDENTE DESENVOLVIMENTO,,,,,,00/01/1900,,,(47) 3332-5004,0,,,,,03/09/2026,0,-37,44,8,,,0,0,0,0,0,A,006,T51A - RNA,12,FEMININO,N,N,SSNN
077870,0,834,,0,AMOSTRA,10/09,0,,B36,0,0,T13,POLO CURTO (TOP),,,0,00/01/1900,2,0,GASPAR,AVENIDA DEPUTADO FRANCISCO MASTELLA,3955,SETE DE SETEMBRO,,5,13/08/2026,13/9/2026,,1,,,,0,,0,00.577.158/0001-29,,,0,,0,OP PRODUÇÃO,0,0,CLASSIFICAR MODELO/FAMILIA,,,0097,GERAL,,,,,,,00/01/1900,23/06/2021,085,SEM LICENSA C&A,CONFECCOES ONEDA LTDA,01.18.00.7907,POLO CURTO / 2027-1-5816,AV,AVIAMENTOS PENDENTE ESTILO,N,CFA,CFA - FEIRA WINTER I 2027 (PROD AS BS),50,A DEFINIR,12,17,4,0,0,0,0,13/08/2026,20/08/2026,D47,AVIAMENTOS ESTILO,X01,,AVIAMENTOS PENDENTE ESTILO,0,PC,PENDENTE DESENVOLVIMENTO,,,,,,00/01/1900,,,(47) 3332-5004,0,,,,,07/09/2026,0,-34,41,4,,,0,0,0,0,0,A,013,T59A - FIFTEEN MP,11,MASCULINO,N,N,SSNN
077871,0,834,,0,AMOSTRA,10/09,0,,B37,0,0,T13,POLO CURTO (TOP),,,0,00/01/1900,3,0,GASPAR,AVENIDA DEPUTADO FRANCISCO MASTELLA,3955,SETE DE SETEMBRO,,5,13/08/2026,13/9/2026,,1,,,,0,,0,00.577.158/0001-29,,,0,,0,OP PRODUÇÃO,0,0,CLASSIFICAR MODELO/FAMILIA,,,0097,GERAL,,,,,,,00/01/1900,23/06/2021,085,SEM LICENSA C&A,CONFECCOES ONEDA LTDA,01.18.00.7908,POLO CURTO / 2027-1-5816,AV,AVIAMENTOS PENDENTE ESTILO,N,CFA,CFA - FEIRA WINTER I 2027 (PROD AS BS),50,A DEFINIR,12,17,4,0,0,0,0,13/08/2026,20/08/2026,D47,AVIAMENTOS ESTILO,X01,,AVIAMENTOS PENDENTE ESTILO,0,PC,PENDENTE DESENVOLVIMENTO,,,,,,00/01/1900,,,(47) 3332-5004,0,,,,,07/09/2026,0,-34,41,4,,,0,0,0,0,0,A,013,T59A - FIFTEEN MP,11,MASCULINO,N,N,SSNN
077876,0,834,,0,AMOSTRA,10/09,0,,B34,0,0,B00,SHORTS (BOTTON),,,0,00/01/1900,0,0,GASPAR,AVENIDA DEPUTADO FRANCISCO MASTELLA,3955,SETE DE SETEMBRO,,5,13/08/2026,13/9/2026,,1,,,,0,,0,00.577.158/0001-29,,,0,,0,OP PRODUÇÃO,0,0,CLASSIFICAR MODELO/FAMILIA,,,0097,GERAL,,,,,,,00/01/1900,23/06/2021,085,SEM LICENSA C&A,CONFECCOES ONEDA LTDA,01.18.00.7911,SHORTS / 2027-1-5832,AV,AVIAMENTOS PENDENTE ESTILO,N,CFA,CFA - FEIRA WINTER I 2027 (PROD AS BS),50,A DEFINIR,12,17,4,0,0,0,0,13/08/2026,20/08/2026,D47,AVIAMENTOS ESTILO,X01,,AVIAMENTOS PENDENTE ESTILO,0,PC,PENDENTE DESENVOLVIMENTO,,,,,,00/01/1900,,,(47) 3332-5004,0,,,,,07/09/2026,0,-34,41,4,,,0,0,0,0,0,A,013,T59A - FIFTEEN MP,11,MASCULINO,N,N,SSNN
077898,0,834,,0,AMOSTRA,,0,,,0,0,T26,BLAZER FEMININO (TOP),,,37,00/01/1900,0,0,GASPAR,AVENIDA DEPUTADO FRANCISCO MASTELLA,3955,SETE DE SETEMBRO,,5,14/08/2026,14/9/2026,,1,,,,0,,0,00.577.158/0001-29,,,0,1 Ag F,0,OP PRODUÇÃO,0,0,CLASSIFICAR MODELO/FAMILIA,,,0097,GERAL,,,,,Agu retor Feira / pos fei,,00/01/1900,23/06/2021,207,SANTA MARCA,CONFECCOES ONEDA LTDA,21.19.00.0001,BLAZER FEMININO,AV,AVIAMENTOS PENDENTE ESTILO,N,SM1,SANTA MARCA - VERÃO 1 CRIATIFF,000238,DOURADO,M,22,4,0,0,0,0,14/08/2026,21/08/2026,D47,AVIAMENTOS ESTILO,X01,,AVIAMENTOS PENDENTE ESTILO,0,PC,PENDENTE DESENVOLVIMENTO,,,,,,00/01/1900,,,(47) 3332-5004,0,,,,,07/09/2026,0,-33,40,4,,,0,0,0,0,0,A,62,ADULTO,12,FEMININO,N,N,SSNN
077906,0,834,,0,AMOSTRA,04/09,0,,B35,0,0,T00,TOP CURTO (TOP),,"R$ 326,00 / milheiro",0,00/01/1900,1,0,GASPAR,AVENIDA DEPUTADO FRANCISCO MASTELLA,3955,SETE DE SETEMBRO,,5,14/08/2026,14/9/2026,,1,,,,0,,0,00.577.158/0001-29,,,0,1 Ag F,0,OP PRODUÇÃO,0,0,CLASSIFICAR MODELO/FAMILIA,,,0097,GERAL,,,,,Agu retor Feira / pos fei,,00/01/1900,23/06/2021,085,SEM LICENSA C&A,CONFECCOES ONEDA LTDA,01.14.00.7917,TOP CURTO / VPN-DEFINIR,AV,AVIAMENTOS PENDENTE ESTILO,N,CFB,CFB - FEIRA WINTER I 2027 (BUFFER),50,A DEFINIR,2,11,4,0,0,0,0,14/08/2026,21/08/2026,D47,AVIAMENTOS ESTILO,X01,,AVIAMENTOS PENDENTE ESTILO,0,PC,PENDENTE DESENVOLVIMENTO,,,,,,00/01/1900,,,(47) 3332-5004,0,,,,,07/09/2026,0,-33,40,4,,,0,0,0,0,0,A,003,T52A - BBO,11,MASCULINO,N,N,SSNN
077907,0,834,,0,AMOSTRA,04/09,0,,B36,0,0,B01,CALÇA (BOTTON),,,0,00/01/1900,0,0,GASPAR,AVENIDA DEPUTADO FRANCISCO MASTELLA,3955,SETE DE SETEMBRO,,5,14/08/2026,14/9/2026,,1,,,,0,,0,00.577.158/0001-29,,,0,1 Ag F,0,OP PRODUÇÃO,0,0,CLASSIFICAR MODELO/FAMILIA,,,0097,GERAL,,,,,Agu retor Feira / pos fei,,00/01/1900,23/06/2021,085,SEM LICENSA C&A,CONFECCOES ONEDA LTDA,01.14.00.7922,CALÇA / VPN-DEFINIR,AV,AVIAMENTOS PENDENTE ESTILO,N,CFB,CFB - FEIRA WINTER I 2027 (BUFFER),50,A DEFINIR,2,11,4,0,0,0,0,14/08/2026,21/08/2026,D47,AVIAMENTOS ESTILO,X01,,AVIAMENTOS PENDENTE ESTILO,0,PC,PENDENTE DESENVOLVIMENTO,,,,,,00/01/1900,,,(47) 3332-5004,0,,,,,07/09/2026,0,-33,40,4,,,0,0,0,0,0,A,003,T52A - BBO,11,MASCULINO,N,N,SSNN
077908,0,834,,0,AMOSTRA,04/09,0,,B35,0,0,T14,POLO LONGO (TOP),,,0,00/01/1900,1,0,GASPAR,AVENIDA DEPUTADO FRANCISCO MASTELLA,3955,SETE DE SETEMBRO,,5,14/08/2026,14/9/2026,,1,,,,0,,0,00.577.158/0001-29,,,0,1 Ag F,0,OP PRODUÇÃO,0,0,CLASSIFICAR MODELO/FAMILIA,,,0097,GERAL,,,,,Agu retor Feira / pos fei,,00/01/1900,23/06/2021,085,SEM LICENSA C&A,CONFECCOES ONEDA LTDA,01.14.00.7923,POLO LONGO / VPN-DEFINIR,AV,AVIAMENTOS PENDENTE ESTILO,N,CFB,CFB - FEIRA WINTER I 2027 (BUFFER),50,A DEFINIR,2,11,4,0,0,0,0,14/08/2026,21/08/2026,D47,AVIAMENTOS ESTILO,X01,,AVIAMENTOS PENDENTE ESTILO,0,PC,PENDENTE DESENVOLVIMENTO,,,,,,00/01/1900,,,(47) 3332-5004,0,,,,,07/09/2026,0,-33,40,4,,,0,0,0,0,0,A,003,T52A - BBO,11,MASCULINO,N,N,SSNN
077909,0,834,,0,AMOSTRA,04/09,0,,B35,0,0,T02,TOP LONGO (TOP),,,0,00/01/1900,1,0,GASPAR,AVENIDA DEPUTADO FRANCISCO MASTELLA,3955,SETE DE SETEMBRO,,5,14/08/2026,14/9/2026,,1,,,,0,,0,00.577.158/0001-29,,,0,1 Ag F,0,OP PRODUÇÃO,0,0,CLASSIFICAR MODELO/FAMILIA,,,0097,GERAL,,,,,Agu retor Feira / pos fei,,00/01/1900,23/06/2021,085,SEM LICENSA C&A,CONFECCOES ONEDA LTDA,01.14.00.7924,TOP LONGO / VPN-DEFINIR,AV,AVIAMENTOS PENDENTE ESTILO,N,CFB,CFB - FEIRA WINTER I 2027 (BUFFER),50,A DEFINIR,2,11,4,0,0,0,0,14/08/2026,21/08/2026,D47,AVIAMENTOS ESTILO,X01,,AVIAMENTOS PENDENTE ESTILO,0,PC,PENDENTE DESENVOLVIMENTO,,,,,,00/01/1900,,,(47) 3332-5004,0,,,,,07/09/2026,0,-33,40,4,,,0,0,0,0,0,A,003,T52A - BBO,11,MASCULINO,N,N,SSNN
077914,0,834,,0,LIBERAÇÃO DE PRODUTO,04/09,0,,B37,0,0,T06,TOP REGATA (TOP),,,"33,09",00/01/1900,0,0,GASPAR,AVENIDA DEPUTADO FRANCISCO MASTELLA,3955,SETE DE SETEMBRO,,5,21/08/2026,28/8/2026,,1,,,,0,,0,00.577.158/0001-29,,,0,1 Ag F,0,OP PRODUÇÃO,0,0,CLASSIFICAR MODELO/FAMILIA,,,0097,GERAL,,,,,Agu retor Feira / pos fei,,00/01/1900,23/06/2021,207,SANTA MARCA,CONFECCOES ONEDA LTDA,21.19.00.0003,Top Regata,AV,AVIAMENTOS PENDENTE ESTILO,N,SM1,SANTA MARCA - VERÃO 1 CRIATIFF,1006,MARINHO,P,21,2,0,0,0,0,17/08/2026,24/08/2026,D47,AVIAMENTOS ESTILO,X01,,AVIAMENTOS PENDENTE ESTILO,0,PC,PENDENTE DESENVOLVIMENTO,,,,,,00/01/1900,,,(47) 3332-5004,0,,,,,10/08/2026,0,-30,37,2,,,0,0,0,0,0,E043,62,ADULTO,12,FEMININO,N,N,SSNN
077915,0,834,,0,LIBERAÇÃO DE PRODUTO,04/09,0,,B37,0,0,B00,SHORTS (BOTTON),,,"47,29",00/01/1900,0,0,GASPAR,AVENIDA DEPUTADO FRANCISCO MASTELLA,3955,SETE DE SETEMBRO,,5,21/08/2026,28/8/2026,,1,,,,0,,0,00.577.158/0001-29,,,0,1 Ag F,0,OP PRODUÇÃO,0,0,CLASSIFICAR MODELO/FAMILIA,,,0097,GERAL,,,,,Agu retor Feira / pos fei,,00/01/1900,23/06/2021,207,SANTA MARCA,CONFECCOES ONEDA LTDA,21.19.00.0004,Shorts,AV,AVIAMENTOS PENDENTE ESTILO,N,SM1,SANTA MARCA - VERÃO 1 CRIATIFF,1006,MARINHO,P,21,2,0,0,0,0,17/08/2026,24/08/2026,D47,AVIAMENTOS ESTILO,X01,,AVIAMENTOS PENDENTE ESTILO,0,PC,PENDENTE DESENVOLVIMENTO,,,,,,00/01/1900,,,(47) 3332-5004,0,,,,,10/08/2026,0,-30,37,2,,,0,0,0,0,0,E043,62,ADULTO,12,FEMININO,N,N,SSNN
077922,0,834,,0,AMOSTRA,,0,,,0,0,T00,TOP CURTO (TOP),,,0,00/01/1900,0,0,GASPAR,AVENIDA DEPUTADO FRANCISCO MASTELLA,3955,SETE DE SETEMBRO,,5,19/08/2026,19/09/2026,,1,,,,0,,0,00.577.158/0001-29,,,0,,0,OP PRODUÇÃO,0,0,CLASSIFICAR MODELO/FAMILIA,,,0097,GERAL,,,,,,,00/01/1900,23/06/2021,073,BARCELONA,CONFECCOES ONEDA LTDA,02.16.42.0057,TOP CURTO,AV,AVIAMENTOS PENDENTE ESTILO,N,RRB,RRB - RENNER BUFFER,50,A DEFINIR,7-8,53,4,0,0,0,0,19/08/2026,26/08/2026,D47,AVIAMENTOS ESTILO,X01,,AVIAMENTOS PENDENTE ESTILO,0,PC,PENDENT DESENV/ APROV ESTILO,,,,,,00/01/1900,,,(47) 3332-5004,0,,,,,14/09/2026,0,-28,35,4,,,0,0,0,0,0,A,R8,LICENSE MENINO RENNER,17,CABIDE,N,N,SSNN
077923,0,834,,0,AMOSTRA,04/09,0,,,0,0,T00,TOP CURTO (TOP),,"GS39543 R$ 2,25 c/ proteção",0,00/01/1900,3,0,GASPAR,AVENIDA DEPUTADO FRANCISCO MASTELLA,3955,SETE DE SETEMBRO,,5,19/08/2026,19/09/2026,,1,,,,0,,0,00.577.158/0001-29,,,0,,0,OP PRODUÇÃO,0,0,CLASSIFICAR MODELO/FAMILIA,,,0097,GERAL,,,,,,,00/01/1900,23/06/2021,085,SEM LICENSA C&A,CONFECCOES ONEDA LTDA,01.12.00.7868-1,CONJUNTO CURTO / 2027-1-4746,AV,AVIAMENTOS PENDENTE ESTILO,N,CFC,CFC - FEIRA WINTER I 2027 (PROD CS),50,A DEFINIR,3-6,32,4,0,0,0,0,19/08/2026,26/08/2026,D47,AVIAMENTOS ESTILO,X01,,AVIAMENTOS PENDENTE ESTILO,0,PC,PENDENTE DESENVOLVIMENTO,,,,,,00/01/1900,,,(47) 3332-5004,0,,,,,14/09/2026,0,-28,35,4,,,0,0,0,0,0,A,004,T51A - RNO,11,MASCULINO,N,N,SSNN
078007,0,834,,0,AMOSTRA,,0,,,0,0,B00,SHORTS (BOTTON),,,0,00/01/1900,0,0,GASPAR,AVENIDA DEPUTADO FRANCISCO MASTELLA,3955,SETE DE SETEMBRO,,5,25/08/2026,25/09/2026,,1,,,,0,,0,00.577.158/0001-29,,,0,,0,OP PRODUÇÃO,0,0,CLASSIFICAR MODELO/FAMILIA,,,0097,GERAL,,,,,,,00/01/1900,23/06/2021,073,BARCELONA,CONFECCOES ONEDA LTDA,02.16.42.0058,SHORTS,AV,AVIAMENTOS PENDENTE ESTILO,N,RRB,RRB - RENNER BUFFER,50,A DEFINIR,7-8,53,4,0,0,0,0,25/08/2026,01/09/2026,D47,AVIAMENTOS ESTILO,X01,,AVIAMENTOS PENDENTE ESTILO,0,PC,PENDENT DESENV/ APROV ESTILO,,,,,,00/01/1900,,,(47) 3332-5004,0,,,,,18/09/2026,0,-22,29,4,,,0,0,0,0,0,A,R8,LICENSE MENINO RENNER,17,CABIDE,N,N,SSNN
078008,0,834,,0,AMOSTRA,,0,,,0,0,T00,TOP CURTO (TOP),,,0,00/01/1900,0,0,GASPAR,AVENIDA DEPUTADO FRANCISCO MASTELLA,3955,SETE DE SETEMBRO,,5,25/08/2026,25/09/2026,,1,,,,0,,0,00.577.158/0001-29,,,0,,0,OP PRODUÇÃO,0,0,CLASSIFICAR MODELO/FAMILIA,,,0097,GERAL,,,,,,,00/01/1900,23/06/2021,073,BARCELONA,CONFECCOES ONEDA LTDA,02.16.42.0057-1,TOP CURTO,AV,AVIAMENTOS PENDENTE ESTILO,N,RRB,RRB - RENNER BUFFER,50,A DEFINIR,7-8,53,4,0,0,0,0,25/08/2026,01/09/2026,D47,AVIAMENTOS ESTILO,X01,,AVIAMENTOS PENDENTE ESTILO,0,PC,PENDENT DESENV/ APROV ESTILO,,,,,,00/01/1900,,,(47) 3332-5004,0,,,,,18/09/2026,0,-22,29,4,,,0,0,0,0,0,A,R8,LICENSE MENINO RENNER,17,CABIDE,N,N,SSNN
078038,0,834,,0,AMOSTRA,10/09,0,,B36,0,0,T13,POLO CURTO (TOP),,,0,00/01/1900,1,0,GASPAR,AVENIDA DEPUTADO FRANCISCO MASTELLA,3955,SETE DE SETEMBRO,,5,26/08/2026,26/09/2026,,1,,,,0,,0,00.577.158/0001-29,,,0,,0,OP PRODUÇÃO,0,0,CLASSIFICAR MODELO/FAMILIA,,,0097,GERAL,,,,,,,00/01/1900,23/06/2021,085,SEM LICENSA C&A,CONFECCOES ONEDA LTDA,01.18.00.7908-1,POLO CURTO / 2027-1-5816,AV,AVIAMENTOS PENDENTE ESTILO,N,CFA,CFA - FEIRA WINTER I 2027 (PROD AS BS),50,A DEFINIR,12,17,4,0,0,0,0,26/08/2026,02/09/2026,D47,AVIAMENTOS ESTILO,X01,,AVIAMENTOS PENDENTE ESTILO,0,PC,PENDENTE DESENVOLVIMENTO,,,,,,00/01/1900,,,(47) 3332-5004,0,,,,,21/09/2026,0,-21,28,4,,,0,0,0,0,0,A,013,T59A - FIFTEEN MP,11,MASCULINO,N,N,SSNN
078070,0,834,,0,AMOSTRA,24/09,0,,B39,0,0,T00,TOP CURTO (TOP),,,0,00/01/1900,3,0,GASPAR,AVENIDA DEPUTADO FRANCISCO MASTELLA,3955,SETE DE SETEMBRO,,5,01/09/2026,1/10/2026,,1,,,,0,,0,00.577.158/0001-29,,,0,1 Ag F,0,OP PRODUÇÃO,0,0,CLASSIFICAR MODELO/FAMILIA,,,0097,GERAL,,,,,Agu retor Feira / pos fei,,00/01/1900,23/06/2021,036,WARNER C&A,CONFECCOES ONEDA LTDA,01.16.07.0694,TOP CURTO,AV,AVIAMENTOS PENDENTE ESTILO,N,CGB,CGB - FEIRA WINTER II 2027 (BUFFER),50,A DEFINIR,6,14,4,0,0,0,0,01/09/2026,08/09/2026,D47,AVIAMENTOS ESTILO,X01,,AVIAMENTOS PENDENTE ESTILO,0,PC,AGUAR. APROV. LIC. / CONCEITO,,,,,,00/01/1900,,,(47) 3332-5004,0,,,,,24/09/2026,0,-15,22,4,,,0,0,0,0,0,A,001,T54A - LICENSE MASC.,11,MASCULINO,N,N,SSNN
078071,0,834,,0,AMOSTRA,24/09,0,,B39,0,0,T13,POLO CURTO (TOP),,,0,00/01/1900,2,0,GASPAR,AVENIDA DEPUTADO FRANCISCO MASTELLA,3955,SETE DE SETEMBRO,,5,01/09/2026,1/10/2026,,1,,,,0,,0,00.577.158/0001-29,,,0,1 Ag F,0,OP PRODUÇÃO,0,0,CLASSIFICAR MODELO/FAMILIA,,,0097,GERAL,,,,,Agu retor Feira / pos fei,,00/01/1900,23/06/2021,085,SEM LICENSA C&A,CONFECCOES ONEDA LTDA,01.16.00.7926,POLO CURTO,AV,AVIAMENTOS PENDENTE ESTILO,N,CGB,CGB - FEIRA WINTER II 2027 (BUFFER),50,A DEFINIR,6,14,4,0,0,0,0,01/09/2026,08/09/2026,D47,AVIAMENTOS ESTILO,X01,,AVIAMENTOS PENDENTE ESTILO,0,PC,PENDENTE DESENVOLVIMENTO,,,,,,00/01/1900,,,(47) 3332-5004,0,,,,,24/09/2026,0,-15,22,4,,,0,0,0,0,0,A,007,T54A - PALOMINO,11,MASCULINO,N,N,SSNN
078073,0,834,,0,AMOSTRA,24/09,0,,B39,0,0,T00,TOP CURTO (TOP),"ROT r$ 25,00 TODO PROCESSO",,0,00/01/1900,2,0,GASPAR,AVENIDA DEPUTADO FRANCISCO MASTELLA,3955,SETE DE SETEMBRO,,5,01/09/2026,1/10/2026,,1,,,,0,,0,00.577.158/0001-29,,,0,1 Ag F,0,OP PRODUÇÃO,0,0,CLASSIFICAR MODELO/FAMILIA,,,0097,GERAL,,,,,Agu retor Feira / pos fei,,00/01/1900,23/06/2021,085,SEM LICENSA C&A,CONFECCOES ONEDA LTDA,01.14.00.7927,TOP CURTO,AV,AVIAMENTOS PENDENTE ESTILO,N,CGB,CGB - FEIRA WINTER II 2027 (BUFFER),50,A DEFINIR,2,11,4,0,0,0,0,01/09/2026,08/09/2026,D47,AVIAMENTOS ESTILO,X01,,AVIAMENTOS PENDENTE ESTILO,0,PC,PENDENTE DESENVOLVIMENTO,,,,,,00/01/1900,,,(47) 3332-5004,0,,,,,24/09/2026,0,-15,22,4,,,0,0,0,0,0,A,003,T52A - BBO,11,MASCULINO,N,N,SSNN
078074,0,834,,0,AMOSTRA,09/10,0,,B40,0,0,T00,TOP CURTO (TOP),,ET. LATERAL = MUH12.1,0,00/01/1900,0,0,GASPAR,AVENIDA DEPUTADO FRANCISCO MASTELLA,3955,SETE DE SETEMBRO,,5,01/09/2026,1/10/2026,,1,,,,0,,0,00.577.158/0001-29,,,0,1 Ag F,0,OP PRODUÇÃO,0,0,CLASSIFICAR MODELO/FAMILIA,,,0097,GERAL,,,,,Agu retor Feira / pos fei,,00/01/1900,23/06/2021,149,SEM LICENÇA HERING,CONFECCOES ONEDA LTDA,13.20.00.0675,TOP CURTO,AV,AVIAMENTOS PENDENTE ESTILO,N,HXH,DROP HALLOWEEN HERING,50,A DEFINIR,M,22,4,0,0,0,0,01/09/2026,08/09/2026,D47,AVIAMENTOS ESTILO,X01,,AVIAMENTOS PENDENTE ESTILO,0,PC,PENDENTE DESENVOLVIMENTO,,,,,,00/01/1900,,,(47) 3332-5004,0,,,,,24/09/2026,0,-15,22,4,,,0,0,0,0,0,A,62,ADULTO,5,CAIXA - LR,N,N,SSNN
078075,0,834,,0,AMOSTRA,09/10,0,,B40,0,0,T00,TOP CURTO (TOP),,ET. LATERAL = MUH12.1,0,00/01/1900,0,0,GASPAR,AVENIDA DEPUTADO FRANCISCO MASTELLA,3955,SETE DE SETEMBRO,,5,01/09/2026,1/10/2026,,1,,,,0,,0,00.577.158/0001-29,,,0,1 Ag F,0,OP PRODUÇÃO,0,0,CLASSIFICAR MODELO/FAMILIA,,,0097,GERAL,,,,,Agu retor Feira / pos fei,,00/01/1900,23/06/2021,149,SEM LICENÇA HERING,CONFECCOES ONEDA LTDA,13.16.00.0671,TOP CURTO,AV,AVIAMENTOS PENDENTE ESTILO,N,HXH,DROP HALLOWEEN HERING,50,A DEFINIR,4,13,4,0,0,0,0,01/09/2026,08/09/2026,D47,AVIAMENTOS ESTILO,X01,,AVIAMENTOS PENDENTE ESTILO,0,PC,PENDENTE DESENVOLVIMENTO,,,,,,00/01/1900,,,(47) 3332-5004,0,,,,,24/09/2026,0,-15,22,4,,,0,0,0,0,0,A,H01,T54 - HERING KIDS O,5,CAIXA - LR,N,N,SSNN
078076,0,834,,0,AMOSTRA,09/10,0,,B40,0,0,C01,CONJUNTO LONGO (TOP/BOTTON),,ET. LATERAL ALTERNATIVO = MUH12.1,0,00/01/1900,0,0,GASPAR,AVENIDA DEPUTADO FRANCISCO MASTELLA,3955,SETE DE SETEMBRO,,5,01/09/2026,1/10/2026,,1,,,,0,,0,00.577.158/0001-29,,,0,1 Ag F,0,OP PRODUÇÃO,0,0,CLASSIFICAR MODELO/FAMILIA,,,0097,GERAL,,,,,Agu retor Feira / pos fei,,00/01/1900,23/06/2021,149,SEM LICENÇA HERING,CONFECCOES ONEDA LTDA,13.16.00.0672,CONJUNTO LONGO,AV,AVIAMENTOS PENDENTE ESTILO,N,HXH,DROP HALLOWEEN HERING,50,A DEFINIR,4,13,4,0,0,0,0,01/09/2026,08/09/2026,D47,AVIAMENTOS ESTILO,X01,,AVIAMENTOS PENDENTE ESTILO,0,PC,PENDENTE DESENVOLVIMENTO,,,,,,00/01/1900,,,(47) 3332-5004,0,,,,,24/09/2026,0,-15,22,4,,,0,0,0,0,0,A,H01,T54 - HERING KIDS O,5,CAIXA - LR,N,N,SSNN
078077,0,834,,0,AMOSTRA,09/10,0,,B40,0,0,T00,TOP CURTO (TOP),,ET. LATERAL = MUH12.1,0,00/01/1900,0,0,GASPAR,AVENIDA DEPUTADO FRANCISCO MASTELLA,3955,SETE DE SETEMBRO,,5,01/09/2026,1/10/2026,,1,,,,0,,0,00.577.158/0001-29,,,0,1 Ag F,0,OP PRODUÇÃO,0,0,CLASSIFICAR MODELO/FAMILIA,,,0097,GERAL,,,,,Agu retor Feira / pos fei,,00/01/1900,23/06/2021,149,SEM LICENÇA HERING,CONFECCOES ONEDA LTDA,13.16.00.0673,TOP CURTO,AV,AVIAMENTOS PENDENTE ESTILO,N,HXH,DROP HALLOWEEN HERING,50,A DEFINIR,4,13,4,0,0,0,0,01/09/2026,08/09/2026,D47,AVIAMENTOS ESTILO,X01,,AVIAMENTOS PENDENTE ESTILO,0,PC,PENDENTE DESENVOLVIMENTO,,,,,,00/01/1900,,,(47) 3332-5004,0,,,,,24/09/2026,0,-15,22,4,,,0,0,0,0,0,A,H01,T54 - HERING KIDS O,5,CAIXA - LR,N,N,SSNN
078078,0,834,,0,AMOSTRA,09/10,0,,B40,0,0,T00,TOP CURTO (TOP),"preço rotativo 27,50 por kg (processo completo)",,0,00/01/1900,0,0,GASPAR,AVENIDA DEPUTADO FRANCISCO MASTELLA,3955,SETE DE SETEMBRO,,5,01/09/2026,1/10/2026,,1,,,,0,,0,00.577.158/0001-29,,,0,1 Ag F,0,OP PRODUÇÃO,0,0,CLASSIFICAR MODELO/FAMILIA,,,0097,GERAL,,,,,Agu retor Feira / pos fei,,00/01/1900,23/06/2021,149,SEM LICENÇA HERING,CONFECCOES ONEDA LTDA,13.16.00.0674,TOP CURTO,AV,AVIAMENTOS PENDENTE ESTILO,N,HXH,DROP HALLOWEEN HERING,50,A DEFINIR,4,13,4,0,0,0,0,01/09/2026,08/09/2026,D47,AVIAMENTOS ESTILO,X01,,AVIAMENTOS PENDENTE ESTILO,0,PC,PENDENTE DESENVOLVIMENTO,,,,,,00/01/1900,,,(47) 3332-5004,0,,,,,24/09/2026,0,-15,22,4,,,0,0,0,0,0,A,H01,T54 - HERING KIDS O,5,CAIXA - LR,N,N,SSNN
078079,0,834,,0,AMOSTRA,09/10,0,,B40,0,0,C00,CONJUNTO CURTO (TOP/BOTTON),,PATCH EMBORRACHADO USAR CUSTO DO 01.18.00.7861,0,00/01/1900,0,0,GASPAR,AVENIDA DEPUTADO FRANCISCO MASTELLA,3955,SETE DE SETEMBRO,,5,01/09/2026,1/10/2026,,1,,,,0,,0,00.577.158/0001-29,,,0,1 Ag F,0,OP PRODUÇÃO,0,0,CLASSIFICAR MODELO/FAMILIA,,,0097,GERAL,,,,,Agu retor Feira / pos fei,,00/01/1900,23/06/2021,149,SEM LICENÇA HERING,CONFECCOES ONEDA LTDA,13.16.00.0676,CONJUNTO CURTO,AV,AVIAMENTOS PENDENTE ESTILO,N,HXH,DROP HALLOWEEN HERING,50,A DEFINIR,4,13,4,0,0,0,0,01/09/2026,08/09/2026,D47,AVIAMENTOS ESTILO,X01,,AVIAMENTOS PENDENTE ESTILO,0,PC,PENDENTE DESENVOLVIMENTO,,,,,,00/01/1900,,,(47) 3332-5004,0,,,,,24/09/2026,0,-15,22,4,,,0,0,0,0,0,A,H01,T54 - HERING KIDS O,5,CAIXA - LR,N,N,SSNN
078084,0,834,,0,AMOSTRA,09/10,0,,B40,0,0,B02,SAIA (BOTTON),,,0,00/01/1900,0,0,GASPAR,AVENIDA DEPUTADO FRANCISCO MASTELLA,3955,SETE DE SETEMBRO,,5,01/09/2026,1/10/2026,,1,,,,0,,0,00.577.158/0001-29,,,0,1 Ag F,0,OP PRODUÇÃO,0,0,CLASSIFICAR MODELO/FAMILIA,,,0097,GERAL,,,,,Agu retor Feira / pos fei,,00/01/1900,23/06/2021,149,SEM LICENÇA HERING,CONFECCOES ONEDA LTDA,13.15.00.0669,SAIA,AV,AVIAMENTOS PENDENTE ESTILO,N,HXH,DROP HALLOWEEN HERING,50,A DEFINIR,4,13,4,0,0,0,0,01/09/2026,08/09/2026,D47,AVIAMENTOS ESTILO,X01,,AVIAMENTOS PENDENTE ESTILO,0,PC,PENDENTE DESENVOLVIMENTO,,,,,,00/01/1900,,,(47) 3332-5004,0,,,,,24/09/2026,0,-15,22,4,,,0,0,0,0,0,A,H02,T53 - HERING KIDS A,5,CAIXA - LR,N,N,SSNN
078085,0,834,,0,AMOSTRA,09/10,0,,B39,0,0,T21,VESTIDO (TOP),,,0,00/01/1900,0,0,GASPAR,AVENIDA DEPUTADO FRANCISCO MASTELLA,3955,SETE DE SETEMBRO,,5,01/09/2026,1/10/2026,,1,,,,0,,0,00.577.158/0001-29,,,0,1 Ag F,0,OP PRODUÇÃO,0,0,CLASSIFICAR MODELO/FAMILIA,,,0097,GERAL,,,,,Agu retor Feira / pos fei,,00/01/1900,23/06/2021,149,SEM LICENÇA HERING,CONFECCOES ONEDA LTDA,13.15.00.0670,VESTIDO,AV,AVIAMENTOS PENDENTE ESTILO,N,HXH,DROP HALLOWEEN HERING,50,A DEFINIR,4,13,4,0,0,0,0,01/09/2026,08/09/2026,D47,AVIAMENTOS ESTILO,X01,,AVIAMENTOS PENDENTE ESTILO,0,PC,PENDENTE DESENVOLVIMENTO,,,,,,00/01/1900,,,(47) 3332-5004,0,,,,,24/09/2026,0,-15,22,4,,,0,0,0,0,0,A,H02,T53 - HERING KIDS A,5,CAIXA - LR,N,N,SSNN
078111,0,834,,0,AMOSTRA,24/09,0,,B39,0,0,T00,TOP CURTO (TOP),"ROT r$ 25,00 TODO PROCESSO",,0,00/01/1900,0,0,GASPAR,AVENIDA DEPUTADO FRANCISCO MASTELLA,3955,SETE DE SETEMBRO,,5,04/09/2026,4/10/2026,,1,,,,0,,0,00.577.158/0001-29,,,0,1 Ag F,0,OP PRODUÇÃO,0,0,CLASSIFICAR MODELO/FAMILIA,,,0097,GERAL,,,,,Agu retor Feira / pos fei,,00/01/1900,23/06/2021,085,SEM LICENSA C&A,CONFECCOES ONEDA LTDA,01.14.00.7927-1,TOP CURTO,AV,AVIAMENTOS PENDENTE ESTILO,N,CGB,CGB - FEIRA WINTER II 2027 (BUFFER),50,A DEFINIR,2,11,4,0,0,0,0,04/09/2026,11/09/2026,D47,AVIAMENTOS ESTILO,X01,,AVIAMENTOS PENDENTE ESTILO,0,PC,PENDENTE DESENVOLVIMENTO,,,,,,00/01/1900,,,(47) 3332-5004,0,,,,,28/09/2026,0,-12,19,4,,,0,0,0,0,0,A,003,T52A - BBO,11,MASCULINO,N,N,SSNN
078112,0,834,,0,AMOSTRA,16/09,0,,B38,0,0,C00,CONJUNTO CURTO (TOP/BOTTON),,"GS39638 R$ 7,10 c/ proteção",0,00/01/1900,4,0,GASPAR,AVENIDA DEPUTADO FRANCISCO MASTELLA,3955,SETE DE SETEMBRO,,5,04/09/2026,4/10/2026,,1,,,,0,,0,00.577.158/0001-29,,,0,1 Ag F,0,OP PRODUÇÃO,0,0,CLASSIFICAR MODELO/FAMILIA,,,0097,GERAL,,,,,Agu retor Feira / pos fei,,00/01/1900,23/06/2021,085,SEM LICENSA C&A,CONFECCOES ONEDA LTDA,01.14.00.7928,CONJUNTO CURTO / 2027-1-6329,AV,AVIAMENTOS PENDENTE ESTILO,N,CFI,CFI - FEIRA WINTER I 2027 (PROD AS BS) INCLUSÃO,50,A DEFINIR,2,11,4,0,0,0,0,04/09/2026,11/09/2026,D47,AVIAMENTOS ESTILO,X01,,AVIAMENTOS PENDENTE ESTILO,0,PC,PENDENTE DESENVOLVIMENTO,,,,,,00/01/1900,,,(47) 3332-5004,0,,,,,28/09/2026,0,-12,19,4,,,0,0,0,0,0,A,003,T52A - BBO,11,MASCULINO,N,N,SSNN
078113,0,834,,0,AMOSTRA,16/09,0,,B38,0,0,C00,CONJUNTO CURTO (TOP/BOTTON),,"GS39641 R$ 3,98 s/ proteção",0,00/01/1900,4,0,GASPAR,AVENIDA DEPUTADO FRANCISCO MASTELLA,3955,SETE DE SETEMBRO,,5,04/09/2026,4/10/2026,,1,,,,0,,0,00.577.158/0001-29,,,0,1 Ag F,0,OP PRODUÇÃO,0,0,CLASSIFICAR MODELO/FAMILIA,,,0097,GERAL,,,,,Agu retor Feira / pos fei,,00/01/1900,23/06/2021,085,SEM LICENSA C&A,CONFECCOES ONEDA LTDA,01.14.00.7929,CONJUNTO CURTO / 2027-1-4984,AV,AVIAMENTOS PENDENTE ESTILO,N,CFI,CFI - FEIRA WINTER I 2027 (PROD AS BS) INCLUSÃO,50,A DEFINIR,2,11,4,0,0,0,0,04/09/2026,11/09/2026,D47,AVIAMENTOS ESTILO,X01,,AVIAMENTOS PENDENTE ESTILO,0,PC,PENDENTE DESENVOLVIMENTO,,,,,,00/01/1900,,,(47) 3332-5004,0,,,,,28/09/2026,0,-12,19,4,,,0,0,0,0,0,A,003,T52A - BBO,11,MASCULINO,N,N,SSNN
078120,0,834,,0,AMOSTRA,,0,,,0,0,T00,TOP CURTO (TOP),,,0,00/01/1900,0,0,GASPAR,AVENIDA DEPUTADO FRANCISCO MASTELLA,3955,SETE DE SETEMBRO,,5,09/09/2026,9/9/2026,,1,,,,0,,0,00.577.158/0001-29,,,0,,0,OP PRODUÇÃO,0,0,CLASSIFICAR MODELO/FAMILIA,,,0097,GERAL,,,,,,,00/01/1900,23/06/2021,086,DISNEY C&A,CONFECCOES ONEDA LTDA,01.20.01.3273,TOP CURTO,AV,AVIAMENTOS PENDENTE ESTILO,N,CVP,CVP - FEIRA SUMMER I 2026 (PREÇOS E COTAÇÕES),0,UNICO,M,22,4,0,0,0,0,09/09/2026,16/09/2026,D47,AVIAMENTOS ESTILO,X01,,AVIAMENTOS PENDENTE ESTILO,0,PC,AGUAR. APROV. LIC. / CONCEITO,,,,,,00/01/1900,,,(47) 3332-5004,0,,,,,02/09/2026,0,-7,14,4,,,0,0,0,0,0,A,73,T36 - ACE,11,MASCULINO,N,N,SSNN
078125,0,834,,0,AMOSTRA,16/09,0,,B38,0,0,C00,CONJUNTO CURTO (TOP/BOTTON),,"GS39639 R$ 3,98 s/ proteção",0,00/01/1900,4,0,GASPAR,AVENIDA DEPUTADO FRANCISCO MASTELLA,3955,SETE DE SETEMBRO,,5,09/09/2026,09/10/2026,,1,,,,0,,0,00.577.158/0001-29,,,0,1 Ag F,0,OP PRODUÇÃO,0,0,CLASSIFICAR MODELO/FAMILIA,,,0097,GERAL,,,,,Agu retor Feira / pos fei,,00/01/1900,23/06/2021,085,SEM LICENSA C&A,CONFECCOES ONEDA LTDA,01.14.00.7928-1,CONJUNTO CURTO / 2027-1-6329,AV,AVIAMENTOS PENDENTE ESTILO,N,CFI,CFI - FEIRA WINTER I 2027 (PROD AS BS) INCLUSÃO,50,A DEFINIR,2,11,4,0,0,0,0,09/09/2026,16/09/2026,D47,AVIAMENTOS ESTILO,X01,,AVIAMENTOS PENDENTE ESTILO,0,PC,PENDENTE DESENVOLVIMENTO,,,,,,00/01/1900,,,(47) 3332-5004,0,,,,,02/10/2026,0,-7,14,4,,,0,0,0,0,0,A,003,T52A - BBO,11,MASCULINO,N,N,SSNN
078126,0,834,,0,AMOSTRA,16/09,0,,B38,0,0,C00,CONJUNTO CURTO (TOP/BOTTON),,"GS39640 R$ 2,95 c/ proteção",0,00/01/1900,4,0,GASPAR,AVENIDA DEPUTADO FRANCISCO MASTELLA,3955,SETE DE SETEMBRO,,5,09/09/2026,09/10/2026,,1,,,,0,,0,00.577.158/0001-29,,,0,1 Ag F,0,OP PRODUÇÃO,0,0,CLASSIFICAR MODELO/FAMILIA,,,0097,GERAL,,,,,Agu retor Feira / pos fei,,00/01/1900,23/06/2021,085,SEM LICENSA C&A,CONFECCOES ONEDA LTDA,01.14.00.7928-2,CONJUNTO CURTO / 2027-1-6329,AV,AVIAMENTOS PENDENTE ESTILO,N,CFI,CFI - FEIRA WINTER I 2027 (PROD AS BS) INCLUSÃO,50,A DEFINIR,2,11,4,0,0,0,0,09/09/2026,16/09/2026,D47,AVIAMENTOS ESTILO,X01,,AVIAMENTOS PENDENTE ESTILO,0,PC,PENDENTE DESENVOLVIMENTO,,,,,,00/01/1900,,,(47) 3332-5004,0,,,,,02/10/2026,0,-7,14,4,,,0,0,0,0,0,A,003,T52A - BBO,11,MASCULINO,N,N,SSNN
078127,0,834,,0,AMOSTRA,16/09,0,,B38,0,0,C00,CONJUNTO CURTO (TOP/BOTTON),,"GS39642 R$ 2,95 c/ proteção",0,00/01/1900,4,0,GASPAR,AVENIDA DEPUTADO FRANCISCO MASTELLA,3955,SETE DE SETEMBRO,,5,09/09/2026,09/10/2026,,1,,,,0,,0,00.577.158/0001-29,,,0,1 Ag F,0,OP PRODUÇÃO,0,0,CLASSIFICAR MODELO/FAMILIA,,,0097,GERAL,,,,,Agu retor Feira / pos fei,,00/01/1900,23/06/2021,085,SEM LICENSA C&A,CONFECCOES ONEDA LTDA,01.14.00.7929-1,CONJUNTO CURTO / 2027-1-4984,AV,AVIAMENTOS PENDENTE ESTILO,N,CFI,CFI - FEIRA WINTER I 2027 (PROD AS BS) INCLUSÃO,50,A DEFINIR,2,11,4,0,0,0,0,09/09/2026,16/09/2026,D47,AVIAMENTOS ESTILO,X01,,AVIAMENTOS PENDENTE ESTILO,0,PC,PENDENTE DESENVOLVIMENTO,,,,,,00/01/1900,,,(47) 3332-5004,0,,,,,02/10/2026,0,-7,14,4,,,0,0,0,0,0,A,003,T52A - BBO,11,MASCULINO,N,N,SSNN
078129,0,834,,0,AMOSTRA,16/09,0,,B38,0,0,T00,TOP CURTO (TOP),,,0,00/01/1900,2,0,GASPAR,AVENIDA DEPUTADO FRANCISCO MASTELLA,3955,SETE DE SETEMBRO,,5,10/09/2026,10/10/2026,,1,,,,0,,0,00.577.158/0001-29,,,0,,0,OP PRODUÇÃO,0,0,CLASSIFICAR MODELO/FAMILIA,,,0097,GERAL,,,,,,,00/01/1900,23/06/2021,073,BARCELONA,CONFECCOES ONEDA LTDA,02.16.42.0063,TOP CURTO,AV,AVIAMENTOS PENDENTE ESTILO,N,RRB,RRB - RENNER BUFFER,50,A DEFINIR,7-8,53,4,0,0,0,0,10/09/2026,17/09/2026,D47,AVIAMENTOS ESTILO,X01,,AVIAMENTOS PENDENTE ESTILO,0,PC,AGUAR. APROV. LIC. / CONCEITO,,,,,,00/01/1900,,,(47) 3332-5004,0,,,,,05/10/2026,0,-6,13,4,,,0,0,0,0,0,A,R8,LICENSE MENINO RENNER,17,CABIDE,N,N,SSNN
078165,0,834,,0,AMOSTRA,09/10,0,,B40,0,0,T00,TOP CURTO (TOP),,,0,00/01/1900,0,0,GASPAR,AVENIDA DEPUTADO FRANCISCO MASTELLA,3955,SETE DE SETEMBRO,,5,15/09/2026,15/10/2026,,1,,,,0,,0,00.577.158/0001-29,,,0,,0,OP PRODUÇÃO,0,0,CLASSIFICAR MODELO/FAMILIA,,,0097,GERAL,,,,,,,00/01/1900,23/06/2021,149,SEM LICENÇA HERING,CONFECCOES ONEDA LTDA,13.16.00.0671A,TOP CURTO,AV,AVIAMENTOS PENDENTE ESTILO,N,HXH,DROP HALLOWEEN HERING,50,A DEFINIR,4,13,4,0,0,0,0,15/09/2026,22/09/2026,D47,AVIAMENTOS ESTILO,X01,,AVIAMENTOS PENDENTE ESTILO,0,PC,PENDENTE DESENVOLVIMENTO,,,,,,00/01/1900,,,(47) 3332-5004,0,,,,,08/10/2026,0,-1,8,4,,,0,0,0,0,0,A,H01,T54 - HERING KIDS O,5,CAIXA - LR,N,N,SSNN
078166,0,834,,0,AMOSTRA,09/10,0,,B40,0,0,T00,TOP CURTO (TOP),,,0,00/01/1900,0,0,GASPAR,AVENIDA DEPUTADO FRANCISCO MASTELLA,3955,SETE DE SETEMBRO,,5,15/09/2026,15/10/2026,,1,,,,0,,0,00.577.158/0001-29,,,0,,0,OP PRODUÇÃO,0,0,CLASSIFICAR MODELO/FAMILIA,,,0097,GERAL,,,,,,,00/01/1900,23/06/2021,149,SEM LICENÇA HERING,CONFECCOES ONEDA LTDA,13.16.00.0671B,TOP CURTO,AV,AVIAMENTOS PENDENTE ESTILO,N,HXH,DROP HALLOWEEN HERING,50,A DEFINIR,4,13,4,0,0,0,0,15/09/2026,22/09/2026,D47,AVIAMENTOS ESTILO,X01,,AVIAMENTOS PENDENTE ESTILO,0,PC,PENDENTE DESENVOLVIMENTO,,,,,,00/01/1900,,,(47) 3332-5004,0,,,,,08/10/2026,0,-1,8,4,,,0,0,0,0,0,A,H01,T54 - HERING KIDS O,5,CAIXA - LR,N,N,SSNN
078167,0,834,,0,AMOSTRA,09/10,0,,B40,0,0,T00,TOP CURTO (TOP),,,0,00/01/1900,0,0,GASPAR,AVENIDA DEPUTADO FRANCISCO MASTELLA,3955,SETE DE SETEMBRO,,5,15/09/2026,15/10/2026,,1,,,,0,,0,00.577.158/0001-29,,,0,,0,OP PRODUÇÃO,0,0,CLASSIFICAR MODELO/FAMILIA,,,0097,GERAL,,,,,,,00/01/1900,23/06/2021,149,SEM LICENÇA HERING,CONFECCOES ONEDA LTDA,13.16.00.0671C,TOP CURTO,AV,AVIAMENTOS PENDENTE ESTILO,N,HXH,DROP HALLOWEEN HERING,50,A DEFINIR,4,13,4,0,0,0,0,15/09/2026,22/09/2026,D47,AVIAMENTOS ESTILO,X01,,AVIAMENTOS PENDENTE ESTILO,0,PC,PENDENTE DESENVOLVIMENTO,,,,,,00/01/1900,,,(47) 3332-5004,0,,,,,08/10/2026,0,-1,8,4,,,0,0,0,0,0,A,H01,T54 - HERING KIDS O,5,CAIXA - LR,N,N,SSNN
078168,0,834,,0,AMOSTRA,09/10,0,,B40,0,0,C00,CONJUNTO CURTO (TOP/BOTTON),,,0,00/01/1900,0,0,GASPAR,AVENIDA DEPUTADO FRANCISCO MASTELLA,3955,SETE DE SETEMBRO,,5,15/09/2026,15/10/2026,,1,,,,0,,0,00.577.158/0001-29,,,0,,0,OP PRODUÇÃO,0,0,CLASSIFICAR MODELO/FAMILIA,,,0097,GERAL,,,,,,,00/01/1900,23/06/2021,149,SEM LICENÇA HERING,CONFECCOES ONEDA LTDA,13.16.00.0676A,CONJUNTO CURTO,AV,AVIAMENTOS PENDENTE ESTILO,N,HXH,DROP HALLOWEEN HERING,50,A DEFINIR,4,13,4,0,0,0,0,15/09/2026,22/09/2026,D47,AVIAMENTOS ESTILO,X01,,AVIAMENTOS PENDENTE ESTILO,0,PC,PENDENTE DESENVOLVIMENTO,,,,,,00/01/1900,,,(47) 3332-5004,0,,,,,08/10/2026,0,-1,8,4,,,0,0,0,0,0,A,H01,T54 - HERING KIDS O,5,CAIXA - LR,N,N,SSNN
078169,0,834,,0,AMOSTRA,09/10,0,,B40,0,0,T00,TOP CURTO (TOP),,,0,00/01/1900,0,0,GASPAR,AVENIDA DEPUTADO FRANCISCO MASTELLA,3955,SETE DE SETEMBRO,,5,15/09/2026,15/10/2026,,1,,,,0,,0,00.577.158/0001-29,,,0,,0,OP PRODUÇÃO,0,0,CLASSIFICAR MODELO/FAMILIA,,,0097,GERAL,,,,,,,00/01/1900,23/06/2021,149,SEM LICENÇA HERING,CONFECCOES ONEDA LTDA,13.16.00.0673A,TOP CURTO,AV,AVIAMENTOS PENDENTE ESTILO,N,HXH,DROP HALLOWEEN HERING,50,A DEFINIR,4,13,4,0,0,0,0,15/09/2026,22/09/2026,D47,AVIAMENTOS ESTILO,X01,,AVIAMENTOS PENDENTE ESTILO,0,PC,PENDENTE DESENVOLVIMENTO,,,,,,00/01/1900,,,(47) 3332-5004,0,,,,,08/10/2026,0,-1,8,4,,,0,0,0,0,0,A,H01,T54 - HERING KIDS O,5,CAIXA - LR,N,N,SSNN
078170,0,834,,0,AMOSTRA,09/10,0,,B40,0,0,T00,TOP CURTO (TOP),,,0,00/01/1900,0,0,GASPAR,AVENIDA DEPUTADO FRANCISCO MASTELLA,3955,SETE DE SETEMBRO,,5,15/09/2026,15/10/2026,,1,,,,0,,0,00.577.158/0001-29,,,0,,0,OP PRODUÇÃO,0,0,CLASSIFICAR MODELO/FAMILIA,,,0097,GERAL,,,,,,,00/01/1900,23/06/2021,149,SEM LICENÇA HERING,CONFECCOES ONEDA LTDA,13.15.00.0665A,TOP CURTO,AV,AVIAMENTOS PENDENTE ESTILO,N,HXH,DROP HALLOWEEN HERING,50,A DEFINIR,4,13,4,0,0,0,0,15/09/2026,22/09/2026,D47,AVIAMENTOS ESTILO,X01,,AVIAMENTOS PENDENTE ESTILO,0,PC,PENDENTE DESENVOLVIMENTO,,,,,,00/01/1900,,,(47) 3332-5004,0,,,,,08/10/2026,0,-1,8,4,,,0,0,0,0,0,A,H02,T53 - HERING KIDS A,5,CAIXA - LR,N,N,SSNN
078171,0,834,,0,AMOSTRA,09/10,0,,B40,0,0,T21,VESTIDO (TOP),,,0,00/01/1900,0,0,GASPAR,AVENIDA DEPUTADO FRANCISCO MASTELLA,3955,SETE DE SETEMBRO,,5,15/09/2026,15/10/2026,,1,,,,0,,0,00.577.158/0001-29,,,0,,0,OP PRODUÇÃO,0,0,CLASSIFICAR MODELO/FAMILIA,,,0097,GERAL,,,,,,,00/01/1900,23/06/2021,149,SEM LICENÇA HERING,CONFECCOES ONEDA LTDA,13.15.00.0670A,VESTIDO,AV,AVIAMENTOS PENDENTE ESTILO,N,HXH,DROP HALLOWEEN HERING,50,A DEFINIR,4,13,4,0,0,0,0,15/09/2026,22/09/2026,D47,AVIAMENTOS ESTILO,X01,,AVIAMENTOS PENDENTE ESTILO,0,PC,PENDENTE DESENVOLVIMENTO,,,,,,00/01/1900,,,(47) 3332-5004,0,,,,,08/10/2026,0,-1,8,4,,,0,0,0,0,0,A,H02,T53 - HERING KIDS A,5,CAIXA - LR,N,N,SSNN
078229,0,834,,0,AMOSTRA,02/10,0,,B40,0,0,T00,TOP CURTO (TOP),,,0,00/01/1900,2,0,GASPAR,AVENIDA DEPUTADO FRANCISCO MASTELLA,3955,SETE DE SETEMBRO,,5,17/09/2026,17/10/2026,,1,,,,0,,0,00.577.158/0001-29,,,0,,0,OP PRODUÇÃO,0,0,CLASSIFICAR MODELO/FAMILIA,,,0097,GERAL,,,,,,,00/01/1900,23/06/2021,085,SEM LICENSA C&A,CONFECCOES ONEDA LTDA,ON.19.0149,TOP CURTO,AV,AVIAMENTOS PENDENTE ESTILO,N,SRH,SHOW ROOM - HAVAN,50,A DEFINIR,M,22,4,0,0,0,0,17/09/2026,24/09/2026,D47,AVIAMENTOS ESTILO,X01,,AVIAMENTOS PENDENTE ESTILO,0,PC,PENDENTE DESENVOLVIMENTO,,,,,,00/01/1900,,,(47) 3332-5004,0,,,,,12/10/2026,0,1,6,4,,,0,0,0,0,0,A,100,T18C - FEMININO C&A,12,FEMININO,N,N,SSNN
078230,0,834,,0,AMOSTRA,02/10,0,,B40,0,0,T00,TOP CURTO (TOP),,,0,00/01/1900,2,0,GASPAR,AVENIDA DEPUTADO FRANCISCO MASTELLA,3955,SETE DE SETEMBRO,,5,17/09/2026,17/10/2026,,1,,,,0,,0,00.577.158/0001-29,,,0,,0,OP PRODUÇÃO,0,0,CLASSIFICAR MODELO/FAMILIA,,,0097,GERAL,,,,,,,00/01/1900,23/06/2021,085,SEM LICENSA C&A,CONFECCOES ONEDA LTDA,ON.19.0150,TOP CURTO,AV,AVIAMENTOS PENDENTE ESTILO,N,SRH,SHOW ROOM - HAVAN,50,A DEFINIR,M,22,4,0,0,0,0,17/09/2026,24/09/2026,D47,AVIAMENTOS ESTILO,X01,,AVIAMENTOS PENDENTE ESTILO,0,PC,PENDENTE DESENVOLVIMENTO,,,,,,00/01/1900,,,(47) 3332-5004,0,,,,,12/10/2026,0,1,6,4,,,0,0,0,0,0,A,100,T18C - FEMININO C&A,12,FEMININO,N,N,SSNN
078231,0,834,,0,AMOSTRA,02/10,0,,B40,0,0,T00,TOP CURTO (TOP),,,0,00/01/1900,2,0,GASPAR,AVENIDA DEPUTADO FRANCISCO MASTELLA,3955,SETE DE SETEMBRO,,5,17/09/2026,17/10/2026,,1,,,,0,,0,00.577.158/0001-29,,,0,,0,OP PRODUÇÃO,0,0,CLASSIFICAR MODELO/FAMILIA,,,0097,GERAL,,,,,,,00/01/1900,23/06/2021,085,SEM LICENSA C&A,CONFECCOES ONEDA LTDA,ON.19.0151,TOP CURTO,AV,AVIAMENTOS PENDENTE ESTILO,N,SRH,SHOW ROOM - HAVAN,50,A DEFINIR,M,22,4,0,0,0,0,17/09/2026,24/09/2026,D47,AVIAMENTOS ESTILO,X01,,AVIAMENTOS PENDENTE ESTILO,0,PC,PENDENTE DESENVOLVIMENTO,,,,,,00/01/1900,,,(47) 3332-5004,0,,,,,12/10/2026,0,1,6,4,,,0,0,0,0,0,A,100,T18C - FEMININO C&A,12,FEMININO,N,N,SSNN
078232,0,834,,0,AMOSTRA,02/10,0,,B40,0,0,T00,TOP CURTO (TOP),,,0,00/01/1900,2,0,GASPAR,AVENIDA DEPUTADO FRANCISCO MASTELLA,3955,SETE DE SETEMBRO,,5,17/09/2026,17/10/2026,,1,,,,0,,0,00.577.158/0001-29,,,0,,0,OP PRODUÇÃO,0,0,CLASSIFICAR MODELO/FAMILIA,,,0097,GERAL,,,,,,,00/01/1900,23/06/2021,085,SEM LICENSA C&A,CONFECCOES ONEDA LTDA,ON.19.0152,TOP CURTO,AV,AVIAMENTOS PENDENTE ESTILO,N,SRH,SHOW ROOM - HAVAN,50,A DEFINIR,M,22,4,0,0,0,0,17/09/2026,24/09/2026,D47,AVIAMENTOS ESTILO,X01,,AVIAMENTOS PENDENTE ESTILO,0,PC,PENDENTE DESENVOLVIMENTO,,,,,,00/01/1900,,,(47) 3332-5004,0,,,,,12/10/2026,0,1,6,4,,,0,0,0,0,0,A,100,T18C - FEMININO C&A,12,FEMININO,N,N,SSNN
078233,0,834,,0,AMOSTRA,02/10,0,,B40,0,0,T00,TOP CURTO (TOP),,,0,00/01/1900,0,0,GASPAR,AVENIDA DEPUTADO FRANCISCO MASTELLA,3955,SETE DE SETEMBRO,,5,17/09/2026,17/10/2026,,1,,,,0,,0,00.577.158/0001-29,,,0,,0,OP PRODUÇÃO,0,0,CLASSIFICAR MODELO/FAMILIA,,,0097,GERAL,,,,,,,00/01/1900,23/06/2021,085,SEM LICENSA C&A,CONFECCOES ONEDA LTDA,ON.19.0153,TOP CURTO,AV,AVIAMENTOS PENDENTE ESTILO,N,SRH,SHOW ROOM - HAVAN,50,A DEFINIR,M,22,4,0,0,0,0,17/09/2026,24/09/2026,D47,AVIAMENTOS ESTILO,X01,,AVIAMENTOS PENDENTE ESTILO,0,PC,PENDENTE DESENVOLVIMENTO,,,,,,00/01/1900,,,(47) 3332-5004,0,,,,,12/10/2026,0,1,6,4,,,0,0,0,0,0,A,100,T18C - FEMININO C&A,12,FEMININO,N,N,SSNN
078234,0,834,,0,AMOSTRA,02/10,0,,B40,0,0,T00,TOP CURTO (TOP),,,0,00/01/1900,0,0,GASPAR,AVENIDA DEPUTADO FRANCISCO MASTELLA,3955,SETE DE SETEMBRO,,5,17/09/2026,17/10/2026,,1,,,,0,,0,00.577.158/0001-29,,,0,,0,OP PRODUÇÃO,0,0,CLASSIFICAR MODELO/FAMILIA,,,0097,GERAL,,,,,,,00/01/1900,23/06/2021,085,SEM LICENSA C&A,CONFECCOES ONEDA LTDA,ON.19.0154,TOP CURTO,AV,AVIAMENTOS PENDENTE ESTILO,N,SRH,SHOW ROOM - HAVAN,50,A DEFINIR,M,22,4,0,0,0,0,17/09/2026,24/09/2026,D47,AVIAMENTOS ESTILO,X01,,AVIAMENTOS PENDENTE ESTILO,0,PC,PENDENTE DESENVOLVIMENTO,,,,,,00/01/1900,,,(47) 3332-5004,0,,,,,12/10/2026,0,1,6,4,,,0,0,0,0,0,A,100,T18C - FEMININO C&A,12,FEMININO,N,N,SSNN
078235,0,834,,0,AMOSTRA,02/10,0,,,0,0,T00,TOP CURTO (TOP),,,0,00/01/1900,0,0,GASPAR,AVENIDA DEPUTADO FRANCISCO MASTELLA,3955,SETE DE SETEMBRO,,5,21/09/2026,21/10/2026,,1,,,,0,,0,00.577.158/0001-29,,,0,,0,OP PRODUÇÃO,0,0,CLASSIFICAR MODELO/FAMILIA,,,0097,GERAL,,,,,,,00/01/1900,23/06/2021,085,SEM LICENSA C&A,CONFECCOES ONEDA LTDA,ON.19.0162,TOP CURTO,AV,AVIAMENTOS PENDENTE ESTILO,N,SRH,SHOW ROOM - HAVAN,50,A DEFINIR,M,22,4,0,0,0,0,21/09/2026,28/09/2026,D47,AVIAMENTOS ESTILO,X01,,AVIAMENTOS PENDENTE ESTILO,0,PC,PENDENTE DESENVOLVIMENTO,,,,,,00/01/1900,,,(47) 3332-5004,0,,,,,14/10/2026,0,5,2,4,,,0,0,0,0,0,A,100,T18C - FEMININO C&A,12,FEMININO,N,N,SSNN
078236,0,834,,0,AMOSTRA,02/10,0,,,0,0,T00,TOP CURTO (TOP),,,0,00/01/1900,0,0,GASPAR,AVENIDA DEPUTADO FRANCISCO MASTELLA,3955,SETE DE SETEMBRO,,5,21/09/2026,21/10/2026,,1,,,,0,,0,00.577.158/0001-29,,,0,,0,OP PRODUÇÃO,0,0,CLASSIFICAR MODELO/FAMILIA,,,0097,GERAL,,,,,,,00/01/1900,23/06/2021,085,SEM LICENSA C&A,CONFECCOES ONEDA LTDA,ON.19.0163,TOP CURTO,AV,AVIAMENTOS PENDENTE ESTILO,N,SRH,SHOW ROOM - HAVAN,50,A DEFINIR,M,22,4,0,0,0,0,21/09/2026,28/09/2026,D47,AVIAMENTOS ESTILO,X01,,AVIAMENTOS PENDENTE ESTILO,0,PC,PENDENTE DESENVOLVIMENTO,,,,,,00/01/1900,,,(47) 3332-5004,0,,,,,14/10/2026,0,5,2,4,,,0,0,0,0,0,A,100,T18C - FEMININO C&A,12,FEMININO,N,N,SSNN
078237,0,834,,0,AMOSTRA,02/10,0,,,0,0,T06,TOP REGATA (TOP),,,0,00/01/1900,0,0,GASPAR,AVENIDA DEPUTADO FRANCISCO MASTELLA,3955,SETE DE SETEMBRO,,5,21/09/2026,21/10/2026,,1,,,,0,,0,00.577.158/0001-29,,,0,,0,OP PRODUÇÃO,0,0,CLASSIFICAR MODELO/FAMILIA,,,0097,GERAL,,,,,,,00/01/1900,23/06/2021,085,SEM LICENSA C&A,CONFECCOES ONEDA LTDA,ON.19.0161,TOP REGATA,AV,AVIAMENTOS PENDENTE ESTILO,N,SRH,SHOW ROOM - HAVAN,50,A DEFINIR,M,22,4,0,0,0,0,21/09/2026,28/09/2026,D47,AVIAMENTOS ESTILO,X01,,AVIAMENTOS PENDENTE ESTILO,0,PC,PENDENTE DESENVOLVIMENTO,,,,,,00/01/1900,,,(47) 3332-5004,0,,,,,14/10/2026,0,5,2,4,,,0,0,0,0,0,A,100,T18C - FEMININO C&A,12,FEMININO,N,N,SSNN
078238,0,834,,0,AMOSTRA,02/10,0,,,0,0,T00,TOP CURTO (TOP),,,0,00/01/1900,0,0,GASPAR,AVENIDA DEPUTADO FRANCISCO MASTELLA,3955,SETE DE SETEMBRO,,5,21/09/2026,21/10/2026,,1,,,,0,,0,00.577.158/0001-29,,,0,,0,OP PRODUÇÃO,0,0,CLASSIFICAR MODELO/FAMILIA,,,0097,GERAL,,,,,,,00/01/1900,23/06/2021,085,SEM LICENSA C&A,CONFECCOES ONEDA LTDA,ON.19.0164,TOP CURTO,AV,AVIAMENTOS PENDENTE ESTILO,N,SRH,SHOW ROOM - HAVAN,50,A DEFINIR,M,22,4,0,0,0,0,21/09/2026,28/09/2026,D47,AVIAMENTOS ESTILO,X01,,AVIAMENTOS PENDENTE ESTILO,0,PC,PENDENTE DESENVOLVIMENTO,,,,,,00/01/1900,,,(47) 3332-5004,0,,,,,14/10/2026,0,5,2,4,,,0,0,0,0,0,A,100,T18C - FEMININO C&A,12,FEMININO,N,N,SSNN
078239,0,834,,0,AMOSTRA,02/10,0,,B40,0,0,B00,SHORTS (BOTTON),,,0,00/01/1900,0,0,GASPAR,AVENIDA DEPUTADO FRANCISCO MASTELLA,3955,SETE DE SETEMBRO,,5,22/09/2026,22/10/2026,,1,,,,0,,0,00.577.158/0001-29,,,0,,0,OP PRODUÇÃO,0,0,CLASSIFICAR MODELO/FAMILIA,,,0097,GERAL,,,,,,,00/01/1900,23/06/2021,085,SEM LICENSA C&A,CONFECCOES ONEDA LTDA,ON.13.0164,SHORTS,AV,AVIAMENTOS PENDENTE ESTILO,N,SRH,SHOW ROOM - HAVAN,50,A DEFINIR,2,11,4,0,0,0,0,22/09/2026,29/09/2026,D47,AVIAMENTOS ESTILO,X01,,AVIAMENTOS PENDENTE ESTILO,0,PC,PENDENTE DESENVOLVIMENTO,,,,,,00/01/1900,,,(47) 3332-5004,0,,,,,15/10/2026,0,6,1,4,,,0,0,0,0,0,A,005,T58A - BBA,12,FEMININO,N,N,SSNN
078240,0,834,,0,AMOSTRA,02/10,0,,B40,0,0,B01,CALÇA (BOTTON),,,0,00/01/1900,0,0,GASPAR,AVENIDA DEPUTADO FRANCISCO MASTELLA,3955,SETE DE SETEMBRO,,5,22/09/2026,22/10/2026,,1,,,,0,,0,00.577.158/0001-29,,,0,,0,OP PRODUÇÃO,0,0,CLASSIFICAR MODELO/FAMILIA,,,0097,GERAL,,,,,,,00/01/1900,23/06/2021,085,SEM LICENSA C&A,CONFECCOES ONEDA LTDA,ON.15.0165,CALÇA,AV,AVIAMENTOS PENDENTE ESTILO,N,T10,BASES TEMPLATES PARA O DESENVOLVIMENTO,50,A DEFINIR,6,14,4,0,0,0,0,22/09/2026,29/09/2026,D47,AVIAMENTOS ESTILO,X01,,AVIAMENTOS PENDENTE ESTILO,0,PC,PENDENTE DESENVOLVIMENTO,,,,,,00/01/1900,,,(47) 3332-5004,0,,,,,15/10/2026,0,6,1,4,,,0,0,0,0,0,A,002,T53 - LICENSE FEM.,12,FEMININO,N,N,SSNN
078243,0,834,,0,AMOSTRA,25/09,0,,B39,0,0,T00,TOP CURTO (TOP),,,0,00/01/1900,2,0,GASPAR,AVENIDA DEPUTADO FRANCISCO MASTELLA,3955,SETE DE SETEMBRO,,5,22/09/2026,22/10/2026,,1,,,,0,,0,00.577.158/0001-29,,,0,1 Ag F,0,OP PRODUÇÃO,0,0,CLASSIFICAR MODELO/FAMILIA,,,0097,GERAL,,,,,Agu retor Feira / pos fei,,00/01/1900,23/06/2021,058,NICKELODEON C&A,CONFECCOES ONEDA LTDA,01.14.03.0280,TOP CURTO,AV,AVIAMENTOS PENDENTE ESTILO,N,CFP,CFP - FEIRA WINTER I 2027 (COTAÇÃO),50,A DEFINIR,2,11,4,0,0,0,0,22/09/2026,29/09/2026,D47,AVIAMENTOS ESTILO,X01,,AVIAMENTOS PENDENTE ESTILO,0,PC,AGUAR. APROV. LIC. / CONCEITO,,,,,,00/01/1900,,,(47) 3332-5004,0,,,,,15/10/2026,0,6,1,4,,,0,0,0,0,0,A,003,T52A - BBO,11,MASCULINO,N,N,SSNN
078244,0,834,,0,AMOSTRA,25/09,0,,B39,0,0,T00,TOP CURTO (TOP),,,0,00/01/1900,2,0,GASPAR,AVENIDA DEPUTADO FRANCISCO MASTELLA,3955,SETE DE SETEMBRO,,5,22/09/2026,22/10/2026,,1,,,,0,,0,00.577.158/0001-29,,,0,1 Ag F,0,OP PRODUÇÃO,0,0,CLASSIFICAR MODELO/FAMILIA,,,0097,GERAL,,,,,Agu retor Feira / pos fei,,00/01/1900,23/06/2021,058,NICKELODEON C&A,CONFECCOES ONEDA LTDA,01.14.03.0279,TOP CURTO,AV,AVIAMENTOS PENDENTE ESTILO,N,CFP,CFP - FEIRA WINTER I 2027 (COTAÇÃO),50,A DEFINIR,2,11,4,0,0,0,0,22/09/2026,29/09/2026,D47,AVIAMENTOS ESTILO,X01,,AVIAMENTOS PENDENTE ESTILO,0,PC,AGUAR. APROV. LIC. / CONCEITO,,,,,,00/01/1900,,,(47) 3332-5004,0,,,,,15/10/2026,0,6,1,4,,,0,0,0,0,0,A,003,T52A - BBO,11,MASCULINO,N,N,SSNN
078245,0,834,,0,AMOSTRA,25/09,0,,B39,0,0,T00,TOP CURTO (TOP),,,0,00/01/1900,2,0,GASPAR,AVENIDA DEPUTADO FRANCISCO MASTELLA,3955,SETE DE SETEMBRO,,5,22/09/2026,22/10/2026,,1,,,,0,,0,00.577.158/0001-29,,,0,1 Ag F,0,OP PRODUÇÃO,0,0,CLASSIFICAR MODELO/FAMILIA,,,0097,GERAL,,,,,Agu retor Feira / pos fei,,00/01/1900,23/06/2021,146,LICENÇAS VARIADAS,CONFECCOES ONEDA LTDA,01.16.42.0577,TOP CURTO,AV,AVIAMENTOS PENDENTE ESTILO,N,CFP,CFP - FEIRA WINTER I 2027 (COTAÇÃO),50,A DEFINIR,6,14,4,0,0,0,0,22/09/2026,29/09/2026,D47,AVIAMENTOS ESTILO,X01,,AVIAMENTOS PENDENTE ESTILO,0,PC,AGUAR. APROV. LIC. / CONCEITO,,,,,,00/01/1900,,,(47) 3332-5004,0,,,,,15/10/2026,0,6,1,4,,,0,0,0,0,0,A,001,T54A - LICENSE MASC.,11,MASCULINO,N,N,SSNN
078246,0,834,,0,AMOSTRA,25/09,0,,B39,0,0,T00,TOP CURTO (TOP),,,0,00/01/1900,2,0,GASPAR,AVENIDA DEPUTADO FRANCISCO MASTELLA,3955,SETE DE SETEMBRO,,5,22/09/2026,22/10/2026,,1,,,,0,,0,00.577.158/0001-29,,,0,1 Ag F,0,OP PRODUÇÃO,0,0,CLASSIFICAR MODELO/FAMILIA,,,0097,GERAL,,,,,Agu retor Feira / pos fei,,00/01/1900,23/06/2021,146,LICENÇAS VARIADAS,CONFECCOES ONEDA LTDA,01.16.42.0576,TOP CURTO,AV,AVIAMENTOS PENDENTE ESTILO,N,CFP,CFP - FEIRA WINTER I 2027 (COTAÇÃO),50,A DEFINIR,6,14,4,0,0,0,0,22/09/2026,29/09/2026,D47,AVIAMENTOS ESTILO,X01,,AVIAMENTOS PENDENTE ESTILO,0,PC,AGUAR. APROV. LIC. / CONCEITO,,,,,,00/01/1900,,,(47) 3332-5004,0,,,,,15/10/2026,0,6,1,4,,,0,0,0,0,0,A,001,T54A - LICENSE MASC.,11,MASCULINO,N,N,SSNN
077882,0,834,,0,11 - SEM 46 - 2026,15/07,0,,B24,0,0,T22,TOP CURTO POLIÉSTER (TOP),0118007832 VR1 TCTNTdry TM183 RT 3 --SUBLIMAÇÃO EM ROLO,,37,15/11/2026,3,0,GASPAR,AVENIDA DEPUTADO FRANCISCO MASTELLA,3955,SETE DE SETEMBRO,,7,13/08/2026,25/10/2026,,1,,,2641,0,,0,00.577.158/0001-29,,,2,10 LCM,0,OP PRODUÇÃO,0,T121,TOP POLO MC C/ PEITILHO SIMPLES SEM BOTÃO ROTATIVO,C,9 SEMANAS,0097,GERAL,TEC,TEC - TECELAGEM,,,Lib Corte C/ Move testado,,00/01/1900,00/01/1900,085,SEM LICENSA C&A,CONFECCOES ONEDA LTDA,01.18.00.7832,TOP CURTO POLIESTER/ 2026-1-15452,50,S - GOLA RETILINEA,N,CEI,CEI - FEIRA SUMMER II 2026 (PROD AS BS) INCLUSÃO,000521,OFF WHITE,10,16,401,0,0,0,0,13/08/2026,24/08/2026,334,PPCP/TINTURARIA/CORTE/AGUARDANDO DISTRIBUIÇÃO,5,,PPCP - TECELAGEM ANÁLISE OI,0,PC,PP SAMPL APROVADA,C&A MODAS S.A.,107372,107372,61702,5461,15/11/2026,2646,11 - SEM 46 - 2026,(47) 3332-5004,0,,,30,C&A MODAS,21/09/2026,53,-30,41,401,,,0,0,100,0,0,2646,86,T59C - TEEN,19,CABIDE-DORSAL,N,N,SSNN
077882,0,834,,0,11 - SEM 46 - 2026,15/07,0,,B24,0,0,T22,TOP CURTO POLIÉSTER (TOP),0118007832 VR1 TCTNTdry TM183 RT 3 --SUBLIMAÇÃO EM ROLO,,37,15/11/2026,3,0,GASPAR,AVENIDA DEPUTADO FRANCISCO MASTELLA,3955,SETE DE SETEMBRO,,7,13/08/2026,25/10/2026,,1,,,2641,0,,0,00.577.158/0001-29,,,2,10 LCM,0,OP PRODUÇÃO,0,T121,TOP POLO MC C/ PEITILHO SIMPLES SEM BOTÃO ROTATIVO,C,9 SEMANAS,0097,GERAL,TEC,TEC - TECELAGEM,,,Lib Corte C/ Move testado,,00/01/1900,00/01/1900,085,SEM LICENSA C&A,CONFECCOES ONEDA LTDA,01.18.00.7832,TOP CURTO POLIESTER/ 2026-1-15452,50,S - GOLA RETILINEA,N,CEI,CEI - FEIRA SUMMER II 2026 (PROD AS BS) INCLUSÃO,000521,OFF WHITE,12,17,1202,0,0,0,0,13/08/2026,24/08/2026,334,PPCP/TINTURARIA/CORTE/AGUARDANDO DISTRIBUIÇÃO,5,,PPCP - TECELAGEM ANÁLISE OI,0,PC,PP SAMPL APROVADA,C&A MODAS S.A.,107372,107372,61702,5461,15/11/2026,2646,11 - SEM 46 - 2026,(47) 3332-5004,0,,,30,C&A MODAS,21/09/2026,53,-30,41,1202,,,0,0,100,0,0,2646,86,T59C - TEEN,19,CABIDE-DORSAL,N,N,SSNN
077882,0,834,,0,11 - SEM 46 - 2026,15/07,0,,B24,0,0,T22,TOP CURTO POLIÉSTER (TOP),0118007832 VR1 TCTNTdry TM183 RT 3 --SUBLIMAÇÃO EM ROLO,,37,15/11/2026,3,0,GASPAR,AVENIDA DEPUTADO FRANCISCO MASTELLA,3955,SETE DE SETEMBRO,,7,13/08/2026,25/10/2026,,1,,,2641,0,,0,00.577.158/0001-29,,,2,10 LCM,0,OP PRODUÇÃO,0,T121,TOP POLO MC C/ PEITILHO SIMPLES SEM BOTÃO ROTATIVO,C,9 SEMANAS,0097,GERAL,TEC,TEC - TECELAGEM,,,Lib Corte C/ Move testado,,00/01/1900,00/01/1900,085,SEM LICENSA C&A,CONFECCOES ONEDA LTDA,01.18.00.7832,TOP CURTO POLIESTER/ 2026-1-15452,50,S - GOLA RETILINEA,N,CEI,CEI - FEIRA SUMMER II 2026 (PROD AS BS) INCLUSÃO,000521,OFF WHITE,14,18,1202,0,0,0,0,13/08/2026,24/08/2026,334,PPCP/TINTURARIA/CORTE/AGUARDANDO DISTRIBUIÇÃO,5,,PPCP - TECELAGEM ANÁLISE OI,0,PC,PP SAMPL APROVADA,C&A MODAS S.A.,107372,107372,61702,5461,15/11/2026,2646,11 - SEM 46 - 2026,(47) 3332-5004,0,,,30,C&A MODAS,21/09/2026,53,-30,41,1202,,,0,0,100,0,0,2646,86,T59C - TEEN,19,CABIDE-DORSAL,N,N,SSNN
077882,0,834,,0,11 - SEM 46 - 2026,15/07,0,,B24,0,0,T22,TOP CURTO POLIÉSTER (TOP),0118007832 VR1 TCTNTdry TM183 RT 3 --SUBLIMAÇÃO EM ROLO,,37,15/11/2026,3,0,GASPAR,AVENIDA DEPUTADO FRANCISCO MASTELLA,3955,SETE DE SETEMBRO,,7,13/08/2026,25/10/2026,,1,,,2641,0,,0,00.577.158/0001-29,,,2,10 LCM,0,OP PRODUÇÃO,0,T121,TOP POLO MC C/ PEITILHO SIMPLES SEM BOTÃO ROTATIVO,C,9 SEMANAS,0097,GERAL,TEC,TEC - TECELAGEM,,,Lib Corte C/ Move testado,,00/01/1900,00/01/1900,085,SEM LICENSA C&A,CONFECCOES ONEDA LTDA,01.18.00.7832,TOP CURTO POLIESTER/ 2026-1-15452,50,S - GOLA RETILINEA,N,CEI,CEI - FEIRA SUMMER II 2026 (PROD AS BS) INCLUSÃO,000521,OFF WHITE,16,19,801,0,0,0,0,13/08/2026,24/08/2026,334,PPCP/TINTURARIA/CORTE/AGUARDANDO DISTRIBUIÇÃO,5,,PPCP - TECELAGEM ANÁLISE OI,0,PC,PP SAMPL APROVADA,C&A MODAS S.A.,107372,107372,61702,5461,15/11/2026,2646,11 - SEM 46 - 2026,(47) 3332-5004,0,,,30,C&A MODAS,21/09/2026,53,-30,41,801,,,0,0,100,0,0,2646,86,T59C - TEEN,19,CABIDE-DORSAL,N,N,SSNN
077882,0,834,,0,11 - SEM 46 - 2026,15/07,0,,B24,0,0,T22,TOP CURTO POLIÉSTER (TOP),0118007832 VR1 TCTNTdry TM183 RT 3 --SUBLIMAÇÃO EM ROLO,,37,15/11/2026,3,0,GASPAR,AVENIDA DEPUTADO FRANCISCO MASTELLA,3955,SETE DE SETEMBRO,,7,13/08/2026,25/10/2026,,1,,,2641,0,,0,00.577.158/0001-29,,,2,10 LCM,0,OP PRODUÇÃO,0,T121,TOP POLO MC C/ PEITILHO SIMPLES SEM BOTÃO ROTATIVO,C,9 SEMANAS,0097,GERAL,TEC,TEC - TECELAGEM,,,Lib Corte C/ Move testado,,00/01/1900,00/01/1900,085,SEM LICENSA C&A,CONFECCOES ONEDA LTDA,01.18.00.7832,TOP CURTO POLIESTER/ 2026-1-15452,L6,PUNHO RETILÍNEA,N,CEI,CEI - FEIRA SUMMER II 2026 (PROD AS BS) INCLUSÃO,000521,OFF WHITE,10,16,401,0,0,0,0,13/08/2026,24/08/2026,334,PPCP/TINTURARIA/CORTE/AGUARDANDO DISTRIBUIÇÃO,5,,PPCP - TECELAGEM ANÁLISE OI,0,PC,PP SAMPL APROVADA,C&A MODAS S.A.,107372,107372,61702,5461,15/11/2026,2646,11 - SEM 46 - 2026,(47) 3332-5004,0,,,30,C&A MODAS,21/09/2026,53,-30,41,401,,,0,0,100,0,0,2646,86,T59C - TEEN,19,CABIDE-DORSAL,N,N,SSNN
077882,0,834,,0,11 - SEM 46 - 2026,15/07,0,,B24,0,0,T22,TOP CURTO POLIÉSTER (TOP),0118007832 VR1 TCTNTdry TM183 RT 3 --SUBLIMAÇÃO EM ROLO,,37,15/11/2026,3,0,GASPAR,AVENIDA DEPUTADO FRANCISCO MASTELLA,3955,SETE DE SETEMBRO,,7,13/08/2026,25/10/2026,,1,,,2641,0,,0,00.577.158/0001-29,,,2,10 LCM,0,OP PRODUÇÃO,0,T121,TOP POLO MC C/ PEITILHO SIMPLES SEM BOTÃO ROTATIVO,C,9 SEMANAS,0097,GERAL,TEC,TEC - TECELAGEM,,,Lib Corte C/ Move testado,,00/01/1900,00/01/1900,085,SEM LICENSA C&A,CONFECCOES ONEDA LTDA,01.18.00.7832,TOP CURTO POLIESTER/ 2026-1-15452,L6,PUNHO RETILÍNEA,N,CEI,CEI - FEIRA SUMMER II 2026 (PROD AS BS) INCLUSÃO,000521,OFF WHITE,12,17,1202,0,0,0,0,13/08/2026,24/08/2026,334,PPCP/TINTURARIA/CORTE/AGUARDANDO DISTRIBUIÇÃO,5,,PPCP - TECELAGEM ANÁLISE OI,0,PC,PP SAMPL APROVADA,C&A MODAS S.A.,107372,107372,61702,5461,15/11/2026,2646,11 - SEM 46 - 2026,(47) 3332-5004,0,,,30,C&A MODAS,21/09/2026,53,-30,41,1202,,,0,0,100,0,0,2646,86,T59C - TEEN,19,CABIDE-DORSAL,N,N,SSNN
077882,0,834,,0,11 - SEM 46 - 2026,15/07,0,,B24,0,0,T22,TOP CURTO POLIÉSTER (TOP),0118007832 VR1 TCTNTdry TM183 RT 3 --SUBLIMAÇÃO EM ROLO,,37,15/11/2026,3,0,GASPAR,AVENIDA DEPUTADO FRANCISCO MASTELLA,3955,SETE DE SETEMBRO,,7,13/08/2026,25/10/2026,,1,,,2641,0,,0,00.577.158/0001-29,,,2,10 LCM,0,OP PRODUÇÃO,0,T121,TOP POLO MC C/ PEITILHO SIMPLES SEM BOTÃO ROTATIVO,C,9 SEMANAS,0097,GERAL,TEC,TEC - TECELAGEM,,,Lib Corte C/ Move testado,,00/01/1900,00/01/1900,085,SEM LICENSA C&A,CONFECCOES ONEDA LTDA,01.18.00.7832,TOP CURTO POLIESTER/ 2026-1-15452,L6,PUNHO RETILÍNEA,N,CEI,CEI - FEIRA SUMMER II 2026 (PROD AS BS) INCLUSÃO,000521,OFF WHITE,14,18,1202,0,0,0,0,13/08/2026,24/08/2026,334,PPCP/TINTURARIA/CORTE/AGUARDANDO DISTRIBUIÇÃO,5,,PPCP - TECELAGEM ANÁLISE OI,0,PC,PP SAMPL APROVADA,C&A MODAS S.A.,107372,107372,61702,5461,15/11/2026,2646,11 - SEM 46 - 2026,(47) 3332-5004,0,,,30,C&A MODAS,21/09/2026,53,-30,41,1202,,,0,0,100,0,0,2646,86,T59C - TEEN,19,CABIDE-DORSAL,N,N,SSNN
077882,0,834,,0,11 - SEM 46 - 2026,15/07,0,,B24,0,0,T22,TOP CURTO POLIÉSTER (TOP),0118007832 VR1 TCTNTdry TM183 RT 3 --SUBLIMAÇÃO EM ROLO,,37,15/11/2026,3,0,GASPAR,AVENIDA DEPUTADO FRANCISCO MASTELLA,3955,SETE DE SETEMBRO,,7,13/08/2026,25/10/2026,,1,,,2641,0,,0,00.577.158/0001-29,,,2,10 LCM,0,OP PRODUÇÃO,0,T121,TOP POLO MC C/ PEITILHO SIMPLES SEM BOTÃO ROTATIVO,C,9 SEMANAS,0097,GERAL,TEC,TEC - TECELAGEM,,,Lib Corte C/ Move testado,,00/01/1900,00/01/1900,085,SEM LICENSA C&A,CONFECCOES ONEDA LTDA,01.18.00.7832,TOP CURTO POLIESTER/ 2026-1-15452,L6,PUNHO RETILÍNEA,N,CEI,CEI - FEIRA SUMMER II 2026 (PROD AS BS) INCLUSÃO,000521,OFF WHITE,16,19,801,0,0,0,0,13/08/2026,24/08/2026,334,PPCP/TINTURARIA/CORTE/AGUARDANDO DISTRIBUIÇÃO,5,,PPCP - TECELAGEM ANÁLISE OI,0,PC,PP SAMPL APROVADA,C&A MODAS S.A.,107372,107372,61702,5461,15/11/2026,2646,11 - SEM 46 - 2026,(47) 3332-5004,0,,,30,C&A MODAS,21/09/2026,53,-30,41,801,,,0,0,100,0,0,2646,86,T59C - TEEN,19,CABIDE-DORSAL,N,N,SSNN
078035,0,834,,0,11 - SEM 46 - 2026,28/08,0,,B35,0,0,T23,TOP REGATA POLIÉSTER (TOP),,,23,13/12/2026,2,0,GASPAR,AVENIDA DEPUTADO FRANCISCO MASTELLA,3955,SETE DE SETEMBRO,,7,26/08/2026,15/11/2026,,1,,,2642,0,,0,00.577.158/0001-29,,,2,9 lcc,0,OP PRODUÇÃO,0,0,CLASSIFICAR MODELO/FAMILIA,,,0097,GERAL,TEC,TEC - TECELAGEM,,,Lib corte,,00/01/1900,00/01/1900,087,DISNEY RENNER,CONFECCOES ONEDA LTDA,02.14.01.0326,TOP REGATA POLIESTER / LCO_SS27_CMC_0007,50,S - GOLA RETILINEA,N,RR6,RR6 - RENNER VERÃO 27,ON1059,AMPARO BLUE 100% PES,2,11,1726,0,0,0,0,26/08/2026,04/09/2026,334,PPCP/TINTURARIA/CORTE/AGUARDANDO DISTRIBUIÇÃO,5,,PPCP - TECELAGEM ANÁLISE OI,0,PC,LIBERADO PARA PRODUÇÂO,LOJAS RENNER S.A.,6153036,6153036,61914,4707,13/12/2026,2650,12 - SEM 50 - 2026,(47) 3332-5004,0,,,104,RENNER,12/10/2026,81,-19,28,1726,,,0,0,0,0,0,2646,R8,LICENSE MENINO RENNER,17,CABIDE,N,N,SSNN
078035,0,834,,0,11 - SEM 46 - 2026,28/08,0,,B35,0,0,T23,TOP REGATA POLIÉSTER (TOP),,,23,13/12/2026,2,0,GASPAR,AVENIDA DEPUTADO FRANCISCO MASTELLA,3955,SETE DE SETEMBRO,,7,26/08/2026,15/11/2026,,1,,,2642,0,,0,00.577.158/0001-29,,,2,9 lcc,0,OP PRODUÇÃO,0,0,CLASSIFICAR MODELO/FAMILIA,,,0097,GERAL,TEC,TEC - TECELAGEM,,,Lib corte,,00/01/1900,00/01/1900,087,DISNEY RENNER,CONFECCOES ONEDA LTDA,02.14.01.0326,TOP REGATA POLIESTER / LCO_SS27_CMC_0007,50,S - GOLA RETILINEA,N,RR6,RR6 - RENNER VERÃO 27,ON1059,AMPARO BLUE 100% PES,3,12,1934,0,0,0,0,26/08/2026,04/09/2026,334,PPCP/TINTURARIA/CORTE/AGUARDANDO DISTRIBUIÇÃO,5,,PPCP - TECELAGEM ANÁLISE OI,0,PC,LIBERADO PARA PRODUÇÂO,LOJAS RENNER S.A.,6153036,6153036,61914,4707,13/12/2026,2650,12 - SEM 50 - 2026,(47) 3332-5004,0,,,104,RENNER,12/10/2026,81,-19,28,1934,,,0,0,0,0,0,2646,R8,LICENSE MENINO RENNER,17,CABIDE,N,N,SSNN
078035,0,834,,0,11 - SEM 46 - 2026,28/08,0,,B35,0,0,T23,TOP REGATA POLIÉSTER (TOP),,,23,13/12/2026,2,0,GASPAR,AVENIDA DEPUTADO FRANCISCO MASTELLA,3955,SETE DE SETEMBRO,,7,26/08/2026,15/11/2026,,1,,,2642,0,,0,00.577.158/0001-29,,,2,9 lcc,0,OP PRODUÇÃO,0,0,CLASSIFICAR MODELO/FAMILIA,,,0097,GERAL,TEC,TEC - TECELAGEM,,,Lib corte,,00/01/1900,00/01/1900,087,DISNEY RENNER,CONFECCOES ONEDA LTDA,02.14.01.0326,TOP REGATA POLIESTER / LCO_SS27_CMC_0007,50,S - GOLA RETILINEA,N,RR6,RR6 - RENNER VERÃO 27,ON1059,AMPARO BLUE 100% PES,4,13,1373,0,0,0,0,26/08/2026,04/09/2026,334,PPCP/TINTURARIA/CORTE/AGUARDANDO DISTRIBUIÇÃO,5,,PPCP - TECELAGEM ANÁLISE OI,0,PC,LIBERADO PARA PRODUÇÂO,LOJAS RENNER S.A.,6153036,6153036,61914,4707,13/12/2026,2650,12 - SEM 50 - 2026,(47) 3332-5004,0,,,104,RENNER,12/10/2026,81,-19,28,1373,,,0,0,0,0,0,2646,R8,LICENSE MENINO RENNER,17,CABIDE,N,N,SSNN
078035,0,834,,0,11 - SEM 46 - 2026,28/08,0,,B35,0,0,T23,TOP REGATA POLIÉSTER (TOP),,,23,13/12/2026,2,0,GASPAR,AVENIDA DEPUTADO FRANCISCO MASTELLA,3955,SETE DE SETEMBRO,,7,26/08/2026,15/11/2026,,1,,,2642,0,,0,00.577.158/0001-29,,,2,9 lcc,0,OP PRODUÇÃO,0,0,CLASSIFICAR MODELO/FAMILIA,,,0097,GERAL,TEC,TEC - TECELAGEM,,,Lib corte,,00/01/1900,00/01/1900,087,DISNEY RENNER,CONFECCOES ONEDA LTDA,02.14.01.0326,TOP REGATA POLIESTER / LCO_SS27_CMC_0007,50,S - GOLA RETILINEA,N,RR6,RR6 - RENNER VERÃO 27,ON1059,AMPARO BLUE 100% PES,5-6,52,1206,0,0,0,0,26/08/2026,04/09/2026,334,PPCP/TINTURARIA/CORTE/AGUARDANDO DISTRIBUIÇÃO,5,,PPCP - TECELAGEM ANÁLISE OI,0,PC,LIBERADO PARA PRODUÇÂO,LOJAS RENNER S.A.,6153036,6153036,61914,4707,13/12/2026,2650,12 - SEM 50 - 2026,(47) 3332-5004,0,,,104,RENNER,12/10/2026,81,-19,28,1206,,,0,0,0,0,0,2646,R8,LICENSE MENINO RENNER,17,CABIDE,N,N,SSNN
077572,3,05157,445,0,10 - SEM 42 - 2026,22/05,"18,619",,B21,0,0,T22,TOP CURTO POLIÉSTER (TOP),,,34,08/11/2026,5,0,AGROLANDIA,AV EDUARDO WILL,500,SAO JOAO,MULTICOLOR,14,30/07/2026,18/10/2026,,1,20,CORTE,2638,0,,0,80.666.324/0001-00,,MULTICOLOR TEXTIL LTDA.,3,5 L CF,2,OP PROJEÇÃO,0,0,CLASSIFICAR MODELO/FAMILIA,,,04,TINTURARIA,TIN,TIN - TINTURARIA,,,ok CLiente/ fazend teste grade/mov,,00/01/1900,00/01/1900,073,BARCELONA,MULTICOLOR TEXTIL LTDA.,02.16.42.0050,TOP CURTO POLIESTER / LCO_SS27_CMC_0012,01,S-BLUSA / TOP,S,RR7R,RR7R - LINE RENNER VERÃO 27 - SEGUNDA ENTRADA - REPEATS,000729,BEET RED,5-6,52,20,0,0,0,0,21/09/2026,09/10/2026,702,PCP/TINTURARIA/CORTE/COSTURA/EXPEDIÇÃO,6,,TINTURARIA,0,PC,LIBERADO PARA PRODUÇÂO,LOJAS RENNER S.A.,6149251,6149251,61795,4707,08/11/2026,2645,11 - SEM 45 - 2026,(47) 3534-4078,0,,,104,RENNER,04/09/2026,46,16,2,20,,,0,0,100,0,0,2642,R8,LICENSE MENINO RENNER,17,CABIDE,N,N,SSNN
077572,3,05157,445,0,10 - SEM 42 - 2026,22/05,"18,619",,B21,0,0,T22,TOP CURTO POLIÉSTER (TOP),,,34,08/11/2026,5,0,AGROLANDIA,AV EDUARDO WILL,500,SAO JOAO,MULTICOLOR,14,30/07/2026,18/10/2026,,1,20,CORTE,2638,0,,0,80.666.324/0001-00,,MULTICOLOR TEXTIL LTDA.,3,5 L CF,2,OP PROJEÇÃO,0,0,CLASSIFICAR MODELO/FAMILIA,,,04,TINTURARIA,TIN,TIN - TINTURARIA,,,ok CLiente/ fazend teste grade/mov,,00/01/1900,00/01/1900,073,BARCELONA,MULTICOLOR TEXTIL LTDA.,02.16.42.0050,TOP CURTO POLIESTER / LCO_SS27_CMC_0012,01,S-BLUSA / TOP,S,RR7R,RR7R - LINE RENNER VERÃO 27 - SEGUNDA ENTRADA - REPEATS,000729,BEET RED,7-8,53,93,0,0,0,0,21/09/2026,09/10/2026,702,PCP/TINTURARIA/CORTE/COSTURA/EXPEDIÇÃO,6,,TINTURARIA,0,PC,LIBERADO PARA PRODUÇÂO,LOJAS RENNER S.A.,6149251,6149251,61795,4707,08/11/2026,2645,11 - SEM 45 - 2026,(47) 3534-4078,0,,,104,RENNER,04/09/2026,46,16,2,93,,,0,0,100,0,0,2642,R8,LICENSE MENINO RENNER,17,CABIDE,N,N,SSNN
077572,3,05157,445,0,10 - SEM 42 - 2026,22/05,"18,619",,B21,0,0,T22,TOP CURTO POLIÉSTER (TOP),,,34,08/11/2026,5,0,AGROLANDIA,AV EDUARDO WILL,500,SAO JOAO,MULTICOLOR,14,30/07/2026,18/10/2026,,1,20,CORTE,2638,0,,0,80.666.324/0001-00,,MULTICOLOR TEXTIL LTDA.,3,5 L CF,2,OP PROJEÇÃO,0,0,CLASSIFICAR MODELO/FAMILIA,,,04,TINTURARIA,TIN,TIN - TINTURARIA,,,ok CLiente/ fazend teste grade/mov,,00/01/1900,00/01/1900,073,BARCELONA,MULTICOLOR TEXTIL LTDA.,02.16.42.0050,TOP CURTO POLIESTER / LCO_SS27_CMC_0012,01,S-BLUSA / TOP,S,RR7R,RR7R - LINE RENNER VERÃO 27 - SEGUNDA ENTRADA - REPEATS,000729,BEET RED,9-10,54,70,0,0,0,0,21/09/2026,09/10/2026,702,PCP/TINTURARIA/CORTE/COSTURA/EXPEDIÇÃO,6,,TINTURARIA,0,PC,LIBERADO PARA PRODUÇÂO,LOJAS RENNER S.A.,6149251,6149251,61795,4707,08/11/2026,2645,11 - SEM 45 - 2026,(47) 3534-4078,0,,,104,RENNER,04/09/2026,46,16,2,70,,,0,0,100,0,0,2642,R8,LICENSE MENINO RENNER,17,CABIDE,N,N,SSNN
077572,3,05157,445,0,10 - SEM 42 - 2026,22/05,"18,619",,B21,0,0,T22,TOP CURTO POLIÉSTER (TOP),,,34,08/11/2026,5,0,AGROLANDIA,AV EDUARDO WILL,500,SAO JOAO,MULTICOLOR,14,30/07/2026,18/10/2026,,1,20,CORTE,2638,0,,0,80.666.324/0001-00,,MULTICOLOR TEXTIL LTDA.,3,5 L CF,2,OP PROJEÇÃO,0,0,CLASSIFICAR MODELO/FAMILIA,,,04,TINTURARIA,TIN,TIN - TINTURARIA,,,ok CLiente/ fazend teste grade/mov,,00/01/1900,00/01/1900,073,BARCELONA,MULTICOLOR TEXTIL LTDA.,02.16.42.0050,TOP CURTO POLIESTER / LCO_SS27_CMC_0012,01,S-BLUSA / TOP,S,RR7R,RR7R - LINE RENNER VERÃO 27 - SEGUNDA ENTRADA - REPEATS,000729,BEET RED,1112,55,70,0,0,0,0,21/09/2026,09/10/2026,702,PCP/TINTURARIA/CORTE/COSTURA/EXPEDIÇÃO,6,,TINTURARIA,0,PC,LIBERADO PARA PRODUÇÂO,LOJAS RENNER S.A.,6149251,6149251,61795,4707,08/11/2026,2645,11 - SEM 45 - 2026,(47) 3534-4078,0,,,104,RENNER,04/09/2026,46,16,2,70,,,0,0,100,0,0,2642,R8,LICENSE MENINO RENNER,17,CABIDE,N,N,SSNN
077572,3,05157,445,0,10 - SEM 42 - 2026,22/05,"18,619",,B21,0,0,T22,TOP CURTO POLIÉSTER (TOP),,,34,08/11/2026,5,0,AGROLANDIA,AV EDUARDO WILL,500,SAO JOAO,MULTICOLOR,14,30/07/2026,18/10/2026,,1,20,CORTE,2638,0,,0,80.666.324/0001-00,,MULTICOLOR TEXTIL LTDA.,3,5 L CF,2,OP PROJEÇÃO,0,0,CLASSIFICAR MODELO/FAMILIA,,,04,TINTURARIA,TIN,TIN - TINTURARIA,,,ok CLiente/ fazend teste grade/mov,,00/01/1900,00/01/1900,073,BARCELONA,MULTICOLOR TEXTIL LTDA.,02.16.42.0050,TOP CURTO POLIESTER / LCO_SS27_CMC_0012,01,S-BLUSA / TOP,S,RR7R,RR7R - LINE RENNER VERÃO 27 - SEGUNDA ENTRADA - REPEATS,000729,BEET RED,1314,56,186,0,0,0,0,21/09/2026,09/10/2026,702,PCP/TINTURARIA/CORTE/COSTURA/EXPEDIÇÃO,6,,TINTURARIA,0,PC,LIBERADO PARA PRODUÇÂO,LOJAS RENNER S.A.,6149251,6149251,61795,4707,08/11/2026,2645,11 - SEM 45 - 2026,(47) 3534-4078,0,,,104,RENNER,04/09/2026,46,16,2,186,,,0,0,100,0,0,2642,R8,LICENSE MENINO RENNER,17,CABIDE,N,N,SSNN
077631,1,05157,445,0,12 - SEM 49 - 2026,05/08,0,,B32,0,0,C00,CONJUNTO CURTO (TOP/BOTTON),"Rot LANCASTER 18298-1*************1 cor pig R$ 19, processo completo LISTRAS","GS39382 R$ 1,65",44,06/12/2026,2,0,AGROLANDIA,AV EDUARDO WILL,500,SAO JOAO,MULTICOLOR,14,06/08/2026,6/12/2026,,1,,,2639,0,,0,80.666.324/0001-00,,MULTICOLOR TEXTIL LTDA.,3,9 lcc,0,OP PRODUÇÃO,0,0,CLASSIFICAR MODELO/FAMILIA,,,04,TINTURARIA,TIN,TIN - TINTURARIA,,,Lib corte,,00/01/1900,00/01/1900,085,SEM LICENSA C&A,MULTICOLOR TEXTIL LTDA.,01.12.00.7852,CONJUNTO CURTO / 2026-2-9922,C6,I-SHORTS CONJUNTO / BOTTON,S,CEYN,CEYN - FEIRA SUMMER II 2026 (PROD CS) INCLUSÃO NEGOCIADO,000316,AZUL CLARO,3-6,32,865,0,0,0,0,17/08/2026,04/09/2026,903,PCP/TINTURARIA/ROTATIVO/CORTE/COSTURA/EXPEDIÇÃO,6,,TINTURARIA,0,PC,LIBERADO PARA PRODUÇÂO,C&A MODAS S.A.,91829,91829,61578,5461,06/12/2026,2649,12 - SEM 49 - 2026,(47) 3534-4078,0,,,30,C&A MODAS,19/10/2026,74,-19,37,865,,,0,0,0,0,0,2649,81,T51C - RN,19,CABIDE-DORSAL,N,N,SSNN
077631,1,05157,445,0,12 - SEM 49 - 2026,05/08,0,,B32,0,0,C00,CONJUNTO CURTO (TOP/BOTTON),"Rot LANCASTER 18298-1*************1 cor pig R$ 19, processo completo LISTRAS","GS39382 R$ 1,65",44,06/12/2026,2,0,AGROLANDIA,AV EDUARDO WILL,500,SAO JOAO,MULTICOLOR,14,06/08/2026,6/12/2026,,1,,,2639,0,,0,80.666.324/0001-00,,MULTICOLOR TEXTIL LTDA.,3,9 lcc,0,OP PRODUÇÃO,0,0,CLASSIFICAR MODELO/FAMILIA,,,04,TINTURARIA,TIN,TIN - TINTURARIA,,,Lib corte,,00/01/1900,00/01/1900,085,SEM LICENSA C&A,MULTICOLOR TEXTIL LTDA.,01.12.00.7852,CONJUNTO CURTO / 2026-2-9922,C6,I-SHORTS CONJUNTO / BOTTON,S,CEYN,CEYN - FEIRA SUMMER II 2026 (PROD CS) INCLUSÃO NEGOCIADO,000316,AZUL CLARO,6-9,33,865,0,0,0,0,17/08/2026,04/09/2026,903,PCP/TINTURARIA/ROTATIVO/CORTE/COSTURA/EXPEDIÇÃO,6,,TINTURARIA,0,PC,LIBERADO PARA PRODUÇÂO,C&A MODAS S.A.,91829,91829,61578,5461,06/12/2026,2649,12 - SEM 49 - 2026,(47) 3534-4078,0,,,30,C&A MODAS,19/10/2026,74,-19,37,865,,,0,0,0,0,0,2649,81,T51C - RN,19,CABIDE-DORSAL,N,N,SSNN
077631,1,05157,445,0,12 - SEM 49 - 2026,05/08,0,,B32,0,0,C00,CONJUNTO CURTO (TOP/BOTTON),"Rot LANCASTER 18298-1*************1 cor pig R$ 19, processo completo LISTRAS","GS39382 R$ 1,65",44,06/12/2026,2,0,AGROLANDIA,AV EDUARDO WILL,500,SAO JOAO,MULTICOLOR,14,06/08/2026,6/12/2026,,1,,,2639,0,,0,80.666.324/0001-00,,MULTICOLOR TEXTIL LTDA.,3,9 lcc,0,OP PRODUÇÃO,0,0,CLASSIFICAR MODELO/FAMILIA,,,04,TINTURARIA,TIN,TIN - TINTURARIA,,,Lib corte,,00/01/1900,00/01/1900,085,SEM LICENSA C&A,MULTICOLOR TEXTIL LTDA.,01.12.00.7852,CONJUNTO CURTO / 2026-2-9922,C6,I-SHORTS CONJUNTO / BOTTON,S,CEYN,CEYN - FEIRA SUMMER II 2026 (PROD CS) INCLUSÃO NEGOCIADO,000316,AZUL CLARO,9-12,34,865,0,0,0,0,17/08/2026,04/09/2026,903,PCP/TINTURARIA/ROTATIVO/CORTE/COSTURA/EXPEDIÇÃO,6,,TINTURARIA,0,PC,LIBERADO PARA PRODUÇÂO,C&A MODAS S.A.,91829,91829,61578,5461,06/12/2026,2649,12 - SEM 49 - 2026,(47) 3534-4078,0,,,30,C&A MODAS,19/10/2026,74,-19,37,865,,,0,0,0,0,0,2649,81,T51C - RN,19,CABIDE-DORSAL,N,N,SSNN
077631,1,05157,445,0,12 - SEM 49 - 2026,05/08,0,,B32,0,0,C00,CONJUNTO CURTO (TOP/BOTTON),"Rot LANCASTER 18298-1*************1 cor pig R$ 19, processo completo LISTRAS","GS39382 R$ 1,65",44,06/12/2026,2,0,AGROLANDIA,AV EDUARDO WILL,500,SAO JOAO,MULTICOLOR,14,06/08/2026,6/12/2026,,1,,,2639,0,,0,80.666.324/0001-00,,MULTICOLOR TEXTIL LTDA.,3,9 lcc,0,OP PRODUÇÃO,0,0,CLASSIFICAR MODELO/FAMILIA,,,04,TINTURARIA,TIN,TIN - TINTURARIA,,,Lib corte,,00/01/1900,00/01/1900,085,SEM LICENSA C&A,MULTICOLOR TEXTIL LTDA.,01.12.00.7852,CONJUNTO CURTO / 2026-2-9922,C6,I-SHORTS CONJUNTO / BOTTON,S,CEYN,CEYN - FEIRA SUMMER II 2026 (PROD CS) INCLUSÃO NEGOCIADO,000316,AZUL CLARO,1218,35,865,0,0,0,0,17/08/2026,04/09/2026,903,PCP/TINTURARIA/ROTATIVO/CORTE/COSTURA/EXPEDIÇÃO,6,,TINTURARIA,0,PC,LIBERADO PARA PRODUÇÂO,C&A MODAS S.A.,91829,91829,61578,5461,06/12/2026,2649,12 - SEM 49 - 2026,(47) 3534-4078,0,,,30,C&A MODAS,19/10/2026,74,-19,37,865,,,0,0,0,0,0,2649,81,T51C - RN,19,CABIDE-DORSAL,N,N,SSNN
077631,1,05157,445,0,12 - SEM 49 - 2026,05/08,0,,B32,0,0,C00,CONJUNTO CURTO (TOP/BOTTON),"Rot LANCASTER 18298-1*************1 cor pig R$ 19, processo completo LISTRAS","GS39382 R$ 1,65",44,06/12/2026,2,0,AGROLANDIA,AV EDUARDO WILL,500,SAO JOAO,MULTICOLOR,14,06/08/2026,6/12/2026,,1,,,2639,0,,0,80.666.324/0001-00,,MULTICOLOR TEXTIL LTDA.,3,9 lcc,0,OP PRODUÇÃO,0,0,CLASSIFICAR MODELO/FAMILIA,,,04,TINTURARIA,TIN,TIN - TINTURARIA,,,Lib corte,,00/01/1900,00/01/1900,085,SEM LICENSA C&A,MULTICOLOR TEXTIL LTDA.,01.12.00.7852,CONJUNTO CURTO / 2026-2-9922,C6,I-SHORTS CONJUNTO / BOTTON,S,CEYN,CEYN - FEIRA SUMMER II 2026 (PROD CS) INCLUSÃO NEGOCIADO,000316,AZUL CLARO,1824,36,865,0,0,0,0,17/08/2026,04/09/2026,903,PCP/TINTURARIA/ROTATIVO/CORTE/COSTURA/EXPEDIÇÃO,6,,TINTURARIA,0,PC,LIBERADO PARA PRODUÇÂO,C&A MODAS S.A.,91829,91829,61578,5461,06/12/2026,2649,12 - SEM 49 - 2026,(47) 3534-4078,0,,,30,C&A MODAS,19/10/2026,74,-19,37,865,,,0,0,0,0,0,2649,81,T51C - RN,19,CABIDE-DORSAL,N,N,SSNN
077665,1,05157,445,0,12 - SEM 50 - 2026,,"9,8195",,A22*,0,0,T00,TOP CURTO (TOP),PP SAMPLE ENVIADA 28/05,10 cores,"17,5",13/12/2026,2,0,AGROLANDIA,AV EDUARDO WILL,500,SAO JOAO,MULTICOLOR,14,07/08/2026,6/12/2026,,1,,,2641,0,T20A,0,80.666.324/0001-00,,MULTICOLOR TEXTIL LTDA.,3,9 lcc,0,OP PRODUÇÃO,0,T001,TOP MC BASICO,A,7 SEMANAS LEAD TIME DE PRODUÇÃO,04,TINTURARIA,TIN,TIN - TINTURARIA,,,Lib corte,,31/01/2027,00/01/1900,144,SEGA C&A,MULTICOLOR TEXTIL LTDA.,01.16.32.0246,TOP CURTO \ 2025-2-2853,01,S-BLUSA / TOP,S,CEAR,CEAR - FEIRA SUMMER II 2026 (PROD AS BS) REPEATS,C04,AREIA,4,13,197,0,0,0,0,12/08/2026,01/09/2026,902,PCP/TINTURARIA/CORTE/COSTURA/EXPEDIÇÃO,6,,TINTURARIA,0,PC,LIB. P PRODUÇÃO/FALTA FOTO PP,C&A MODAS S.A.,98958,98958,61685,5461,13/12/2026,2650,12 - SEM 50 - 2026,(47) 3534-4078,0,,,30,C&A MODAS,27/10/2026,81,-22,42,197,,,0,0,100,0,0,2650,001,T54A - LICENSE MASC.,30,SORTER,N,N,SSNN
077665,1,05157,445,0,12 - SEM 50 - 2026,,"9,8195",,A22*,0,0,T00,TOP CURTO (TOP),PP SAMPLE ENVIADA 28/05,10 cores,"17,5",13/12/2026,2,0,AGROLANDIA,AV EDUARDO WILL,500,SAO JOAO,MULTICOLOR,14,07/08/2026,6/12/2026,,1,,,2641,0,T20A,0,80.666.324/0001-00,,MULTICOLOR TEXTIL LTDA.,3,9 lcc,0,OP PRODUÇÃO,0,T001,TOP MC BASICO,A,7 SEMANAS LEAD TIME DE PRODUÇÃO,04,TINTURARIA,TIN,TIN - TINTURARIA,,,Lib corte,,31/01/2027,00/01/1900,144,SEGA C&A,MULTICOLOR TEXTIL LTDA.,01.16.32.0246,TOP CURTO \ 2025-2-2853,01,S-BLUSA / TOP,S,CEAR,CEAR - FEIRA SUMMER II 2026 (PROD AS BS) REPEATS,C04,AREIA,6,14,354,0,0,0,0,12/08/2026,01/09/2026,902,PCP/TINTURARIA/CORTE/COSTURA/EXPEDIÇÃO,6,,TINTURARIA,0,PC,LIB. P PRODUÇÃO/FALTA FOTO PP,C&A MODAS S.A.,98958,98958,61685,5461,13/12/2026,2650,12 - SEM 50 - 2026,(47) 3534-4078,0,,,30,C&A MODAS,27/10/2026,81,-22,42,354,,,0,0,100,0,0,2650,001,T54A - LICENSE MASC.,30,SORTER,N,N,SSNN
077665,1,05157,445,0,12 - SEM 50 - 2026,,"9,8195",,A22*,0,0,T00,TOP CURTO (TOP),PP SAMPLE ENVIADA 28/05,10 cores,"17,5",13/12/2026,2,0,AGROLANDIA,AV EDUARDO WILL,500,SAO JOAO,MULTICOLOR,14,07/08/2026,6/12/2026,,1,,,2641,0,T20A,0,80.666.324/0001-00,,MULTICOLOR TEXTIL LTDA.,3,9 lcc,0,OP PRODUÇÃO,0,T001,TOP MC BASICO,A,7 SEMANAS LEAD TIME DE PRODUÇÃO,04,TINTURARIA,TIN,TIN - TINTURARIA,,,Lib corte,,31/01/2027,00/01/1900,144,SEGA C&A,MULTICOLOR TEXTIL LTDA.,01.16.32.0246,TOP CURTO \ 2025-2-2853,01,S-BLUSA / TOP,S,CEAR,CEAR - FEIRA SUMMER II 2026 (PROD AS BS) REPEATS,C04,AREIA,8,15,398,0,0,0,0,12/08/2026,01/09/2026,902,PCP/TINTURARIA/CORTE/COSTURA/EXPEDIÇÃO,6,,TINTURARIA,0,PC,LIB. P PRODUÇÃO/FALTA FOTO PP,C&A MODAS S.A.,98958,98958,61685,5461,13/12/2026,2650,12 - SEM 50 - 2026,(47) 3534-4078,0,,,30,C&A MODAS,27/10/2026,81,-22,42,398,,,0,0,100,0,0,2650,001,T54A - LICENSE MASC.,30,SORTER,N,N,SSNN
077665,1,05157,445,0,12 - SEM 50 - 2026,,"9,8195",,A22*,0,0,T00,TOP CURTO (TOP),PP SAMPLE ENVIADA 28/05,10 cores,"17,5",13/12/2026,2,0,AGROLANDIA,AV EDUARDO WILL,500,SAO JOAO,MULTICOLOR,14,07/08/2026,6/12/2026,,1,,,2641,0,T20A,0,80.666.324/0001-00,,MULTICOLOR TEXTIL LTDA.,3,9 lcc,0,OP PRODUÇÃO,0,T001,TOP MC BASICO,A,7 SEMANAS LEAD TIME DE PRODUÇÃO,04,TINTURARIA,TIN,TIN - TINTURARIA,,,Lib corte,,31/01/2027,00/01/1900,144,SEGA C&A,MULTICOLOR TEXTIL LTDA.,01.16.32.0246,TOP CURTO \ 2025-2-2853,01,S-BLUSA / TOP,S,CEAR,CEAR - FEIRA SUMMER II 2026 (PROD AS BS) REPEATS,C04,AREIA,10,16,332,0,0,0,0,12/08/2026,01/09/2026,902,PCP/TINTURARIA/CORTE/COSTURA/EXPEDIÇÃO,6,,TINTURARIA,0,PC,LIB. P PRODUÇÃO/FALTA FOTO PP,C&A MODAS S.A.,98958,98958,61685,5461,13/12/2026,2650,12 - SEM 50 - 2026,(47) 3534-4078,0,,,30,C&A MODAS,27/10/2026,81,-22,42,332,,,0,0,100,0,0,2650,001,T54A - LICENSE MASC.,30,SORTER,N,N,SSNN
077665,1,05157,445,0,12 - SEM 50 - 2026,,"9,8195",,A22*,0,0,T00,TOP CURTO (TOP),PP SAMPLE ENVIADA 28/05,10 cores,"17,5",13/12/2026,2,0,AGROLANDIA,AV EDUARDO WILL,500,SAO JOAO,MULTICOLOR,14,07/08/2026,6/12/2026,,1,,,2641,0,T20A,0,80.666.324/0001-00,,MULTICOLOR TEXTIL LTDA.,3,9 lcc,0,OP PRODUÇÃO,0,T001,TOP MC BASICO,A,7 SEMANAS LEAD TIME DE PRODUÇÃO,04,TINTURARIA,TIN,TIN - TINTURARIA,,,Lib corte,,31/01/2027,00/01/1900,144,SEGA C&A,MULTICOLOR TEXTIL LTDA.,01.16.32.0246,TOP CURTO \ 2025-2-2853,01,S-BLUSA / TOP,S,CEAR,CEAR - FEIRA SUMMER II 2026 (PROD AS BS) REPEATS,C04,AREIA,12,17,307,0,0,0,0,12/08/2026,01/09/2026,902,PCP/TINTURARIA/CORTE/COSTURA/EXPEDIÇÃO,6,,TINTURARIA,0,PC,LIB. P PRODUÇÃO/FALTA FOTO PP,C&A MODAS S.A.,98958,98958,61685,5461,13/12/2026,2650,12 - SEM 50 - 2026,(47) 3534-4078,0,,,30,C&A MODAS,27/10/2026,81,-22,42,307,,,0,0,100,0,0,2650,001,T54A - LICENSE MASC.,30,SORTER,N,N,SSNN
077671,1,05157,445,0,12 - SEM 50 - 2026,19/06,"10,6144",,B25,0,0,T00,TOP CURTO (TOP),,EST. 1 COR,20,13/12/2026,2,0,AGROLANDIA,AV EDUARDO WILL,500,SAO JOAO,MULTICOLOR,14,07/08/2026,6/12/2026,,1,,,2641,0,,0,80.666.324/0001-00,,MULTICOLOR TEXTIL LTDA.,3,9 lcc,0,OP PRODUÇÃO,0,T001,TOP MC BASICO,A,7 SEMANAS LEAD TIME DE PRODUÇÃO,04,TINTURARIA,TIN,TIN - TINTURARIA,,,Lib corte,,28/02/2027,00/01/1900,065,PLAYSTATION,MULTICOLOR TEXTIL LTDA.,01.16.06.0133,TOP CURTO / 2026-2-8305,01,S-BLUSA / TOP,S,CEAR,CEAR - FEIRA SUMMER II 2026 (PROD AS BS) REPEATS,000521,OFF WHITE,4,13,105,0,0,0,0,10/09/2026,30/09/2026,902,PCP/TINTURARIA/CORTE/COSTURA/EXPEDIÇÃO,6,,TINTURARIA,0,PC,PP SAMPL APROVADA,C&A MODAS S.A.,98968,98968,61676,5461,13/12/2026,2650,12 - SEM 50 - 2026,(47) 3534-4078,0,,,30,C&A MODAS,27/10/2026,81,7,13,105,,,0,0,100,0,0,2650,001,T54A - LICENSE MASC.,30,SORTER,N,N,SSNN
077671,1,05157,445,0,12 - SEM 50 - 2026,19/06,"10,6144",,B25,0,0,T00,TOP CURTO (TOP),,EST. 1 COR,20,13/12/2026,2,0,AGROLANDIA,AV EDUARDO WILL,500,SAO JOAO,MULTICOLOR,14,07/08/2026,6/12/2026,,1,,,2641,0,,0,80.666.324/0001-00,,MULTICOLOR TEXTIL LTDA.,3,9 lcc,0,OP PRODUÇÃO,0,T001,TOP MC BASICO,A,7 SEMANAS LEAD TIME DE PRODUÇÃO,04,TINTURARIA,TIN,TIN - TINTURARIA,,,Lib corte,,28/02/2027,00/01/1900,065,PLAYSTATION,MULTICOLOR TEXTIL LTDA.,01.16.06.0133,TOP CURTO / 2026-2-8305,01,S-BLUSA / TOP,S,CEAR,CEAR - FEIRA SUMMER II 2026 (PROD AS BS) REPEATS,000521,OFF WHITE,6,14,188,0,0,0,0,10/09/2026,30/09/2026,902,PCP/TINTURARIA/CORTE/COSTURA/EXPEDIÇÃO,6,,TINTURARIA,0,PC,PP SAMPL APROVADA,C&A MODAS S.A.,98968,98968,61676,5461,13/12/2026,2650,12 - SEM 50 - 2026,(47) 3534-4078,0,,,30,C&A MODAS,27/10/2026,81,7,13,188,,,0,0,100,0,0,2650,001,T54A - LICENSE MASC.,30,SORTER,N,N,SSNN
077671,1,05157,445,0,12 - SEM 50 - 2026,19/06,"10,6144",,B25,0,0,T00,TOP CURTO (TOP),,EST. 1 COR,20,13/12/2026,2,0,AGROLANDIA,AV EDUARDO WILL,500,SAO JOAO,MULTICOLOR,14,07/08/2026,6/12/2026,,1,,,2641,0,,0,80.666.324/0001-00,,MULTICOLOR TEXTIL LTDA.,3,9 lcc,0,OP PRODUÇÃO,0,T001,TOP MC BASICO,A,7 SEMANAS LEAD TIME DE PRODUÇÃO,04,TINTURARIA,TIN,TIN - TINTURARIA,,,Lib corte,,28/02/2027,00/01/1900,065,PLAYSTATION,MULTICOLOR TEXTIL LTDA.,01.16.06.0133,TOP CURTO / 2026-2-8305,01,S-BLUSA / TOP,S,CEAR,CEAR - FEIRA SUMMER II 2026 (PROD AS BS) REPEATS,000521,OFF WHITE,8,15,212,0,0,0,0,10/09/2026,30/09/2026,902,PCP/TINTURARIA/CORTE/COSTURA/EXPEDIÇÃO,6,,TINTURARIA,0,PC,PP SAMPL APROVADA,C&A MODAS S.A.,98968,98968,61676,5461,13/12/2026,2650,12 - SEM 50 - 2026,(47) 3534-4078,0,,,30,C&A MODAS,27/10/2026,81,7,13,212,,,0,0,100,0,0,2650,001,T54A - LICENSE MASC.,30,SORTER,N,N,SSNN
077671,1,05157,445,0,12 - SEM 50 - 2026,19/06,"10,6144",,B25,0,0,T00,TOP CURTO (TOP),,EST. 1 COR,20,13/12/2026,2,0,AGROLANDIA,AV EDUARDO WILL,500,SAO JOAO,MULTICOLOR,14,07/08/2026,06/12/2026,,1,,,2641,0,,0,80.666.324/0001-00,,MULTICOLOR TEXTIL LTDA.,3,9 lcc,0,OP PRODUÇÃO,0,T001,TOP MC BASICO,A,7 SEMANAS LEAD TIME DE PRODUÇÃO,04,TINTURARIA,TIN,TIN - TINTURARIA,,,Lib corte,,28/02/2027,00/01/1900,065,PLAYSTATION,MULTICOLOR TEXTIL LTDA.,01.16.06.0133,TOP CURTO / 2026-2-8305,01,S-BLUSA / TOP,S,CEAR,CEAR - FEIRA SUMMER II 2026 (PROD AS BS) REPEATS,000521,OFF WHITE,10,16,177,0,0,0,0,10/09/2026,30/09/2026,902,PCP/TINTURARIA/CORTE/COSTURA/EXPEDIÇÃO,6,,TINTURARIA,0,PC,PP SAMPL APROVADA,C&A MODAS S.A.,98968,98968,61676,5461,13/12/2026,2650,12 - SEM 50 - 2026,(47) 3534-4078,0,,,30,C&A MODAS,27/10/2026,81,7,13,177,,,0,0,100,0,0,2650,001,T54A - LICENSE MASC.,30,SORTER,N,N,SSNN
077671,1,05157,445,0,12 - SEM 50 - 2026,19/06,"10,6144",,B25,0,0,T00,TOP CURTO (TOP),,EST. 1 COR,20,13/12/2026,2,0,AGROLANDIA,AV EDUARDO WILL,500,SAO JOAO,MULTICOLOR,14,07/08/2026,06/12/2026,,1,,,2641,0,,0,80.666.324/0001-00,,MULTICOLOR TEXTIL LTDA.,3,9 lcc,0,OP PRODUÇÃO,0,T001,TOP MC BASICO,A,7 SEMANAS LEAD TIME DE PRODUÇÃO,04,TINTURARIA,TIN,TIN - TINTURARIA,,,Lib corte,,28/02/2027,00/01/1900,065,PLAYSTATION,MULTICOLOR TEXTIL LTDA.,01.16.06.0133,TOP CURTO / 2026-2-8305,01,S-BLUSA / TOP,S,CEAR,CEAR - FEIRA SUMMER II 2026 (PROD AS BS) REPEATS,000521,OFF WHITE,12,17,164,0,0,0,0,10/09/2026,30/09/2026,902,PCP/TINTURARIA/CORTE/COSTURA/EXPEDIÇÃO,6,,TINTURARIA,0,PC,PP SAMPL APROVADA,C&A MODAS S.A.,98968,98968,61676,5461,13/12/2026,2650,12 - SEM 50 - 2026,(47) 3534-4078,0,,,30,C&A MODAS,27/10/2026,81,7,13,164,,,0,0,100,0,0,2650,001,T54A - LICENSE MASC.,30,SORTER,N,N,SSNN
077681,1,05157,445,0,12 - SEM 49 - 2026,08/07,0,,B27 (W.COR),0,0,T00,TOP CURTO (TOP),,,"18,65",06/12/2026,1,0,AGROLANDIA,AV EDUARDO WILL,500,SAO JOAO,MULTICOLOR,14,07/08/2026,22/11/2026,,1,,,2641,0,,0,80.666.324/0001-00,,MULTICOLOR TEXTIL LTDA.,3,9 lcc,0,OP PRODUÇÃO,0,0,CLASSIFICAR MODELO/FAMILIA,,,04,TINTURARIA,TIN,TIN - TINTURARIA,,,Lib corte,,00/01/1900,00/01/1900,085,SEM LICENSA C&A,MULTICOLOR TEXTIL LTDA.,01.16.00.7756D,TOP CURTO / 2026-2-3348,01,S-BLUSA / TOP,S,CEI,CEI - FEIRA SUMMER II 2026 (PROD AS BS) INCLUSÃO,000177,VERMELHO,4,13,383,0,0,0,0,10/09/2026,30/09/2026,902,PCP/TINTURARIA/CORTE/COSTURA/EXPEDIÇÃO,6,,TINTURARIA,0,PC,LIBERADO PARA PRODUÇÂO,C&A MODAS S.A.,98977,98977,61655,5461,06/12/2026,2649,12 - SEM 49 - 2026,(47) 3534-4078,0,,,30,C&A MODAS,13/10/2026,74,7,13,383,,,0,0,100,0,0,2649,94,T54B - KIDS O,30,SORTER,N,N,SSNN
077681,1,05157,445,0,12 - SEM 49 - 2026,08/07,0,,B27 (W.COR),0,0,T00,TOP CURTO (TOP),,,"18,65",06/12/2026,1,0,AGROLANDIA,AV EDUARDO WILL,500,SAO JOAO,MULTICOLOR,14,07/08/2026,22/11/2026,,1,,,2641,0,,0,80.666.324/0001-00,,MULTICOLOR TEXTIL LTDA.,3,9 lcc,0,OP PRODUÇÃO,0,0,CLASSIFICAR MODELO/FAMILIA,,,04,TINTURARIA,TIN,TIN - TINTURARIA,,,Lib corte,,00/01/1900,00/01/1900,085,SEM LICENSA C&A,MULTICOLOR TEXTIL LTDA.,01.16.00.7756D,TOP CURTO / 2026-2-3348,01,S-BLUSA / TOP,S,CEI,CEI - FEIRA SUMMER II 2026 (PROD AS BS) INCLUSÃO,000177,VERMELHO,6,14,689,0,0,0,0,10/09/2026,30/09/2026,902,PCP/TINTURARIA/CORTE/COSTURA/EXPEDIÇÃO,6,,TINTURARIA,0,PC,LIBERADO PARA PRODUÇÂO,C&A MODAS S.A.,98977,98977,61655,5461,06/12/2026,2649,12 - SEM 49 - 2026,(47) 3534-4078,0,,,30,C&A MODAS,13/10/2026,74,7,13,689,,,0,0,100,0,0,2649,94,T54B - KIDS O,30,SORTER,N,N,SSNN
077681,1,05157,445,0,12 - SEM 49 - 2026,08/07,0,,B27 (W.COR),0,0,T00,TOP CURTO (TOP),,,"18,65",06/12/2026,1,0,AGROLANDIA,AV EDUARDO WILL,500,SAO JOAO,MULTICOLOR,14,07/08/2026,22/11/2026,,1,,,2641,0,,0,80.666.324/0001-00,,MULTICOLOR TEXTIL LTDA.,3,9 lcc,0,OP PRODUÇÃO,0,0,CLASSIFICAR MODELO/FAMILIA,,,04,TINTURARIA,TIN,TIN - TINTURARIA,,,Lib corte,,00/01/1900,00/01/1900,085,SEM LICENSA C&A,MULTICOLOR TEXTIL LTDA.,01.16.00.7756D,TOP CURTO / 2026-2-3348,01,S-BLUSA / TOP,S,CEI,CEI - FEIRA SUMMER II 2026 (PROD AS BS) INCLUSÃO,000177,VERMELHO,8,15,774,0,0,0,0,10/09/2026,30/09/2026,902,PCP/TINTURARIA/CORTE/COSTURA/EXPEDIÇÃO,6,,TINTURARIA,0,PC,LIBERADO PARA PRODUÇÂO,C&A MODAS S.A.,98977,98977,61655,5461,06/12/2026,2649,12 - SEM 49 - 2026,(47) 3534-4078,0,,,30,C&A MODAS,13/10/2026,74,7,13,774,,,0,0,100,0,0,2649,94,T54B - KIDS O,30,SORTER,N,N,SSNN
077681,1,05157,445,0,12 - SEM 49 - 2026,08/07,0,,B27 (W.COR),0,0,T00,TOP CURTO (TOP),,,"18,65",06/12/2026,1,0,AGROLANDIA,AV EDUARDO WILL,500,SAO JOAO,MULTICOLOR,14,07/08/2026,22/11/2026,,1,,,2641,0,,0,80.666.324/0001-00,,MULTICOLOR TEXTIL LTDA.,3,9 lcc,0,OP PRODUÇÃO,0,0,CLASSIFICAR MODELO/FAMILIA,,,04,TINTURARIA,TIN,TIN - TINTURARIA,,,Lib corte,,00/01/1900,00/01/1900,085,SEM LICENSA C&A,MULTICOLOR TEXTIL LTDA.,01.16.00.7756D,TOP CURTO / 2026-2-3348,01,S-BLUSA / TOP,S,CEI,CEI - FEIRA SUMMER II 2026 (PROD AS BS) INCLUSÃO,000177,VERMELHO,10,16,646,0,0,0,0,10/09/2026,30/09/2026,902,PCP/TINTURARIA/CORTE/COSTURA/EXPEDIÇÃO,6,,TINTURARIA,0,PC,LIBERADO PARA PRODUÇÂO,C&A MODAS S.A.,98977,98977,61655,5461,06/12/2026,2649,12 - SEM 49 - 2026,(47) 3534-4078,0,,,30,C&A MODAS,13/10/2026,74,7,13,646,,,0,0,100,0,0,2649,94,T54B - KIDS O,30,SORTER,N,N,SSNN
077681,1,05157,445,0,12 - SEM 49 - 2026,08/07,0,,B27 (W.COR),0,0,T00,TOP CURTO (TOP),,,"18,65",06/12/2026,1,0,AGROLANDIA,AV EDUARDO WILL,500,SAO JOAO,MULTICOLOR,14,07/08/2026,22/11/2026,,1,,,2641,0,,0,80.666.324/0001-00,,MULTICOLOR TEXTIL LTDA.,3,9 lcc,0,OP PRODUÇÃO,0,0,CLASSIFICAR MODELO/FAMILIA,,,04,TINTURARIA,TIN,TIN - TINTURARIA,,,Lib corte,,00/01/1900,00/01/1900,085,SEM LICENSA C&A,MULTICOLOR TEXTIL LTDA.,01.16.00.7756D,TOP CURTO / 2026-2-3348,01,S-BLUSA / TOP,S,CEI,CEI - FEIRA SUMMER II 2026 (PROD AS BS) INCLUSÃO,000177,VERMELHO,12,17,598,0,0,0,0,10/09/2026,30/09/2026,902,PCP/TINTURARIA/CORTE/COSTURA/EXPEDIÇÃO,6,,TINTURARIA,0,PC,LIBERADO PARA PRODUÇÂO,C&A MODAS S.A.,98977,98977,61655,5461,06/12/2026,2649,12 - SEM 49 - 2026,(47) 3534-4078,0,,,30,C&A MODAS,13/10/2026,74,7,13,598,,,0,0,100,0,0,2649,94,T54B - KIDS O,30,SORTER,N,N,SSNN
077683,1,05157,445,0,12 - SEM 50 - 2026,08/07,0,,B28,0,0,T00,TOP CURTO (TOP),,,"18,65",13/12/2026,1,0,AGROLANDIA,AV EDUARDO WILL,500,SAO JOAO,MULTICOLOR,14,07/08/2026,13/12/2026,,1,,,2641,0,,0,80.666.324/0001-00,,MULTICOLOR TEXTIL LTDA.,3,9 lcc,0,OP PRODUÇÃO,0,T010,TOP MC C/ RECORTES,A,7 SEMANAS LEAD TIME DE PRODUÇÃO,04,TINTURARIA,TIN,TIN - TINTURARIA,,,Lib corte,,00/01/1900,00/01/1900,085,SEM LICENSA C&A,MULTICOLOR TEXTIL LTDA.,01.16.00.7756C,TOP CURTO / 2026-2-3348,01,S-BLUSA / TOP,S,CEIN,CEIN - FEIRA SUMMER II 2026 (PROD AS BS) INCLUSÃO NEGOCIADO,130331,VERDE CLARO,4,13,192,0,0,0,0,10/09/2026,30/09/2026,902,PCP/TINTURARIA/CORTE/COSTURA/EXPEDIÇÃO,6,,TINTURARIA,0,PC,LIBERADO PARA PRODUÇÂO,C&A MODAS S.A.,98983,98983,61649,5461,13/12/2026,2650,12 - SEM 50 - 2026,(47) 3534-4078,0,,,30,C&A MODAS,3/11/2026,81,7,13,192,,,0,0,100,0,0,2650,94,T54B - KIDS O,30,SORTER,N,N,SSNN
077683,1,05157,445,0,12 - SEM 50 - 2026,08/07,0,,B28,0,0,T00,TOP CURTO (TOP),,,"18,65",13/12/2026,1,0,AGROLANDIA,AV EDUARDO WILL,500,SAO JOAO,MULTICOLOR,14,07/08/2026,13/12/2026,,1,,,2641,0,,0,80.666.324/0001-00,,MULTICOLOR TEXTIL LTDA.,3,9 lcc,0,OP PRODUÇÃO,0,T010,TOP MC C/ RECORTES,A,7 SEMANAS LEAD TIME DE PRODUÇÃO,04,TINTURARIA,TIN,TIN - TINTURARIA,,,Lib corte,,00/01/1900,00/01/1900,085,SEM LICENSA C&A,MULTICOLOR TEXTIL LTDA.,01.16.00.7756C,TOP CURTO / 2026-2-3348,01,S-BLUSA / TOP,S,CEIN,CEIN - FEIRA SUMMER II 2026 (PROD AS BS) INCLUSÃO NEGOCIADO,130331,VERDE CLARO,6,14,344,0,0,0,0,10/09/2026,30/09/2026,902,PCP/TINTURARIA/CORTE/COSTURA/EXPEDIÇÃO,6,,TINTURARIA,0,PC,LIBERADO PARA PRODUÇÂO,C&A MODAS S.A.,98983,98983,61649,5461,13/12/2026,2650,12 - SEM 50 - 2026,(47) 3534-4078,0,,,30,C&A MODAS,03/11/2026,81,7,13,344,,,0,0,100,0,0,2650,94,T54B - KIDS O,30,SORTER,N,N,SSNN
077683,1,05157,445,0,12 - SEM 50 - 2026,08/07,0,,B28,0,0,T00,TOP CURTO (TOP),,,"18,65",13/12/2026,1,0,AGROLANDIA,AV EDUARDO WILL,500,SAO JOAO,MULTICOLOR,14,07/08/2026,13/12/2026,,1,,,2641,0,,0,80.666.324/0001-00,,MULTICOLOR TEXTIL LTDA.,3,9 lcc,0,OP PRODUÇÃO,0,T010,TOP MC C/ RECORTES,A,7 SEMANAS LEAD TIME DE PRODUÇÃO,04,TINTURARIA,TIN,TIN - TINTURARIA,,,Lib corte,,00/01/1900,00/01/1900,085,SEM LICENSA C&A,MULTICOLOR TEXTIL LTDA.,01.16.00.7756C,TOP CURTO / 2026-2-3348,01,S-BLUSA / TOP,S,CEIN,CEIN - FEIRA SUMMER II 2026 (PROD AS BS) INCLUSÃO NEGOCIADO,130331,VERDE CLARO,8,15,387,0,0,0,0,10/09/2026,30/09/2026,902,PCP/TINTURARIA/CORTE/COSTURA/EXPEDIÇÃO,6,,TINTURARIA,0,PC,LIBERADO PARA PRODUÇÂO,C&A MODAS S.A.,98983,98983,61649,5461,13/12/2026,2650,12 - SEM 50 - 2026,(47) 3534-4078,0,,,30,C&A MODAS,03/11/2026,81,7,13,387,,,0,0,100,0,0,2650,94,T54B - KIDS O,30,SORTER,N,N,SSNN
077683,1,05157,445,0,12 - SEM 50 - 2026,08/07,0,,B28,0,0,T00,TOP CURTO (TOP),,,"18,65",13/12/2026,1,0,AGROLANDIA,AV EDUARDO WILL,500,SAO JOAO,MULTICOLOR,14,07/08/2026,13/12/2026,,1,,,2641,0,,0,80.666.324/0001-00,,MULTICOLOR TEXTIL LTDA.,3,9 lcc,0,OP PRODUÇÃO,0,T010,TOP MC C/ RECORTES,A,7 SEMANAS LEAD TIME DE PRODUÇÃO,04,TINTURARIA,TIN,TIN - TINTURARIA,,,Lib corte,,00/01/1900,00/01/1900,085,SEM LICENSA C&A,MULTICOLOR TEXTIL LTDA.,01.16.00.7756C,TOP CURTO / 2026-2-3348,01,S-BLUSA / TOP,S,CEIN,CEIN - FEIRA SUMMER II 2026 (PROD AS BS) INCLUSÃO NEGOCIADO,130331,VERDE CLARO,10,16,323,0,0,0,0,10/09/2026,30/09/2026,902,PCP/TINTURARIA/CORTE/COSTURA/EXPEDIÇÃO,6,,TINTURARIA,0,PC,LIBERADO PARA PRODUÇÂO,C&A MODAS S.A.,98983,98983,61649,5461,13/12/2026,2650,12 - SEM 50 - 2026,(47) 3534-4078,0,,,30,C&A MODAS,03/11/2026,81,7,13,323,,,0,0,100,0,0,2650,94,T54B - KIDS O,30,SORTER,N,N,SSNN
077683,1,05157,445,0,12 - SEM 50 - 2026,08/07,0,,B28,0,0,T00,TOP CURTO (TOP),,,"18,65",13/12/2026,1,0,AGROLANDIA,AV EDUARDO WILL,500,SAO JOAO,MULTICOLOR,14,07/08/2026,13/12/2026,,1,,,2641,0,,0,80.666.324/0001-00,,MULTICOLOR TEXTIL LTDA.,3,9 lcc,0,OP PRODUÇÃO,0,T010,TOP MC C/ RECORTES,A,7 SEMANAS LEAD TIME DE PRODUÇÃO,04,TINTURARIA,TIN,TIN - TINTURARIA,,,Lib corte,,00/01/1900,00/01/1900,085,SEM LICENSA C&A,MULTICOLOR TEXTIL LTDA.,01.16.00.7756C,TOP CURTO / 2026-2-3348,01,S-BLUSA / TOP,S,CEIN,CEIN - FEIRA SUMMER II 2026 (PROD AS BS) INCLUSÃO NEGOCIADO,130331,VERDE CLARO,12,17,299,0,0,0,0,10/09/2026,30/09/2026,902,PCP/TINTURARIA/CORTE/COSTURA/EXPEDIÇÃO,6,,TINTURARIA,0,PC,LIBERADO PARA PRODUÇÂO,C&A MODAS S.A.,98983,98983,61649,5461,13/12/2026,2650,12 - SEM 50 - 2026,(47) 3534-4078,0,,,30,C&A MODAS,03/11/2026,81,7,13,299,,,0,0,100,0,0,2650,94,T54B - KIDS O,30,SORTER,N,N,SSNN
077689,1,05157,445,0,12 - SEM 50 - 2026,08/07,0,,B26,0,0,T00,TOP CURTO (TOP),TESTE CO D IVANIR (CABEÇOTE TAM 4 - problema tensionado),,"17,45",13/12/2026,1,0,AGROLANDIA,AV EDUARDO WILL,500,SAO JOAO,MULTICOLOR,14,07/08/2026,6/12/2026,,1,,,2641,0,,0,80.666.324/0001-00,,MULTICOLOR TEXTIL LTDA.,3,9 lcc,0,OP PRODUÇÃO,0,T040,TOP MC C/ BOLSO,B,8 SEMANAS,04,TINTURARIA,TIN,TIN - TINTURARIA,,,Lib corte,,11/04/2027,00/01/1900,085,SEM LICENSA C&A,MULTICOLOR TEXTIL LTDA.,01.16.00.7849,TOP CURTO / 2026-2-9557,01,S-BLUSA / TOP,S,CEIN,CEIN - FEIRA SUMMER II 2026 (PROD AS BS) INCLUSÃO NEGOCIADO,0000c,BRANCO,4,13,115,0,0,0,0,11/09/2026,02/09/2026,902,PCP/TINTURARIA/CORTE/COSTURA/EXPEDIÇÃO,6,,TINTURARIA,0,PC,LIBERADO PARA PRODUÇÂO,C&A MODAS S.A.,98986,98986,61664,5461,13/12/2026,2650,12 - SEM 50 - 2026,(47) 3534-4078,0,,,30,C&A MODAS,27/10/2026,81,-21,12,115,,,0,0,100,0,0,2650,007,T54A - PALOMINO,17,CABIDE,N,N,SSNN
077689,1,05157,445,0,12 - SEM 50 - 2026,08/07,0,,B26,0,0,T00,TOP CURTO (TOP),TESTE CO D IVANIR (CABEÇOTE TAM 4 - problema tensionado),,"17,45",13/12/2026,1,0,AGROLANDIA,AV EDUARDO WILL,500,SAO JOAO,MULTICOLOR,14,07/08/2026,6/12/2026,,1,,,2641,0,,0,80.666.324/0001-00,,MULTICOLOR TEXTIL LTDA.,3,9 lcc,0,OP PRODUÇÃO,0,T040,TOP MC C/ BOLSO,B,8 SEMANAS,04,TINTURARIA,TIN,TIN - TINTURARIA,,,Lib corte,,11/04/2027,00/01/1900,085,SEM LICENSA C&A,MULTICOLOR TEXTIL LTDA.,01.16.00.7849,TOP CURTO / 2026-2-9557,01,S-BLUSA / TOP,S,CEIN,CEIN - FEIRA SUMMER II 2026 (PROD AS BS) INCLUSÃO NEGOCIADO,0000c,BRANCO,6,14,231,0,0,0,0,11/09/2026,02/09/2026,902,PCP/TINTURARIA/CORTE/COSTURA/EXPEDIÇÃO,6,,TINTURARIA,0,PC,LIBERADO PARA PRODUÇÂO,C&A MODAS S.A.,98986,98986,61664,5461,13/12/2026,2650,12 - SEM 50 - 2026,(47) 3534-4078,0,,,30,C&A MODAS,27/10/2026,81,-21,12,231,,,0,0,100,0,0,2650,007,T54A - PALOMINO,17,CABIDE,N,N,SSNN
077689,1,05157,445,0,12 - SEM 50 - 2026,08/07,0,,B26,0,0,T00,TOP CURTO (TOP),TESTE CO D IVANIR (CABEÇOTE TAM 4 - problema tensionado),,"17,45",13/12/2026,1,0,AGROLANDIA,AV EDUARDO WILL,500,SAO JOAO,MULTICOLOR,14,07/08/2026,6/12/2026,,1,,,2641,0,,0,80.666.324/0001-00,,MULTICOLOR TEXTIL LTDA.,3,9 lcc,0,OP PRODUÇÃO,0,T040,TOP MC C/ BOLSO,B,8 SEMANAS,04,TINTURARIA,TIN,TIN - TINTURARIA,,,Lib corte,,11/04/2027,00/01/1900,085,SEM LICENSA C&A,MULTICOLOR TEXTIL LTDA.,01.16.00.7849,TOP CURTO / 2026-2-9557,01,S-BLUSA / TOP,S,CEIN,CEIN - FEIRA SUMMER II 2026 (PROD AS BS) INCLUSÃO NEGOCIADO,0000c,BRANCO,8,15,231,0,0,0,0,11/09/2026,02/09/2026,902,PCP/TINTURARIA/CORTE/COSTURA/EXPEDIÇÃO,6,,TINTURARIA,0,PC,LIBERADO PARA PRODUÇÂO,C&A MODAS S.A.,98986,98986,61664,5461,13/12/2026,2650,12 - SEM 50 - 2026,(47) 3534-4078,0,,,30,C&A MODAS,27/10/2026,81,-21,12,231,,,0,0,100,0,0,2650,007,T54A - PALOMINO,17,CABIDE,N,N,SSNN
077689,1,05157,445,0,12 - SEM 50 - 2026,08/07,0,,B26,0,0,T00,TOP CURTO (TOP),TESTE CO D IVANIR (CABEÇOTE TAM 4 - problema tensionado),,"17,45",13/12/2026,1,0,AGROLANDIA,AV EDUARDO WILL,500,SAO JOAO,MULTICOLOR,14,07/08/2026,06/12/2026,,1,,,2641,0,,0,80.666.324/0001-00,,MULTICOLOR TEXTIL LTDA.,3,9 lcc,0,OP PRODUÇÃO,0,T040,TOP MC C/ BOLSO,B,8 SEMANAS,04,TINTURARIA,TIN,TIN - TINTURARIA,,,Lib corte,,11/04/2027,00/01/1900,085,SEM LICENSA C&A,MULTICOLOR TEXTIL LTDA.,01.16.00.7849,TOP CURTO / 2026-2-9557,01,S-BLUSA / TOP,S,CEIN,CEIN - FEIRA SUMMER II 2026 (PROD AS BS) INCLUSÃO NEGOCIADO,0000c,BRANCO,10,16,231,0,0,0,0,11/09/2026,02/09/2026,902,PCP/TINTURARIA/CORTE/COSTURA/EXPEDIÇÃO,6,,TINTURARIA,0,PC,LIBERADO PARA PRODUÇÂO,C&A MODAS S.A.,98986,98986,61664,5461,13/12/2026,2650,12 - SEM 50 - 2026,(47) 3534-4078,0,,,30,C&A MODAS,27/10/2026,81,-21,12,231,,,0,0,100,0,0,2650,007,T54A - PALOMINO,17,CABIDE,N,N,SSNN
077689,1,05157,445,0,12 - SEM 50 - 2026,08/07,0,,B26,0,0,T00,TOP CURTO (TOP),TESTE CO D IVANIR (CABEÇOTE TAM 4 - problema tensionado),,"17,45",13/12/2026,1,0,AGROLANDIA,AV EDUARDO WILL,500,SAO JOAO,MULTICOLOR,14,07/08/2026,06/12/2026,,1,,,2641,0,,0,80.666.324/0001-00,,MULTICOLOR TEXTIL LTDA.,3,9 lcc,0,OP PRODUÇÃO,0,T040,TOP MC C/ BOLSO,B,8 SEMANAS,04,TINTURARIA,TIN,TIN - TINTURARIA,,,Lib corte,,11/04/2027,00/01/1900,085,SEM LICENSA C&A,MULTICOLOR TEXTIL LTDA.,01.16.00.7849,TOP CURTO / 2026-2-9557,01,S-BLUSA / TOP,S,CEIN,CEIN - FEIRA SUMMER II 2026 (PROD AS BS) INCLUSÃO NEGOCIADO,0000c,BRANCO,12,17,231,0,0,0,0,11/09/2026,02/09/2026,902,PCP/TINTURARIA/CORTE/COSTURA/EXPEDIÇÃO,6,,TINTURARIA,0,PC,LIBERADO PARA PRODUÇÂO,C&A MODAS S.A.,98986,98986,61664,5461,13/12/2026,2650,12 - SEM 50 - 2026,(47) 3534-4078,0,,,30,C&A MODAS,27/10/2026,81,-21,12,231,,,0,0,100,0,0,2650,007,T54A - PALOMINO,17,CABIDE,N,N,SSNN
077703,1,05157,445,0,12 - SEM 49 - 2026,,"11,5045",,Y21,0,0,T00,TOP CURTO (TOP),,2 cores + 1 relevo,"15,65",06/12/2026,1,0,AGROLANDIA,AV EDUARDO WILL,500,SAO JOAO,MULTICOLOR,14,07/08/2026,22/11/2026,,1,,,2641,0,(C),0,80.666.324/0001-00,,MULTICOLOR TEXTIL LTDA.,3,9 lcc,0,OP PRODUÇÃO,0,T010,TOP MC C/ RECORTES,A,7 SEMANAS LEAD TIME DE PRODUÇÃO,04,TINTURARIA,TIN,TIN - TINTURARIA,,,Lib corte,,10/01/2027,00/01/1900,085,SEM LICENSA C&A,MULTICOLOR TEXTIL LTDA.,01.14.00.7032,TOP CURTO / 2024-2-5174,01,S-BLUSA / TOP,S,CECR,CECR - FEIRA SUMMER II 2026 (PROD CS) REPEATS,C03,BEGE MEDIO,1,10,206,0,0,0,0,10/09/2026,30/09/2026,902,PCP/TINTURARIA/CORTE/COSTURA/EXPEDIÇÃO,6,,TINTURARIA,0,PC,LIBERADO PARA PRODUÇÂO,C&A MODAS S.A.,66681,66681,61596,5461,06/12/2026,2649,12 - SEM 49 - 2026,(47) 3534-4078,0,,,30,C&A MODAS,13/10/2026,74,7,13,206,,,0,0,100,0,0,2649,92,T52B - BBO,17,CABIDE,N,N,SSNN
077703,1,05157,445,0,12 - SEM 49 - 2026,,"11,5045",,Y21,0,0,T00,TOP CURTO (TOP),,2 cores + 1 relevo,"15,65",06/12/2026,1,0,AGROLANDIA,AV EDUARDO WILL,500,SAO JOAO,MULTICOLOR,14,07/08/2026,22/11/2026,,1,,,2641,0,(C),0,80.666.324/0001-00,,MULTICOLOR TEXTIL LTDA.,3,9 lcc,0,OP PRODUÇÃO,0,T010,TOP MC C/ RECORTES,A,7 SEMANAS LEAD TIME DE PRODUÇÃO,04,TINTURARIA,TIN,TIN - TINTURARIA,,,Lib corte,,10/01/2027,00/01/1900,085,SEM LICENSA C&A,MULTICOLOR TEXTIL LTDA.,01.14.00.7032,TOP CURTO / 2024-2-5174,01,S-BLUSA / TOP,S,CECR,CECR - FEIRA SUMMER II 2026 (PROD CS) REPEATS,C03,BEGE MEDIO,2,11,412,0,0,0,0,10/09/2026,30/09/2026,902,PCP/TINTURARIA/CORTE/COSTURA/EXPEDIÇÃO,6,,TINTURARIA,0,PC,LIBERADO PARA PRODUÇÂO,C&A MODAS S.A.,66681,66681,61596,5461,06/12/2026,2649,12 - SEM 49 - 2026,(47) 3534-4078,0,,,30,C&A MODAS,13/10/2026,74,7,13,412,,,0,0,100,0,0,2649,92,T52B - BBO,17,CABIDE,N,N,SSNN
077703,1,05157,445,0,12 - SEM 49 - 2026,,"11,5045",,Y21,0,0,T00,TOP CURTO (TOP),,2 cores + 1 relevo,"15,65",06/12/2026,1,0,AGROLANDIA,AV EDUARDO WILL,500,SAO JOAO,MULTICOLOR,14,07/08/2026,22/11/2026,,1,,,2641,0,(C),0,80.666.324/0001-00,,MULTICOLOR TEXTIL LTDA.,3,9 lcc,0,OP PRODUÇÃO,0,T010,TOP MC C/ RECORTES,A,7 SEMANAS LEAD TIME DE PRODUÇÃO,04,TINTURARIA,TIN,TIN - TINTURARIA,,,Lib corte,,10/01/2027,00/01/1900,085,SEM LICENSA C&A,MULTICOLOR TEXTIL LTDA.,01.14.00.7032,TOP CURTO / 2024-2-5174,01,S-BLUSA / TOP,S,CECR,CECR - FEIRA SUMMER II 2026 (PROD CS) REPEATS,C03,BEGE MEDIO,3,12,618,0,0,0,0,10/09/2026,30/09/2026,902,PCP/TINTURARIA/CORTE/COSTURA/EXPEDIÇÃO,6,,TINTURARIA,0,PC,LIBERADO PARA PRODUÇÂO,C&A MODAS S.A.,66681,66681,61596,5461,06/12/2026,2649,12 - SEM 49 - 2026,(47) 3534-4078,0,,,30,C&A MODAS,13/10/2026,74,7,13,618,,,0,0,100,0,0,2649,92,T52B - BBO,17,CABIDE,N,N,SSNN
077703,1,05157,445,0,12 - SEM 49 - 2026,,"11,5045",,Y21,0,0,T00,TOP CURTO (TOP),,2 cores + 1 relevo,"15,65",06/12/2026,1,0,AGROLANDIA,AV EDUARDO WILL,500,SAO JOAO,MULTICOLOR,14,07/08/2026,22/11/2026,,1,,,2641,0,(C),0,80.666.324/0001-00,,MULTICOLOR TEXTIL LTDA.,3,9 lcc,0,OP PRODUÇÃO,0,T010,TOP MC C/ RECORTES,A,7 SEMANAS LEAD TIME DE PRODUÇÃO,04,TINTURARIA,TIN,TIN - TINTURARIA,,,Lib corte,,10/01/2027,00/01/1900,085,SEM LICENSA C&A,MULTICOLOR TEXTIL LTDA.,01.14.00.7032,TOP CURTO / 2024-2-5174,01,S-BLUSA / TOP,S,CECR,CECR - FEIRA SUMMER II 2026 (PROD CS) REPEATS,C03,BEGE MEDIO,4,13,412,0,0,0,0,10/09/2026,30/09/2026,902,PCP/TINTURARIA/CORTE/COSTURA/EXPEDIÇÃO,6,,TINTURARIA,0,PC,LIBERADO PARA PRODUÇÂO,C&A MODAS S.A.,66681,66681,61596,5461,06/12/2026,2649,12 - SEM 49 - 2026,(47) 3534-4078,0,,,30,C&A MODAS,13/10/2026,74,7,13,412,,,0,0,100,0,0,2649,92,T52B - BBO,17,CABIDE,N,N,SSNN
077703,1,05157,445,0,12 - SEM 49 - 2026,,"11,5045",,Y21,0,0,T00,TOP CURTO (TOP),,2 cores + 1 relevo,"15,65",06/12/2026,1,0,AGROLANDIA,AV EDUARDO WILL,500,SAO JOAO,MULTICOLOR,14,07/08/2026,22/11/2026,,1,,,2641,0,(C),0,80.666.324/0001-00,,MULTICOLOR TEXTIL LTDA.,3,9 lcc,0,OP PRODUÇÃO,0,T010,TOP MC C/ RECORTES,A,7 SEMANAS LEAD TIME DE PRODUÇÃO,04,TINTURARIA,TIN,TIN - TINTURARIA,,,Lib corte,,10/01/2027,00/01/1900,085,SEM LICENSA C&A,MULTICOLOR TEXTIL LTDA.,01.14.00.7032,TOP CURTO / 2024-2-5174,01,S-BLUSA / TOP,S,CECR,CECR - FEIRA SUMMER II 2026 (PROD CS) REPEATS,C03,BEGE MEDIO,5,58,412,0,0,0,0,10/09/2026,30/09/2026,902,PCP/TINTURARIA/CORTE/COSTURA/EXPEDIÇÃO,6,,TINTURARIA,0,PC,LIBERADO PARA PRODUÇÂO,C&A MODAS S.A.,66681,66681,61596,5461,06/12/2026,2649,12 - SEM 49 - 2026,(47) 3534-4078,0,,,30,C&A MODAS,13/10/2026,74,7,13,412,,,0,0,100,0,0,2649,92,T52B - BBO,17,CABIDE,N,N,SSNN
077704,1,05157,445,0,12 - SEM 49 - 2026,,"11,5045",,Y21,0,0,T00,TOP CURTO (TOP),,2 cores + 1 relevo,"15,65",22/12/2026,1,0,AGROLANDIA,AV EDUARDO WILL,500,SAO JOAO,MULTICOLOR,14,07/08/2026,22/11/2026,,1,,,2641,0,(C),0,80.666.324/0001-00,,MULTICOLOR TEXTIL LTDA.,3,9 lcc,0,OP PRODUÇÃO,0,T010,TOP MC C/ RECORTES,A,7 SEMANAS LEAD TIME DE PRODUÇÃO,04,TINTURARIA,TIN,TIN - TINTURARIA,,,Lib corte,,10/01/2027,00/01/1900,085,SEM LICENSA C&A,MULTICOLOR TEXTIL LTDA.,01.14.00.7032,TOP CURTO / 2024-2-5174,01,S-BLUSA / TOP,S,CECR,CECR - FEIRA SUMMER II 2026 (PROD CS) REPEATS,C03,BEGE MEDIO,1,10,412,0,0,0,0,10/09/2026,30/09/2026,902,PCP/TINTURARIA/CORTE/COSTURA/EXPEDIÇÃO,6,,TINTURARIA,0,PC,LIBERADO PARA PRODUÇÂO,C&A MODAS S.A.,99003,99003,61597,5461,06/12/2026,2649,12 - SEM 49 - 2026,(47) 3534-4078,0,,,30,C&A MODAS,13/10/2026,74,7,13,412,,,0,0,100,0,0,2649,92,T52B - BBO,17,CABIDE,N,N,SSNN
077704,1,05157,445,0,12 - SEM 49 - 2026,,"11,5045",,Y21,0,0,T00,TOP CURTO (TOP),,2 cores + 1 relevo,"15,65",22/12/2026,1,0,AGROLANDIA,AV EDUARDO WILL,500,SAO JOAO,MULTICOLOR,14,07/08/2026,22/11/2026,,1,,,2641,0,(C),0,80.666.324/0001-00,,MULTICOLOR TEXTIL LTDA.,3,9 lcc,0,OP PRODUÇÃO,0,T010,TOP MC C/ RECORTES,A,7 SEMANAS LEAD TIME DE PRODUÇÃO,04,TINTURARIA,TIN,TIN - TINTURARIA,,,Lib corte,,10/01/2027,00/01/1900,085,SEM LICENSA C&A,MULTICOLOR TEXTIL LTDA.,01.14.00.7032,TOP CURTO / 2024-2-5174,01,S-BLUSA / TOP,S,CECR,CECR - FEIRA SUMMER II 2026 (PROD CS) REPEATS,C03,BEGE MEDIO,2,11,824,0,0,0,0,10/09/2026,30/09/2026,902,PCP/TINTURARIA/CORTE/COSTURA/EXPEDIÇÃO,6,,TINTURARIA,0,PC,LIBERADO PARA PRODUÇÂO,C&A MODAS S.A.,99003,99003,61597,5461,06/12/2026,2649,12 - SEM 49 - 2026,(47) 3534-4078,0,,,30,C&A MODAS,13/10/2026,74,7,13,824,,,0,0,100,0,0,2649,92,T52B - BBO,17,CABIDE,N,N,SSNN
077704,1,05157,445,0,12 - SEM 49 - 2026,,"11,5045",,Y21,0,0,T00,TOP CURTO (TOP),,2 cores + 1 relevo,"15,65",22/12/2026,1,0,AGROLANDIA,AV EDUARDO WILL,500,SAO JOAO,MULTICOLOR,14,07/08/2026,22/11/2026,,1,,,2641,0,(C),0,80.666.324/0001-00,,MULTICOLOR TEXTIL LTDA.,3,9 lcc,0,OP PRODUÇÃO,0,T010,TOP MC C/ RECORTES,A,7 SEMANAS LEAD TIME DE PRODUÇÃO,04,TINTURARIA,TIN,TIN - TINTURARIA,,,Lib corte,,10/01/2027,00/01/1900,085,SEM LICENSA C&A,MULTICOLOR TEXTIL LTDA.,01.14.00.7032,TOP CURTO / 2024-2-5174,01,S-BLUSA / TOP,S,CECR,CECR - FEIRA SUMMER II 2026 (PROD CS) REPEATS,C03,BEGE MEDIO,3,12,1236,0,0,0,0,10/09/2026,30/09/2026,902,PCP/TINTURARIA/CORTE/COSTURA/EXPEDIÇÃO,6,,TINTURARIA,0,PC,LIBERADO PARA PRODUÇÂO,C&A MODAS S.A.,99003,99003,61597,5461,06/12/2026,2649,12 - SEM 49 - 2026,(47) 3534-4078,0,,,30,C&A MODAS,13/10/2026,74,7,13,1236,,,0,0,100,0,0,2649,92,T52B - BBO,17,CABIDE,N,N,SSNN
077704,1,05157,445,0,12 - SEM 49 - 2026,,"11,5045",,Y21,0,0,T00,TOP CURTO (TOP),,2 cores + 1 relevo,"15,65",22/12/2026,1,0,AGROLANDIA,AV EDUARDO WILL,500,SAO JOAO,MULTICOLOR,14,07/08/2026,22/11/2026,,1,,,2641,0,(C),0,80.666.324/0001-00,,MULTICOLOR TEXTIL LTDA.,3,9 lcc,0,OP PRODUÇÃO,0,T010,TOP MC C/ RECORTES,A,7 SEMANAS LEAD TIME DE PRODUÇÃO,04,TINTURARIA,TIN,TIN - TINTURARIA,,,Lib corte,,10/01/2027,00/01/1900,085,SEM LICENSA C&A,MULTICOLOR TEXTIL LTDA.,01.14.00.7032,TOP CURTO / 2024-2-5174,01,S-BLUSA / TOP,S,CECR,CECR - FEIRA SUMMER II 2026 (PROD CS) REPEATS,C03,BEGE MEDIO,4,13,824,0,0,0,0,10/09/2026,30/09/2026,902,PCP/TINTURARIA/CORTE/COSTURA/EXPEDIÇÃO,6,,TINTURARIA,0,PC,LIBERADO PARA PRODUÇÂO,C&A MODAS S.A.,99003,99003,61597,5461,06/12/2026,2649,12 - SEM 49 - 2026,(47) 3534-4078,0,,,30,C&A MODAS,13/10/2026,74,7,13,824,,,0,0,100,0,0,2649,92,T52B - BBO,17,CABIDE,N,N,SSNN
077704,1,05157,445,0,12 - SEM 49 - 2026,,"11,5045",,Y21,0,0,T00,TOP CURTO (TOP),,2 cores + 1 relevo,"15,65",22/12/2026,1,0,AGROLANDIA,AV EDUARDO WILL,500,SAO JOAO,MULTICOLOR,14,07/08/2026,22/11/2026,,1,,,2641,0,(C),0,80.666.324/0001-00,,MULTICOLOR TEXTIL LTDA.,3,9 lcc,0,OP PRODUÇÃO,0,T010,TOP MC C/ RECORTES,A,7 SEMANAS LEAD TIME DE PRODUÇÃO,04,TINTURARIA,TIN,TIN - TINTURARIA,,,Lib corte,,10/01/2027,00/01/1900,085,SEM LICENSA C&A,MULTICOLOR TEXTIL LTDA.,01.14.00.7032,TOP CURTO / 2024-2-5174,01,S-BLUSA / TOP,S,CECR,CECR - FEIRA SUMMER II 2026 (PROD CS) REPEATS,C03,BEGE MEDIO,5,58,824,0,0,0,0,10/09/2026,30/09/2026,902,PCP/TINTURARIA/CORTE/COSTURA/EXPEDIÇÃO,6,,TINTURARIA,0,PC,LIBERADO PARA PRODUÇÂO,C&A MODAS S.A.,99003,99003,61597,5461,06/12/2026,2649,12 - SEM 49 - 2026,(47) 3534-4078,0,,,30,C&A MODAS,13/10/2026,74,7,13,824,,,0,0,100,0,0,2649,92,T52B - BBO,17,CABIDE,N,N,SSNN
077705,1,05157,445,0,12 - SEM 49 - 2026,,"12,6171",,A31*C,0,0,T00,TOP CURTO (TOP),,,"15,65",06/12/2026,1,0,AGROLANDIA,AV EDUARDO WILL,500,SAO JOAO,MULTICOLOR,14,07/08/2026,22/11/2026,,1,,,2641,0,,0,80.666.324/0001-00,,MULTICOLOR TEXTIL LTDA.,3,10 LCM,0,OP PRODUÇÃO,0,T010,TOP MC C/ RECORTES,A,7 SEMANAS LEAD TIME DE PRODUÇÃO,04,TINTURARIA,TIN,TIN - TINTURARIA,,,Lib Corte C/ Move testado,,10/01/2027,00/01/1900,085,SEM LICENSA C&A,MULTICOLOR TEXTIL LTDA.,01.14.00.7032A,TOP CURTO / 2025-2-12530,01,S-BLUSA / TOP,S,CECR,CECR - FEIRA SUMMER II 2026 (PROD CS) REPEATS,60,AZUL,1,10,206,0,0,0,0,10/09/2026,30/09/2026,902,PCP/TINTURARIA/CORTE/COSTURA/EXPEDIÇÃO,6,,TINTURARIA,0,PC,LIBERADO PARA PRODUÇÂO,C&A MODAS S.A.,66681,66681,61596,5461,06/12/2026,2649,12 - SEM 49 - 2026,(47) 3534-4078,0,,,30,C&A MODAS,13/10/2026,74,7,13,206,,,0,0,100,0,0,2649,92,T52B - BBO,17,CABIDE,N,N,SSNN
077705,1,05157,445,0,12 - SEM 49 - 2026,,"12,6171",,A31*C,0,0,T00,TOP CURTO (TOP),,,"15,65",06/12/2026,1,0,AGROLANDIA,AV EDUARDO WILL,500,SAO JOAO,MULTICOLOR,14,07/08/2026,22/11/2026,,1,,,2641,0,,0,80.666.324/0001-00,,MULTICOLOR TEXTIL LTDA.,3,10 LCM,0,OP PRODUÇÃO,0,T010,TOP MC C/ RECORTES,A,7 SEMANAS LEAD TIME DE PRODUÇÃO,04,TINTURARIA,TIN,TIN - TINTURARIA,,,Lib Corte C/ Move testado,,10/01/2027,00/01/1900,085,SEM LICENSA C&A,MULTICOLOR TEXTIL LTDA.,01.14.00.7032A,TOP CURTO / 2025-2-12530,01,S-BLUSA / TOP,S,CECR,CECR - FEIRA SUMMER II 2026 (PROD CS) REPEATS,60,AZUL,2,11,412,0,0,0,0,10/09/2026,30/09/2026,902,PCP/TINTURARIA/CORTE/COSTURA/EXPEDIÇÃO,6,,TINTURARIA,0,PC,LIBERADO PARA PRODUÇÂO,C&A MODAS S.A.,66681,66681,61596,5461,06/12/2026,2649,12 - SEM 49 - 2026,(47) 3534-4078,0,,,30,C&A MODAS,13/10/2026,74,7,13,412,,,0,0,100,0,0,2649,92,T52B - BBO,17,CABIDE,N,N,SSNN
077705,1,05157,445,0,12 - SEM 49 - 2026,,"12,6171",,A31*C,0,0,T00,TOP CURTO (TOP),,,"15,65",06/12/2026,1,0,AGROLANDIA,AV EDUARDO WILL,500,SAO JOAO,MULTICOLOR,14,07/08/2026,22/11/2026,,1,,,2641,0,,0,80.666.324/0001-00,,MULTICOLOR TEXTIL LTDA.,3,10 LCM,0,OP PRODUÇÃO,0,T010,TOP MC C/ RECORTES,A,7 SEMANAS LEAD TIME DE PRODUÇÃO,04,TINTURARIA,TIN,TIN - TINTURARIA,,,Lib Corte C/ Move testado,,10/01/2027,00/01/1900,085,SEM LICENSA C&A,MULTICOLOR TEXTIL LTDA.,01.14.00.7032A,TOP CURTO / 2025-2-12530,01,S-BLUSA / TOP,S,CECR,CECR - FEIRA SUMMER II 2026 (PROD CS) REPEATS,60,AZUL,3,12,618,0,0,0,0,10/09/2026,30/09/2026,902,PCP/TINTURARIA/CORTE/COSTURA/EXPEDIÇÃO,6,,TINTURARIA,0,PC,LIBERADO PARA PRODUÇÂO,C&A MODAS S.A.,66681,66681,61596,5461,06/12/2026,2649,12 - SEM 49 - 2026,(47) 3534-4078,0,,,30,C&A MODAS,13/10/2026,74,7,13,618,,,0,0,100,0,0,2649,92,T52B - BBO,17,CABIDE,N,N,SSNN
077705,1,05157,445,0,12 - SEM 49 - 2026,,"12,6171",,A31*C,0,0,T00,TOP CURTO (TOP),,,"15,65",06/12/2026,1,0,AGROLANDIA,AV EDUARDO WILL,500,SAO JOAO,MULTICOLOR,14,07/08/2026,22/11/2026,,1,,,2641,0,,0,80.666.324/0001-00,,MULTICOLOR TEXTIL LTDA.,3,10 LCM,0,OP PRODUÇÃO,0,T010,TOP MC C/ RECORTES,A,7 SEMANAS LEAD TIME DE PRODUÇÃO,04,TINTURARIA,TIN,TIN - TINTURARIA,,,Lib Corte C/ Move testado,,10/01/2027,00/01/1900,085,SEM LICENSA C&A,MULTICOLOR TEXTIL LTDA.,01.14.00.7032A,TOP CURTO / 2025-2-12530,01,S-BLUSA / TOP,S,CECR,CECR - FEIRA SUMMER II 2026 (PROD CS) REPEATS,60,AZUL,4,13,412,0,0,0,0,10/09/2026,30/09/2026,902,PCP/TINTURARIA/CORTE/COSTURA/EXPEDIÇÃO,6,,TINTURARIA,0,PC,LIBERADO PARA PRODUÇÂO,C&A MODAS S.A.,66681,66681,61596,5461,06/12/2026,2649,12 - SEM 49 - 2026,(47) 3534-4078,0,,,30,C&A MODAS,13/10/2026,74,7,13,412,,,0,0,100,0,0,2649,92,T52B - BBO,17,CABIDE,N,N,SSNN
077705,1,05157,445,0,12 - SEM 49 - 2026,,"12,6171",,A31*C,0,0,T00,TOP CURTO (TOP),,,"15,65",06/12/2026,1,0,AGROLANDIA,AV EDUARDO WILL,500,SAO JOAO,MULTICOLOR,14,07/08/2026,22/11/2026,,1,,,2641,0,,0,80.666.324/0001-00,,MULTICOLOR TEXTIL LTDA.,3,10 LCM,0,OP PRODUÇÃO,0,T010,TOP MC C/ RECORTES,A,7 SEMANAS LEAD TIME DE PRODUÇÃO,04,TINTURARIA,TIN,TIN - TINTURARIA,,,Lib Corte C/ Move testado,,10/01/2027,00/01/1900,085,SEM LICENSA C&A,MULTICOLOR TEXTIL LTDA.,01.14.00.7032A,TOP CURTO / 2025-2-12530,01,S-BLUSA / TOP,S,CECR,CECR - FEIRA SUMMER II 2026 (PROD CS) REPEATS,60,AZUL,5,58,412,0,0,0,0,10/09/2026,30/09/2026,902,PCP/TINTURARIA/CORTE/COSTURA/EXPEDIÇÃO,6,,TINTURARIA,0,PC,LIBERADO PARA PRODUÇÂO,C&A MODAS S.A.,66681,66681,61596,5461,06/12/2026,2649,12 - SEM 49 - 2026,(47) 3534-4078,0,,,30,C&A MODAS,13/10/2026,74,7,13,412,,,0,0,100,0,0,2649,92,T52B - BBO,17,CABIDE,N,N,SSNN
077940,1,05157,445,0,11 - SEM 47 - 2026,,0,,,0,0,B00,SHORTS (BOTTON),,,"24,7",22/11/2026,1,0,AGROLANDIA,AV EDUARDO WILL,500,SAO JOAO,MULTICOLOR,14,27/08/2026,08/11/2026,,1,,,2642,0,,0,80.666.324/0001-00,,MULTICOLOR TEXTIL LTDA.,3,9 lcc,0,OP PRODUÇÃO,0,0,CLASSIFICAR MODELO/FAMILIA,,,04,TINTURARIA,TIN,TIN - TINTURARIA,,,Lib corte,,05/09/2027,00/01/1900,085,SEM LICENSA C&A,MULTICOLOR TEXTIL LTDA.,01.14.00.7267Q1,SHORTS / 2025-2-12525,02,I-SHORTS / BOTTON,S,CWA,CWA - C&A FEIRA WINTER I 2026 (AS E BS),05,AZUL,1,10,185,0,0,0,0,02/09/2026,22/09/2026,902,PCP/TINTURARIA/CORTE/COSTURA/EXPEDIÇÃO,6,,TINTURARIA,0,PC,LIBERADO PARA PRODUÇÂO,C&A MODAS S.A.,111403,111403,61963,5461,22/11/2026,2647,11 - SEM 47 - 2026,(47) 3534-4078,0,,,30,C&A MODAS,29/9/2026,60,-1,21,185,,,0,0,0,0,0,2647,003,T52A - BBO,30,SORTER,N,N,SSNN
077940,1,05157,445,0,11 - SEM 47 - 2026,,0,,,0,0,B00,SHORTS (BOTTON),,,"24,7",22/11/2026,1,0,AGROLANDIA,AV EDUARDO WILL,500,SAO JOAO,MULTICOLOR,14,27/08/2026,08/11/2026,,1,,,2642,0,,0,80.666.324/0001-00,,MULTICOLOR TEXTIL LTDA.,3,9 lcc,0,OP PRODUÇÃO,0,0,CLASSIFICAR MODELO/FAMILIA,,,04,TINTURARIA,TIN,TIN - TINTURARIA,,,Lib corte,,05/09/2027,00/01/1900,085,SEM LICENSA C&A,MULTICOLOR TEXTIL LTDA.,01.14.00.7267Q1,SHORTS / 2025-2-12525,02,I-SHORTS / BOTTON,S,CWA,CWA - C&A FEIRA WINTER I 2026 (AS E BS),05,AZUL,2,11,360,0,0,0,0,02/09/2026,22/09/2026,902,PCP/TINTURARIA/CORTE/COSTURA/EXPEDIÇÃO,6,,TINTURARIA,0,PC,LIBERADO PARA PRODUÇÂO,C&A MODAS S.A.,111403,111403,61963,5461,22/11/2026,2647,11 - SEM 47 - 2026,(47) 3534-4078,0,,,30,C&A MODAS,29/9/2026,60,-1,21,360,,,0,0,0,0,0,2647,003,T52A - BBO,30,SORTER,N,N,SSNN
077940,1,05157,445,0,11 - SEM 47 - 2026,,0,,,0,0,B00,SHORTS (BOTTON),,,"24,7",22/11/2026,1,0,AGROLANDIA,AV EDUARDO WILL,500,SAO JOAO,MULTICOLOR,14,27/08/2026,8/11/2026,,1,,,2642,0,,0,80.666.324/0001-00,,MULTICOLOR TEXTIL LTDA.,3,9 lcc,0,OP PRODUÇÃO,0,0,CLASSIFICAR MODELO/FAMILIA,,,04,TINTURARIA,TIN,TIN - TINTURARIA,,,Lib corte,,05/09/2027,00/01/1900,085,SEM LICENSA C&A,MULTICOLOR TEXTIL LTDA.,01.14.00.7267Q1,SHORTS / 2025-2-12525,02,I-SHORTS / BOTTON,S,CWA,CWA - C&A FEIRA WINTER I 2026 (AS E BS),05,AZUL,3,12,381,0,0,0,0,02/09/2026,22/09/2026,902,PCP/TINTURARIA/CORTE/COSTURA/EXPEDIÇÃO,6,,TINTURARIA,0,PC,LIBERADO PARA PRODUÇÂO,C&A MODAS S.A.,111403,111403,61963,5461,22/11/2026,2647,11 - SEM 47 - 2026,(47) 3534-4078,0,,,30,C&A MODAS,29/9/2026,60,-1,21,381,,,0,0,0,0,0,2647,003,T52A - BBO,30,SORTER,N,N,SSNN
077940,1,05157,445,0,11 - SEM 47 - 2026,,0,,,0,0,B00,SHORTS (BOTTON),,,"24,7",22/11/2026,1,0,AGROLANDIA,AV EDUARDO WILL,500,SAO JOAO,MULTICOLOR,14,27/08/2026,8/11/2026,,1,,,2642,0,,0,80.666.324/0001-00,,MULTICOLOR TEXTIL LTDA.,3,9 lcc,0,OP PRODUÇÃO,0,0,CLASSIFICAR MODELO/FAMILIA,,,04,TINTURARIA,TIN,TIN - TINTURARIA,,,Lib corte,,05/09/2027,00/01/1900,085,SEM LICENSA C&A,MULTICOLOR TEXTIL LTDA.,01.14.00.7267Q1,SHORTS / 2025-2-12525,02,I-SHORTS / BOTTON,S,CWA,CWA - C&A FEIRA WINTER I 2026 (AS E BS),05,AZUL,4,13,340,0,0,0,0,02/09/2026,22/09/2026,902,PCP/TINTURARIA/CORTE/COSTURA/EXPEDIÇÃO,6,,TINTURARIA,0,PC,LIBERADO PARA PRODUÇÂO,C&A MODAS S.A.,111403,111403,61963,5461,22/11/2026,2647,11 - SEM 47 - 2026,(47) 3534-4078,0,,,30,C&A MODAS,29/9/2026,60,-1,21,340,,,0,0,0,0,0,2647,003,T52A - BBO,30,SORTER,N,N,SSNN
077940,1,05157,445,0,11 - SEM 47 - 2026,,0,,,0,0,B00,SHORTS (BOTTON),,,"24,7",22/11/2026,1,0,AGROLANDIA,AV EDUARDO WILL,500,SAO JOAO,MULTICOLOR,14,27/08/2026,8/11/2026,,1,,,2642,0,,0,80.666.324/0001-00,,MULTICOLOR TEXTIL LTDA.,3,9 lcc,0,OP PRODUÇÃO,0,0,CLASSIFICAR MODELO/FAMILIA,,,04,TINTURARIA,TIN,TIN - TINTURARIA,,,Lib corte,,05/09/2027,00/01/1900,085,SEM LICENSA C&A,MULTICOLOR TEXTIL LTDA.,01.14.00.7267Q1,SHORTS / 2025-2-12525,02,I-SHORTS / BOTTON,S,CWA,CWA - C&A FEIRA WINTER I 2026 (AS E BS),05,AZUL,5,58,278,0,0,0,0,02/09/2026,22/09/2026,902,PCP/TINTURARIA/CORTE/COSTURA/EXPEDIÇÃO,6,,TINTURARIA,0,PC,LIBERADO PARA PRODUÇÂO,C&A MODAS S.A.,111403,111403,61963,5461,22/11/2026,2647,11 - SEM 47 - 2026,(47) 3534-4078,0,,,30,C&A MODAS,29/9/2026,60,-1,21,278,,,0,0,0,0,0,2647,003,T52A - BBO,30,SORTER,N,N,SSNN
077941,1,05157,445,0,11 - SEM 46 - 2026,,0,,,0,0,B00,SHORTS (BOTTON),,,"24,7",15/11/2026,1,0,AGROLANDIA,AV EDUARDO WILL,500,SAO JOAO,MULTICOLOR,14,01/09/2026,15/11/2026,,1,,,2642,0,,0,80.666.324/0001-00,,MULTICOLOR TEXTIL LTDA.,3,9 lcc,0,OP PRODUÇÃO,0,0,CLASSIFICAR MODELO/FAMILIA,,,04,TINTURARIA,TIN,TIN - TINTURARIA,,,Lib corte,,05/09/2027,00/01/1900,085,SEM LICENSA C&A,MULTICOLOR TEXTIL LTDA.,01.14.00.7267M1,SHORTS / 2025-2-12525,02,I-SHORTS / BOTTON,S,CWA,CWA - C&A FEIRA WINTER I 2026 (AS E BS),1419,MARROM ESCURO,1,10,206,0,0,0,0,02/09/2026,22/09/2026,902,PCP/TINTURARIA/CORTE/COSTURA/EXPEDIÇÃO,6,,TINTURARIA,0,PC,LIBERADO PARA PRODUÇÂO,C&A MODAS S.A.,111408,111408,61965,5461,15/11/2026,2646,11 - SEM 46 - 2026,(47) 3534-4078,0,,,30,C&A MODAS,6/10/2026,53,-1,21,206,,,0,0,0,0,0,2646,003,T52A - BBO,30,SORTER,N,N,SSNN
077941,1,05157,445,0,11 - SEM 46 - 2026,,0,,,0,0,B00,SHORTS (BOTTON),,,"24,7",15/11/2026,1,0,AGROLANDIA,AV EDUARDO WILL,500,SAO JOAO,MULTICOLOR,14,01/09/2026,15/11/2026,,1,,,2642,0,,0,80.666.324/0001-00,,MULTICOLOR TEXTIL LTDA.,3,9 lcc,0,OP PRODUÇÃO,0,0,CLASSIFICAR MODELO/FAMILIA,,,04,TINTURARIA,TIN,TIN - TINTURARIA,,,Lib corte,,05/09/2027,00/01/1900,085,SEM LICENSA C&A,MULTICOLOR TEXTIL LTDA.,01.14.00.7267M1,SHORTS / 2025-2-12525,02,I-SHORTS / BOTTON,S,CWA,CWA - C&A FEIRA WINTER I 2026 (AS E BS),1419,MARROM ESCURO,2,11,381,0,0,0,0,02/09/2026,22/09/2026,902,PCP/TINTURARIA/CORTE/COSTURA/EXPEDIÇÃO,6,,TINTURARIA,0,PC,LIBERADO PARA PRODUÇÂO,C&A MODAS S.A.,111408,111408,61965,5461,15/11/2026,2646,11 - SEM 46 - 2026,(47) 3534-4078,0,,,30,C&A MODAS,06/10/2026,53,-1,21,381,,,0,0,0,0,0,2646,003,T52A - BBO,30,SORTER,N,N,SSNN
077941,1,05157,445,0,11 - SEM 46 - 2026,,0,,,0,0,B00,SHORTS (BOTTON),,,"24,7",15/11/2026,1,0,AGROLANDIA,AV EDUARDO WILL,500,SAO JOAO,MULTICOLOR,14,01/09/2026,15/11/2026,,1,,,2642,0,,0,80.666.324/0001-00,,MULTICOLOR TEXTIL LTDA.,3,9 lcc,0,OP PRODUÇÃO,0,0,CLASSIFICAR MODELO/FAMILIA,,,04,TINTURARIA,TIN,TIN - TINTURARIA,,,Lib corte,,05/09/2027,00/01/1900,085,SEM LICENSA C&A,MULTICOLOR TEXTIL LTDA.,01.14.00.7267M1,SHORTS / 2025-2-12525,02,I-SHORTS / BOTTON,S,CWA,CWA - C&A FEIRA WINTER I 2026 (AS E BS),1419,MARROM ESCURO,3,12,381,0,0,0,0,02/09/2026,22/09/2026,902,PCP/TINTURARIA/CORTE/COSTURA/EXPEDIÇÃO,6,,TINTURARIA,0,PC,LIBERADO PARA PRODUÇÂO,C&A MODAS S.A.,111408,111408,61965,5461,15/11/2026,2646,11 - SEM 46 - 2026,(47) 3534-4078,0,,,30,C&A MODAS,06/10/2026,53,-1,21,381,,,0,0,0,0,0,2646,003,T52A - BBO,30,SORTER,N,N,SSNN
077941,1,05157,445,0,11 - SEM 46 - 2026,,0,,,0,0,B00,SHORTS (BOTTON),,,"24,7",15/11/2026,1,0,AGROLANDIA,AV EDUARDO WILL,500,SAO JOAO,MULTICOLOR,14,01/09/2026,15/11/2026,,1,,,2642,0,,0,80.666.324/0001-00,,MULTICOLOR TEXTIL LTDA.,3,9 lcc,0,OP PRODUÇÃO,0,0,CLASSIFICAR MODELO/FAMILIA,,,04,TINTURARIA,TIN,TIN - TINTURARIA,,,Lib corte,,05/09/2027,00/01/1900,085,SEM LICENSA C&A,MULTICOLOR TEXTIL LTDA.,01.14.00.7267M1,SHORTS / 2025-2-12525,02,I-SHORTS / BOTTON,S,CWA,CWA - C&A FEIRA WINTER I 2026 (AS E BS),1419,MARROM ESCURO,4,13,309,0,0,0,0,02/09/2026,22/09/2026,902,PCP/TINTURARIA/CORTE/COSTURA/EXPEDIÇÃO,6,,TINTURARIA,0,PC,LIBERADO PARA PRODUÇÂO,C&A MODAS S.A.,111408,111408,61965,5461,15/11/2026,2646,11 - SEM 46 - 2026,(47) 3534-4078,0,,,30,C&A MODAS,06/10/2026,53,-1,21,309,,,0,0,0,0,0,2646,003,T52A - BBO,30,SORTER,N,N,SSNN
077941,1,05157,445,0,11 - SEM 46 - 2026,,0,,,0,0,B00,SHORTS (BOTTON),,,"24,7",15/11/2026,1,0,AGROLANDIA,AV EDUARDO WILL,500,SAO JOAO,MULTICOLOR,14,01/09/2026,15/11/2026,,1,,,2642,0,,0,80.666.324/0001-00,,MULTICOLOR TEXTIL LTDA.,3,9 lcc,0,OP PRODUÇÃO,0,0,CLASSIFICAR MODELO/FAMILIA,,,04,TINTURARIA,TIN,TIN - TINTURARIA,,,Lib corte,,05/09/2027,00/01/1900,085,SEM LICENSA C&A,MULTICOLOR TEXTIL LTDA.,01.14.00.7267M1,SHORTS / 2025-2-12525,02,I-SHORTS / BOTTON,S,CWA,CWA - C&A FEIRA WINTER I 2026 (AS E BS),1419,MARROM ESCURO,5,58,258,0,0,0,0,02/09/2026,22/09/2026,902,PCP/TINTURARIA/CORTE/COSTURA/EXPEDIÇÃO,6,,TINTURARIA,0,PC,LIBERADO PARA PRODUÇÂO,C&A MODAS S.A.,111408,111408,61965,5461,15/11/2026,2646,11 - SEM 46 - 2026,(47) 3534-4078,0,,,30,C&A MODAS,06/10/2026,53,-1,21,258,,,0,0,0,0,0,2646,003,T52A - BBO,30,SORTER,N,N,SSNN
077992,1,05157,445,0,10 - SEM 44 - 2026,20/04,0,,B16,0,0,T00,TOP CURTO (TOP),,10 cores,"12,38",01/11/2026,2,0,AGROLANDIA,AV EDUARDO WILL,500,SAO JOAO,MULTICOLOR,14,24/08/2026,1/11/2026,,1,,,2642,0,,0,80.666.324/0001-00,,MULTICOLOR TEXTIL LTDA.,3,9 lcc,2,OP PROJEÇÃO,0,T001,TOP MC BASICO,A,7 SEMANAS LEAD TIME DE PRODUÇÃO,04,TINTURARIA,TIN,TIN - TINTURARIA,,,Lib corte,,28/03/2027,00/01/1900,058,NICKELODEON C&A,MULTICOLOR TEXTIL LTDA.,01.14.03.0267,TOP CURTO / 2026-2-3556,01,S-BLUSA / TOP,S,CEAR,CEAR - FEIRA SUMMER II 2026 (PROD AS BS) REPEATS,66050,VERDE CLARO,1,10,274,0,0,0,0,28/08/2026,17/09/2026,902,PCP/TINTURARIA/CORTE/COSTURA/EXPEDIÇÃO,6,,TINTURARIA,0,PC,LIBERADO PARA PRODUÇÂO,C&A MODAS S.A.,99001,99001,61637,5461,01/11/2026,2644,10 - SEM 44 - 2026,(47) 3534-4078,0,,,30,C&A MODAS,22/09/2026,39,-6,26,274,,,0,0,100,0,0,2644,003,T52A - BBO,30,SORTER,N,N,SSNN
077992,1,05157,445,0,10 - SEM 44 - 2026,20/04,0,,B16,0,0,T00,TOP CURTO (TOP),,10 cores,"12,38",01/11/2026,2,0,AGROLANDIA,AV EDUARDO WILL,500,SAO JOAO,MULTICOLOR,14,24/08/2026,1/11/2026,,1,,,2642,0,,0,80.666.324/0001-00,,MULTICOLOR TEXTIL LTDA.,3,9 lcc,2,OP PROJEÇÃO,0,T001,TOP MC BASICO,A,7 SEMANAS LEAD TIME DE PRODUÇÃO,04,TINTURARIA,TIN,TIN - TINTURARIA,,,Lib corte,,28/03/2027,00/01/1900,058,NICKELODEON C&A,MULTICOLOR TEXTIL LTDA.,01.14.03.0267,TOP CURTO / 2026-2-3556,01,S-BLUSA / TOP,S,CEAR,CEAR - FEIRA SUMMER II 2026 (PROD AS BS) REPEATS,66050,VERDE CLARO,2,11,848,0,0,0,0,28/08/2026,17/09/2026,902,PCP/TINTURARIA/CORTE/COSTURA/EXPEDIÇÃO,6,,TINTURARIA,0,PC,LIBERADO PARA PRODUÇÂO,C&A MODAS S.A.,99001,99001,61637,5461,01/11/2026,2644,10 - SEM 44 - 2026,(47) 3534-4078,0,,,30,C&A MODAS,22/9/2026,39,-6,26,848,,,0,0,100,0,0,2644,003,T52A - BBO,30,SORTER,N,N,SSNN
077992,1,05157,445,0,10 - SEM 44 - 2026,20/04,0,,B16,0,0,T00,TOP CURTO (TOP),,10 cores,"12,38",01/11/2026,2,0,AGROLANDIA,AV EDUARDO WILL,500,SAO JOAO,MULTICOLOR,14,24/08/2026,1/11/2026,,1,,,2642,0,,0,80.666.324/0001-00,,MULTICOLOR TEXTIL LTDA.,3,9 lcc,2,OP PROJEÇÃO,0,T001,TOP MC BASICO,A,7 SEMANAS LEAD TIME DE PRODUÇÃO,04,TINTURARIA,TIN,TIN - TINTURARIA,,,Lib corte,,28/03/2027,00/01/1900,058,NICKELODEON C&A,MULTICOLOR TEXTIL LTDA.,01.14.03.0267,TOP CURTO / 2026-2-3556,01,S-BLUSA / TOP,S,CEAR,CEAR - FEIRA SUMMER II 2026 (PROD AS BS) REPEATS,66050,VERDE CLARO,3,12,870,0,0,0,0,28/08/2026,17/09/2026,902,PCP/TINTURARIA/CORTE/COSTURA/EXPEDIÇÃO,6,,TINTURARIA,0,PC,LIBERADO PARA PRODUÇÂO,C&A MODAS S.A.,99001,99001,61637,5461,01/11/2026,2644,10 - SEM 44 - 2026,(47) 3534-4078,0,,,30,C&A MODAS,22/9/2026,39,-6,26,870,,,0,0,100,0,0,2644,003,T52A - BBO,30,SORTER,N,N,SSNN
077992,1,05157,445,0,10 - SEM 44 - 2026,20/04,0,,B16,0,0,T00,TOP CURTO (TOP),,10 cores,"12,38",01/11/2026,2,0,AGROLANDIA,AV EDUARDO WILL,500,SAO JOAO,MULTICOLOR,14,24/08/2026,1/11/2026,,1,,,2642,0,,0,80.666.324/0001-00,,MULTICOLOR TEXTIL LTDA.,3,9 lcc,2,OP PROJEÇÃO,0,T001,TOP MC BASICO,A,7 SEMANAS LEAD TIME DE PRODUÇÃO,04,TINTURARIA,TIN,TIN - TINTURARIA,,,Lib corte,,28/03/2027,00/01/1900,058,NICKELODEON C&A,MULTICOLOR TEXTIL LTDA.,01.14.03.0267,TOP CURTO / 2026-2-3556,01,S-BLUSA / TOP,S,CEAR,CEAR - FEIRA SUMMER II 2026 (PROD AS BS) REPEATS,66050,VERDE CLARO,4,13,708,0,0,0,0,28/08/2026,17/09/2026,902,PCP/TINTURARIA/CORTE/COSTURA/EXPEDIÇÃO,6,,TINTURARIA,0,PC,LIBERADO PARA PRODUÇÂO,C&A MODAS S.A.,99001,99001,61637,5461,01/11/2026,2644,10 - SEM 44 - 2026,(47) 3534-4078,0,,,30,C&A MODAS,22/9/2026,39,-6,26,708,,,0,0,100,0,0,2644,003,T52A - BBO,30,SORTER,N,N,SSNN
077992,1,05157,445,0,10 - SEM 44 - 2026,20/04,0,,B16,0,0,T00,TOP CURTO (TOP),,10 cores,"12,38",01/11/2026,2,0,AGROLANDIA,AV EDUARDO WILL,500,SAO JOAO,MULTICOLOR,14,24/08/2026,1/11/2026,,1,,,2642,0,,0,80.666.324/0001-00,,MULTICOLOR TEXTIL LTDA.,3,9 lcc,2,OP PROJEÇÃO,0,T001,TOP MC BASICO,A,7 SEMANAS LEAD TIME DE PRODUÇÃO,04,TINTURARIA,TIN,TIN - TINTURARIA,,,Lib corte,,28/03/2027,00/01/1900,058,NICKELODEON C&A,MULTICOLOR TEXTIL LTDA.,01.14.03.0267,TOP CURTO / 2026-2-3556,01,S-BLUSA / TOP,S,CEAR,CEAR - FEIRA SUMMER II 2026 (PROD AS BS) REPEATS,66050,VERDE CLARO,5,58,390,0,0,0,0,28/08/2026,17/09/2026,902,PCP/TINTURARIA/CORTE/COSTURA/EXPEDIÇÃO,6,,TINTURARIA,0,PC,LIBERADO PARA PRODUÇÂO,C&A MODAS S.A.,99001,99001,61637,5461,01/11/2026,2644,10 - SEM 44 - 2026,(47) 3534-4078,0,,,30,C&A MODAS,22/9/2026,39,-6,26,390,,,0,0,100,0,0,2644,003,T52A - BBO,30,SORTER,N,N,SSNN
078015,1,05045,433,0,11 - SEM 46 - 2026,20/07,0,,B30,0,0,B01,CALÇA (BOTTON),"Rot LANCASTER - 22634-58--- 2 cores PIG R$ 20, processo completo",,"17,4",06/12/2026,0,0,BLUMENAU,R ALBERTO LOBE,130,VELHA CENTRAL,,14,25/08/2026,6/12/2026,,1,,,2642,0,,0,76.541.317/0002-88,,LANCASTER BENEFICIAMENTOS TEXTEIS LTDA,3,9 lcc,0,OP PRODUÇÃO,0,0,CLASSIFICAR MODELO/FAMILIA,,,04,TINTURARIA,TIN,TIN - TINTURARIA,,,Lib corte,,00/01/1900,00/01/1900,149,SEM LICENÇA HERING,LANCASTER BENEFICIAMENTOS TEXTEIS LTDA EM RECUPERACAO JUDICIAL,13.13.00.0622D,CALÇA,04,I-CALÇA / BOTTON,S,HXO,HXO - COLEÇÂO OUTONO 2027 - HERING,2R,2R,1,10,160,0,0,0,0,10/09/2026,30/09/2026,603,PCP/TINTURARIA/ROTATIVO/CORTE/COSTURA/EXPEDIÇÃO,6,,TINTURARIA,0,PC,LIBERADO PARA PRODUÇÂO,CIA. HERING,4507407654,4507407654,62023,5729,06/12/2026,2649,12 - SEM 49 - 2026,(47) 3330-6006,0,,,103,GRUPO SOMA,19/10/2026,74,7,13,160,,,0,0,100,0,0,2646,H04,T58 - HERING BBA,5,CAIXA - LR,N,N,SSNN
078015,1,05045,433,0,11 - SEM 46 - 2026,20/07,0,,B30,0,0,B01,CALÇA (BOTTON),"Rot LANCASTER - 22634-58--- 2 cores PIG R$ 20, processo completo",,"17,4",06/12/2026,0,0,BLUMENAU,R ALBERTO LOBE,130,VELHA CENTRAL,,14,25/08/2026,6/12/2026,,1,,,2642,0,,0,76.541.317/0002-88,,LANCASTER BENEFICIAMENTOS TEXTEIS LTDA,3,9 lcc,0,OP PRODUÇÃO,0,0,CLASSIFICAR MODELO/FAMILIA,,,04,TINTURARIA,TIN,TIN - TINTURARIA,,,Lib corte,,00/01/1900,00/01/1900,149,SEM LICENÇA HERING,LANCASTER BENEFICIAMENTOS TEXTEIS LTDA EM RECUPERACAO JUDICIAL,13.13.00.0622D,CALÇA,04,I-CALÇA / BOTTON,S,HXO,HXO - COLEÇÂO OUTONO 2027 - HERING,2R,2R,2,11,228,0,0,0,0,10/09/2026,30/09/2026,603,PCP/TINTURARIA/ROTATIVO/CORTE/COSTURA/EXPEDIÇÃO,6,,TINTURARIA,0,PC,LIBERADO PARA PRODUÇÂO,CIA. HERING,4507407654,4507407654,62023,5729,06/12/2026,2649,12 - SEM 49 - 2026,(47) 3330-6006,0,,,103,GRUPO SOMA,19/10/2026,74,7,13,228,,,0,0,100,0,0,2646,H04,T58 - HERING BBA,5,CAIXA - LR,N,N,SSNN
078015,1,05045,433,0,11 - SEM 46 - 2026,20/07,0,,B30,0,0,B01,CALÇA (BOTTON),"Rot LANCASTER - 22634-58--- 2 cores PIG R$ 20, processo completo",,"17,4",06/12/2026,0,0,BLUMENAU,R ALBERTO LOBE,130,VELHA CENTRAL,,14,25/08/2026,6/12/2026,,1,,,2642,0,,0,76.541.317/0002-88,,LANCASTER BENEFICIAMENTOS TEXTEIS LTDA,3,9 lcc,0,OP PRODUÇÃO,0,0,CLASSIFICAR MODELO/FAMILIA,,,04,TINTURARIA,TIN,TIN - TINTURARIA,,,Lib corte,,00/01/1900,00/01/1900,149,SEM LICENÇA HERING,LANCASTER BENEFICIAMENTOS TEXTEIS LTDA EM RECUPERACAO JUDICIAL,13.13.00.0622D,CALÇA,04,I-CALÇA / BOTTON,S,HXO,HXO - COLEÇÂO OUTONO 2027 - HERING,2R,2R,3,12,174,0,0,0,0,10/09/2026,30/09/2026,603,PCP/TINTURARIA/ROTATIVO/CORTE/COSTURA/EXPEDIÇÃO,6,,TINTURARIA,0,PC,LIBERADO PARA PRODUÇÂO,CIA. HERING,4507407654,4507407654,62023,5729,06/12/2026,2649,12 - SEM 49 - 2026,(47) 3330-6006,0,,,103,GRUPO SOMA,19/10/2026,74,7,13,174,,,0,0,100,0,0,2646,H04,T58 - HERING BBA,5,CAIXA - LR,N,N,SSNN
078015,1,05045,433,0,11 - SEM 46 - 2026,20/07,0,,B30,0,0,B01,CALÇA (BOTTON),"Rot LANCASTER - 22634-58--- 2 cores PIG R$ 20, processo completo",,"17,4",06/12/2026,0,0,BLUMENAU,R ALBERTO LOBE,130,VELHA CENTRAL,,14,25/08/2026,6/12/2026,,1,,,2642,0,,0,76.541.317/0002-88,,LANCASTER BENEFICIAMENTOS TEXTEIS LTDA,3,9 lcc,0,OP PRODUÇÃO,0,0,CLASSIFICAR MODELO/FAMILIA,,,04,TINTURARIA,TIN,TIN - TINTURARIA,,,Lib corte,,00/01/1900,00/01/1900,149,SEM LICENÇA HERING,LANCASTER BENEFICIAMENTOS TEXTEIS LTDA EM RECUPERACAO JUDICIAL,13.13.00.0622D,CALÇA,04,I-CALÇA / BOTTON,S,HXO,HXO - COLEÇÂO OUTONO 2027 - HERING,2R,2R,4,13,251,0,0,0,0,10/09/2026,30/09/2026,603,PCP/TINTURARIA/ROTATIVO/CORTE/COSTURA/EXPEDIÇÃO,6,,TINTURARIA,0,PC,LIBERADO PARA PRODUÇÂO,CIA. HERING,4507407654,4507407654,62023,5729,06/12/2026,2649,12 - SEM 49 - 2026,(47) 3330-6006,0,,,103,GRUPO SOMA,19/10/2026,74,7,13,251,,,0,0,100,0,0,2646,H04,T58 - HERING BBA,5,CAIXA - LR,N,N,SSNN
078021,1,05045,433,0,11 - SEM 45 - 2026,07/08,0,,B32,0,0,C00,CONJUNTO CURTO (TOP/BOTTON),"Rot LANCASTER - 22634-58---2 cores PIG R$ 20, processo completo",,"22,4",29/11/2026,1,0,BLUMENAU,R ALBERTO LOBE,130,VELHA CENTRAL,,14,25/08/2026,29/11/2026,,1,,,2642,0,,0,76.541.317/0002-88,,LANCASTER BENEFICIAMENTOS TEXTEIS LTDA,3,9 lcc,0,OP PRODUÇÃO,0,0,CLASSIFICAR MODELO/FAMILIA,,,04,TINTURARIA,TIN,TIN - TINTURARIA,,,Lib corte,,00/01/1900,00/01/1900,149,SEM LICENÇA HERING,LANCASTER BENEFICIAMENTOS TEXTEIS LTDA EM RECUPERACAO JUDICIAL,13.13.00.0623C,CONJUNTO CURTO,C6,I-SHORTS CONJUNTO / BOTTON,S,HXO,HXO - COLEÇÂO OUTONO 2027 - HERING,1D,1D,1,10,322,0,0,0,0,10/09/2026,30/09/2026,603,PCP/TINTURARIA/ROTATIVO/CORTE/COSTURA/EXPEDIÇÃO,6,,TINTURARIA,0,PC,LIBERADO PARA PRODUÇÂO,CIA. HERING,4507405484,4507405484,61988,5729,29/11/2026,2648,11 - SEM 48 - 2026,(47) 3330-6006,0,,,103,GRUPO SOMA,12/10/2026,67,7,13,322,,,0,0,100,0,0,2645,H04,T58 - HERING BBA,5,CAIXA - LR,N,N,SSNN
078021,1,05045,433,0,11 - SEM 45 - 2026,07/08,0,,B32,0,0,C00,CONJUNTO CURTO (TOP/BOTTON),"Rot LANCASTER - 22634-58---2 cores PIG R$ 20, processo completo",,"22,4",29/11/2026,1,0,BLUMENAU,R ALBERTO LOBE,130,VELHA CENTRAL,,14,25/08/2026,29/11/2026,,1,,,2642,0,,0,76.541.317/0002-88,,LANCASTER BENEFICIAMENTOS TEXTEIS LTDA,3,9 lcc,0,OP PRODUÇÃO,0,0,CLASSIFICAR MODELO/FAMILIA,,,04,TINTURARIA,TIN,TIN - TINTURARIA,,,Lib corte,,00/01/1900,00/01/1900,149,SEM LICENÇA HERING,LANCASTER BENEFICIAMENTOS TEXTEIS LTDA EM RECUPERACAO JUDICIAL,13.13.00.0623C,CONJUNTO CURTO,C6,I-SHORTS CONJUNTO / BOTTON,S,HXO,HXO - COLEÇÂO OUTONO 2027 - HERING,1D,1D,2,11,266,0,0,0,0,10/09/2026,30/09/2026,603,PCP/TINTURARIA/ROTATIVO/CORTE/COSTURA/EXPEDIÇÃO,6,,TINTURARIA,0,PC,LIBERADO PARA PRODUÇÂO,CIA. HERING,4507405484,4507405484,61988,5729,29/11/2026,2648,11 - SEM 48 - 2026,(47) 3330-6006,0,,,103,GRUPO SOMA,12/10/2026,67,7,13,266,,,0,0,100,0,0,2645,H04,T58 - HERING BBA,5,CAIXA - LR,N,N,SSNN
078021,1,05045,433,0,11 - SEM 45 - 2026,07/08,0,,B32,0,0,C00,CONJUNTO CURTO (TOP/BOTTON),"Rot LANCASTER - 22634-58---2 cores PIG R$ 20, processo completo",,"22,4",29/11/2026,1,0,BLUMENAU,R ALBERTO LOBE,130,VELHA CENTRAL,,14,25/08/2026,29/11/2026,,1,,,2642,0,,0,76.541.317/0002-88,,LANCASTER BENEFICIAMENTOS TEXTEIS LTDA,3,9 lcc,0,OP PRODUÇÃO,0,0,CLASSIFICAR MODELO/FAMILIA,,,04,TINTURARIA,TIN,TIN - TINTURARIA,,,Lib corte,,00/01/1900,00/01/1900,149,SEM LICENÇA HERING,LANCASTER BENEFICIAMENTOS TEXTEIS LTDA EM RECUPERACAO JUDICIAL,13.13.00.0623C,CONJUNTO CURTO,C6,I-SHORTS CONJUNTO / BOTTON,S,HXO,HXO - COLEÇÂO OUTONO 2027 - HERING,1D,1D,3,12,339,0,0,0,0,10/09/2026,30/09/2026,603,PCP/TINTURARIA/ROTATIVO/CORTE/COSTURA/EXPEDIÇÃO,6,,TINTURARIA,0,PC,LIBERADO PARA PRODUÇÂO,CIA. HERING,4507405484,4507405484,61988,5729,29/11/2026,2648,11 - SEM 48 - 2026,(47) 3330-6006,0,,,103,GRUPO SOMA,12/10/2026,67,7,13,339,,,0,0,100,0,0,2645,H04,T58 - HERING BBA,5,CAIXA - LR,N,N,SSNN
078021,1,05045,433,0,11 - SEM 45 - 2026,07/08,0,,B32,0,0,C00,CONJUNTO CURTO (TOP/BOTTON),"Rot LANCASTER - 22634-58---2 cores PIG R$ 20, processo completo",,"22,4",29/11/2026,1,0,BLUMENAU,R ALBERTO LOBE,130,VELHA CENTRAL,,14,25/08/2026,29/11/2026,,1,,,2642,0,,0,76.541.317/0002-88,,LANCASTER BENEFICIAMENTOS TEXTEIS LTDA,3,9 lcc,0,OP PRODUÇÃO,0,0,CLASSIFICAR MODELO/FAMILIA,,,04,TINTURARIA,TIN,TIN - TINTURARIA,,,Lib corte,,00/01/1900,00/01/1900,149,SEM LICENÇA HERING,LANCASTER BENEFICIAMENTOS TEXTEIS LTDA EM RECUPERACAO JUDICIAL,13.13.00.0623C,CONJUNTO CURTO,C6,I-SHORTS CONJUNTO / BOTTON,S,HXO,HXO - COLEÇÂO OUTONO 2027 - HERING,1D,1D,4,13,741,0,0,0,0,10/09/2026,30/09/2026,603,PCP/TINTURARIA/ROTATIVO/CORTE/COSTURA/EXPEDIÇÃO,6,,TINTURARIA,0,PC,LIBERADO PARA PRODUÇÂO,CIA. HERING,4507405484,4507405484,61988,5729,29/11/2026,2648,11 - SEM 48 - 2026,(47) 3330-6006,0,,,103,GRUPO SOMA,12/10/2026,67,7,13,741,,,0,0,100,0,0,2645,H04,T58 - HERING BBA,5,CAIXA - LR,N,N,SSNN
078066,1,05157,445,0,11 - SEM 48 - 2026,,0,,,0,0,C13,KIT SHORTS (BOTTON),"lancast 18350-1 ////// cores tons 16936-3-// custoR$ 18,50 proc",,"32,85",29/11/2026,0,0,AGROLANDIA,AV EDUARDO WILL,500,SAO JOAO,MULTICOLOR,14,31/08/2026,1/11/2026,,1,,,2642,0,,0,80.666.324/0001-00,,MULTICOLOR TEXTIL LTDA.,3,9 lcc,0,OP PRODUÇÃO,0,0,CLASSIFICAR MODELO/FAMILIA,,,04,TINTURARIA,TIN,TIN - TINTURARIA,,,Lib corte,,07/02/2027,00/01/1900,085,SEM LICENSA C&A,MULTICOLOR TEXTIL LTDA.,01.14.00.7490A,KIT SHORTS,C6,I-SHORTS CONJUNTO / BOTTON,S,CXA,CXA - FEIRA SUMMER II 2025 ( PROD. AS E BS),6462,AZUL MARINHO,1,10,268,0,0,0,0,31/08/2026,18/09/2026,902,PCP/TINTURARIA/CORTE/COSTURA/EXPEDIÇÃO,6,,TINTURARIA,0,PC,LIBERADO PARA PRODUÇÂO,C&A MODAS S.A.,109271,109271,62057,5461,29/11/2026,2648,11 - SEM 48 - 2026,(47) 3534-4078,0,,,30,C&A MODAS,22/9/2026,67,-5,23,268,,,0,0,0,0,0,2648,92,T52B - BBO,17,CABIDE,N,N,SSNN
078066,1,05157,445,0,11 - SEM 48 - 2026,,0,,,0,0,C13,KIT SHORTS (BOTTON),"lancast 18350-1 ////// cores tons 16936-3-// custoR$ 18,50 proc",,"32,85",29/11/2026,0,0,AGROLANDIA,AV EDUARDO WILL,500,SAO JOAO,MULTICOLOR,14,31/08/2026,01/11/2026,,1,,,2642,0,,0,80.666.324/0001-00,,MULTICOLOR TEXTIL LTDA.,3,9 lcc,0,OP PRODUÇÃO,0,0,CLASSIFICAR MODELO/FAMILIA,,,04,TINTURARIA,TIN,TIN - TINTURARIA,,,Lib corte,,07/02/2027,00/01/1900,085,SEM LICENSA C&A,MULTICOLOR TEXTIL LTDA.,01.14.00.7490A,KIT SHORTS,C6,I-SHORTS CONJUNTO / BOTTON,S,CXA,CXA - FEIRA SUMMER II 2025 ( PROD. AS E BS),6462,AZUL MARINHO,2,11,536,0,0,0,0,31/08/2026,18/09/2026,902,PCP/TINTURARIA/CORTE/COSTURA/EXPEDIÇÃO,6,,TINTURARIA,0,PC,LIBERADO PARA PRODUÇÂO,C&A MODAS S.A.,109271,109271,62057,5461,29/11/2026,2648,11 - SEM 48 - 2026,(47) 3534-4078,0,,,30,C&A MODAS,22/9/2026,67,-5,23,536,,,0,0,0,0,0,2648,92,T52B - BBO,17,CABIDE,N,N,SSNN
078066,1,05157,445,0,11 - SEM 48 - 2026,,0,,,0,0,C13,KIT SHORTS (BOTTON),"lancast 18350-1 ////// cores tons 16936-3-// custoR$ 18,50 proc",,"32,85",29/11/2026,0,0,AGROLANDIA,AV EDUARDO WILL,500,SAO JOAO,MULTICOLOR,14,31/08/2026,01/11/2026,,1,,,2642,0,,0,80.666.324/0001-00,,MULTICOLOR TEXTIL LTDA.,3,9 lcc,0,OP PRODUÇÃO,0,0,CLASSIFICAR MODELO/FAMILIA,,,04,TINTURARIA,TIN,TIN - TINTURARIA,,,Lib corte,,07/02/2027,00/01/1900,085,SEM LICENSA C&A,MULTICOLOR TEXTIL LTDA.,01.14.00.7490A,KIT SHORTS,C6,I-SHORTS CONJUNTO / BOTTON,S,CXA,CXA - FEIRA SUMMER II 2025 ( PROD. AS E BS),6462,AZUL MARINHO,3,12,803,0,0,0,0,31/08/2026,18/09/2026,902,PCP/TINTURARIA/CORTE/COSTURA/EXPEDIÇÃO,6,,TINTURARIA,0,PC,LIBERADO PARA PRODUÇÂO,C&A MODAS S.A.,109271,109271,62057,5461,29/11/2026,2648,11 - SEM 48 - 2026,(47) 3534-4078,0,,,30,C&A MODAS,22/9/2026,67,-5,23,803,,,0,0,0,0,0,2648,92,T52B - BBO,17,CABIDE,N,N,SSNN
078066,1,05157,445,0,11 - SEM 48 - 2026,,0,,,0,0,C13,KIT SHORTS (BOTTON),"lancast 18350-1 ////// cores tons 16936-3-// custoR$ 18,50 proc",,"32,85",29/11/2026,0,0,AGROLANDIA,AV EDUARDO WILL,500,SAO JOAO,MULTICOLOR,14,31/08/2026,01/11/2026,,1,,,2642,0,,0,80.666.324/0001-00,,MULTICOLOR TEXTIL LTDA.,3,9 lcc,0,OP PRODUÇÃO,0,0,CLASSIFICAR MODELO/FAMILIA,,,04,TINTURARIA,TIN,TIN - TINTURARIA,,,Lib corte,,07/02/2027,00/01/1900,085,SEM LICENSA C&A,MULTICOLOR TEXTIL LTDA.,01.14.00.7490A,KIT SHORTS,C6,I-SHORTS CONJUNTO / BOTTON,S,CXA,CXA - FEIRA SUMMER II 2025 ( PROD. AS E BS),6462,AZUL MARINHO,4,13,536,0,0,0,0,31/08/2026,18/09/2026,902,PCP/TINTURARIA/CORTE/COSTURA/EXPEDIÇÃO,6,,TINTURARIA,0,PC,LIBERADO PARA PRODUÇÂO,C&A MODAS S.A.,109271,109271,62057,5461,29/11/2026,2648,11 - SEM 48 - 2026,(47) 3534-4078,0,,,30,C&A MODAS,22/9/2026,67,-5,23,536,,,0,0,0,0,0,2648,92,T52B - BBO,17,CABIDE,N,N,SSNN
078066,1,05157,445,0,11 - SEM 48 - 2026,,0,,,0,0,C13,KIT SHORTS (BOTTON),"lancast 18350-1 ////// cores tons 16936-3-// custoR$ 18,50 proc",,"32,85",29/11/2026,0,0,AGROLANDIA,AV EDUARDO WILL,500,SAO JOAO,MULTICOLOR,14,31/08/2026,01/11/2026,,1,,,2642,0,,0,80.666.324/0001-00,,MULTICOLOR TEXTIL LTDA.,3,9 lcc,0,OP PRODUÇÃO,0,0,CLASSIFICAR MODELO/FAMILIA,,,04,TINTURARIA,TIN,TIN - TINTURARIA,,,Lib corte,,07/02/2027,00/01/1900,085,SEM LICENSA C&A,MULTICOLOR TEXTIL LTDA.,01.14.00.7490A,KIT SHORTS,C6,I-SHORTS CONJUNTO / BOTTON,S,CXA,CXA - FEIRA SUMMER II 2025 ( PROD. AS E BS),6462,AZUL MARINHO,5,58,536,0,0,0,0,31/08/2026,18/09/2026,902,PCP/TINTURARIA/CORTE/COSTURA/EXPEDIÇÃO,6,,TINTURARIA,0,PC,LIBERADO PARA PRODUÇÂO,C&A MODAS S.A.,109271,109271,62057,5461,29/11/2026,2648,11 - SEM 48 - 2026,(47) 3534-4078,0,,,30,C&A MODAS,22/9/2026,67,-5,23,536,,,0,0,0,0,0,2648,92,T52B - BBO,17,CABIDE,N,N,SSNN
078106,1,05157,445,0,11 - SEM 46 - 2026,03/03,"8,9762",,B07,0,0,T00,TOP CURTO (TOP),PP SAMPLE ENVIADA 26/03,9 cores + 1 glitter,"14,5",15/11/2026,2,0,AGROLANDIA,AV EDUARDO WILL,500,SAO JOAO,MULTICOLOR,14,03/09/2026,15/11/2026,,1,,,2643,0,,0,80.666.324/0001-00,,MULTICOLOR TEXTIL LTDA.,3,9 lcc,0,OP PRODUÇÃO,0,T200,TOP FEM MC BASICO,A,7 SEMANAS LEAD TIME DE PRODUÇÃO,04,TINTURARIA,TIN,TIN - TINTURARIA,,,Lib corte,,14/02/2027,00/01/1900,146,LICENÇAS VARIADAS,MULTICOLOR TEXTIL LTDA.,01.13.42.0520,TOP CURTO / 2026-2-2884,01,S-BLUSA / TOP,S,CEAR,CEAR - FEIRA SUMMER II 2026 (PROD AS BS) REPEATS,02,AMARELO,1,10,125,0,0,0,0,03/09/2026,23/09/2026,902,PCP/TINTURARIA/CORTE/COSTURA/EXPEDIÇÃO,6,GRADE: TAM 1/3/4 - 3X 6X 6X -- TAM 2/5 - 2X 2X,TINTURARIA,0,PC,LIBERADO PARA PRODUÇÂO,C&A MODAS S.A.,92278,92278,61594,5461,15/11/2026,2646,11 - SEM 46 - 2026,(47) 3534-4078,0,,,30,C&A MODAS,6/10/2026,53,0,20,125,,,0,0,100,0,0,2646,005,T58A - BBA,30,SORTER,N,N,SSNN
078106,1,05157,445,0,11 - SEM 46 - 2026,03/03,"8,9762",,B07,0,0,T00,TOP CURTO (TOP),PP SAMPLE ENVIADA 26/03,9 cores + 1 glitter,"14,5",15/11/2026,2,0,AGROLANDIA,AV EDUARDO WILL,500,SAO JOAO,MULTICOLOR,14,03/09/2026,15/11/2026,,1,,,2643,0,,0,80.666.324/0001-00,,MULTICOLOR TEXTIL LTDA.,3,9 lcc,0,OP PRODUÇÃO,0,T200,TOP FEM MC BASICO,A,7 SEMANAS LEAD TIME DE PRODUÇÃO,04,TINTURARIA,TIN,TIN - TINTURARIA,,,Lib corte,,14/02/2027,00/01/1900,146,LICENÇAS VARIADAS,MULTICOLOR TEXTIL LTDA.,01.13.42.0520,TOP CURTO / 2026-2-2884,01,S-BLUSA / TOP,S,CEAR,CEAR - FEIRA SUMMER II 2026 (PROD AS BS) REPEATS,02,AMARELO,2,11,211,0,0,0,0,03/09/2026,23/09/2026,902,PCP/TINTURARIA/CORTE/COSTURA/EXPEDIÇÃO,6,GRADE: TAM 1/3/4 - 3X 6X 6X -- TAM 2/5 - 2X 2X,TINTURARIA,0,PC,LIBERADO PARA PRODUÇÂO,C&A MODAS S.A.,92278,92278,61594,5461,15/11/2026,2646,11 - SEM 46 - 2026,(47) 3534-4078,0,,,30,C&A MODAS,6/10/2026,53,0,20,211,,,0,0,100,0,0,2646,005,T58A - BBA,30,SORTER,N,N,SSNN
078106,1,05157,445,0,11 - SEM 46 - 2026,03/03,"8,9762",,B07,0,0,T00,TOP CURTO (TOP),PP SAMPLE ENVIADA 26/03,9 cores + 1 glitter,"14,5",15/11/2026,2,0,AGROLANDIA,AV EDUARDO WILL,500,SAO JOAO,MULTICOLOR,14,03/09/2026,15/11/2026,,1,,,2643,0,,0,80.666.324/0001-00,,MULTICOLOR TEXTIL LTDA.,3,9 lcc,0,OP PRODUÇÃO,0,T200,TOP FEM MC BASICO,A,7 SEMANAS LEAD TIME DE PRODUÇÃO,04,TINTURARIA,TIN,TIN - TINTURARIA,,,Lib corte,,14/02/2027,00/01/1900,146,LICENÇAS VARIADAS,MULTICOLOR TEXTIL LTDA.,01.13.42.0520,TOP CURTO / 2026-2-2884,01,S-BLUSA / TOP,S,CEAR,CEAR - FEIRA SUMMER II 2026 (PROD AS BS) REPEATS,02,AMARELO,3,12,238,0,0,0,0,03/09/2026,23/09/2026,902,PCP/TINTURARIA/CORTE/COSTURA/EXPEDIÇÃO,6,GRADE: TAM 1/3/4 - 3X 6X 6X -- TAM 2/5 - 2X 2X,TINTURARIA,0,PC,LIBERADO PARA PRODUÇÂO,C&A MODAS S.A.,92278,92278,61594,5461,15/11/2026,2646,11 - SEM 46 - 2026,(47) 3534-4078,0,,,30,C&A MODAS,6/10/2026,53,0,20,238,,,0,0,100,0,0,2646,005,T58A - BBA,30,SORTER,N,N,SSNN
078106,1,05157,445,0,11 - SEM 46 - 2026,03/03,"8,9762",,B07,0,0,T00,TOP CURTO (TOP),PP SAMPLE ENVIADA 26/03,9 cores + 1 glitter,"14,5",15/11/2026,2,0,AGROLANDIA,AV EDUARDO WILL,500,SAO JOAO,MULTICOLOR,14,03/09/2026,15/11/2026,,1,,,2643,0,,0,80.666.324/0001-00,,MULTICOLOR TEXTIL LTDA.,3,9 lcc,0,OP PRODUÇÃO,0,T200,TOP FEM MC BASICO,A,7 SEMANAS LEAD TIME DE PRODUÇÃO,04,TINTURARIA,TIN,TIN - TINTURARIA,,,Lib corte,,14/02/2027,00/01/1900,146,LICENÇAS VARIADAS,MULTICOLOR TEXTIL LTDA.,01.13.42.0520,TOP CURTO / 2026-2-2884,01,S-BLUSA / TOP,S,CEAR,CEAR - FEIRA SUMMER II 2026 (PROD AS BS) REPEATS,02,AMARELO,4,13,235,0,0,0,0,03/09/2026,23/09/2026,902,PCP/TINTURARIA/CORTE/COSTURA/EXPEDIÇÃO,6,GRADE: TAM 1/3/4 - 3X 6X 6X -- TAM 2/5 - 2X 2X,TINTURARIA,0,PC,LIBERADO PARA PRODUÇÂO,C&A MODAS S.A.,92278,92278,61594,5461,15/11/2026,2646,11 - SEM 46 - 2026,(47) 3534-4078,0,,,30,C&A MODAS,06/10/2026,53,0,20,235,,,0,0,100,0,0,2646,005,T58A - BBA,30,SORTER,N,N,SSNN
078106,1,05157,445,0,11 - SEM 46 - 2026,03/03,"8,9762",,B07,0,0,T00,TOP CURTO (TOP),PP SAMPLE ENVIADA 26/03,9 cores + 1 glitter,"14,5",15/11/2026,2,0,AGROLANDIA,AV EDUARDO WILL,500,SAO JOAO,MULTICOLOR,14,03/09/2026,15/11/2026,,1,,,2643,0,,0,80.666.324/0001-00,,MULTICOLOR TEXTIL LTDA.,3,9 lcc,0,OP PRODUÇÃO,0,T200,TOP FEM MC BASICO,A,7 SEMANAS LEAD TIME DE PRODUÇÃO,04,TINTURARIA,TIN,TIN - TINTURARIA,,,Lib corte,,14/02/2027,00/01/1900,146,LICENÇAS VARIADAS,MULTICOLOR TEXTIL LTDA.,01.13.42.0520,TOP CURTO / 2026-2-2884,01,S-BLUSA / TOP,S,CEAR,CEAR - FEIRA SUMMER II 2026 (PROD AS BS) REPEATS,02,AMARELO,5,58,222,0,0,0,0,03/09/2026,23/09/2026,902,PCP/TINTURARIA/CORTE/COSTURA/EXPEDIÇÃO,6,GRADE: TAM 1/3/4 - 3X 6X 6X -- TAM 2/5 - 2X 2X,TINTURARIA,0,PC,LIBERADO PARA PRODUÇÂO,C&A MODAS S.A.,92278,92278,61594,5461,15/11/2026,2646,11 - SEM 46 - 2026,(47) 3534-4078,0,,,30,C&A MODAS,06/10/2026,53,0,20,222,,,0,0,100,0,0,2646,005,T58A - BBA,30,SORTER,N,N,SSNN
077442,1,834,,0,11 - SEM 48 - 2026,08/07,0,,B27,0,0,T00,TOP CURTO (TOP),TESTE CO D IVANIR (CABEÇOTE TAM 4 - problema tensionado),,"17,45",29/11/2026,1,0,GASPAR,AVENIDA DEPUTADO FRANCISCO MASTELLA,3955,SETE DE SETEMBRO,,1,13/07/2026,04/10/2026,,1,,,2636,0,,0,00.577.158/0001-29,,,6,9 lcc,2,OP PROJEÇÃO,0,T040,TOP MC C/ BOLSO,B,8 SEMANAS,0097,GERAL,TIN,TIN - TINTURARIA,,,Lib corte,,11/04/2027,00/01/1900,085,SEM LICENSA C&A,CONFECCOES ONEDA LTDA,01.16.00.7849A,TOP CURTO / 2026-2-9557,01,S-BLUSA / TOP,S,CEIN,CEIN - FEIRA SUMMER II 2026 (PROD AS BS) INCLUSÃO NEGOCIADO,1457,AZUL MEDIO,4,13,344,0,0,0,0,22/09/2026,23/09/2026,902,PCP/TINTURARIA/CORTE/COSTURA/EXPEDIÇÃO,12,,LAB-APROVAÇÃO LOTE TINTURARIA,0,PC,LIBERADO PARA PRODUÇÂO,C&A MODAS S.A.,98984,98984,61662,5461,29/11/2026,2648,11 - SEM 48 - 2026,(47) 3332-5004,0,,,30,C&A MODAS,26/08/2026,67,0,1,344,,,0,0,100,0,0,2648,007,T54A - PALOMINO,17,CABIDE,N,N,SSNN
077442,1,834,,0,11 - SEM 48 - 2026,08/07,0,,B27,0,0,T00,TOP CURTO (TOP),TESTE CO D IVANIR (CABEÇOTE TAM 4 - problema tensionado),,"17,45",29/11/2026,1,0,GASPAR,AVENIDA DEPUTADO FRANCISCO MASTELLA,3955,SETE DE SETEMBRO,,1,13/07/2026,4/10/2026,,1,,,2636,0,,0,00.577.158/0001-29,,,6,9 lcc,2,OP PROJEÇÃO,0,T040,TOP MC C/ BOLSO,B,8 SEMANAS,0097,GERAL,TIN,TIN - TINTURARIA,,,Lib corte,,11/04/2027,00/01/1900,085,SEM LICENSA C&A,CONFECCOES ONEDA LTDA,01.16.00.7849A,TOP CURTO / 2026-2-9557,01,S-BLUSA / TOP,S,CEIN,CEIN - FEIRA SUMMER II 2026 (PROD AS BS) INCLUSÃO NEGOCIADO,1457,AZUL MEDIO,6,14,688,0,0,0,0,22/09/2026,23/09/2026,902,PCP/TINTURARIA/CORTE/COSTURA/EXPEDIÇÃO,12,,LAB-APROVAÇÃO LOTE TINTURARIA,0,PC,LIBERADO PARA PRODUÇÂO,C&A MODAS S.A.,98984,98984,61662,5461,29/11/2026,2648,11 - SEM 48 - 2026,(47) 3332-5004,0,,,30,C&A MODAS,26/08/2026,67,0,1,688,,,0,0,100,0,0,2648,007,T54A - PALOMINO,17,CABIDE,N,N,SSNN
077442,1,834,,0,11 - SEM 48 - 2026,08/07,0,,B27,0,0,T00,TOP CURTO (TOP),TESTE CO D IVANIR (CABEÇOTE TAM 4 - problema tensionado),,"17,45",29/11/2026,1,0,GASPAR,AVENIDA DEPUTADO FRANCISCO MASTELLA,3955,SETE DE SETEMBRO,,1,13/07/2026,4/10/2026,,1,,,2636,0,,0,00.577.158/0001-29,,,6,9 lcc,2,OP PROJEÇÃO,0,T040,TOP MC C/ BOLSO,B,8 SEMANAS,0097,GERAL,TIN,TIN - TINTURARIA,,,Lib corte,,11/04/2027,00/01/1900,085,SEM LICENSA C&A,CONFECCOES ONEDA LTDA,01.16.00.7849A,TOP CURTO / 2026-2-9557,01,S-BLUSA / TOP,S,CEIN,CEIN - FEIRA SUMMER II 2026 (PROD AS BS) INCLUSÃO NEGOCIADO,1457,AZUL MEDIO,8,15,688,0,0,0,0,22/09/2026,23/09/2026,902,PCP/TINTURARIA/CORTE/COSTURA/EXPEDIÇÃO,12,,LAB-APROVAÇÃO LOTE TINTURARIA,0,PC,LIBERADO PARA PRODUÇÂO,C&A MODAS S.A.,98984,98984,61662,5461,29/11/2026,2648,11 - SEM 48 - 2026,(47) 3332-5004,0,,,30,C&A MODAS,26/08/2026,67,0,1,688,,,0,0,100,0,0,2648,007,T54A - PALOMINO,17,CABIDE,N,N,SSNN
077442,1,834,,0,11 - SEM 48 - 2026,08/07,0,,B27,0,0,T00,TOP CURTO (TOP),TESTE CO D IVANIR (CABEÇOTE TAM 4 - problema tensionado),,"17,45",29/11/2026,1,0,GASPAR,AVENIDA DEPUTADO FRANCISCO MASTELLA,3955,SETE DE SETEMBRO,,1,13/07/2026,4/10/2026,,1,,,2636,0,,0,00.577.158/0001-29,,,6,9 lcc,2,OP PROJEÇÃO,0,T040,TOP MC C/ BOLSO,B,8 SEMANAS,0097,GERAL,TIN,TIN - TINTURARIA,,,Lib corte,,11/04/2027,00/01/1900,085,SEM LICENSA C&A,CONFECCOES ONEDA LTDA,01.16.00.7849A,TOP CURTO / 2026-2-9557,01,S-BLUSA / TOP,S,CEIN,CEIN - FEIRA SUMMER II 2026 (PROD AS BS) INCLUSÃO NEGOCIADO,1457,AZUL MEDIO,10,16,688,0,0,0,0,22/09/2026,23/09/2026,902,PCP/TINTURARIA/CORTE/COSTURA/EXPEDIÇÃO,12,,LAB-APROVAÇÃO LOTE TINTURARIA,0,PC,LIBERADO PARA PRODUÇÂO,C&A MODAS S.A.,98984,98984,61662,5461,29/11/2026,2648,11 - SEM 48 - 2026,(47) 3332-5004,0,,,30,C&A MODAS,26/08/2026,67,0,1,688,,,0,0,100,0,0,2648,007,T54A - PALOMINO,17,CABIDE,N,N,SSNN
077442,1,834,,0,11 - SEM 48 - 2026,08/07,0,,B27,0,0,T00,TOP CURTO (TOP),TESTE CO D IVANIR (CABEÇOTE TAM 4 - problema tensionado),,"17,45",29/11/2026,1,0,GASPAR,AVENIDA DEPUTADO FRANCISCO MASTELLA,3955,SETE DE SETEMBRO,,1,13/07/2026,4/10/2026,,1,,,2636,0,,0,00.577.158/0001-29,,,6,9 lcc,2,OP PROJEÇÃO,0,T040,TOP MC C/ BOLSO,B,8 SEMANAS,0097,GERAL,TIN,TIN - TINTURARIA,,,Lib corte,,11/04/2027,00/01/1900,085,SEM LICENSA C&A,CONFECCOES ONEDA LTDA,01.16.00.7849A,TOP CURTO / 2026-2-9557,01,S-BLUSA / TOP,S,CEIN,CEIN - FEIRA SUMMER II 2026 (PROD AS BS) INCLUSÃO NEGOCIADO,1457,AZUL MEDIO,12,17,688,0,0,0,0,22/09/2026,23/09/2026,902,PCP/TINTURARIA/CORTE/COSTURA/EXPEDIÇÃO,12,,LAB-APROVAÇÃO LOTE TINTURARIA,0,PC,LIBERADO PARA PRODUÇÂO,C&A MODAS S.A.,98984,98984,61662,5461,29/11/2026,2648,11 - SEM 48 - 2026,(47) 3332-5004,0,,,30,C&A MODAS,26/08/2026,67,0,1,688,,,0,0,100,0,0,2648,007,T54A - PALOMINO,17,CABIDE,N,N,SSNN
077718,1,834,,0,10 - SEM 44 - 2026,10/12,"21,1717",,(ASQ4),0,0,B00,SHORTS (BOTTON),,"R$147,06/milheiro","24,7",01/11/2026,1,0,GASPAR,AVENIDA DEPUTADO FRANCISCO MASTELLA,3955,SETE DE SETEMBRO,,1,10/08/2026,1/11/2026,,1,,,2640,0,,0,00.577.158/0001-29,,,6,9 lcc,0,OP PRODUÇÃO,0,0,CLASSIFICAR MODELO/FAMILIA,,,0097,GERAL,TIN,TIN - TINTURARIA,,,Lib corte,,05/09/2027,00/01/1900,085,SEM LICENSA C&A,CONFECCOES ONEDA LTDA,01.14.00.7267Q,SHORTS / 2025-2-12525,02,I-SHORTS / BOTTON,S,CEAR,CEAR - FEIRA SUMMER II 2026 (PROD AS BS) REPEATS,656,AZUL,1,10,227,0,0,0,0,11/09/2026,14/09/2026,902,PCP/TINTURARIA/CORTE/COSTURA/EXPEDIÇÃO,12,,LAB-APROVAÇÃO LOTE TINTURARIA,0,PC,LIBERADO PARA PRODUÇÂO,C&A MODAS S.A.,107566,107566,61874,5461,01/11/2026,2644,10 - SEM 44 - 2026,(47) 3332-5004,0,,,30,C&A MODAS,23/09/2026,39,-9,12,227,,,0,0,100,0,0,2644,003,T52A - BBO,30,SORTER,N,N,SSNN
077718,1,834,,0,10 - SEM 44 - 2026,10/12,"21,1717",,(ASQ4),0,0,B00,SHORTS (BOTTON),,"R$147,06/milheiro","24,7",01/11/2026,1,0,GASPAR,AVENIDA DEPUTADO FRANCISCO MASTELLA,3955,SETE DE SETEMBRO,,1,10/08/2026,1/11/2026,,1,,,2640,0,,0,00.577.158/0001-29,,,6,9 lcc,0,OP PRODUÇÃO,0,0,CLASSIFICAR MODELO/FAMILIA,,,0097,GERAL,TIN,TIN - TINTURARIA,,,Lib corte,,05/09/2027,00/01/1900,085,SEM LICENSA C&A,CONFECCOES ONEDA LTDA,01.14.00.7267Q,SHORTS / 2025-2-12525,02,I-SHORTS / BOTTON,S,CEAR,CEAR - FEIRA SUMMER II 2026 (PROD AS BS) REPEATS,656,AZUL,2,11,381,0,0,0,0,11/09/2026,14/09/2026,902,PCP/TINTURARIA/CORTE/COSTURA/EXPEDIÇÃO,12,,LAB-APROVAÇÃO LOTE TINTURARIA,0,PC,LIBERADO PARA PRODUÇÂO,C&A MODAS S.A.,107566,107566,61874,5461,01/11/2026,2644,10 - SEM 44 - 2026,(47) 3332-5004,0,,,30,C&A MODAS,23/9/2026,39,-9,12,381,,,0,0,100,0,0,2644,003,T52A - BBO,30,SORTER,N,N,SSNN
077718,1,834,,0,10 - SEM 44 - 2026,10/12,"21,1717",,(ASQ4),0,0,B00,SHORTS (BOTTON),,"R$147,06/milheiro","24,7",01/11/2026,1,0,GASPAR,AVENIDA DEPUTADO FRANCISCO MASTELLA,3955,SETE DE SETEMBRO,,1,10/08/2026,1/11/2026,,1,,,2640,0,,0,00.577.158/0001-29,,,6,9 lcc,0,OP PRODUÇÃO,0,0,CLASSIFICAR MODELO/FAMILIA,,,0097,GERAL,TIN,TIN - TINTURARIA,,,Lib corte,,05/09/2027,00/01/1900,085,SEM LICENSA C&A,CONFECCOES ONEDA LTDA,01.14.00.7267Q,SHORTS / 2025-2-12525,02,I-SHORTS / BOTTON,S,CEAR,CEAR - FEIRA SUMMER II 2026 (PROD AS BS) REPEATS,656,AZUL,3,12,402,0,0,0,0,11/09/2026,14/09/2026,902,PCP/TINTURARIA/CORTE/COSTURA/EXPEDIÇÃO,12,,LAB-APROVAÇÃO LOTE TINTURARIA,0,PC,LIBERADO PARA PRODUÇÂO,C&A MODAS S.A.,107566,107566,61874,5461,01/11/2026,2644,10 - SEM 44 - 2026,(47) 3332-5004,0,,,30,C&A MODAS,23/9/2026,39,-9,12,402,,,0,0,100,0,0,2644,003,T52A - BBO,30,SORTER,N,N,SSNN
077718,1,834,,0,10 - SEM 44 - 2026,10/12,"21,1717",,(ASQ4),0,0,B00,SHORTS (BOTTON),,"R$147,06/milheiro","24,7",01/11/2026,1,0,GASPAR,AVENIDA DEPUTADO FRANCISCO MASTELLA,3955,SETE DE SETEMBRO,,1,10/08/2026,1/11/2026,,1,,,2640,0,,0,00.577.158/0001-29,,,6,9 lcc,0,OP PRODUÇÃO,0,0,CLASSIFICAR MODELO/FAMILIA,,,0097,GERAL,TIN,TIN - TINTURARIA,,,Lib corte,,05/09/2027,00/01/1900,085,SEM LICENSA C&A,CONFECCOES ONEDA LTDA,01.14.00.7267Q,SHORTS / 2025-2-12525,02,I-SHORTS / BOTTON,S,CEAR,CEAR - FEIRA SUMMER II 2026 (PROD AS BS) REPEATS,656,AZUL,4,13,371,0,0,0,0,11/09/2026,14/09/2026,902,PCP/TINTURARIA/CORTE/COSTURA/EXPEDIÇÃO,12,,LAB-APROVAÇÃO LOTE TINTURARIA,0,PC,LIBERADO PARA PRODUÇÂO,C&A MODAS S.A.,107566,107566,61874,5461,01/11/2026,2644,10 - SEM 44 - 2026,(47) 3332-5004,0,,,30,C&A MODAS,23/9/2026,39,-9,12,371,,,0,0,100,0,0,2644,003,T52A - BBO,30,SORTER,N,N,SSNN
077718,1,834,,0,10 - SEM 44 - 2026,10/12,"21,1717",,(ASQ4),0,0,B00,SHORTS (BOTTON),,"R$147,06/milheiro","24,7",01/11/2026,1,0,GASPAR,AVENIDA DEPUTADO FRANCISCO MASTELLA,3955,SETE DE SETEMBRO,,1,10/08/2026,1/11/2026,,1,,,2640,0,,0,00.577.158/0001-29,,,6,9 lcc,0,OP PRODUÇÃO,0,0,CLASSIFICAR MODELO/FAMILIA,,,0097,GERAL,TIN,TIN - TINTURARIA,,,Lib corte,,05/09/2027,00/01/1900,085,SEM LICENSA C&A,CONFECCOES ONEDA LTDA,01.14.00.7267Q,SHORTS / 2025-2-12525,02,I-SHORTS / BOTTON,S,CEAR,CEAR - FEIRA SUMMER II 2026 (PROD AS BS) REPEATS,656,AZUL,5,58,299,0,0,0,0,11/09/2026,14/09/2026,902,PCP/TINTURARIA/CORTE/COSTURA/EXPEDIÇÃO,12,,LAB-APROVAÇÃO LOTE TINTURARIA,0,PC,LIBERADO PARA PRODUÇÂO,C&A MODAS S.A.,107566,107566,61874,5461,01/11/2026,2644,10 - SEM 44 - 2026,(47) 3332-5004,0,,,30,C&A MODAS,23/9/2026,39,-9,12,299,,,0,0,100,0,0,2644,003,T52A - BBO,30,SORTER,N,N,SSNN
078035,1,834,,0,11 - SEM 46 - 2026,28/08,0,,B35,0,0,T23,TOP REGATA POLIÉSTER (TOP),,,23,13/12/2026,2,0,GASPAR,AVENIDA DEPUTADO FRANCISCO MASTELLA,3955,SETE DE SETEMBRO,,1,26/08/2026,15/11/2026,,1,,,2642,0,,0,00.577.158/0001-29,,,6,9 lcc,0,OP PRODUÇÃO,0,0,CLASSIFICAR MODELO/FAMILIA,,,0097,GERAL,TIN,TIN - TINTURARIA,,,Lib corte,,00/01/1900,00/01/1900,087,DISNEY RENNER,CONFECCOES ONEDA LTDA,02.14.01.0326,TOP REGATA POLIESTER / LCO_SS27_CMC_0007,01,S-BLUSA / TOP,S,RR6,RR6 - RENNER VERÃO 27,ON1059,AMPARO BLUE 100% PES,2,11,1726,0,0,0,0,23/09/2026,24/09/2026,702,PCP/TINTURARIA/CORTE/COSTURA/EXPEDIÇÃO,12,,LAB-APROVAÇÃO LOTE TINTURARIA,0,PC,LIBERADO PARA PRODUÇÂO,LOJAS RENNER S.A.,6153036,6153036,61914,4707,13/12/2026,2650,12 - SEM 50 - 2026,(47) 3332-5004,0,,,104,RENNER,05/10/2026,81,1,0,1726,,,0,0,0,0,0,2646,R8,LICENSE MENINO RENNER,17,CABIDE,N,N,SSNN
078035,1,834,,0,11 - SEM 46 - 2026,28/08,0,,B35,0,0,T23,TOP REGATA POLIÉSTER (TOP),,,23,13/12/2026,2,0,GASPAR,AVENIDA DEPUTADO FRANCISCO MASTELLA,3955,SETE DE SETEMBRO,,1,26/08/2026,15/11/2026,,1,,,2642,0,,0,00.577.158/0001-29,,,6,9 lcc,0,OP PRODUÇÃO,0,0,CLASSIFICAR MODELO/FAMILIA,,,0097,GERAL,TIN,TIN - TINTURARIA,,,Lib corte,,00/01/1900,00/01/1900,087,DISNEY RENNER,CONFECCOES ONEDA LTDA,02.14.01.0326,TOP REGATA POLIESTER / LCO_SS27_CMC_0007,01,S-BLUSA / TOP,S,RR6,RR6 - RENNER VERÃO 27,ON1059,AMPARO BLUE 100% PES,3,12,1934,0,0,0,0,23/09/2026,24/09/2026,702,PCP/TINTURARIA/CORTE/COSTURA/EXPEDIÇÃO,12,,LAB-APROVAÇÃO LOTE TINTURARIA,0,PC,LIBERADO PARA PRODUÇÂO,LOJAS RENNER S.A.,6153036,6153036,61914,4707,13/12/2026,2650,12 - SEM 50 - 2026,(47) 3332-5004,0,,,104,RENNER,05/10/2026,81,1,0,1934,,,0,0,0,0,0,2646,R8,LICENSE MENINO RENNER,17,CABIDE,N,N,SSNN
078035,1,834,,0,11 - SEM 46 - 2026,28/08,0,,B35,0,0,T23,TOP REGATA POLIÉSTER (TOP),,,23,13/12/2026,2,0,GASPAR,AVENIDA DEPUTADO FRANCISCO MASTELLA,3955,SETE DE SETEMBRO,,1,26/08/2026,15/11/2026,,1,,,2642,0,,0,00.577.158/0001-29,,,6,9 lcc,0,OP PRODUÇÃO,0,0,CLASSIFICAR MODELO/FAMILIA,,,0097,GERAL,TIN,TIN - TINTURARIA,,,Lib corte,,00/01/1900,00/01/1900,087,DISNEY RENNER,CONFECCOES ONEDA LTDA,02.14.01.0326,TOP REGATA POLIESTER / LCO_SS27_CMC_0007,01,S-BLUSA / TOP,S,RR6,RR6 - RENNER VERÃO 27,ON1059,AMPARO BLUE 100% PES,4,13,1373,0,0,0,0,23/09/2026,24/09/2026,702,PCP/TINTURARIA/CORTE/COSTURA/EXPEDIÇÃO,12,,LAB-APROVAÇÃO LOTE TINTURARIA,0,PC,LIBERADO PARA PRODUÇÂO,LOJAS RENNER S.A.,6153036,6153036,61914,4707,13/12/2026,2650,12 - SEM 50 - 2026,(47) 3332-5004,0,,,104,RENNER,05/10/2026,81,1,0,1373,,,0,0,0,0,0,2646,R8,LICENSE MENINO RENNER,17,CABIDE,N,N,SSNN
078035,1,834,,0,11 - SEM 46 - 2026,28/08,0,,B35,0,0,T23,TOP REGATA POLIÉSTER (TOP),,,23,13/12/2026,2,0,GASPAR,AVENIDA DEPUTADO FRANCISCO MASTELLA,3955,SETE DE SETEMBRO,,1,26/08/2026,15/11/2026,,1,,,2642,0,,0,00.577.158/0001-29,,,6,9 lcc,0,OP PRODUÇÃO,0,0,CLASSIFICAR MODELO/FAMILIA,,,0097,GERAL,TIN,TIN - TINTURARIA,,,Lib corte,,00/01/1900,00/01/1900,087,DISNEY RENNER,CONFECCOES ONEDA LTDA,02.14.01.0326,TOP REGATA POLIESTER / LCO_SS27_CMC_0007,01,S-BLUSA / TOP,S,RR6,RR6 - RENNER VERÃO 27,ON1059,AMPARO BLUE 100% PES,5-6,52,1206,0,0,0,0,23/09/2026,24/09/2026,702,PCP/TINTURARIA/CORTE/COSTURA/EXPEDIÇÃO,12,,LAB-APROVAÇÃO LOTE TINTURARIA,0,PC,LIBERADO PARA PRODUÇÂO,LOJAS RENNER S.A.,6153036,6153036,61914,4707,13/12/2026,2650,12 - SEM 50 - 2026,(47) 3332-5004,0,,,104,RENNER,05/10/2026,81,1,0,1206,,,0,0,0,0,0,2646,R8,LICENSE MENINO RENNER,17,CABIDE,N,N,SSNN
078049,3,834,,0,10 - SEM 44 - 2026,14/02,"9,4562",,Y06,0,0,T00,TOP CURTO (TOP),PP SAMPLE ENVIADA 12/02,,"15,8",01/11/2026,2,0,GASPAR,AVENIDA DEPUTADO FRANCISCO MASTELLA,3955,SETE DE SETEMBRO,,1,28/08/2026,18/10/2026,,1,25,AGUAR. CONFERENCIA CORTE,2642,0,,0,00.577.158/0001-29,,,6,9 lcc,0,OP PRODUÇÃO,0,0,CLASSIFICAR MODELO/FAMILIA,,,0097,GERAL,TIN,TIN - TINTURARIA,,,Lib corte,,03/05/2026,00/01/1900,086,DISNEY C&A,CONFECCOES ONEDA LTDA,01.14.01.2972,TOP CURTO / BOBS-01.14.01.2555,01,S-BLUSA / TOP,S,C7AR,C7AR - FEIRA WINTER I 2025 ( PROD. AS BS) REPEATS INCLUSOS,12538,VERMELHO ESCURO,1,10,153,0,0,0,0,22/09/2026,23/09/2026,902,PCP/TINTURARIA/CORTE/COSTURA/EXPEDIÇÃO,12,,LAB-APROVAÇÃO LOTE TINTURARIA,0,PC,LIBERADO PARA PRODUÇÂO,C&A MODAS S.A.,109276,109276,62056,5461,01/11/2026,2644,10 - SEM 44 - 2026,(47) 3332-5004,0,,,30,C&A MODAS,09/09/2026,39,0,1,153,,,0,0,100,0,0,2644,003,T52A - BBO,30,SORTER,N,N,SSNN
078049,3,834,,0,10 - SEM 44 - 2026,14/02,"9,4562",,Y06,0,0,T00,TOP CURTO (TOP),PP SAMPLE ENVIADA 12/02,,"15,8",01/11/2026,2,0,GASPAR,AVENIDA DEPUTADO FRANCISCO MASTELLA,3955,SETE DE SETEMBRO,,1,28/08/2026,18/10/2026,,1,25,AGUAR. CONFERENCIA CORTE,2642,0,,0,00.577.158/0001-29,,,6,9 lcc,0,OP PRODUÇÃO,0,0,CLASSIFICAR MODELO/FAMILIA,,,0097,GERAL,TIN,TIN - TINTURARIA,,,Lib corte,,03/05/2026,00/01/1900,086,DISNEY C&A,CONFECCOES ONEDA LTDA,01.14.01.2972,TOP CURTO / BOBS-01.14.01.2555,01,S-BLUSA / TOP,S,C7AR,C7AR - FEIRA WINTER I 2025 ( PROD. AS BS) REPEATS INCLUSOS,12538,VERMELHO ESCURO,2,11,297,0,0,0,0,22/09/2026,23/09/2026,902,PCP/TINTURARIA/CORTE/COSTURA/EXPEDIÇÃO,12,,LAB-APROVAÇÃO LOTE TINTURARIA,0,PC,LIBERADO PARA PRODUÇÂO,C&A MODAS S.A.,109276,109276,62056,5461,01/11/2026,2644,10 - SEM 44 - 2026,(47) 3332-5004,0,,,30,C&A MODAS,09/09/2026,39,0,1,297,,,0,0,100,0,0,2644,003,T52A - BBO,30,SORTER,N,N,SSNN
078049,3,834,,0,10 - SEM 44 - 2026,14/02,"9,4562",,Y06,0,0,T00,TOP CURTO (TOP),PP SAMPLE ENVIADA 12/02,,"15,8",01/11/2026,2,0,GASPAR,AVENIDA DEPUTADO FRANCISCO MASTELLA,3955,SETE DE SETEMBRO,,1,28/08/2026,18/10/2026,,1,25,AGUAR. CONFERENCIA CORTE,2642,0,,0,00.577.158/0001-29,,,6,9 lcc,0,OP PRODUÇÃO,0,0,CLASSIFICAR MODELO/FAMILIA,,,0097,GERAL,TIN,TIN - TINTURARIA,,,Lib corte,,03/05/2026,00/01/1900,086,DISNEY C&A,CONFECCOES ONEDA LTDA,01.14.01.2972,TOP CURTO / BOBS-01.14.01.2555,01,S-BLUSA / TOP,S,C7AR,C7AR - FEIRA WINTER I 2025 ( PROD. AS BS) REPEATS INCLUSOS,12538,VERMELHO ESCURO,3,12,470,0,0,0,0,22/09/2026,23/09/2026,902,PCP/TINTURARIA/CORTE/COSTURA/EXPEDIÇÃO,12,,LAB-APROVAÇÃO LOTE TINTURARIA,0,PC,LIBERADO PARA PRODUÇÂO,C&A MODAS S.A.,109276,109276,62056,5461,01/11/2026,2644,10 - SEM 44 - 2026,(47) 3332-5004,0,,,30,C&A MODAS,09/09/2026,39,0,1,470,,,0,0,100,0,0,2644,003,T52A - BBO,30,SORTER,N,N,SSNN
078049,3,834,,0,10 - SEM 44 - 2026,14/02,"9,4562",,Y06,0,0,T00,TOP CURTO (TOP),PP SAMPLE ENVIADA 12/02,,"15,8",01/11/2026,2,0,GASPAR,AVENIDA DEPUTADO FRANCISCO MASTELLA,3955,SETE DE SETEMBRO,,1,28/08/2026,18/10/2026,,1,25,AGUAR. CONFERENCIA CORTE,2642,0,,0,00.577.158/0001-29,,,6,9 lcc,0,OP PRODUÇÃO,0,0,CLASSIFICAR MODELO/FAMILIA,,,0097,GERAL,TIN,TIN - TINTURARIA,,,Lib corte,,03/05/2026,00/01/1900,086,DISNEY C&A,CONFECCOES ONEDA LTDA,01.14.01.2972,TOP CURTO / BOBS-01.14.01.2555,01,S-BLUSA / TOP,S,C7AR,C7AR - FEIRA WINTER I 2025 ( PROD. AS BS) REPEATS INCLUSOS,12538,VERMELHO ESCURO,4,13,383,0,0,0,0,22/09/2026,23/09/2026,902,PCP/TINTURARIA/CORTE/COSTURA/EXPEDIÇÃO,12,,LAB-APROVAÇÃO LOTE TINTURARIA,0,PC,LIBERADO PARA PRODUÇÂO,C&A MODAS S.A.,109276,109276,62056,5461,01/11/2026,2644,10 - SEM 44 - 2026,(47) 3332-5004,0,,,30,C&A MODAS,09/09/2026,39,0,1,383,,,0,0,100,0,0,2644,003,T52A - BBO,30,SORTER,N,N,SSNN
078049,3,834,,0,10 - SEM 44 - 2026,14/02,"9,4562",,Y06,0,0,T00,TOP CURTO (TOP),PP SAMPLE ENVIADA 12/02,,"15,8",01/11/2026,2,0,GASPAR,AVENIDA DEPUTADO FRANCISCO MASTELLA,3955,SETE DE SETEMBRO,,1,28/08/2026,18/10/2026,,1,25,AGUAR. CONFERENCIA CORTE,2642,0,,0,00.577.158/0001-29,,,6,9 lcc,0,OP PRODUÇÃO,0,0,CLASSIFICAR MODELO/FAMILIA,,,0097,GERAL,TIN,TIN - TINTURARIA,,,Lib corte,,03/05/2026,00/01/1900,086,DISNEY C&A,CONFECCOES ONEDA LTDA,01.14.01.2972,TOP CURTO / BOBS-01.14.01.2555,01,S-BLUSA / TOP,S,C7AR,C7AR - FEIRA WINTER I 2025 ( PROD. AS BS) REPEATS INCLUSOS,12538,VERMELHO ESCURO,5,58,186,0,0,0,0,22/09/2026,23/09/2026,902,PCP/TINTURARIA/CORTE/COSTURA/EXPEDIÇÃO,12,,LAB-APROVAÇÃO LOTE TINTURARIA,0,PC,LIBERADO PARA PRODUÇÂO,C&A MODAS S.A.,109276,109276,62056,5461,01/11/2026,2644,10 - SEM 44 - 2026,(47) 3332-5004,0,,,30,C&A MODAS,09/09/2026,39,0,1,186,,,0,0,100,0,0,2644,003,T52A - BBO,30,SORTER,N,N,SSNN
078051,1,834,,0,12 - SEM 49 - 2026,30/04,"7,8069",,B18,0,0,T00,TOP CURTO (TOP),PPSAMPLE ENVIADA 04/05,,"15,5",06/12/2026,2,0,GASPAR,AVENIDA DEPUTADO FRANCISCO MASTELLA,3955,SETE DE SETEMBRO,,1,28/08/2026,22/11/2026,,1,,,2642,0,,0,00.577.158/0001-29,,,6,9 lcc,0,OP PRODUÇÃO,0,T001,TOP MC BASICO,A,7 SEMANAS LEAD TIME DE PRODUÇÃO,0097,GERAL,TIN,TIN - TINTURARIA,,,Lib corte,,14/03/2027,00/01/1900,086,DISNEY C&A,CONFECCOES ONEDA LTDA,01.14.01.3223,TOP CURTO / 2026-2-3552,01,S-BLUSA / TOP,S,CEAR,CEAR - FEIRA SUMMER II 2026 (PROD AS BS) REPEATS,1457,AZUL MEDIO,1,10,366,0,0,0,0,23/09/2026,24/09/2026,902,PCP/TINTURARIA/CORTE/COSTURA/EXPEDIÇÃO,12,,LAB-APROVAÇÃO LOTE TINTURARIA,0,PC,LIBERADO PARA PRODUÇÂO,C&A MODAS S.A.,98995,98995,61628,5461,06/12/2026,2649,12 - SEM 49 - 2026,(47) 3332-5004,0,,,30,C&A MODAS,14/10/2026,74,1,0,366,,,0,0,100,0,0,2649,003,T52A - BBO,30,SORTER,N,N,SSNN
078051,1,834,,0,12 - SEM 49 - 2026,30/04,"7,8069",,B18,0,0,T00,TOP CURTO (TOP),PPSAMPLE ENVIADA 04/05,,"15,5",06/12/2026,2,0,GASPAR,AVENIDA DEPUTADO FRANCISCO MASTELLA,3955,SETE DE SETEMBRO,,1,28/08/2026,22/11/2026,,1,,,2642,0,,0,00.577.158/0001-29,,,6,9 lcc,0,OP PRODUÇÃO,0,T001,TOP MC BASICO,A,7 SEMANAS LEAD TIME DE PRODUÇÃO,0097,GERAL,TIN,TIN - TINTURARIA,,,Lib corte,,14/03/2027,00/01/1900,086,DISNEY C&A,CONFECCOES ONEDA LTDA,01.14.01.3223,TOP CURTO / 2026-2-3552,01,S-BLUSA / TOP,S,CEAR,CEAR - FEIRA SUMMER II 2026 (PROD AS BS) REPEATS,1457,AZUL MEDIO,2,11,1130,0,0,0,0,23/09/2026,24/09/2026,902,PCP/TINTURARIA/CORTE/COSTURA/EXPEDIÇÃO,12,,LAB-APROVAÇÃO LOTE TINTURARIA,0,PC,LIBERADO PARA PRODUÇÂO,C&A MODAS S.A.,98995,98995,61628,5461,06/12/2026,2649,12 - SEM 49 - 2026,(47) 3332-5004,0,,,30,C&A MODAS,14/10/2026,74,1,0,1130,,,0,0,100,0,0,2649,003,T52A - BBO,30,SORTER,N,N,SSNN
078051,1,834,,0,12 - SEM 49 - 2026,30/04,"7,8069",,B18,0,0,T00,TOP CURTO (TOP),PPSAMPLE ENVIADA 04/05,,"15,5",06/12/2026,2,0,GASPAR,AVENIDA DEPUTADO FRANCISCO MASTELLA,3955,SETE DE SETEMBRO,,1,28/08/2026,22/11/2026,,1,,,2642,0,,0,00.577.158/0001-29,,,6,9 lcc,0,OP PRODUÇÃO,0,T001,TOP MC BASICO,A,7 SEMANAS LEAD TIME DE PRODUÇÃO,0097,GERAL,TIN,TIN - TINTURARIA,,,Lib corte,,14/03/2027,00/01/1900,086,DISNEY C&A,CONFECCOES ONEDA LTDA,01.14.01.3223,TOP CURTO / 2026-2-3552,01,S-BLUSA / TOP,S,CEAR,CEAR - FEIRA SUMMER II 2026 (PROD AS BS) REPEATS,1457,AZUL MEDIO,3,12,1159,0,0,0,0,23/09/2026,24/09/2026,902,PCP/TINTURARIA/CORTE/COSTURA/EXPEDIÇÃO,12,,LAB-APROVAÇÃO LOTE TINTURARIA,0,PC,LIBERADO PARA PRODUÇÂO,C&A MODAS S.A.,98995,98995,61628,5461,06/12/2026,2649,12 - SEM 49 - 2026,(47) 3332-5004,0,,,30,C&A MODAS,14/10/2026,74,1,0,1159,,,0,0,100,0,0,2649,003,T52A - BBO,30,SORTER,N,N,SSNN
078051,1,834,,0,12 - SEM 49 - 2026,30/04,"7,8069",,B18,0,0,T00,TOP CURTO (TOP),PPSAMPLE ENVIADA 04/05,,"15,5",06/12/2026,2,0,GASPAR,AVENIDA DEPUTADO FRANCISCO MASTELLA,3955,SETE DE SETEMBRO,,1,28/08/2026,22/11/2026,,1,,,2642,0,,0,00.577.158/0001-29,,,6,9 lcc,0,OP PRODUÇÃO,0,T001,TOP MC BASICO,A,7 SEMANAS LEAD TIME DE PRODUÇÃO,0097,GERAL,TIN,TIN - TINTURARIA,,,Lib corte,,14/03/2027,00/01/1900,086,DISNEY C&A,CONFECCOES ONEDA LTDA,01.14.01.3223,TOP CURTO / 2026-2-3552,01,S-BLUSA / TOP,S,CEAR,CEAR - FEIRA SUMMER II 2026 (PROD AS BS) REPEATS,1457,AZUL MEDIO,4,13,946,0,0,0,0,23/09/2026,24/09/2026,902,PCP/TINTURARIA/CORTE/COSTURA/EXPEDIÇÃO,12,,LAB-APROVAÇÃO LOTE TINTURARIA,0,PC,LIBERADO PARA PRODUÇÂO,C&A MODAS S.A.,98995,98995,61628,5461,06/12/2026,2649,12 - SEM 49 - 2026,(47) 3332-5004,0,,,30,C&A MODAS,14/10/2026,74,1,0,946,,,0,0,100,0,0,2649,003,T52A - BBO,30,SORTER,N,N,SSNN
078051,1,834,,0,12 - SEM 49 - 2026,30/04,"7,8069",,B18,0,0,T00,TOP CURTO (TOP),PPSAMPLE ENVIADA 04/05,,"15,5",06/12/2026,2,0,GASPAR,AVENIDA DEPUTADO FRANCISCO MASTELLA,3955,SETE DE SETEMBRO,,1,28/08/2026,22/11/2026,,1,,,2642,0,,0,00.577.158/0001-29,,,6,9 lcc,0,OP PRODUÇÃO,0,T001,TOP MC BASICO,A,7 SEMANAS LEAD TIME DE PRODUÇÃO,0097,GERAL,TIN,TIN - TINTURARIA,,,Lib corte,,14/03/2027,00/01/1900,086,DISNEY C&A,CONFECCOES ONEDA LTDA,01.14.01.3223,TOP CURTO / 2026-2-3552,01,S-BLUSA / TOP,S,CEAR,CEAR - FEIRA SUMMER II 2026 (PROD AS BS) REPEATS,1457,AZUL MEDIO,5,58,520,0,0,0,0,23/09/2026,24/09/2026,902,PCP/TINTURARIA/CORTE/COSTURA/EXPEDIÇÃO,12,,LAB-APROVAÇÃO LOTE TINTURARIA,0,PC,LIBERADO PARA PRODUÇÂO,C&A MODAS S.A.,98995,98995,61628,5461,06/12/2026,2649,12 - SEM 49 - 2026,(47) 3332-5004,0,,,30,C&A MODAS,14/10/2026,74,1,0,520,,,0,0,100,0,0,2649,003,T52A - BBO,30,SORTER,N,N,SSNN
077886,1,834,,0,01 - SEM 02 - 2027,15/07,0,,B24,0,0,T06,TOP REGATA (TOP),,,21,10/01/2027,3,0,GASPAR,AVENIDA DEPUTADO FRANCISCO MASTELLA,3955,SETE DE SETEMBRO,,1,13/08/2026,22/11/2026,,1,,,2641,0,,0,00.577.158/0001-29,,,8,9 lcc,0,OP PRODUÇÃO,0,T180,REGATA BASICA,A,7 SEMANAS LEAD TIME DE PRODUÇÃO,0097,GERAL,MOD,MODELAGEM / ENGENHARIA,,,Lib corte,,00/01/1900,00/01/1900,085,SEM LICENSA C&A,CONFECCOES ONEDA LTDA,01.18.00.7833,TOP REGATA / 2026-2-8101,01,S-BLUSA / TOP,S,CEIN,CEIN - FEIRA SUMMER II 2026 (PROD AS BS) INCLUSÃO NEGOCIADO,50,A DEFINIR,10,16,286,0,0,0,0,23/09/2026,24/09/2026,902,PCP/TINTURARIA/CORTE/COSTURA/EXPEDIÇÃO,13,,VALIDACAO MODELAGEM PARA CORTE,0,PC,LIBERADO PARA PRODUÇÂO,C&A MODAS S.A.,SII26,,61703,5461,10/01/2027,2702,01 - SEM 02 - 2027,(47) 3332-5004,0,,,30,C&A MODAS,15/10/2026,109,1,0,286,,,0,0,0,0,0,2702,013,T59A - FIFTEEN MP,11,MASCULINO,N,N,SSNN
077886,1,834,,0,01 - SEM 02 - 2027,15/07,0,,B24,0,0,T06,TOP REGATA (TOP),,,21,10/01/2027,3,0,GASPAR,AVENIDA DEPUTADO FRANCISCO MASTELLA,3955,SETE DE SETEMBRO,,1,13/08/2026,22/11/2026,,1,,,2641,0,,0,00.577.158/0001-29,,,8,9 lcc,0,OP PRODUÇÃO,0,T180,REGATA BASICA,A,7 SEMANAS LEAD TIME DE PRODUÇÃO,0097,GERAL,MOD,MODELAGEM / ENGENHARIA,,,Lib corte,,00/01/1900,00/01/1900,085,SEM LICENSA C&A,CONFECCOES ONEDA LTDA,01.18.00.7833,TOP REGATA / 2026-2-8101,01,S-BLUSA / TOP,S,CEIN,CEIN - FEIRA SUMMER II 2026 (PROD AS BS) INCLUSÃO NEGOCIADO,50,A DEFINIR,12,17,859,0,0,0,0,23/09/2026,24/09/2026,902,PCP/TINTURARIA/CORTE/COSTURA/EXPEDIÇÃO,13,,VALIDACAO MODELAGEM PARA CORTE,0,PC,LIBERADO PARA PRODUÇÂO,C&A MODAS S.A.,SII26,,61703,5461,10/01/2027,2702,01 - SEM 02 - 2027,(47) 3332-5004,0,,,30,C&A MODAS,15/10/2026,109,1,0,859,,,0,0,0,0,0,2702,013,T59A - FIFTEEN MP,11,MASCULINO,N,N,SSNN
077886,1,834,,0,01 - SEM 02 - 2027,15/07,0,,B24,0,0,T06,TOP REGATA (TOP),,,21,10/01/2027,3,0,GASPAR,AVENIDA DEPUTADO FRANCISCO MASTELLA,3955,SETE DE SETEMBRO,,1,13/08/2026,22/11/2026,,1,,,2641,0,,0,00.577.158/0001-29,,,8,9 lcc,0,OP PRODUÇÃO,0,T180,REGATA BASICA,A,7 SEMANAS LEAD TIME DE PRODUÇÃO,0097,GERAL,MOD,MODELAGEM / ENGENHARIA,,,Lib corte,,00/01/1900,00/01/1900,085,SEM LICENSA C&A,CONFECCOES ONEDA LTDA,01.18.00.7833,TOP REGATA / 2026-2-8101,01,S-BLUSA / TOP,S,CEIN,CEIN - FEIRA SUMMER II 2026 (PROD AS BS) INCLUSÃO NEGOCIADO,50,A DEFINIR,14,18,859,0,0,0,0,23/09/2026,24/09/2026,902,PCP/TINTURARIA/CORTE/COSTURA/EXPEDIÇÃO,13,,VALIDACAO MODELAGEM PARA CORTE,0,PC,LIBERADO PARA PRODUÇÂO,C&A MODAS S.A.,SII26,,61703,5461,10/01/2027,2702,01 - SEM 02 - 2027,(47) 3332-5004,0,,,30,C&A MODAS,15/10/2026,109,1,0,859,,,0,0,0,0,0,2702,013,T59A - FIFTEEN MP,11,MASCULINO,N,N,SSNN
077886,1,834,,0,01 - SEM 02 - 2027,15/07,0,,B24,0,0,T06,TOP REGATA (TOP),,,21,10/01/2027,3,0,GASPAR,AVENIDA DEPUTADO FRANCISCO MASTELLA,3955,SETE DE SETEMBRO,,1,13/08/2026,22/11/2026,,1,,,2641,0,,0,00.577.158/0001-29,,,8,9 lcc,0,OP PRODUÇÃO,0,T180,REGATA BASICA,A,7 SEMANAS LEAD TIME DE PRODUÇÃO,0097,GERAL,MOD,MODELAGEM / ENGENHARIA,,,Lib corte,,00/01/1900,00/01/1900,085,SEM LICENSA C&A,CONFECCOES ONEDA LTDA,01.18.00.7833,TOP REGATA / 2026-2-8101,01,S-BLUSA / TOP,S,CEIN,CEIN - FEIRA SUMMER II 2026 (PROD AS BS) INCLUSÃO NEGOCIADO,50,A DEFINIR,16,19,573,0,0,0,0,23/09/2026,24/09/2026,902,PCP/TINTURARIA/CORTE/COSTURA/EXPEDIÇÃO,13,,VALIDACAO MODELAGEM PARA CORTE,0,PC,LIBERADO PARA PRODUÇÂO,C&A MODAS S.A.,SII26,,61703,5461,10/01/2027,2702,01 - SEM 02 - 2027,(47) 3332-5004,0,,,30,C&A MODAS,15/10/2026,109,1,0,573,,,0,0,0,0,0,2702,013,T59A - FIFTEEN MP,11,MASCULINO,N,N,SSNN
077887,1,834,,0,01 - SEM 02 - 2027,07/08,0,,B32,0,0,T06,TOP REGATA (TOP),,EST. FRENTE E COSTAS - 1 COR CADA,21,10/01/2027,3,0,GASPAR,AVENIDA DEPUTADO FRANCISCO MASTELLA,3955,SETE DE SETEMBRO,,1,13/08/2026,22/11/2026,,1,,,2641,0,,0,00.577.158/0001-29,,,8,9 lcc,0,OP PRODUÇÃO,0,0,CLASSIFICAR MODELO/FAMILIA,,,0097,GERAL,MOD,MODELAGEM / ENGENHARIA,,,Lib corte,,00/01/1900,00/01/1900,085,SEM LICENSA C&A,CONFECCOES ONEDA LTDA,01.18.00.7833A,TOP REGATA / 2026-2-8101,01,S-BLUSA / TOP,S,CEYN,CEYN - FEIRA SUMMER II 2026 (PROD CS) INCLUSÃO NEGOCIADO,50,A DEFINIR,10,16,149,0,0,0,0,23/09/2026,24/09/2026,902,PCP/TINTURARIA/CORTE/COSTURA/EXPEDIÇÃO,13,,VALIDACAO MODELAGEM PARA CORTE,0,PC,LIBERADO PARA PRODUÇÂO,C&A MODAS S.A.,SII26,,61704,5461,10/01/2027,2702,01 - SEM 02 - 2027,(47) 3332-5004,0,,,30,C&A MODAS,15/10/2026,109,1,0,149,,,0,0,0,0,0,2702,013,T59A - FIFTEEN MP,11,MASCULINO,N,N,SSNN
077887,1,834,,0,01 - SEM 02 - 2027,07/08,0,,B32,0,0,T06,TOP REGATA (TOP),,EST. FRENTE E COSTAS - 1 COR CADA,21,10/01/2027,3,0,GASPAR,AVENIDA DEPUTADO FRANCISCO MASTELLA,3955,SETE DE SETEMBRO,,1,13/08/2026,22/11/2026,,1,,,2641,0,,0,00.577.158/0001-29,,,8,9 lcc,0,OP PRODUÇÃO,0,0,CLASSIFICAR MODELO/FAMILIA,,,0097,GERAL,MOD,MODELAGEM / ENGENHARIA,,,Lib corte,,00/01/1900,00/01/1900,085,SEM LICENSA C&A,CONFECCOES ONEDA LTDA,01.18.00.7833A,TOP REGATA / 2026-2-8101,01,S-BLUSA / TOP,S,CEYN,CEYN - FEIRA SUMMER II 2026 (PROD CS) INCLUSÃO NEGOCIADO,50,A DEFINIR,12,17,448,0,0,0,0,23/09/2026,24/09/2026,902,PCP/TINTURARIA/CORTE/COSTURA/EXPEDIÇÃO,13,,VALIDACAO MODELAGEM PARA CORTE,0,PC,LIBERADO PARA PRODUÇÂO,C&A MODAS S.A.,SII26,,61704,5461,10/01/2027,2702,01 - SEM 02 - 2027,(47) 3332-5004,0,,,30,C&A MODAS,15/10/2026,109,1,0,448,,,0,0,0,0,0,2702,013,T59A - FIFTEEN MP,11,MASCULINO,N,N,SSNN
077887,1,834,,0,01 - SEM 02 - 2027,07/08,0,,B32,0,0,T06,TOP REGATA (TOP),,EST. FRENTE E COSTAS - 1 COR CADA,21,10/01/2027,3,0,GASPAR,AVENIDA DEPUTADO FRANCISCO MASTELLA,3955,SETE DE SETEMBRO,,1,13/08/2026,22/11/2026,,1,,,2641,0,,0,00.577.158/0001-29,,,8,9 lcc,0,OP PRODUÇÃO,0,0,CLASSIFICAR MODELO/FAMILIA,,,0097,GERAL,MOD,MODELAGEM / ENGENHARIA,,,Lib corte,,00/01/1900,00/01/1900,085,SEM LICENSA C&A,CONFECCOES ONEDA LTDA,01.18.00.7833A,TOP REGATA / 2026-2-8101,01,S-BLUSA / TOP,S,CEYN,CEYN - FEIRA SUMMER II 2026 (PROD CS) INCLUSÃO NEGOCIADO,50,A DEFINIR,14,18,448,0,0,0,0,23/09/2026,24/09/2026,902,PCP/TINTURARIA/CORTE/COSTURA/EXPEDIÇÃO,13,,VALIDACAO MODELAGEM PARA CORTE,0,PC,LIBERADO PARA PRODUÇÂO,C&A MODAS S.A.,SII26,,61704,5461,10/01/2027,2702,01 - SEM 02 - 2027,(47) 3332-5004,0,,,30,C&A MODAS,15/10/2026,109,1,0,448,,,0,0,0,0,0,2702,013,T59A - FIFTEEN MP,11,MASCULINO,N,N,SSNN
077887,1,834,,0,01 - SEM 02 - 2027,07/08,0,,B32,0,0,T06,TOP REGATA (TOP),,EST. FRENTE E COSTAS - 1 COR CADA,21,10/01/2027,3,0,GASPAR,AVENIDA DEPUTADO FRANCISCO MASTELLA,3955,SETE DE SETEMBRO,,1,13/08/2026,22/11/2026,,1,,,2641,0,,0,00.577.158/0001-29,,,8,9 lcc,0,OP PRODUÇÃO,0,0,CLASSIFICAR MODELO/FAMILIA,,,0097,GERAL,MOD,MODELAGEM / ENGENHARIA,,,Lib corte,,00/01/1900,00/01/1900,085,SEM LICENSA C&A,CONFECCOES ONEDA LTDA,01.18.00.7833A,TOP REGATA / 2026-2-8101,01,S-BLUSA / TOP,S,CEYN,CEYN - FEIRA SUMMER II 2026 (PROD CS) INCLUSÃO NEGOCIADO,50,A DEFINIR,16,19,299,0,0,0,0,23/09/2026,24/09/2026,902,PCP/TINTURARIA/CORTE/COSTURA/EXPEDIÇÃO,13,,VALIDACAO MODELAGEM PARA CORTE,0,PC,LIBERADO PARA PRODUÇÂO,C&A MODAS S.A.,SII26,,61704,5461,10/01/2027,2702,01 - SEM 02 - 2027,(47) 3332-5004,0,,,30,C&A MODAS,15/10/2026,109,1,0,299,,,0,0,0,0,0,2702,013,T59A - FIFTEEN MP,11,MASCULINO,N,N,SSNN
078141,1,834,,0,10 - SEM 43 - 2026,15/09,0,utilizar rib do estoque,B38,0,0,T00,TOP CURTO (TOP),,Frente: 1 cor / Costas: 1 cor,"19,95",08/11/2026,3,0,GASPAR,AVENIDA DEPUTADO FRANCISCO MASTELLA,3955,SETE DE SETEMBRO,,1,11/09/2026,25/10/2026,,1,,,2643,0,,0,00.577.158/0001-29,,,8,1 Ag F,0,OP PRODUÇÃO,0,0,CLASSIFICAR MODELO/FAMILIA,,,0097,GERAL,MOD,MODELAGEM / ENGENHARIA,,,Agu retor Feira / pos fei,,00/01/1900,00/01/1900,085,SEM LICENSA C&A,CONFECCOES ONEDA LTDA,01.16.00.7930,TOP CURTO / 2026-2-12564,01,S-BLUSA / TOP,S,CEY,CEY - FEIRA SUMMER II 2026 (PROD CS) INCLUSÃO,000521,OFF WHITE,4,13,195,0,0,0,0,11/09/2026,14/09/2026,902,PCP/TINTURARIA/CORTE/COSTURA/EXPEDIÇÃO,13,,VALIDACAO MODELAGEM PARA CORTE,0,PC,LIBERADO PARA PRODUÇÂO,C&A MODAS S.A.,115666,115666,62060,5461,08/11/2026,2645,11 - SEM 45 - 2026,(47) 3332-5004,0,,,30,C&A MODAS,17/9/2026,46,-9,12,195,,,0,0,0,0,0,2643,84,T54C - KIDS O,19,CABIDE-DORSAL,N,N,SSNN
078141,1,834,,0,10 - SEM 43 - 2026,15/09,0,utilizar rib do estoque,B38,0,0,T00,TOP CURTO (TOP),,Frente: 1 cor / Costas: 1 cor,"19,95",08/11/2026,3,0,GASPAR,AVENIDA DEPUTADO FRANCISCO MASTELLA,3955,SETE DE SETEMBRO,,1,11/09/2026,25/10/2026,,1,,,2643,0,,0,00.577.158/0001-29,,,8,1 Ag F,0,OP PRODUÇÃO,0,0,CLASSIFICAR MODELO/FAMILIA,,,0097,GERAL,MOD,MODELAGEM / ENGENHARIA,,,Agu retor Feira / pos fei,,00/01/1900,00/01/1900,085,SEM LICENSA C&A,CONFECCOES ONEDA LTDA,01.16.00.7930,TOP CURTO / 2026-2-12564,01,S-BLUSA / TOP,S,CEY,CEY - FEIRA SUMMER II 2026 (PROD CS) INCLUSÃO,000521,OFF WHITE,6,14,389,0,0,0,0,11/09/2026,14/09/2026,902,PCP/TINTURARIA/CORTE/COSTURA/EXPEDIÇÃO,13,,VALIDACAO MODELAGEM PARA CORTE,0,PC,LIBERADO PARA PRODUÇÂO,C&A MODAS S.A.,115666,115666,62060,5461,08/11/2026,2645,11 - SEM 45 - 2026,(47) 3332-5004,0,,,30,C&A MODAS,17/9/2026,46,-9,12,389,,,0,0,0,0,0,2643,84,T54C - KIDS O,19,CABIDE-DORSAL,N,N,SSNN
078141,1,834,,0,10 - SEM 43 - 2026,15/09,0,utilizar rib do estoque,B38,0,0,T00,TOP CURTO (TOP),,Frente: 1 cor / Costas: 1 cor,"19,95",08/11/2026,3,0,GASPAR,AVENIDA DEPUTADO FRANCISCO MASTELLA,3955,SETE DE SETEMBRO,,1,11/09/2026,25/10/2026,,1,,,2643,0,,0,00.577.158/0001-29,,,8,1 Ag F,0,OP PRODUÇÃO,0,0,CLASSIFICAR MODELO/FAMILIA,,,0097,GERAL,MOD,MODELAGEM / ENGENHARIA,,,Agu retor Feira / pos fei,,00/01/1900,00/01/1900,085,SEM LICENSA C&A,CONFECCOES ONEDA LTDA,01.16.00.7930,TOP CURTO / 2026-2-12564,01,S-BLUSA / TOP,S,CEY,CEY - FEIRA SUMMER II 2026 (PROD CS) INCLUSÃO,000521,OFF WHITE,8,15,389,0,0,0,0,11/09/2026,14/09/2026,902,PCP/TINTURARIA/CORTE/COSTURA/EXPEDIÇÃO,13,,VALIDACAO MODELAGEM PARA CORTE,0,PC,LIBERADO PARA PRODUÇÂO,C&A MODAS S.A.,115666,115666,62060,5461,08/11/2026,2645,11 - SEM 45 - 2026,(47) 3332-5004,0,,,30,C&A MODAS,17/9/2026,46,-9,12,389,,,0,0,0,0,0,2643,84,T54C - KIDS O,19,CABIDE-DORSAL,N,N,SSNN
078141,1,834,,0,10 - SEM 43 - 2026,15/09,0,utilizar rib do estoque,B38,0,0,T00,TOP CURTO (TOP),,Frente: 1 cor / Costas: 1 cor,"19,95",08/11/2026,3,0,GASPAR,AVENIDA DEPUTADO FRANCISCO MASTELLA,3955,SETE DE SETEMBRO,,1,11/09/2026,25/10/2026,,1,,,2643,0,,0,00.577.158/0001-29,,,8,1 Ag F,0,OP PRODUÇÃO,0,0,CLASSIFICAR MODELO/FAMILIA,,,0097,GERAL,MOD,MODELAGEM / ENGENHARIA,,,Agu retor Feira / pos fei,,00/01/1900,00/01/1900,085,SEM LICENSA C&A,CONFECCOES ONEDA LTDA,01.16.00.7930,TOP CURTO / 2026-2-12564,01,S-BLUSA / TOP,S,CEY,CEY - FEIRA SUMMER II 2026 (PROD CS) INCLUSÃO,000521,OFF WHITE,10,16,389,0,0,0,0,11/09/2026,14/09/2026,902,PCP/TINTURARIA/CORTE/COSTURA/EXPEDIÇÃO,13,,VALIDACAO MODELAGEM PARA CORTE,0,PC,LIBERADO PARA PRODUÇÂO,C&A MODAS S.A.,115666,115666,62060,5461,08/11/2026,2645,11 - SEM 45 - 2026,(47) 3332-5004,0,,,30,C&A MODAS,17/9/2026,46,-9,12,389,,,0,0,0,0,0,2643,84,T54C - KIDS O,19,CABIDE-DORSAL,N,N,SSNN
078141,1,834,,0,10 - SEM 43 - 2026,15/09,0,utilizar rib do estoque,B38,0,0,T00,TOP CURTO (TOP),,Frente: 1 cor / Costas: 1 cor,"19,95",08/11/2026,3,0,GASPAR,AVENIDA DEPUTADO FRANCISCO MASTELLA,3955,SETE DE SETEMBRO,,1,11/09/2026,25/10/2026,,1,,,2643,0,,0,00.577.158/0001-29,,,8,1 Ag F,0,OP PRODUÇÃO,0,0,CLASSIFICAR MODELO/FAMILIA,,,0097,GERAL,MOD,MODELAGEM / ENGENHARIA,,,Agu retor Feira / pos fei,,00/01/1900,00/01/1900,085,SEM LICENSA C&A,CONFECCOES ONEDA LTDA,01.16.00.7930,TOP CURTO / 2026-2-12564,01,S-BLUSA / TOP,S,CEY,CEY - FEIRA SUMMER II 2026 (PROD CS) INCLUSÃO,000521,OFF WHITE,12,17,389,0,0,0,0,11/09/2026,14/09/2026,902,PCP/TINTURARIA/CORTE/COSTURA/EXPEDIÇÃO,13,,VALIDACAO MODELAGEM PARA CORTE,0,PC,LIBERADO PARA PRODUÇÂO,C&A MODAS S.A.,115666,115666,62060,5461,08/11/2026,2645,11 - SEM 45 - 2026,(47) 3332-5004,0,,,30,C&A MODAS,17/9/2026,46,-9,12,389,,,0,0,0,0,0,2643,84,T54C - KIDS O,19,CABIDE-DORSAL,N,N,SSNN
078242,1,834,,0,10 - SEM 42 - 2026,,0,,,0,0,T26,BLAZER FEMININO (TOP),,,37,18/10/2026,0,0,GASPAR,AVENIDA DEPUTADO FRANCISCO MASTELLA,3955,SETE DE SETEMBRO,,1,22/09/2026,18/10/2026,,1,,,2642,0,,0,00.577.158/0001-29,,,8,1 Ag F,0,OP PRODUÇÃO,0,0,CLASSIFICAR MODELO/FAMILIA,,,0097,GERAL,MOD,MODELAGEM / ENGENHARIA,,,Agu retor Feira / pos fei,,00/01/1900,00/01/1900,207,SANTA MARCA,CONFECCOES ONEDA LTDA,21.19.00.0001,BLAZER FEMININO,01,S-BLUSA / TOP,S,SM1,SANTA MARCA - VERÃO 1 CRIATIFF,000238,DOURADO,P,21,128,0,0,0,0,22/09/2026,23/09/2026,902,PCP/TINTURARIA/CORTE/COSTURA/EXPEDIÇÃO,13,P-G-- 1X-1X = 125 PÇS-125 PÇS / M-GG -- 1X-1X 63PÇS-63PÇS / M - 2X 125PÇS,VALIDACAO MODELAGEM PARA CORTE,0,PC,PENDENTE DESENVOLVIMENTO,C-MAX CLOTHES AND HAPPINESS CONFECCOES LTDA.,,,61919,7504,18/10/2026,2642,10 - SEM 42 - 2026,(47) 3332-5004,0,,,109,SANTAMARCA,10/9/2026,25,0,1,128,,,0,0,0,0,0,2642,62,ADULTO,12,FEMININO,N,N,SSNN
078242,1,834,,0,10 - SEM 42 - 2026,,0,,,0,0,T26,BLAZER FEMININO (TOP),,,37,18/10/2026,0,0,GASPAR,AVENIDA DEPUTADO FRANCISCO MASTELLA,3955,SETE DE SETEMBRO,,1,22/09/2026,18/10/2026,,1,,,2642,0,,0,00.577.158/0001-29,,,8,1 Ag F,0,OP PRODUÇÃO,0,0,CLASSIFICAR MODELO/FAMILIA,,,0097,GERAL,MOD,MODELAGEM / ENGENHARIA,,,Agu retor Feira / pos fei,,00/01/1900,00/01/1900,207,SANTA MARCA,CONFECCOES ONEDA LTDA,21.19.00.0001,BLAZER FEMININO,01,S-BLUSA / TOP,S,SM1,SANTA MARCA - VERÃO 1 CRIATIFF,000238,DOURADO,M,22,194,0,0,0,0,22/09/2026,23/09/2026,902,PCP/TINTURARIA/CORTE/COSTURA/EXPEDIÇÃO,13,P-G-- 1X-1X = 125 PÇS-125 PÇS / M-GG -- 1X-1X 63PÇS-63PÇS / M - 2X 125PÇS,VALIDACAO MODELAGEM PARA CORTE,0,PC,PENDENTE DESENVOLVIMENTO,C-MAX CLOTHES AND HAPPINESS CONFECCOES LTDA.,,,61919,7504,18/10/2026,2642,10 - SEM 42 - 2026,(47) 3332-5004,0,,,109,SANTAMARCA,10/9/2026,25,0,1,194,,,0,0,0,0,0,2642,62,ADULTO,12,FEMININO,N,N,SSNN
078242,1,834,,0,10 - SEM 42 - 2026,,0,,,0,0,T26,BLAZER FEMININO (TOP),,,37,18/10/2026,0,0,GASPAR,AVENIDA DEPUTADO FRANCISCO MASTELLA,3955,SETE DE SETEMBRO,,1,22/09/2026,18/10/2026,,1,,,2642,0,,0,00.577.158/0001-29,,,8,1 Ag F,0,OP PRODUÇÃO,0,0,CLASSIFICAR MODELO/FAMILIA,,,0097,GERAL,MOD,MODELAGEM / ENGENHARIA,,,Agu retor Feira / pos fei,,00/01/1900,00/01/1900,207,SANTA MARCA,CONFECCOES ONEDA LTDA,21.19.00.0001,BLAZER FEMININO,01,S-BLUSA / TOP,S,SM1,SANTA MARCA - VERÃO 1 CRIATIFF,000238,DOURADO,G,23,128,0,0,0,0,22/09/2026,23/09/2026,902,PCP/TINTURARIA/CORTE/COSTURA/EXPEDIÇÃO,13,P-G-- 1X-1X = 125 PÇS-125 PÇS / M-GG -- 1X-1X 63PÇS-63PÇS / M - 2X 125PÇS,VALIDACAO MODELAGEM PARA CORTE,0,PC,PENDENTE DESENVOLVIMENTO,C-MAX CLOTHES AND HAPPINESS CONFECCOES LTDA.,,,61919,7504,18/10/2026,2642,10 - SEM 42 - 2026,(47) 3332-5004,0,,,109,SANTAMARCA,10/9/2026,25,0,1,128,,,0,0,0,0,0,2642,62,ADULTO,12,FEMININO,N,N,SSNN
078242,1,834,,0,10 - SEM 42 - 2026,,0,,,0,0,T26,BLAZER FEMININO (TOP),,,37,18/10/2026,0,0,GASPAR,AVENIDA DEPUTADO FRANCISCO MASTELLA,3955,SETE DE SETEMBRO,,1,22/09/2026,18/10/2026,,1,,,2642,0,,0,00.577.158/0001-29,,,8,1 Ag F,0,OP PRODUÇÃO,0,0,CLASSIFICAR MODELO/FAMILIA,,,0097,GERAL,MOD,MODELAGEM / ENGENHARIA,,,Agu retor Feira / pos fei,,00/01/1900,00/01/1900,207,SANTA MARCA,CONFECCOES ONEDA LTDA,21.19.00.0001,BLAZER FEMININO,01,S-BLUSA / TOP,S,SM1,SANTA MARCA - VERÃO 1 CRIATIFF,000238,DOURADO,GG,24,64,0,0,0,0,22/09/2026,23/09/2026,902,PCP/TINTURARIA/CORTE/COSTURA/EXPEDIÇÃO,13,P-G-- 1X-1X = 125 PÇS-125 PÇS / M-GG -- 1X-1X 63PÇS-63PÇS / M - 2X 125PÇS,VALIDACAO MODELAGEM PARA CORTE,0,PC,PENDENTE DESENVOLVIMENTO,C-MAX CLOTHES AND HAPPINESS CONFECCOES LTDA.,,,61919,7504,18/10/2026,2642,10 - SEM 42 - 2026,(47) 3332-5004,0,,,109,SANTAMARCA,10/9/2026,25,0,1,64,,,0,0,0,0,0,2642,62,ADULTO,12,FEMININO,N,N,SSNN
078247,1,834,,0,10 - SEM 42 - 2026,,0,,,0,0,T02,TOP LONGO (TOP),,,30,18/10/2026,0,0,GASPAR,AVENIDA DEPUTADO FRANCISCO MASTELLA,3955,SETE DE SETEMBRO,,1,22/09/2026,18/10/2026,,1,,,2642,0,,0,00.577.158/0001-29,,,8,1 Ag F,0,OP PRODUÇÃO,0,0,CLASSIFICAR MODELO/FAMILIA,,,0097,GERAL,MOD,MODELAGEM / ENGENHARIA,,,Agu retor Feira / pos fei,,00/01/1900,00/01/1900,207,SANTA MARCA,CONFECCOES ONEDA LTDA,21.19.00.0002,TOP LONGO,01,S-BLUSA / TOP,S,SM1,SANTA MARCA - VERÃO 1 CRIATIFF,000238,DOURADO,P,21,174,0,0,0,0,22/09/2026,23/09/2026,904,PCP/TINTURARIA/CORTE/COSTURA/BOTÃO/EXPEDIÇÃO,13,P-M-GG 1X2X1X -- G 3X,VALIDACAO MODELAGEM PARA CORTE,0,PC,PENDENTE DESENVOLVIMENTO,C-MAX CLOTHES AND HAPPINESS CONFECCOES LTDA.,,,61920,7504,18/10/2026,2642,10 - SEM 42 - 2026,(47) 3332-5004,0,,,109,SANTAMARCA,3/9/2026,25,0,1,174,,,0,0,0,0,0,2642,62,ADULTO,12,FEMININO,N,N,SSNN
078247,1,834,,0,10 - SEM 42 - 2026,,0,,,0,0,T02,TOP LONGO (TOP),,,30,18/10/2026,0,0,GASPAR,AVENIDA DEPUTADO FRANCISCO MASTELLA,3955,SETE DE SETEMBRO,,1,22/09/2026,18/10/2026,,1,,,2642,0,,0,00.577.158/0001-29,,,8,1 Ag F,0,OP PRODUÇÃO,0,0,CLASSIFICAR MODELO/FAMILIA,,,0097,GERAL,MOD,MODELAGEM / ENGENHARIA,,,Agu retor Feira / pos fei,,00/01/1900,00/01/1900,207,SANTA MARCA,CONFECCOES ONEDA LTDA,21.19.00.0002,TOP LONGO,01,S-BLUSA / TOP,S,SM1,SANTA MARCA - VERÃO 1 CRIATIFF,000238,DOURADO,M,22,348,0,0,0,0,22/09/2026,23/09/2026,904,PCP/TINTURARIA/CORTE/COSTURA/BOTÃO/EXPEDIÇÃO,13,P-M-GG 1X2X1X -- G 3X,VALIDACAO MODELAGEM PARA CORTE,0,PC,PENDENTE DESENVOLVIMENTO,C-MAX CLOTHES AND HAPPINESS CONFECCOES LTDA.,,,61920,7504,18/10/2026,2642,10 - SEM 42 - 2026,(47) 3332-5004,0,,,109,SANTAMARCA,3/9/2026,25,0,1,348,,,0,0,0,0,0,2642,62,ADULTO,12,FEMININO,N,N,SSNN
078247,1,834,,0,10 - SEM 42 - 2026,,0,,,0,0,T02,TOP LONGO (TOP),,,30,18/10/2026,0,0,GASPAR,AVENIDA DEPUTADO FRANCISCO MASTELLA,3955,SETE DE SETEMBRO,,1,22/09/2026,18/10/2026,,1,,,2642,0,,0,00.577.158/0001-29,,,8,1 Ag F,0,OP PRODUÇÃO,0,0,CLASSIFICAR MODELO/FAMILIA,,,0097,GERAL,MOD,MODELAGEM / ENGENHARIA,,,Agu retor Feira / pos fei,,00/01/1900,00/01/1900,207,SANTA MARCA,CONFECCOES ONEDA LTDA,21.19.00.0002,TOP LONGO,01,S-BLUSA / TOP,S,SM1,SANTA MARCA - VERÃO 1 CRIATIFF,000238,DOURADO,G,23,232,0,0,0,0,22/09/2026,23/09/2026,904,PCP/TINTURARIA/CORTE/COSTURA/BOTÃO/EXPEDIÇÃO,13,P-M-GG 1X2X1X -- G 3X,VALIDACAO MODELAGEM PARA CORTE,0,PC,PENDENTE DESENVOLVIMENTO,C-MAX CLOTHES AND HAPPINESS CONFECCOES LTDA.,,,61920,7504,18/10/2026,2642,10 - SEM 42 - 2026,(47) 3332-5004,0,,,109,SANTAMARCA,3/9/2026,25,0,1,232,,,0,0,0,0,0,2642,62,ADULTO,12,FEMININO,N,N,SSNN
078247,1,834,,0,10 - SEM 42 - 2026,,0,,,0,0,T02,TOP LONGO (TOP),,,30,18/10/2026,0,0,GASPAR,AVENIDA DEPUTADO FRANCISCO MASTELLA,3955,SETE DE SETEMBRO,,1,22/09/2026,18/10/2026,,1,,,2642,0,,0,00.577.158/0001-29,,,8,1 Ag F,0,OP PRODUÇÃO,0,0,CLASSIFICAR MODELO/FAMILIA,,,0097,GERAL,MOD,MODELAGEM / ENGENHARIA,,,Agu retor Feira / pos fei,,00/01/1900,00/01/1900,207,SANTA MARCA,CONFECCOES ONEDA LTDA,21.19.00.0002,TOP LONGO,01,S-BLUSA / TOP,S,SM1,SANTA MARCA - VERÃO 1 CRIATIFF,000238,DOURADO,GG,24,174,0,0,0,0,22/09/2026,23/09/2026,904,PCP/TINTURARIA/CORTE/COSTURA/BOTÃO/EXPEDIÇÃO,13,P-M-GG 1X2X1X -- G 3X,VALIDACAO MODELAGEM PARA CORTE,0,PC,PENDENTE DESENVOLVIMENTO,C-MAX CLOTHES AND HAPPINESS CONFECCOES LTDA.,,,61920,7504,18/10/2026,2642,10 - SEM 42 - 2026,(47) 3332-5004,0,,,109,SANTAMARCA,3/9/2026,25,0,1,174,,,0,0,0,0,0,2642,62,ADULTO,12,FEMININO,N,N,SSNN
078049,2,834,,0,10 - SEM 44 - 2026,14/02,"9,4562",,Y06,0,0,T00,TOP CURTO (TOP),PP SAMPLE ENVIADA 12/02,,"15,8",01/11/2026,2,0,GASPAR,AVENIDA DEPUTADO FRANCISCO MASTELLA,3955,SETE DE SETEMBRO,,1,28/08/2026,18/10/2026,,1,24,TIN - RESERVA DE MALHA,2642,0,,0,00.577.158/0001-29,,,9,9 lcc,0,OP PRODUÇÃO,0,0,CLASSIFICAR MODELO/FAMILIA,,,0097,GERAL,ENG,ENG - PREÇO COSTURA,,,Lib corte,,03/05/2026,00/01/1900,086,DISNEY C&A,CONFECCOES ONEDA LTDA,01.14.01.2972,TOP CURTO / BOBS-01.14.01.2555,01,S-BLUSA / TOP,S,C7AR,C7AR - FEIRA WINTER I 2025 ( PROD. AS BS) REPEATS INCLUSOS,12538,VERMELHO ESCURO,1,10,183,153,0,0,0,23/09/2026,23/09/2026,902,PCP/TINTURARIA/CORTE/COSTURA/EXPEDIÇÃO,26,,ENCAIXE,0,PC,LIBERADO PARA PRODUÇÂO,C&A MODAS S.A.,109276,109276,62056,5461,01/11/2026,2644,10 - SEM 44 - 2026,(47) 3332-5004,0,,,30,C&A MODAS,11/9/2026,39,0,0,30,,,0,0,100,0,0,2644,003,T52A - BBO,30,SORTER,N,N,SSNN
078049,2,834,,0,10 - SEM 44 - 2026,14/02,"9,4562",,Y06,0,0,T00,TOP CURTO (TOP),PP SAMPLE ENVIADA 12/02,,"15,8",01/11/2026,2,0,GASPAR,AVENIDA DEPUTADO FRANCISCO MASTELLA,3955,SETE DE SETEMBRO,,1,28/08/2026,18/10/2026,,1,24,TIN - RESERVA DE MALHA,2642,0,,0,00.577.158/0001-29,,,9,9 lcc,0,OP PRODUÇÃO,0,0,CLASSIFICAR MODELO/FAMILIA,,,0097,GERAL,ENG,ENG - PREÇO COSTURA,,,Lib corte,,03/05/2026,00/01/1900,086,DISNEY C&A,CONFECCOES ONEDA LTDA,01.14.01.2972,TOP CURTO / BOBS-01.14.01.2555,01,S-BLUSA / TOP,S,C7AR,C7AR - FEIRA WINTER I 2025 ( PROD. AS BS) REPEATS INCLUSOS,12538,VERMELHO ESCURO,2,11,615,612,0,0,0,23/09/2026,23/09/2026,902,PCP/TINTURARIA/CORTE/COSTURA/EXPEDIÇÃO,26,,ENCAIXE,0,PC,LIBERADO PARA PRODUÇÂO,C&A MODAS S.A.,109276,109276,62056,5461,01/11/2026,2644,10 - SEM 44 - 2026,(47) 3332-5004,0,,,30,C&A MODAS,11/9/2026,39,0,0,3,,,0,0,100,0,0,2644,003,T52A - BBO,30,SORTER,N,N,SSNN
078049,2,834,,0,10 - SEM 44 - 2026,14/02,"9,4562",,Y06,0,0,T00,TOP CURTO (TOP),PP SAMPLE ENVIADA 12/02,,"15,8",01/11/2026,2,0,GASPAR,AVENIDA DEPUTADO FRANCISCO MASTELLA,3955,SETE DE SETEMBRO,,1,28/08/2026,18/10/2026,,1,24,TIN - RESERVA DE MALHA,2642,0,,0,00.577.158/0001-29,,,9,9 lcc,0,OP PRODUÇÃO,0,0,CLASSIFICAR MODELO/FAMILIA,,,0097,GERAL,ENG,ENG - PREÇO COSTURA,,,Lib corte,,03/05/2026,00/01/1900,086,DISNEY C&A,CONFECCOES ONEDA LTDA,01.14.01.2972,TOP CURTO / BOBS-01.14.01.2555,01,S-BLUSA / TOP,S,C7AR,C7AR - FEIRA WINTER I 2025 ( PROD. AS BS) REPEATS INCLUSOS,12538,VERMELHO ESCURO,3,12,490,459,0,0,0,23/09/2026,23/09/2026,902,PCP/TINTURARIA/CORTE/COSTURA/EXPEDIÇÃO,26,,ENCAIXE,0,PC,LIBERADO PARA PRODUÇÂO,C&A MODAS S.A.,109276,109276,62056,5461,01/11/2026,2644,10 - SEM 44 - 2026,(47) 3332-5004,0,,,30,C&A MODAS,11/9/2026,39,0,0,31,,,0,0,100,0,0,2644,003,T52A - BBO,30,SORTER,N,N,SSNN
078049,2,834,,0,10 - SEM 44 - 2026,14/02,"9,4562",,Y06,0,0,T00,TOP CURTO (TOP),PP SAMPLE ENVIADA 12/02,,"15,8",01/11/2026,2,0,GASPAR,AVENIDA DEPUTADO FRANCISCO MASTELLA,3955,SETE DE SETEMBRO,,1,28/08/2026,18/10/2026,,1,24,TIN - RESERVA DE MALHA,2642,0,,0,00.577.158/0001-29,,,9,9 lcc,0,OP PRODUÇÃO,0,0,CLASSIFICAR MODELO/FAMILIA,,,0097,GERAL,ENG,ENG - PREÇO COSTURA,,,Lib corte,,03/05/2026,00/01/1900,086,DISNEY C&A,CONFECCOES ONEDA LTDA,01.14.01.2972,TOP CURTO / BOBS-01.14.01.2555,01,S-BLUSA / TOP,S,C7AR,C7AR - FEIRA WINTER I 2025 ( PROD. AS BS) REPEATS INCLUSOS,12538,VERMELHO ESCURO,5,58,390,306,0,0,0,23/09/2026,23/09/2026,902,PCP/TINTURARIA/CORTE/COSTURA/EXPEDIÇÃO,26,,ENCAIXE,0,PC,LIBERADO PARA PRODUÇÂO,C&A MODAS S.A.,109276,109276,62056,5461,01/11/2026,2644,10 - SEM 44 - 2026,(47) 3332-5004,0,,,30,C&A MODAS,11/9/2026,39,0,0,84,,,0,0,100,0,0,2644,003,T52A - BBO,30,SORTER,N,N,SSNN
076440,1,07033,,0,11 - SEM 45 - 2026,,0,,A30,0,0,B00,SHORTS (BOTTON),,,"15,5",08/11/2026,0,0,BLUMENAU,R WERNER DUWE,3408,BADENFURT,M & A CORTE FINO,3,28/04/2026,02/08/2026,,1,,,2625,0,,0,46.548.941/0001-65,,,13,9 lcc,0,OP PRODUÇÃO,0,0,CLASSIFICAR MODELO/FAMILIA,,,02,FACÇÕES,COR,COR - CORTE,,,Lib corte,,25/10/2026,00/01/1900,085,SEM LICENSA C&A,M & A CORTE FINO LTDA,01.14.00.7288D,SHORTS \ 2025-2-12527,57,I - FRENTE SHORTS,N,CEAR,CEAR - FEIRA SUMMER II 2026 (PROD AS BS) REPEATS,12538,VERMELHO ESCURO,1,10,206,168,0,0,0,06/05/2026,11/05/2026,C09,CORTA/PRÉ-COSTURA/CASEADO/AGUARDANDO DISTRIBUIÇÃO,20,,CORTE,0,PC,LIBERADO PARA PRODUÇÂO,C&A MODAS S.A.,BOTTOM,,61256,5461,08/11/2026,2645,11 - SEM 45 - 2026,(47) 9219-2452,0,,,30,C&A MODAS,15/7/2026,46,-135,140,38,,,0,0,100,0,0,2645,003,T52A - BBO,30,SORTER,N,N,SSNN
076440,1,07033,,0,11 - SEM 45 - 2026,,0,,A30,0,0,B00,SHORTS (BOTTON),,,"15,5",08/11/2026,0,0,BLUMENAU,R WERNER DUWE,3408,BADENFURT,M & A CORTE FINO,3,28/04/2026,2/8/2026,,1,,,2625,0,,0,46.548.941/0001-65,,,13,9 lcc,0,OP PRODUÇÃO,0,0,CLASSIFICAR MODELO/FAMILIA,,,02,FACÇÕES,COR,COR - CORTE,,,Lib corte,,25/10/2026,00/01/1900,085,SEM LICENSA C&A,M & A CORTE FINO LTDA,01.14.00.7288D,SHORTS \ 2025-2-12527,57,I - FRENTE SHORTS,N,CEAR,CEAR - FEIRA SUMMER II 2026 (PROD AS BS) REPEATS,12538,VERMELHO ESCURO,2,11,412,336,0,0,0,06/05/2026,11/05/2026,C09,CORTA/PRÉ-COSTURA/CASEADO/AGUARDANDO DISTRIBUIÇÃO,20,,CORTE,0,PC,LIBERADO PARA PRODUÇÂO,C&A MODAS S.A.,BOTTOM,,61256,5461,08/11/2026,2645,11 - SEM 45 - 2026,(47) 9219-2452,0,,,30,C&A MODAS,15/7/2026,46,-135,140,76,,,0,0,100,0,0,2645,003,T52A - BBO,30,SORTER,N,N,SSNN
076440,1,07033,,0,11 - SEM 45 - 2026,,0,,A30,0,0,B00,SHORTS (BOTTON),,,"15,5",08/11/2026,0,0,BLUMENAU,R WERNER DUWE,3408,BADENFURT,M & A CORTE FINO,3,28/04/2026,2/8/2026,,1,,,2625,0,,0,46.548.941/0001-65,,,13,9 lcc,0,OP PRODUÇÃO,0,0,CLASSIFICAR MODELO/FAMILIA,,,02,FACÇÕES,COR,COR - CORTE,,,Lib corte,,25/10/2026,00/01/1900,085,SEM LICENSA C&A,M & A CORTE FINO LTDA,01.14.00.7288D,SHORTS \ 2025-2-12527,57,I - FRENTE SHORTS,N,CEAR,CEAR - FEIRA SUMMER II 2026 (PROD AS BS) REPEATS,12538,VERMELHO ESCURO,3,12,618,504,0,0,0,06/05/2026,11/05/2026,C09,CORTA/PRÉ-COSTURA/CASEADO/AGUARDANDO DISTRIBUIÇÃO,20,,CORTE,0,PC,LIBERADO PARA PRODUÇÂO,C&A MODAS S.A.,BOTTOM,,61256,5461,08/11/2026,2645,11 - SEM 45 - 2026,(47) 9219-2452,0,,,30,C&A MODAS,15/7/2026,46,-135,140,114,,,0,0,100,0,0,2645,003,T52A - BBO,30,SORTER,N,N,SSNN
076440,1,07033,,0,11 - SEM 45 - 2026,,0,,A30,0,0,B00,SHORTS (BOTTON),,,"15,5",08/11/2026,0,0,BLUMENAU,R WERNER DUWE,3408,BADENFURT,M & A CORTE FINO,3,28/04/2026,2/8/2026,,1,,,2625,0,,0,46.548.941/0001-65,,,13,9 lcc,0,OP PRODUÇÃO,0,0,CLASSIFICAR MODELO/FAMILIA,,,02,FACÇÕES,COR,COR - CORTE,,,Lib corte,,25/10/2026,00/01/1900,085,SEM LICENSA C&A,M & A CORTE FINO LTDA,01.14.00.7288D,SHORTS \ 2025-2-12527,57,I - FRENTE SHORTS,N,CEAR,CEAR - FEIRA SUMMER II 2026 (PROD AS BS) REPEATS,12538,VERMELHO ESCURO,4,13,412,336,0,0,0,06/05/2026,11/05/2026,C09,CORTA/PRÉ-COSTURA/CASEADO/AGUARDANDO DISTRIBUIÇÃO,20,,CORTE,0,PC,LIBERADO PARA PRODUÇÂO,C&A MODAS S.A.,BOTTOM,,61256,5461,08/11/2026,2645,11 - SEM 45 - 2026,(47) 9219-2452,0,,,30,C&A MODAS,15/7/2026,46,-135,140,76,,,0,0,100,0,0,2645,003,T52A - BBO,30,SORTER,N,N,SSNN
076440,1,07033,,0,11 - SEM 45 - 2026,,0,,A30,0,0,B00,SHORTS (BOTTON),,,"15,5",08/11/2026,0,0,BLUMENAU,R WERNER DUWE,3408,BADENFURT,M & A CORTE FINO,3,28/04/2026,2/8/2026,,1,,,2625,0,,0,46.548.941/0001-65,,,13,9 lcc,0,OP PRODUÇÃO,0,0,CLASSIFICAR MODELO/FAMILIA,,,02,FACÇÕES,COR,COR - CORTE,,,Lib corte,,25/10/2026,00/01/1900,085,SEM LICENSA C&A,M & A CORTE FINO LTDA,01.14.00.7288D,SHORTS \ 2025-2-12527,57,I - FRENTE SHORTS,N,CEAR,CEAR - FEIRA SUMMER II 2026 (PROD AS BS) REPEATS,12538,VERMELHO ESCURO,5,58,412,336,0,0,0,06/05/2026,11/05/2026,C09,CORTA/PRÉ-COSTURA/CASEADO/AGUARDANDO DISTRIBUIÇÃO,20,,CORTE,0,PC,LIBERADO PARA PRODUÇÂO,C&A MODAS S.A.,BOTTOM,,61256,5461,08/11/2026,2645,11 - SEM 45 - 2026,(47) 9219-2452,0,,,30,C&A MODAS,15/7/2026,46,-135,140,76,,,0,0,100,0,0,2645,003,T52A - BBO,30,SORTER,N,N,SSNN
076446,1,01514,297,0,12 - SEM 50 - 2026,,"13,7481",,A18 (ASQ4),0,0,B00,SHORTS (BOTTON),,,"15,5",13/12/2026,0,0,ILHOTA,R MARIA LUIZA DE SOUZA,134,DAS MISSOES,TALHAÇÃO FAVIN,3,28/04/2026,27/9/2026,,1,,,2625,0,,0,20.130.488/0001-89,,TALHACAO DE ROUPAS FORCELINI LTDA - ME,13,9 lcc,0,OP PRODUÇÃO,0,0,CLASSIFICAR MODELO/FAMILIA,,,02,FACÇÕES,COR,COR - CORTE,,,Lib corte,,25/10/2026,00/01/1900,085,SEM LICENSA C&A,TALHACAO DE ROUPAS FAVIN FORCELINI LTDA - ME,01.14.00.7288B,SHORTS,57,I - FRENTE SHORTS,N,C9AN,C9AN - FEIRA SUMMER I 2025 ( PROD. AS E BS) - EM NEGOCIAÇÃO,56,VERDE MEDIO,1,10,731,0,0,0,0,27/07/2026,30/07/2026,C09,CORTA/PRÉ-COSTURA/CASEADO/AGUARDANDO DISTRIBUIÇÃO,20,,CORTE,0,PC,LIBERADO PARA PRODUÇÂO,C&A MODAS S.A.,BOTTOM,,61250,5461,13/12/2026,2650,12 - SEM 50 - 2026,3343-1574,0,,,30,C&A MODAS,9/9/2026,81,-55,58,731,,,0,0,100,0,0,2650,003,T52A - BBO,30,SORTER,N,N,SSNN
076446,1,01514,297,0,12 - SEM 50 - 2026,,"13,7481",,A18 (ASQ4),0,0,B00,SHORTS (BOTTON),,,"15,5",13/12/2026,0,0,ILHOTA,R MARIA LUIZA DE SOUZA,134,DAS MISSOES,TALHAÇÃO FAVIN,3,28/04/2026,27/9/2026,,1,,,2625,0,,0,20.130.488/0001-89,,TALHACAO DE ROUPAS FORCELINI LTDA - ME,13,9 lcc,0,OP PRODUÇÃO,0,0,CLASSIFICAR MODELO/FAMILIA,,,02,FACÇÕES,COR,COR - CORTE,,,Lib corte,,25/10/2026,00/01/1900,085,SEM LICENSA C&A,TALHACAO DE ROUPAS FAVIN FORCELINI LTDA - ME,01.14.00.7288B,SHORTS,57,I - FRENTE SHORTS,N,C9AN,C9AN - FEIRA SUMMER I 2025 ( PROD. AS E BS) - EM NEGOCIAÇÃO,56,VERDE MEDIO,2,11,1452,0,0,0,0,27/07/2026,30/07/2026,C09,CORTA/PRÉ-COSTURA/CASEADO/AGUARDANDO DISTRIBUIÇÃO,20,,CORTE,0,PC,LIBERADO PARA PRODUÇÂO,C&A MODAS S.A.,BOTTOM,,61250,5461,13/12/2026,2650,12 - SEM 50 - 2026,3343-1574,0,,,30,C&A MODAS,9/9/2026,81,-55,58,1452,,,0,0,100,0,0,2650,003,T52A - BBO,30,SORTER,N,N,SSNN
076446,1,01514,297,0,12 - SEM 50 - 2026,,"13,7481",,A18 (ASQ4),0,0,B00,SHORTS (BOTTON),,,"15,5",13/12/2026,0,0,ILHOTA,R MARIA LUIZA DE SOUZA,134,DAS MISSOES,TALHAÇÃO FAVIN,3,28/04/2026,27/9/2026,,1,,,2625,0,,0,20.130.488/0001-89,,TALHACAO DE ROUPAS FORCELINI LTDA - ME,13,9 lcc,0,OP PRODUÇÃO,0,0,CLASSIFICAR MODELO/FAMILIA,,,02,FACÇÕES,COR,COR - CORTE,,,Lib corte,,25/10/2026,00/01/1900,085,SEM LICENSA C&A,TALHACAO DE ROUPAS FAVIN FORCELINI LTDA - ME,01.14.00.7288B,SHORTS,57,I - FRENTE SHORTS,N,C9AN,C9AN - FEIRA SUMMER I 2025 ( PROD. AS E BS) - EM NEGOCIAÇÃO,56,VERDE MEDIO,3,12,1380,0,0,0,0,27/07/2026,30/07/2026,C09,CORTA/PRÉ-COSTURA/CASEADO/AGUARDANDO DISTRIBUIÇÃO,20,,CORTE,0,PC,LIBERADO PARA PRODUÇÂO,C&A MODAS S.A.,BOTTOM,,61250,5461,13/12/2026,2650,12 - SEM 50 - 2026,3343-1574,0,,,30,C&A MODAS,9/9/2026,81,-55,58,1380,,,0,0,100,0,0,2650,003,T52A - BBO,30,SORTER,N,N,SSNN
076446,1,01514,297,0,12 - SEM 50 - 2026,,"13,7481",,A18 (ASQ4),0,0,B00,SHORTS (BOTTON),,,"15,5",13/12/2026,0,0,ILHOTA,R MARIA LUIZA DE SOUZA,134,DAS MISSOES,TALHAÇÃO FAVIN,3,28/04/2026,27/9/2026,,1,,,2625,0,,0,20.130.488/0001-89,,TALHACAO DE ROUPAS FORCELINI LTDA - ME,13,9 lcc,0,OP PRODUÇÃO,0,0,CLASSIFICAR MODELO/FAMILIA,,,02,FACÇÕES,COR,COR - CORTE,,,Lib corte,,25/10/2026,00/01/1900,085,SEM LICENSA C&A,TALHACAO DE ROUPAS FAVIN FORCELINI LTDA - ME,01.14.00.7288B,SHORTS,57,I - FRENTE SHORTS,N,C9AN,C9AN - FEIRA SUMMER I 2025 ( PROD. AS E BS) - EM NEGOCIAÇÃO,56,VERDE MEDIO,4,13,1020,0,0,0,0,27/07/2026,30/07/2026,C09,CORTA/PRÉ-COSTURA/CASEADO/AGUARDANDO DISTRIBUIÇÃO,20,,CORTE,0,PC,LIBERADO PARA PRODUÇÂO,C&A MODAS S.A.,BOTTOM,,61250,5461,13/12/2026,2650,12 - SEM 50 - 2026,3343-1574,0,,,30,C&A MODAS,9/9/2026,81,-55,58,1020,,,0,0,100,0,0,2650,003,T52A - BBO,30,SORTER,N,N,SSNN
076446,1,01514,297,0,12 - SEM 50 - 2026,,"13,7481",,A18 (ASQ4),0,0,B00,SHORTS (BOTTON),,,"15,5",13/12/2026,0,0,ILHOTA,R MARIA LUIZA DE SOUZA,134,DAS MISSOES,TALHAÇÃO FAVIN,3,28/04/2026,27/9/2026,,1,,,2625,0,,0,20.130.488/0001-89,,TALHACAO DE ROUPAS FORCELINI LTDA - ME,13,9 lcc,0,OP PRODUÇÃO,0,0,CLASSIFICAR MODELO/FAMILIA,,,02,FACÇÕES,COR,COR - CORTE,,,Lib corte,,25/10/2026,00/01/1900,085,SEM LICENSA C&A,TALHACAO DE ROUPAS FAVIN FORCELINI LTDA - ME,01.14.00.7288B,SHORTS,57,I - FRENTE SHORTS,N,C9AN,C9AN - FEIRA SUMMER I 2025 ( PROD. AS E BS) - EM NEGOCIAÇÃO,56,VERDE MEDIO,5,58,597,0,0,0,0,27/07/2026,30/07/2026,C09,CORTA/PRÉ-COSTURA/CASEADO/AGUARDANDO DISTRIBUIÇÃO,20,,CORTE,0,PC,LIBERADO PARA PRODUÇÂO,C&A MODAS S.A.,BOTTOM,,61250,5461,13/12/2026,2650,12 - SEM 50 - 2026,3343-1574,0,,,30,C&A MODAS,9/9/2026,81,-55,58,597,,,0,0,100,0,0,2650,003,T52A - BBO,30,SORTER,N,N,SSNN
076447,1,01514,297,0,12 - SEM 50 - 2026,,"13,7481",,A18 (ASQ4),0,0,B00,SHORTS (BOTTON),,,"15,5",13/12/2026,0,0,ILHOTA,R MARIA LUIZA DE SOUZA,134,DAS MISSOES,TALHAÇÃO FAVIN,3,28/04/2026,11/10/2026,,1,,,2625,0,,0,20.130.488/0001-89,,TALHACAO DE ROUPAS FORCELINI LTDA - ME,13,9 lcc,0,OP PRODUÇÃO,0,0,CLASSIFICAR MODELO/FAMILIA,,,02,FACÇÕES,COR,COR - CORTE,,,Lib corte,,25/10/2026,00/01/1900,085,SEM LICENSA C&A,TALHACAO DE ROUPAS FAVIN FORCELINI LTDA - ME,01.14.00.7288B,SHORTS,57,I - FRENTE SHORTS,N,C9AN,C9AN - FEIRA SUMMER I 2025 ( PROD. AS E BS) - EM NEGOCIAÇÃO,56,VERDE MEDIO,1,10,824,0,0,0,0,18/08/2026,21/08/2026,C09,CORTA/PRÉ-COSTURA/CASEADO/AGUARDANDO DISTRIBUIÇÃO,20,,CORTE,0,PC,LIBERADO PARA PRODUÇÂO,C&A MODAS S.A.,BOTTOM,,61251,5461,13/12/2026,2650,12 - SEM 50 - 2026,3343-1574,0,,,30,C&A MODAS,23/9/2026,81,-33,36,824,,,0,0,100,0,0,2650,003,T52A - BBO,30,SORTER,N,N,SSNN
076447,1,01514,297,0,12 - SEM 50 - 2026,,"13,7481",,A18 (ASQ4),0,0,B00,SHORTS (BOTTON),,,"15,5",13/12/2026,0,0,ILHOTA,R MARIA LUIZA DE SOUZA,134,DAS MISSOES,TALHAÇÃO FAVIN,3,28/04/2026,11/10/2026,,1,,,2625,0,,0,20.130.488/0001-89,,TALHACAO DE ROUPAS FORCELINI LTDA - ME,13,9 lcc,0,OP PRODUÇÃO,0,0,CLASSIFICAR MODELO/FAMILIA,,,02,FACÇÕES,COR,COR - CORTE,,,Lib corte,,25/10/2026,00/01/1900,085,SEM LICENSA C&A,TALHACAO DE ROUPAS FAVIN FORCELINI LTDA - ME,01.14.00.7288B,SHORTS,57,I - FRENTE SHORTS,N,C9AN,C9AN - FEIRA SUMMER I 2025 ( PROD. AS E BS) - EM NEGOCIAÇÃO,56,VERDE MEDIO,2,11,1535,0,0,0,0,18/08/2026,21/08/2026,C09,CORTA/PRÉ-COSTURA/CASEADO/AGUARDANDO DISTRIBUIÇÃO,20,,CORTE,0,PC,LIBERADO PARA PRODUÇÂO,C&A MODAS S.A.,BOTTOM,,61251,5461,13/12/2026,2650,12 - SEM 50 - 2026,3343-1574,0,,,30,C&A MODAS,23/9/2026,81,-33,36,1535,,,0,0,100,0,0,2650,003,T52A - BBO,30,SORTER,N,N,SSNN
076447,1,01514,297,0,12 - SEM 50 - 2026,,"13,7481",,A18 (ASQ4),0,0,B00,SHORTS (BOTTON),,,"15,5",13/12/2026,0,0,ILHOTA,R MARIA LUIZA DE SOUZA,134,DAS MISSOES,TALHAÇÃO FAVIN,3,28/04/2026,11/10/2026,,1,,,2625,0,,0,20.130.488/0001-89,,TALHACAO DE ROUPAS FORCELINI LTDA - ME,13,9 lcc,0,OP PRODUÇÃO,0,0,CLASSIFICAR MODELO/FAMILIA,,,02,FACÇÕES,COR,COR - CORTE,,,Lib corte,,25/10/2026,00/01/1900,085,SEM LICENSA C&A,TALHACAO DE ROUPAS FAVIN FORCELINI LTDA - ME,01.14.00.7288B,SHORTS,57,I - FRENTE SHORTS,N,C9AN,C9AN - FEIRA SUMMER I 2025 ( PROD. AS E BS) - EM NEGOCIAÇÃO,56,VERDE MEDIO,3,12,1494,0,0,0,0,18/08/2026,21/08/2026,C09,CORTA/PRÉ-COSTURA/CASEADO/AGUARDANDO DISTRIBUIÇÃO,20,,CORTE,0,PC,LIBERADO PARA PRODUÇÂO,C&A MODAS S.A.,BOTTOM,,61251,5461,13/12/2026,2650,12 - SEM 50 - 2026,3343-1574,0,,,30,C&A MODAS,23/9/2026,81,-33,36,1494,,,0,0,100,0,0,2650,003,T52A - BBO,30,SORTER,N,N,SSNN
076447,1,01514,297,0,12 - SEM 50 - 2026,,"13,7481",,A18 (ASQ4),0,0,B00,SHORTS (BOTTON),,,"15,5",13/12/2026,0,0,ILHOTA,R MARIA LUIZA DE SOUZA,134,DAS MISSOES,TALHAÇÃO FAVIN,3,28/04/2026,11/10/2026,,1,,,2625,0,,0,20.130.488/0001-89,,TALHACAO DE ROUPAS FORCELINI LTDA - ME,13,9 lcc,0,OP PRODUÇÃO,0,0,CLASSIFICAR MODELO/FAMILIA,,,02,FACÇÕES,COR,COR - CORTE,,,Lib corte,,25/10/2026,00/01/1900,085,SEM LICENSA C&A,TALHACAO DE ROUPAS FAVIN FORCELINI LTDA - ME,01.14.00.7288B,SHORTS,57,I - FRENTE SHORTS,N,C9AN,C9AN - FEIRA SUMMER I 2025 ( PROD. AS E BS) - EM NEGOCIAÇÃO,56,VERDE MEDIO,4,13,1143,0,0,0,0,18/08/2026,21/08/2026,C09,CORTA/PRÉ-COSTURA/CASEADO/AGUARDANDO DISTRIBUIÇÃO,20,,CORTE,0,PC,LIBERADO PARA PRODUÇÂO,C&A MODAS S.A.,BOTTOM,,61251,5461,13/12/2026,2650,12 - SEM 50 - 2026,3343-1574,0,,,30,C&A MODAS,23/9/2026,81,-33,36,1143,,,0,0,100,0,0,2650,003,T52A - BBO,30,SORTER,N,N,SSNN
076447,1,01514,297,0,12 - SEM 50 - 2026,,"13,7481",,A18 (ASQ4),0,0,B00,SHORTS (BOTTON),,,"15,5",13/12/2026,0,0,ILHOTA,R MARIA LUIZA DE SOUZA,134,DAS MISSOES,TALHAÇÃO FAVIN,3,28/04/2026,11/10/2026,,1,,,2625,0,,0,20.130.488/0001-89,,TALHACAO DE ROUPAS FORCELINI LTDA - ME,13,9 lcc,0,OP PRODUÇÃO,0,0,CLASSIFICAR MODELO/FAMILIA,,,02,FACÇÕES,COR,COR - CORTE,,,Lib corte,,25/10/2026,00/01/1900,085,SEM LICENSA C&A,TALHACAO DE ROUPAS FAVIN FORCELINI LTDA - ME,01.14.00.7288B,SHORTS,57,I - FRENTE SHORTS,N,C9AN,C9AN - FEIRA SUMMER I 2025 ( PROD. AS E BS) - EM NEGOCIAÇÃO,56,VERDE MEDIO,5,58,690,0,0,0,0,18/08/2026,21/08/2026,C09,CORTA/PRÉ-COSTURA/CASEADO/AGUARDANDO DISTRIBUIÇÃO,20,,CORTE,0,PC,LIBERADO PARA PRODUÇÂO,C&A MODAS S.A.,BOTTOM,,61251,5461,13/12/2026,2650,12 - SEM 50 - 2026,3343-1574,0,,,30,C&A MODAS,23/9/2026,81,-33,36,690,,,0,0,100,0,0,2650,003,T52A - BBO,30,SORTER,N,N,SSNN
077572,1,04901,332,0,10 - SEM 42 - 2026,22/05,"18,619",,B21,0,0,T22,TOP CURTO POLIÉSTER (TOP),,,34,08/11/2026,5,0,BLUMENAU,R MARIA DE LOURDES PRIM,120,TRIBESS,"RETRU TALHACOES, CONFECCOES E COMERCIO LTDA",3,30/07/2026,18/10/2026,,1,,,2638,0,,0,00.968.233/0001-82,,TRANSADI TRANSPORTES EIRELI,13,5 L CF,2,OP PROJEÇÃO,0,0,CLASSIFICAR MODELO/FAMILIA,,,0066,CORTE,COR,COR - CORTE,,,ok CLiente/ fazend teste grade/mov,,00/01/1900,00/01/1900,073,BARCELONA,"RETRU TALHACOES, CONFECCOES E COMERCIO LTDA",02.16.42.0050,TOP CURTO POLIESTER / LCO_SS27_CMC_0012,05,S- MANGA,N,RR7R,RR7R - LINE RENNER VERÃO 27 - SEGUNDA ENTRADA - REPEATS,000729,BEET RED,9-10,54,2246,1617,0,0,0,15/09/2026,18/09/2026,A51,CORTA/ESTAMPA/C.QUALIDADE/AGUARD. DISTRIBUIÇAO,20,,CORTE,0,PC,LIBERADO PARA PRODUÇÂO,LOJAS RENNER S.A.,6149251,6149251,61795,4707,08/11/2026,2645,11 - SEM 45 - 2026,3339-1009,0,,,104,RENNER,29/9/2026,46,-5,8,629,,,0,0,100,0,0,2642,R8,LICENSE MENINO RENNER,17,CABIDE,N,N,SSNN
077572,1,04901,332,0,10 - SEM 42 - 2026,22/05,"18,619",,B21,0,0,T22,TOP CURTO POLIÉSTER (TOP),,,34,08/11/2026,5,0,BLUMENAU,R MARIA DE LOURDES PRIM,120,TRIBESS,"RETRU TALHACOES, CONFECCOES E COMERCIO LTDA",3,30/07/2026,18/10/2026,,1,,,2638,0,,0,00.968.233/0001-82,,TRANSADI TRANSPORTES EIRELI,13,5 L CF,2,OP PROJEÇÃO,0,0,CLASSIFICAR MODELO/FAMILIA,,,0066,CORTE,COR,COR - CORTE,,,ok CLiente/ fazend teste grade/mov,,00/01/1900,00/01/1900,073,BARCELONA,"RETRU TALHACOES, CONFECCOES E COMERCIO LTDA",02.16.42.0050,TOP CURTO POLIESTER / LCO_SS27_CMC_0012,05,S- MANGA,N,RR7R,RR7R - LINE RENNER VERÃO 27 - SEGUNDA ENTRADA - REPEATS,000729,BEET RED,1112,55,2236,1617,0,0,0,15/09/2026,18/09/2026,A51,CORTA/ESTAMPA/C.QUALIDADE/AGUARD. DISTRIBUIÇAO,20,,CORTE,0,PC,LIBERADO PARA PRODUÇÂO,LOJAS RENNER S.A.,6149251,6149251,61795,4707,08/11/2026,2645,11 - SEM 45 - 2026,3339-1009,0,,,104,RENNER,29/9/2026,46,-5,8,619,,,0,0,100,0,0,2642,R8,LICENSE MENINO RENNER,17,CABIDE,N,N,SSNN
077572,1,04901,332,0,10 - SEM 42 - 2026,22/05,"18,619",,B21,0,0,T22,TOP CURTO POLIÉSTER (TOP),,,34,08/11/2026,5,0,BLUMENAU,R MARIA DE LOURDES PRIM,120,TRIBESS,"RETRU TALHACOES, CONFECCOES E COMERCIO LTDA",3,30/07/2026,18/10/2026,,1,,,2638,0,,0,00.968.233/0001-82,,TRANSADI TRANSPORTES EIRELI,13,5 L CF,2,OP PROJEÇÃO,0,0,CLASSIFICAR MODELO/FAMILIA,,,0066,CORTE,COR,COR - CORTE,,,ok CLiente/ fazend teste grade/mov,,00/01/1900,00/01/1900,073,BARCELONA,"RETRU TALHACOES, CONFECCOES E COMERCIO LTDA",02.16.42.0050,TOP CURTO POLIESTER / LCO_SS27_CMC_0012,08,S-FRENTE,N,RR7R,RR7R - LINE RENNER VERÃO 27 - SEGUNDA ENTRADA - REPEATS,000729,BEET RED,9-10,54,2246,1617,0,0,0,15/09/2026,18/09/2026,A00,CORTA/ESTAMPA/APLIQUE/AGUARDANDO DISTRIBUIÇÃO,20,,CORTE,0,PC,LIBERADO PARA PRODUÇÂO,LOJAS RENNER S.A.,6149251,6149251,61795,4707,08/11/2026,2645,11 - SEM 45 - 2026,3339-1009,0,,,104,RENNER,1/10/2026,46,-5,8,629,,,0,0,100,0,0,2642,R8,LICENSE MENINO RENNER,17,CABIDE,N,N,SSNN
077572,1,04901,332,0,10 - SEM 42 - 2026,22/05,"18,619",,B21,0,0,T22,TOP CURTO POLIÉSTER (TOP),,,34,08/11/2026,5,0,BLUMENAU,R MARIA DE LOURDES PRIM,120,TRIBESS,"RETRU TALHACOES, CONFECCOES E COMERCIO LTDA",3,30/07/2026,18/10/2026,,1,,,2638,0,,0,00.968.233/0001-82,,TRANSADI TRANSPORTES EIRELI,13,5 L CF,2,OP PROJEÇÃO,0,0,CLASSIFICAR MODELO/FAMILIA,,,0066,CORTE,COR,COR - CORTE,,,ok CLiente/ fazend teste grade/mov,,00/01/1900,00/01/1900,073,BARCELONA,"RETRU TALHACOES, CONFECCOES E COMERCIO LTDA",02.16.42.0050,TOP CURTO POLIESTER / LCO_SS27_CMC_0012,08,S-FRENTE,N,RR7R,RR7R - LINE RENNER VERÃO 27 - SEGUNDA ENTRADA - REPEATS,000729,BEET RED,1112,55,2236,1617,0,0,0,15/09/2026,18/09/2026,A00,CORTA/ESTAMPA/APLIQUE/AGUARDANDO DISTRIBUIÇÃO,20,,CORTE,0,PC,LIBERADO PARA PRODUÇÂO,LOJAS RENNER S.A.,6149251,6149251,61795,4707,08/11/2026,2645,11 - SEM 45 - 2026,3339-1009,0,,,104,RENNER,1/10/2026,46,-5,8,619,,,0,0,100,0,0,2642,R8,LICENSE MENINO RENNER,17,CABIDE,N,N,SSNN
077572,1,04901,332,0,10 - SEM 42 - 2026,22/05,"18,619",,B21,0,0,T22,TOP CURTO POLIÉSTER (TOP),,,34,08/11/2026,5,0,BLUMENAU,R MARIA DE LOURDES PRIM,120,TRIBESS,"RETRU TALHACOES, CONFECCOES E COMERCIO LTDA",3,30/07/2026,18/10/2026,,1,,,2638,0,,0,00.968.233/0001-82,,TRANSADI TRANSPORTES EIRELI,13,5 L CF,2,OP PROJEÇÃO,0,0,CLASSIFICAR MODELO/FAMILIA,,,0066,CORTE,COR,COR - CORTE,,,ok CLiente/ fazend teste grade/mov,,00/01/1900,00/01/1900,073,BARCELONA,"RETRU TALHACOES, CONFECCOES E COMERCIO LTDA",02.16.42.0050,TOP CURTO POLIESTER / LCO_SS27_CMC_0012,35,S - COSTA INTERNA,N,RR7R,RR7R - LINE RENNER VERÃO 27 - SEGUNDA ENTRADA - REPEATS,000729,BEET RED,9-10,54,2246,1617,0,0,0,15/09/2026,18/09/2026,A51,CORTA/ESTAMPA/C.QUALIDADE/AGUARD. DISTRIBUIÇAO,20,,CORTE,0,PC,LIBERADO PARA PRODUÇÂO,LOJAS RENNER S.A.,6149251,6149251,61795,4707,08/11/2026,2645,11 - SEM 45 - 2026,3339-1009,0,,,104,RENNER,2/10/2026,46,-5,8,629,,,0,0,100,0,0,2642,R8,LICENSE MENINO RENNER,17,CABIDE,N,N,SSNN
077572,1,04901,332,0,10 - SEM 42 - 2026,22/05,"18,619",,B21,0,0,T22,TOP CURTO POLIÉSTER (TOP),,,34,08/11/2026,5,0,BLUMENAU,R MARIA DE LOURDES PRIM,120,TRIBESS,"RETRU TALHACOES, CONFECCOES E COMERCIO LTDA",3,30/07/2026,18/10/2026,,1,,,2638,0,,0,00.968.233/0001-82,,TRANSADI TRANSPORTES EIRELI,13,5 L CF,2,OP PROJEÇÃO,0,0,CLASSIFICAR MODELO/FAMILIA,,,0066,CORTE,COR,COR - CORTE,,,ok CLiente/ fazend teste grade/mov,,00/01/1900,00/01/1900,073,BARCELONA,"RETRU TALHACOES, CONFECCOES E COMERCIO LTDA",02.16.42.0050,TOP CURTO POLIESTER / LCO_SS27_CMC_0012,35,S - COSTA INTERNA,N,RR7R,RR7R - LINE RENNER VERÃO 27 - SEGUNDA ENTRADA - REPEATS,000729,BEET RED,1112,55,2236,1617,0,0,0,15/09/2026,18/09/2026,A51,CORTA/ESTAMPA/C.QUALIDADE/AGUARD. DISTRIBUIÇAO,20,,CORTE,0,PC,LIBERADO PARA PRODUÇÂO,LOJAS RENNER S.A.,6149251,6149251,61795,4707,08/11/2026,2645,11 - SEM 45 - 2026,3339-1009,0,,,104,RENNER,2/10/2026,46,-5,8,619,,,0,0,100,0,0,2642,R8,LICENSE MENINO RENNER,17,CABIDE,N,N,SSNN
077604,1,834,,0,09 - SEM 39 - 2026,22/03,"33,1128",,B13,0,0,T13,POLO CURTO (TOP),,"21608H.DST R$1,55 COM PROTEÇÃO","26,35",11/10/2026,0,0,GASPAR,AVENIDA DEPUTADO FRANCISCO MASTELLA,3955,SETE DE SETEMBRO,,3,04/08/2026,27/09/2026,,1,,,2639,0,,0,00.577.158/0001-29,,,13,9 lcc,0,OP PRODUÇÃO,0,0,CLASSIFICAR MODELO/FAMILIA,,,0097,GERAL,COR,COR - CORTE,,,Lib corte,,00/01/1900,00/01/1900,149,SEM LICENÇA HERING,CONFECCOES ONEDA LTDA,13.15.00.0437F,POLO CURTO / 53GM-1H,50,S - GOLA RETILINEA,N,H9A,H9A - HERING ALTO VERÃO 2027,1H,1H,2,11,35,0,0,0,0,17/09/2026,22/09/2026,334,PPCP/TINTURARIA/CORTE/AGUARDANDO DISTRIBUIÇÃO,20,,CORTE,0,PC,LIBERADO PARA PRODUÇÂO,CIA. HERING,4507380727,4507380727,61814,5729,11/10/2026,2641,10 - SEM 41 - 2026,(47) 3332-5004,0,,,103,GRUPO SOMA,17/9/2026,18,-1,6,35,,,0,0,100,0,0,2639,H02,T53 - HERING KIDS A,5,CAIXA - LR,N,N,SSNN
077604,1,834,,0,09 - SEM 39 - 2026,22/03,"33,1128",,B13,0,0,T13,POLO CURTO (TOP),,"21608H.DST R$1,55 COM PROTEÇÃO","26,35",11/10/2026,0,0,GASPAR,AVENIDA DEPUTADO FRANCISCO MASTELLA,3955,SETE DE SETEMBRO,,3,04/08/2026,27/09/2026,,1,,,2639,0,,0,00.577.158/0001-29,,,13,9 lcc,0,OP PRODUÇÃO,0,0,CLASSIFICAR MODELO/FAMILIA,,,0097,GERAL,COR,COR - CORTE,,,Lib corte,,00/01/1900,00/01/1900,149,SEM LICENÇA HERING,CONFECCOES ONEDA LTDA,13.15.00.0437F,POLO CURTO / 53GM-1H,50,S - GOLA RETILINEA,N,H9A,H9A - HERING ALTO VERÃO 2027,1H,1H,4,13,48,0,0,0,0,17/09/2026,22/09/2026,334,PPCP/TINTURARIA/CORTE/AGUARDANDO DISTRIBUIÇÃO,20,,CORTE,0,PC,LIBERADO PARA PRODUÇÂO,CIA. HERING,4507380727,4507380727,61814,5729,11/10/2026,2641,10 - SEM 41 - 2026,(47) 3332-5004,0,,,103,GRUPO SOMA,17/9/2026,18,-1,6,48,,,0,0,100,0,0,2639,H02,T53 - HERING KIDS A,5,CAIXA - LR,N,N,SSNN
077604,1,834,,0,09 - SEM 39 - 2026,22/03,"33,1128",,B13,0,0,T13,POLO CURTO (TOP),,"21608H.DST R$1,55 COM PROTEÇÃO","26,35",11/10/2026,0,0,GASPAR,AVENIDA DEPUTADO FRANCISCO MASTELLA,3955,SETE DE SETEMBRO,,3,04/08/2026,27/09/2026,,1,,,2639,0,,0,00.577.158/0001-29,,,13,9 lcc,0,OP PRODUÇÃO,0,0,CLASSIFICAR MODELO/FAMILIA,,,0097,GERAL,COR,COR - CORTE,,,Lib corte,,00/01/1900,00/01/1900,149,SEM LICENÇA HERING,CONFECCOES ONEDA LTDA,13.15.00.0437F,POLO CURTO / 53GM-1H,50,S - GOLA RETILINEA,N,H9A,H9A - HERING ALTO VERÃO 2027,1H,1H,6,14,62,0,0,0,0,17/09/2026,22/09/2026,334,PPCP/TINTURARIA/CORTE/AGUARDANDO DISTRIBUIÇÃO,20,,CORTE,0,PC,LIBERADO PARA PRODUÇÂO,CIA. HERING,4507380727,4507380727,61814,5729,11/10/2026,2641,10 - SEM 41 - 2026,(47) 3332-5004,0,,,103,GRUPO SOMA,17/9/2026,18,-1,6,62,,,0,0,100,0,0,2639,H02,T53 - HERING KIDS A,5,CAIXA - LR,N,N,SSNN
077604,1,834,,0,09 - SEM 39 - 2026,22/03,"33,1128",,B13,0,0,T13,POLO CURTO (TOP),,"21608H.DST R$1,55 COM PROTEÇÃO","26,35",11/10/2026,0,0,GASPAR,AVENIDA DEPUTADO FRANCISCO MASTELLA,3955,SETE DE SETEMBRO,,3,04/08/2026,27/09/2026,,1,,,2639,0,,0,00.577.158/0001-29,,,13,9 lcc,0,OP PRODUÇÃO,0,0,CLASSIFICAR MODELO/FAMILIA,,,0097,GERAL,COR,COR - CORTE,,,Lib corte,,00/01/1900,00/01/1900,149,SEM LICENÇA HERING,CONFECCOES ONEDA LTDA,13.15.00.0437F,POLO CURTO / 53GM-1H,50,S - GOLA RETILINEA,N,H9A,H9A - HERING ALTO VERÃO 2027,1H,1H,8,15,65,0,0,0,0,17/09/2026,22/09/2026,334,PPCP/TINTURARIA/CORTE/AGUARDANDO DISTRIBUIÇÃO,20,,CORTE,0,PC,LIBERADO PARA PRODUÇÂO,CIA. HERING,4507380727,4507380727,61814,5729,11/10/2026,2641,10 - SEM 41 - 2026,(47) 3332-5004,0,,,103,GRUPO SOMA,17/09/2026,18,-1,6,65,,,0,0,100,0,0,2639,H02,T53 - HERING KIDS A,5,CAIXA - LR,N,N,SSNN
077604,1,834,,0,09 - SEM 39 - 2026,22/03,"33,1128",,B13,0,0,T13,POLO CURTO (TOP),,"21608H.DST R$1,55 COM PROTEÇÃO","26,35",11/10/2026,0,0,GASPAR,AVENIDA DEPUTADO FRANCISCO MASTELLA,3955,SETE DE SETEMBRO,,3,04/08/2026,27/09/2026,,1,,,2639,0,,0,00.577.158/0001-29,,,13,9 lcc,0,OP PRODUÇÃO,0,0,CLASSIFICAR MODELO/FAMILIA,,,0097,GERAL,COR,COR - CORTE,,,Lib corte,,00/01/1900,00/01/1900,149,SEM LICENÇA HERING,CONFECCOES ONEDA LTDA,13.15.00.0437F,POLO CURTO / 53GM-1H,50,S - GOLA RETILINEA,N,H9A,H9A - HERING ALTO VERÃO 2027,1H,1H,10,16,70,0,0,0,0,17/09/2026,22/09/2026,334,PPCP/TINTURARIA/CORTE/AGUARDANDO DISTRIBUIÇÃO,20,,CORTE,0,PC,LIBERADO PARA PRODUÇÂO,CIA. HERING,4507380727,4507380727,61814,5729,11/10/2026,2641,10 - SEM 41 - 2026,(47) 3332-5004,0,,,103,GRUPO SOMA,17/09/2026,18,-1,6,70,,,0,0,100,0,0,2639,H02,T53 - HERING KIDS A,5,CAIXA - LR,N,N,SSNN
077604,1,834,,0,09 - SEM 39 - 2026,22/03,"33,1128",,B13,0,0,T13,POLO CURTO (TOP),,"21608H.DST R$1,55 COM PROTEÇÃO","26,35",11/10/2026,0,0,GASPAR,AVENIDA DEPUTADO FRANCISCO MASTELLA,3955,SETE DE SETEMBRO,,3,04/08/2026,27/09/2026,,1,,,2639,0,,0,00.577.158/0001-29,,,13,9 lcc,0,OP PRODUÇÃO,0,0,CLASSIFICAR MODELO/FAMILIA,,,0097,GERAL,COR,COR - CORTE,,,Lib corte,,00/01/1900,00/01/1900,149,SEM LICENÇA HERING,CONFECCOES ONEDA LTDA,13.15.00.0437F,POLO CURTO / 53GM-1H,50,S - GOLA RETILINEA,N,H9A,H9A - HERING ALTO VERÃO 2027,1H,1H,12,17,63,0,0,0,0,17/09/2026,22/09/2026,334,PPCP/TINTURARIA/CORTE/AGUARDANDO DISTRIBUIÇÃO,20,,CORTE,0,PC,LIBERADO PARA PRODUÇÂO,CIA. HERING,4507380727,4507380727,61814,5729,11/10/2026,2641,10 - SEM 41 - 2026,(47) 3332-5004,0,,,103,GRUPO SOMA,17/09/2026,18,-1,6,63,,,0,0,100,0,0,2639,H02,T53 - HERING KIDS A,5,CAIXA - LR,N,N,SSNN
077604,1,834,,0,09 - SEM 39 - 2026,22/03,"33,1128",,B13,0,0,T13,POLO CURTO (TOP),,"21608H.DST R$1,55 COM PROTEÇÃO","26,35",11/10/2026,0,0,GASPAR,AVENIDA DEPUTADO FRANCISCO MASTELLA,3955,SETE DE SETEMBRO,,3,04/08/2026,27/09/2026,,1,,,2639,0,,0,00.577.158/0001-29,,,13,9 lcc,0,OP PRODUÇÃO,0,0,CLASSIFICAR MODELO/FAMILIA,,,0097,GERAL,COR,COR - CORTE,,,Lib corte,,00/01/1900,00/01/1900,149,SEM LICENÇA HERING,CONFECCOES ONEDA LTDA,13.15.00.0437F,POLO CURTO / 53GM-1H,50,S - GOLA RETILINEA,N,H9A,H9A - HERING ALTO VERÃO 2027,1H,1H,14,18,58,0,0,0,0,17/09/2026,22/09/2026,334,PPCP/TINTURARIA/CORTE/AGUARDANDO DISTRIBUIÇÃO,20,,CORTE,0,PC,LIBERADO PARA PRODUÇÂO,CIA. HERING,4507380727,4507380727,61814,5729,11/10/2026,2641,10 - SEM 41 - 2026,(47) 3332-5004,0,,,103,GRUPO SOMA,17/09/2026,18,-1,6,58,,,0,0,100,0,0,2639,H02,T53 - HERING KIDS A,5,CAIXA - LR,N,N,SSNN
077604,1,834,,0,09 - SEM 39 - 2026,22/03,"33,1128",,B13,0,0,T13,POLO CURTO (TOP),,"21608H.DST R$1,55 COM PROTEÇÃO","26,35",11/10/2026,0,0,GASPAR,AVENIDA DEPUTADO FRANCISCO MASTELLA,3955,SETE DE SETEMBRO,,3,4/8/2026,27/9/2026,,1,,,2639,0,,0,00.577.158/0001-29,,,13,9 lcc,0,OP PRODUÇÃO,0,0,CLASSIFICAR MODELO/FAMILIA,,,0097,GERAL,COR,COR - CORTE,,,Lib corte,,00/01/1900,00/01/1900,149,SEM LICENÇA HERING,CONFECCOES ONEDA LTDA,13.15.00.0437F,POLO CURTO / 53GM-1H,50,S - GOLA RETILINEA,N,H9A,H9A - HERING ALTO VERÃO 2027,1H,1H,16,19,41,0,0,0,0,17/09/2026,22/09/2026,334,PPCP/TINTURARIA/CORTE/AGUARDANDO DISTRIBUIÇÃO,20,,CORTE,0,PC,LIBERADO PARA PRODUÇÂO,CIA. HERING,4507380727,4507380727,61814,5729,11/10/2026,2641,10 - SEM 41 - 2026,(47) 3332-5004,0,,,103,GRUPO SOMA,17/09/2026,18,-1,6,41,,,0,0,100,0,0,2639,H02,T53 - HERING KIDS A,5,CAIXA - LR,N,N,SSNN
077627,1,04901,332,0,10 - SEM 43 - 2026,14/08,0,,B33,0,0,T00,TOP CURTO (TOP),,,"32,5",15/11/2026,4,0,BLUMENAU,R MARIA DE LOURDES PRIM,120,TRIBESS,"RETRU TALHACOES, CONFECCOES E COMERCIO LTDA",3,5/8/2026,15/11/2026,,1,,,2641,0,,0,00.968.233/0001-82,,TRANSADI TRANSPORTES EIRELI,13,10 LCM,0,OP PRODUÇÃO,0,0,CLASSIFICAR MODELO/FAMILIA,,,0066,CORTE,COR,COR - CORTE,,,Lib Corte C/ Move testado,,00/01/1900,00/01/1900,073,BARCELONA,"RETRU TALHACOES, CONFECCOES E COMERCIO LTDA",02.16.42.0048,TOP CURTO / LCO_SS27_CMC_0014,08,S-FRENTE,N,RR7R,RR7R - LINE RENNER VERÃO 27 - SEGUNDA ENTRADA - REPEATS,11895,MARITIME BLUE,7-8,53,321,273,0,0,0,04/09/2026,09/09/2026,A60,CORTA/SUBLIMA/APLICA/DISTRIBUIÇÃO,20,,CORTE,0,PC,LIBERADO PARA PRODUÇÂO,LOJAS RENNER S.A.,6149622,6149622,61800,4707,15/11/2026,2646,11 - SEM 46 - 2026,3339-1009,0,,,104,RENNER,19/10/2026,53,-14,19,48,,,0,0,100,0,0,2643,R8,LICENSE MENINO RENNER,17,CABIDE,N,N,SSNN
077627,1,04901,332,0,10 - SEM 43 - 2026,14/08,0,,B33,0,0,T00,TOP CURTO (TOP),,,"32,5",15/11/2026,4,0,BLUMENAU,R MARIA DE LOURDES PRIM,120,TRIBESS,"RETRU TALHACOES, CONFECCOES E COMERCIO LTDA",3,5/8/2026,15/11/2026,,1,,,2641,0,,0,00.968.233/0001-82,,TRANSADI TRANSPORTES EIRELI,13,10 LCM,0,OP PRODUÇÃO,0,0,CLASSIFICAR MODELO/FAMILIA,,,0066,CORTE,COR,COR - CORTE,,,Lib Corte C/ Move testado,,00/01/1900,00/01/1900,073,BARCELONA,"RETRU TALHACOES, CONFECCOES E COMERCIO LTDA",02.16.42.0048,TOP CURTO / LCO_SS27_CMC_0014,08,S-FRENTE,N,RR7R,RR7R - LINE RENNER VERÃO 27 - SEGUNDA ENTRADA - REPEATS,11895,MARITIME BLUE,1112,55,535,455,0,0,0,04/09/2026,09/09/2026,A60,CORTA/SUBLIMA/APLICA/DISTRIBUIÇÃO,20,,CORTE,0,PC,LIBERADO PARA PRODUÇÂO,LOJAS RENNER S.A.,6149622,6149622,61800,4707,15/11/2026,2646,11 - SEM 46 - 2026,3339-1009,0,,,104,RENNER,19/10/2026,53,-14,19,80,,,0,0,100,0,0,2643,R8,LICENSE MENINO RENNER,17,CABIDE,N,N,SSNN
077627,1,04901,332,0,10 - SEM 43 - 2026,14/08,0,,B33,0,0,T00,TOP CURTO (TOP),,,"32,5",15/11/2026,4,0,BLUMENAU,R MARIA DE LOURDES PRIM,120,TRIBESS,"RETRU TALHACOES, CONFECCOES E COMERCIO LTDA",3,5/8/2026,15/11/2026,,1,,,2641,0,,0,00.968.233/0001-82,,TRANSADI TRANSPORTES EIRELI,13,10 LCM,0,OP PRODUÇÃO,0,0,CLASSIFICAR MODELO/FAMILIA,,,0066,CORTE,COR,COR - CORTE,,,Lib Corte C/ Move testado,,00/01/1900,00/01/1900,073,BARCELONA,"RETRU TALHACOES, CONFECCOES E COMERCIO LTDA",02.16.42.0048,TOP CURTO / LCO_SS27_CMC_0014,08,S-FRENTE,N,RR7R,RR7R - LINE RENNER VERÃO 27 - SEGUNDA ENTRADA - REPEATS,11895,MARITIME BLUE,1314,56,535,455,0,0,0,04/09/2026,09/09/2026,A60,CORTA/SUBLIMA/APLICA/DISTRIBUIÇÃO,20,,CORTE,0,PC,LIBERADO PARA PRODUÇÂO,LOJAS RENNER S.A.,6149622,6149622,61800,4707,15/11/2026,2646,11 - SEM 46 - 2026,3339-1009,0,,,104,RENNER,19/10/2026,53,-14,19,80,,,0,0,100,0,0,2643,R8,LICENSE MENINO RENNER,17,CABIDE,N,N,SSNN
077627,1,04901,332,0,10 - SEM 43 - 2026,14/08,0,,B33,0,0,T00,TOP CURTO (TOP),,,"32,5",15/11/2026,4,0,BLUMENAU,R MARIA DE LOURDES PRIM,120,TRIBESS,"RETRU TALHACOES, CONFECCOES E COMERCIO LTDA",3,5/8/2026,15/11/2026,,1,,,2641,0,,0,00.968.233/0001-82,,TRANSADI TRANSPORTES EIRELI,13,10 LCM,0,OP PRODUÇÃO,0,0,CLASSIFICAR MODELO/FAMILIA,,,0066,CORTE,COR,COR - CORTE,,,Lib Corte C/ Move testado,,00/01/1900,00/01/1900,073,BARCELONA,"RETRU TALHACOES, CONFECCOES E COMERCIO LTDA",02.16.42.0048,TOP CURTO / LCO_SS27_CMC_0014,35,S - COSTA INTERNA,N,RR7R,RR7R - LINE RENNER VERÃO 27 - SEGUNDA ENTRADA - REPEATS,11895,MARITIME BLUE,7-8,53,321,273,0,0,0,04/09/2026,09/09/2026,A51,CORTA/ESTAMPA/C.QUALIDADE/AGUARD. DISTRIBUIÇAO,20,,CORTE,0,PC,LIBERADO PARA PRODUÇÂO,LOJAS RENNER S.A.,6149622,6149622,61800,4707,15/11/2026,2646,11 - SEM 46 - 2026,3339-1009,0,,,104,RENNER,30/10/2026,53,-14,19,48,,,0,0,100,0,0,2643,R8,LICENSE MENINO RENNER,17,CABIDE,N,N,SSNN
077627,1,04901,332,0,10 - SEM 43 - 2026,14/08,0,,B33,0,0,T00,TOP CURTO (TOP),,,"32,5",15/11/2026,4,0,BLUMENAU,R MARIA DE LOURDES PRIM,120,TRIBESS,"RETRU TALHACOES, CONFECCOES E COMERCIO LTDA",3,5/8/2026,15/11/2026,,1,,,2641,0,,0,00.968.233/0001-82,,TRANSADI TRANSPORTES EIRELI,13,10 LCM,0,OP PRODUÇÃO,0,0,CLASSIFICAR MODELO/FAMILIA,,,0066,CORTE,COR,COR - CORTE,,,Lib Corte C/ Move testado,,00/01/1900,00/01/1900,073,BARCELONA,"RETRU TALHACOES, CONFECCOES E COMERCIO LTDA",02.16.42.0048,TOP CURTO / LCO_SS27_CMC_0014,35,S - COSTA INTERNA,N,RR7R,RR7R - LINE RENNER VERÃO 27 - SEGUNDA ENTRADA - REPEATS,11895,MARITIME BLUE,1112,55,535,455,0,0,0,04/09/2026,09/09/2026,A51,CORTA/ESTAMPA/C.QUALIDADE/AGUARD. DISTRIBUIÇAO,20,,CORTE,0,PC,LIBERADO PARA PRODUÇÂO,LOJAS RENNER S.A.,6149622,6149622,61800,4707,15/11/2026,2646,11 - SEM 46 - 2026,3339-1009,0,,,104,RENNER,30/10/2026,53,-14,19,80,,,0,0,100,0,0,2643,R8,LICENSE MENINO RENNER,17,CABIDE,N,N,SSNN
077627,1,04901,332,0,10 - SEM 43 - 2026,14/08,0,,B33,0,0,T00,TOP CURTO (TOP),,,"32,5",15/11/2026,4,0,BLUMENAU,R MARIA DE LOURDES PRIM,120,TRIBESS,"RETRU TALHACOES, CONFECCOES E COMERCIO LTDA",3,5/8/2026,15/11/2026,,1,,,2641,0,,0,00.968.233/0001-82,,TRANSADI TRANSPORTES EIRELI,13,10 LCM,0,OP PRODUÇÃO,0,0,CLASSIFICAR MODELO/FAMILIA,,,0066,CORTE,COR,COR - CORTE,,,Lib Corte C/ Move testado,,00/01/1900,00/01/1900,073,BARCELONA,"RETRU TALHACOES, CONFECCOES E COMERCIO LTDA",02.16.42.0048,TOP CURTO / LCO_SS27_CMC_0014,35,S - COSTA INTERNA,N,RR7R,RR7R - LINE RENNER VERÃO 27 - SEGUNDA ENTRADA - REPEATS,11895,MARITIME BLUE,1314,56,535,455,0,0,0,04/09/2026,09/09/2026,A51,CORTA/ESTAMPA/C.QUALIDADE/AGUARD. DISTRIBUIÇAO,20,,CORTE,0,PC,LIBERADO PARA PRODUÇÂO,LOJAS RENNER S.A.,6149622,6149622,61800,4707,15/11/2026,2646,11 - SEM 46 - 2026,3339-1009,0,,,104,RENNER,30/10/2026,53,-14,19,80,,,0,0,100,0,0,2643,R8,LICENSE MENINO RENNER,17,CABIDE,N,N,SSNN
077663,1,01514,297,0,11 - SEM 48 - 2026,19/06,0,,B25,0,0,T00,TOP CURTO (TOP),,EST. 10 CORES,20,29/11/2026,2,0,ILHOTA,R MARIA LUIZA DE SOUZA,134,DAS MISSOES,TALHAÇÃO FAVIN,3,7/8/2026,15/11/2026,,1,,,2641,0,,0,20.130.488/0001-89,,TALHACAO DE ROUPAS FORCELINI LTDA - ME,13,9 lcc,0,OP PRODUÇÃO,0,T001,TOP MC BASICO,A,7 SEMANAS LEAD TIME DE PRODUÇÃO,02,FACÇÕES,COR,COR - CORTE,,,Lib corte,,28/03/2027,00/01/1900,144,SEGA C&A,TALHACAO DE ROUPAS FAVIN FORCELINI LTDA - ME,01.16.32.0282,TOP CURTO / 2026-2-8286,01,S-BLUSA / TOP,S,CEAR,CEAR - FEIRA SUMMER II 2026 (PROD AS BS) REPEATS,000521,OFF WHITE,4,13,213,0,0,0,0,23/09/2026,28/09/2026,902,PCP/TINTURARIA/CORTE/COSTURA/EXPEDIÇÃO,20,,CORTE,"0,55",PC,PP SAMPL APROVADA,C&A MODAS S.A.,98963,98963,61688,5461,29/11/2026,2648,11 - SEM 48 - 2026,3343-1574,0,,,30,C&A MODAS,16/10/2026,67,5,0,213,,,0,0,100,"0,55","0,55",2648,001,T54A - LICENSE MASC.,30,SORTER,N,N,SSNN
077663,1,01514,297,0,11 - SEM 48 - 2026,19/06,0,,B25,0,0,T00,TOP CURTO (TOP),,EST. 10 CORES,20,29/11/2026,2,0,ILHOTA,R MARIA LUIZA DE SOUZA,134,DAS MISSOES,TALHAÇÃO FAVIN,3,7/8/2026,15/11/2026,,1,,,2641,0,,0,20.130.488/0001-89,,TALHACAO DE ROUPAS FORCELINI LTDA - ME,13,9 lcc,0,OP PRODUÇÃO,0,T001,TOP MC BASICO,A,7 SEMANAS LEAD TIME DE PRODUÇÃO,02,FACÇÕES,COR,COR - CORTE,,,Lib corte,,28/03/2027,00/01/1900,144,SEGA C&A,TALHACAO DE ROUPAS FAVIN FORCELINI LTDA - ME,01.16.32.0282,TOP CURTO / 2026-2-8286,01,S-BLUSA / TOP,S,CEAR,CEAR - FEIRA SUMMER II 2026 (PROD AS BS) REPEATS,000521,OFF WHITE,6,14,376,0,0,0,0,23/09/2026,28/09/2026,902,PCP/TINTURARIA/CORTE/COSTURA/EXPEDIÇÃO,20,,CORTE,"0,55",PC,PP SAMPL APROVADA,C&A MODAS S.A.,98963,98963,61688,5461,29/11/2026,2648,11 - SEM 48 - 2026,3343-1574,0,,,30,C&A MODAS,16/10/2026,67,5,0,376,,,0,0,100,"0,55","0,55",2648,001,T54A - LICENSE MASC.,30,SORTER,N,N,SSNN
077663,1,01514,297,0,11 - SEM 48 - 2026,19/06,0,,B25,0,0,T00,TOP CURTO (TOP),,EST. 10 CORES,20,29/11/2026,2,0,ILHOTA,R MARIA LUIZA DE SOUZA,134,DAS MISSOES,TALHAÇÃO FAVIN,3,7/8/2026,15/11/2026,,1,,,2641,0,,0,20.130.488/0001-89,,TALHACAO DE ROUPAS FORCELINI LTDA - ME,13,9 lcc,0,OP PRODUÇÃO,0,T001,TOP MC BASICO,A,7 SEMANAS LEAD TIME DE PRODUÇÃO,02,FACÇÕES,COR,COR - CORTE,,,Lib corte,,28/03/2027,00/01/1900,144,SEGA C&A,TALHACAO DE ROUPAS FAVIN FORCELINI LTDA - ME,01.16.32.0282,TOP CURTO / 2026-2-8286,01,S-BLUSA / TOP,S,CEAR,CEAR - FEIRA SUMMER II 2026 (PROD AS BS) REPEATS,000521,OFF WHITE,8,15,423,0,0,0,0,23/09/2026,28/09/2026,902,PCP/TINTURARIA/CORTE/COSTURA/EXPEDIÇÃO,20,,CORTE,"0,55",PC,PP SAMPL APROVADA,C&A MODAS S.A.,98963,98963,61688,5461,29/11/2026,2648,11 - SEM 48 - 2026,3343-1574,0,,,30,C&A MODAS,16/10/2026,67,5,0,423,,,0,0,100,"0,55","0,55",2648,001,T54A - LICENSE MASC.,30,SORTER,N,N,SSNN
077663,1,01514,297,0,11 - SEM 48 - 2026,19/06,0,,B25,0,0,T00,TOP CURTO (TOP),,EST. 10 CORES,20,29/11/2026,2,0,ILHOTA,R MARIA LUIZA DE SOUZA,134,DAS MISSOES,TALHAÇÃO FAVIN,3,07/08/2026,15/11/2026,,1,,,2641,0,,0,20.130.488/0001-89,,TALHACAO DE ROUPAS FORCELINI LTDA - ME,13,9 lcc,0,OP PRODUÇÃO,0,T001,TOP MC BASICO,A,7 SEMANAS LEAD TIME DE PRODUÇÃO,02,FACÇÕES,COR,COR - CORTE,,,Lib corte,,28/03/2027,00/01/1900,144,SEGA C&A,TALHACAO DE ROUPAS FAVIN FORCELINI LTDA - ME,01.16.32.0282,TOP CURTO / 2026-2-8286,01,S-BLUSA / TOP,S,CEAR,CEAR - FEIRA SUMMER II 2026 (PROD AS BS) REPEATS,000521,OFF WHITE,10,16,355,0,0,0,0,23/09/2026,28/09/2026,902,PCP/TINTURARIA/CORTE/COSTURA/EXPEDIÇÃO,20,,CORTE,"0,55",PC,PP SAMPL APROVADA,C&A MODAS S.A.,98963,98963,61688,5461,29/11/2026,2648,11 - SEM 48 - 2026,3343-1574,0,,,30,C&A MODAS,16/10/2026,67,5,0,355,,,0,0,100,"0,55","0,55",2648,001,T54A - LICENSE MASC.,30,SORTER,N,N,SSNN
077663,1,01514,297,0,11 - SEM 48 - 2026,19/06,0,,B25,0,0,T00,TOP CURTO (TOP),,EST. 10 CORES,20,29/11/2026,2,0,ILHOTA,R MARIA LUIZA DE SOUZA,134,DAS MISSOES,TALHAÇÃO FAVIN,3,07/08/2026,15/11/2026,,1,,,2641,0,,0,20.130.488/0001-89,,TALHACAO DE ROUPAS FORCELINI LTDA - ME,13,9 lcc,0,OP PRODUÇÃO,0,T001,TOP MC BASICO,A,7 SEMANAS LEAD TIME DE PRODUÇÃO,02,FACÇÕES,COR,COR - CORTE,,,Lib corte,,28/03/2027,00/01/1900,144,SEGA C&A,TALHACAO DE ROUPAS FAVIN FORCELINI LTDA - ME,01.16.32.0282,TOP CURTO / 2026-2-8286,01,S-BLUSA / TOP,S,CEAR,CEAR - FEIRA SUMMER II 2026 (PROD AS BS) REPEATS,000521,OFF WHITE,12,17,329,0,0,0,0,23/09/2026,28/09/2026,902,PCP/TINTURARIA/CORTE/COSTURA/EXPEDIÇÃO,20,,CORTE,"0,55",PC,PP SAMPL APROVADA,C&A MODAS S.A.,98963,98963,61688,5461,29/11/2026,2648,11 - SEM 48 - 2026,3343-1574,0,,,30,C&A MODAS,16/10/2026,67,5,0,329,,,0,0,100,"0,55","0,55",2648,001,T54A - LICENSE MASC.,30,SORTER,N,N,SSNN
077663,1,01514,297,0,11 - SEM 48 - 2026,19/06,0,,B25,0,0,T00,TOP CURTO (TOP),,EST. 10 CORES,20,29/11/2026,2,0,ILHOTA,R MARIA LUIZA DE SOUZA,134,DAS MISSOES,TALHAÇÃO FAVIN,3,07/08/2026,15/11/2026,,1,,,2641,0,,0,20.130.488/0001-89,,TALHACAO DE ROUPAS FORCELINI LTDA - ME,13,9 lcc,0,OP PRODUÇÃO,0,T001,TOP MC BASICO,A,7 SEMANAS LEAD TIME DE PRODUÇÃO,02,FACÇÕES,COR,COR - CORTE,,,Lib corte,,28/03/2027,00/01/1900,144,SEGA C&A,TALHACAO DE ROUPAS FAVIN FORCELINI LTDA - ME,01.16.32.0282,TOP CURTO / 2026-2-8286,08,S-FRENTE,N,CEAR,CEAR - FEIRA SUMMER II 2026 (PROD AS BS) REPEATS,000521,OFF WHITE,4,13,210,0,0,0,0,23/09/2026,28/09/2026,A51,CORTA/ESTAMPA/C.QUALIDADE/AGUARD. DISTRIBUIÇAO,20,,CORTE,0,PC,PP SAMPL APROVADA,C&A MODAS S.A.,98963,98963,61688,5461,29/11/2026,2648,11 - SEM 48 - 2026,3343-1574,0,,,30,C&A MODAS,30/10/2026,67,5,0,210,,,0,0,100,0,0,2648,001,T54A - LICENSE MASC.,30,SORTER,N,N,SSNN
077663,1,01514,297,0,11 - SEM 48 - 2026,19/06,0,,B25,0,0,T00,TOP CURTO (TOP),,EST. 10 CORES,20,29/11/2026,2,0,ILHOTA,R MARIA LUIZA DE SOUZA,134,DAS MISSOES,TALHAÇÃO FAVIN,3,07/08/2026,15/11/2026,,1,,,2641,0,,0,20.130.488/0001-89,,TALHACAO DE ROUPAS FORCELINI LTDA - ME,13,9 lcc,0,OP PRODUÇÃO,0,T001,TOP MC BASICO,A,7 SEMANAS LEAD TIME DE PRODUÇÃO,02,FACÇÕES,COR,COR - CORTE,,,Lib corte,,28/03/2027,00/01/1900,144,SEGA C&A,TALHACAO DE ROUPAS FAVIN FORCELINI LTDA - ME,01.16.32.0282,TOP CURTO / 2026-2-8286,08,S-FRENTE,N,CEAR,CEAR - FEIRA SUMMER II 2026 (PROD AS BS) REPEATS,000521,OFF WHITE,6,14,378,0,0,0,0,23/09/2026,28/09/2026,A51,CORTA/ESTAMPA/C.QUALIDADE/AGUARD. DISTRIBUIÇAO,20,,CORTE,0,PC,PP SAMPL APROVADA,C&A MODAS S.A.,98963,98963,61688,5461,29/11/2026,2648,11 - SEM 48 - 2026,3343-1574,0,,,30,C&A MODAS,30/10/2026,67,5,0,378,,,0,0,100,0,0,2648,001,T54A - LICENSE MASC.,30,SORTER,N,N,SSNN
077663,1,01514,297,0,11 - SEM 48 - 2026,19/06,0,,B25,0,0,T00,TOP CURTO (TOP),,EST. 10 CORES,20,29/11/2026,2,0,ILHOTA,R MARIA LUIZA DE SOUZA,134,DAS MISSOES,TALHAÇÃO FAVIN,3,07/08/2026,15/11/2026,,1,,,2641,0,,0,20.130.488/0001-89,,TALHACAO DE ROUPAS FORCELINI LTDA - ME,13,9 lcc,0,OP PRODUÇÃO,0,T001,TOP MC BASICO,A,7 SEMANAS LEAD TIME DE PRODUÇÃO,02,FACÇÕES,COR,COR - CORTE,,,Lib corte,,28/03/2027,00/01/1900,144,SEGA C&A,TALHACAO DE ROUPAS FAVIN FORCELINI LTDA - ME,01.16.32.0282,TOP CURTO / 2026-2-8286,08,S-FRENTE,N,CEAR,CEAR - FEIRA SUMMER II 2026 (PROD AS BS) REPEATS,000521,OFF WHITE,8,15,424,0,0,0,0,23/09/2026,28/09/2026,A51,CORTA/ESTAMPA/C.QUALIDADE/AGUARD. DISTRIBUIÇAO,20,,CORTE,0,PC,PP SAMPL APROVADA,C&A MODAS S.A.,98963,98963,61688,5461,29/11/2026,2648,11 - SEM 48 - 2026,3343-1574,0,,,30,C&A MODAS,30/10/2026,67,5,0,424,,,0,0,100,0,0,2648,001,T54A - LICENSE MASC.,30,SORTER,N,N,SSNN
077663,1,01514,297,0,11 - SEM 48 - 2026,19/06,0,,B25,0,0,T00,TOP CURTO (TOP),,EST. 10 CORES,20,29/11/2026,2,0,ILHOTA,R MARIA LUIZA DE SOUZA,134,DAS MISSOES,TALHAÇÃO FAVIN,3,07/08/2026,15/11/2026,,1,,,2641,0,,0,20.130.488/0001-89,,TALHACAO DE ROUPAS FORCELINI LTDA - ME,13,9 lcc,0,OP PRODUÇÃO,0,T001,TOP MC BASICO,A,7 SEMANAS LEAD TIME DE PRODUÇÃO,02,FACÇÕES,COR,COR - CORTE,,,Lib corte,,28/03/2027,00/01/1900,144,SEGA C&A,TALHACAO DE ROUPAS FAVIN FORCELINI LTDA - ME,01.16.32.0282,TOP CURTO / 2026-2-8286,08,S-FRENTE,N,CEAR,CEAR - FEIRA SUMMER II 2026 (PROD AS BS) REPEATS,000521,OFF WHITE,10,16,354,0,0,0,0,23/09/2026,28/09/2026,A51,CORTA/ESTAMPA/C.QUALIDADE/AGUARD. DISTRIBUIÇAO,20,,CORTE,0,PC,PP SAMPL APROVADA,C&A MODAS S.A.,98963,98963,61688,5461,29/11/2026,2648,11 - SEM 48 - 2026,3343-1574,0,,,30,C&A MODAS,30/10/2026,67,5,0,354,,,0,0,100,0,0,2648,001,T54A - LICENSE MASC.,30,SORTER,N,N,SSNN
077663,1,01514,297,0,11 - SEM 48 - 2026,19/06,0,,B25,0,0,T00,TOP CURTO (TOP),,EST. 10 CORES,20,29/11/2026,2,0,ILHOTA,R MARIA LUIZA DE SOUZA,134,DAS MISSOES,TALHAÇÃO FAVIN,3,07/08/2026,15/11/2026,,1,,,2641,0,,0,20.130.488/0001-89,,TALHACAO DE ROUPAS FORCELINI LTDA - ME,13,9 lcc,0,OP PRODUÇÃO,0,T001,TOP MC BASICO,A,7 SEMANAS LEAD TIME DE PRODUÇÃO,02,FACÇÕES,COR,COR - CORTE,,,Lib corte,,28/03/2027,00/01/1900,144,SEGA C&A,TALHACAO DE ROUPAS FAVIN FORCELINI LTDA - ME,01.16.32.0282,TOP CURTO / 2026-2-8286,08,S-FRENTE,N,CEAR,CEAR - FEIRA SUMMER II 2026 (PROD AS BS) REPEATS,000521,OFF WHITE,12,17,329,0,0,0,0,23/09/2026,28/09/2026,A51,CORTA/ESTAMPA/C.QUALIDADE/AGUARD. DISTRIBUIÇAO,20,,CORTE,0,PC,PP SAMPL APROVADA,C&A MODAS S.A.,98963,98963,61688,5461,29/11/2026,2648,11 - SEM 48 - 2026,3343-1574,0,,,30,C&A MODAS,30/10/2026,67,5,0,329,,,0,0,100,0,0,2648,001,T54A - LICENSE MASC.,30,SORTER,N,N,SSNN
077663,1,01514,297,0,11 - SEM 48 - 2026,19/06,0,,B25,0,0,T00,TOP CURTO (TOP),,EST. 10 CORES,20,29/11/2026,2,0,ILHOTA,R MARIA LUIZA DE SOUZA,134,DAS MISSOES,TALHAÇÃO FAVIN,3,07/08/2026,15/11/2026,,1,,,2641,0,,0,20.130.488/0001-89,,TALHACAO DE ROUPAS FORCELINI LTDA - ME,13,9 lcc,0,OP PRODUÇÃO,0,T001,TOP MC BASICO,A,7 SEMANAS LEAD TIME DE PRODUÇÃO,02,FACÇÕES,COR,COR - CORTE,,,Lib corte,,28/03/2027,00/01/1900,144,SEGA C&A,TALHACAO DE ROUPAS FAVIN FORCELINI LTDA - ME,01.16.32.0282,TOP CURTO / 2026-2-8286,35,S - COSTA INTERNA,N,CEAR,CEAR - FEIRA SUMMER II 2026 (PROD AS BS) REPEATS,000521,OFF WHITE,4,13,210,0,0,0,0,23/09/2026,28/09/2026,A51,CORTA/ESTAMPA/C.QUALIDADE/AGUARD. DISTRIBUIÇAO,20,,CORTE,0,PC,PP SAMPL APROVADA,C&A MODAS S.A.,98963,98963,61688,5461,29/11/2026,2648,11 - SEM 48 - 2026,3343-1574,0,,,30,C&A MODAS,30/10/2026,67,5,0,210,,,0,0,100,0,0,2648,001,T54A - LICENSE MASC.,30,SORTER,N,N,SSNN
077663,1,01514,297,0,11 - SEM 48 - 2026,19/06,0,,B25,0,0,T00,TOP CURTO (TOP),,EST. 10 CORES,20,29/11/2026,2,0,ILHOTA,R MARIA LUIZA DE SOUZA,134,DAS MISSOES,TALHAÇÃO FAVIN,3,07/08/2026,15/11/2026,,1,,,2641,0,,0,20.130.488/0001-89,,TALHACAO DE ROUPAS FORCELINI LTDA - ME,13,9 lcc,0,OP PRODUÇÃO,0,T001,TOP MC BASICO,A,7 SEMANAS LEAD TIME DE PRODUÇÃO,02,FACÇÕES,COR,COR - CORTE,,,Lib corte,,28/03/2027,00/01/1900,144,SEGA C&A,TALHACAO DE ROUPAS FAVIN FORCELINI LTDA - ME,01.16.32.0282,TOP CURTO / 2026-2-8286,35,S - COSTA INTERNA,N,CEAR,CEAR - FEIRA SUMMER II 2026 (PROD AS BS) REPEATS,000521,OFF WHITE,6,14,378,0,0,0,0,23/09/2026,28/09/2026,A51,CORTA/ESTAMPA/C.QUALIDADE/AGUARD. DISTRIBUIÇAO,20,,CORTE,0,PC,PP SAMPL APROVADA,C&A MODAS S.A.,98963,98963,61688,5461,29/11/2026,2648,11 - SEM 48 - 2026,3343-1574,0,,,30,C&A MODAS,30/10/2026,67,5,0,378,,,0,0,100,0,0,2648,001,T54A - LICENSE MASC.,30,SORTER,N,N,SSNN
077663,1,01514,297,0,11 - SEM 48 - 2026,19/06,0,,B25,0,0,T00,TOP CURTO (TOP),,EST. 10 CORES,20,29/11/2026,2,0,ILHOTA,R MARIA LUIZA DE SOUZA,134,DAS MISSOES,TALHAÇÃO FAVIN,3,07/08/2026,15/11/2026,,1,,,2641,0,,0,20.130.488/0001-89,,TALHACAO DE ROUPAS FORCELINI LTDA - ME,13,9 lcc,0,OP PRODUÇÃO,0,T001,TOP MC BASICO,A,7 SEMANAS LEAD TIME DE PRODUÇÃO,02,FACÇÕES,COR,COR - CORTE,,,Lib corte,,28/03/2027,00/01/1900,144,SEGA C&A,TALHACAO DE ROUPAS FAVIN FORCELINI LTDA - ME,01.16.32.0282,TOP CURTO / 2026-2-8286,35,S - COSTA INTERNA,N,CEAR,CEAR - FEIRA SUMMER II 2026 (PROD AS BS) REPEATS,000521,OFF WHITE,8,15,424,0,0,0,0,23/09/2026,28/09/2026,A51,CORTA/ESTAMPA/C.QUALIDADE/AGUARD. DISTRIBUIÇAO,20,,CORTE,0,PC,PP SAMPL APROVADA,C&A MODAS S.A.,98963,98963,61688,5461,29/11/2026,2648,11 - SEM 48 - 2026,3343-1574,0,,,30,C&A MODAS,30/10/2026,67,5,0,424,,,0,0,100,0,0,2648,001,T54A - LICENSE MASC.,30,SORTER,N,N,SSNN
077663,1,01514,297,0,11 - SEM 48 - 2026,19/06,0,,B25,0,0,T00,TOP CURTO (TOP),,EST. 10 CORES,20,29/11/2026,2,0,ILHOTA,R MARIA LUIZA DE SOUZA,134,DAS MISSOES,TALHAÇÃO FAVIN,3,07/08/2026,15/11/2026,,1,,,2641,0,,0,20.130.488/0001-89,,TALHACAO DE ROUPAS FORCELINI LTDA - ME,13,9 lcc,0,OP PRODUÇÃO,0,T001,TOP MC BASICO,A,7 SEMANAS LEAD TIME DE PRODUÇÃO,02,FACÇÕES,COR,COR - CORTE,,,Lib corte,,28/03/2027,00/01/1900,144,SEGA C&A,TALHACAO DE ROUPAS FAVIN FORCELINI LTDA - ME,01.16.32.0282,TOP CURTO / 2026-2-8286,35,S - COSTA INTERNA,N,CEAR,CEAR - FEIRA SUMMER II 2026 (PROD AS BS) REPEATS,000521,OFF WHITE,10,16,354,0,0,0,0,23/09/2026,28/09/2026,A51,CORTA/ESTAMPA/C.QUALIDADE/AGUARD. DISTRIBUIÇAO,20,,CORTE,0,PC,PP SAMPL APROVADA,C&A MODAS S.A.,98963,98963,61688,5461,29/11/2026,2648,11 - SEM 48 - 2026,3343-1574,0,,,30,C&A MODAS,30/10/2026,67,5,0,354,,,0,0,100,0,0,2648,001,T54A - LICENSE MASC.,30,SORTER,N,N,SSNN
077663,1,01514,297,0,11 - SEM 48 - 2026,19/06,0,,B25,0,0,T00,TOP CURTO (TOP),,EST. 10 CORES,20,29/11/2026,2,0,ILHOTA,R MARIA LUIZA DE SOUZA,134,DAS MISSOES,TALHAÇÃO FAVIN,3,07/08/2026,15/11/2026,,1,,,2641,0,,0,20.130.488/0001-89,,TALHACAO DE ROUPAS FORCELINI LTDA - ME,13,9 lcc,0,OP PRODUÇÃO,0,T001,TOP MC BASICO,A,7 SEMANAS LEAD TIME DE PRODUÇÃO,02,FACÇÕES,COR,COR - CORTE,,,Lib corte,,28/03/2027,00/01/1900,144,SEGA C&A,TALHACAO DE ROUPAS FAVIN FORCELINI LTDA - ME,01.16.32.0282,TOP CURTO / 2026-2-8286,35,S - COSTA INTERNA,N,CEAR,CEAR - FEIRA SUMMER II 2026 (PROD AS BS) REPEATS,000521,OFF WHITE,12,17,329,0,0,0,0,23/09/2026,28/09/2026,A51,CORTA/ESTAMPA/C.QUALIDADE/AGUARD. DISTRIBUIÇAO,20,,CORTE,0,PC,PP SAMPL APROVADA,C&A MODAS S.A.,98963,98963,61688,5461,29/11/2026,2648,11 - SEM 48 - 2026,3343-1574,0,,,30,C&A MODAS,30/10/2026,67,5,0,329,,,0,0,100,0,0,2648,001,T54A - LICENSE MASC.,30,SORTER,N,N,SSNN
077715,1,04901,332,"0,6",10 - SEM 42 - 2026,10/12,"21,1717",,(ASQ4),0,0,B00,SHORTS (BOTTON),,"R$147,06/milheiro","24,7",18/10/2026,1,0,BLUMENAU,R MARIA DE LOURDES PRIM,120,TRIBESS,"RETRU TALHACOES, CONFECCOES E COMERCIO LTDA",3,12/10/2026,18/10/2026,,1,,,2640,0,,0,00.968.233/0001-82,,TRANSADI TRANSPORTES EIRELI,13,9 lcc,0,OP PRODUÇÃO,0,0,CLASSIFICAR MODELO/FAMILIA,,,0066,CORTE,COR,COR - CORTE,,,Lib corte,,05/09/2027,00/01/1900,085,SEM LICENSA C&A,"RETRU TALHACOES, CONFECCOES E COMERCIO LTDA",01.14.00.7267Q,SHORTS / 2025-2-12525,02,I-SHORTS / BOTTON,S,CEAR,CEAR - FEIRA SUMMER II 2026 (PROD AS BS) REPEATS,656,AZUL,1,10,44,0,0,0,0,18/09/2026,23/09/2026,902,PCP/TINTURARIA/CORTE/COSTURA/EXPEDIÇÃO,20,,CORTE,0,PC,LIBERADO PARA PRODUÇÂO,C&A MODAS S.A.,104209,104209,61872,5461,18/10/2026,2642,10 - SEM 42 - 2026,3339-1009,0,,,30,C&A MODAS,18/09/2026,25,0,5,44,,,0,0,100,0,"0,6",2642,003,T52A - BBO,30,SORTER,N,N,SSNN
077715,1,04901,332,"0,6",10 - SEM 42 - 2026,10/12,"21,1717",,(ASQ4),0,0,B00,SHORTS (BOTTON),,"R$147,06/milheiro","24,7",18/10/2026,1,0,BLUMENAU,R MARIA DE LOURDES PRIM,120,TRIBESS,"RETRU TALHACOES, CONFECCOES E COMERCIO LTDA",3,12/10/2026,18/10/2026,,1,,,2640,0,,0,00.968.233/0001-82,,TRANSADI TRANSPORTES EIRELI,13,9 lcc,0,OP PRODUÇÃO,0,0,CLASSIFICAR MODELO/FAMILIA,,,0066,CORTE,COR,COR - CORTE,,,Lib corte,,05/09/2027,00/01/1900,085,SEM LICENSA C&A,"RETRU TALHACOES, CONFECCOES E COMERCIO LTDA",01.14.00.7267Q,SHORTS / 2025-2-12525,02,I-SHORTS / BOTTON,S,CEAR,CEAR - FEIRA SUMMER II 2026 (PROD AS BS) REPEATS,656,AZUL,2,11,264,0,0,0,0,18/09/2026,23/09/2026,902,PCP/TINTURARIA/CORTE/COSTURA/EXPEDIÇÃO,20,,CORTE,0,PC,LIBERADO PARA PRODUÇÂO,C&A MODAS S.A.,104209,104209,61872,5461,18/10/2026,2642,10 - SEM 42 - 2026,3339-1009,0,,,30,C&A MODAS,18/09/2026,25,0,5,264,,,0,0,100,0,"0,6",2642,003,T52A - BBO,30,SORTER,N,N,SSNN
077715,1,04901,332,"0,6",10 - SEM 42 - 2026,10/12,"21,1717",,(ASQ4),0,0,B00,SHORTS (BOTTON),,"R$147,06/milheiro","24,7",18/10/2026,1,0,BLUMENAU,R MARIA DE LOURDES PRIM,120,TRIBESS,"RETRU TALHACOES, CONFECCOES E COMERCIO LTDA",3,12/10/2026,18/10/2026,,1,,,2640,0,,0,00.968.233/0001-82,,TRANSADI TRANSPORTES EIRELI,13,9 lcc,0,OP PRODUÇÃO,0,0,CLASSIFICAR MODELO/FAMILIA,,,0066,CORTE,COR,COR - CORTE,,,Lib corte,,05/09/2027,00/01/1900,085,SEM LICENSA C&A,"RETRU TALHACOES, CONFECCOES E COMERCIO LTDA",01.14.00.7267Q,SHORTS / 2025-2-12525,02,I-SHORTS / BOTTON,S,CEAR,CEAR - FEIRA SUMMER II 2026 (PROD AS BS) REPEATS,656,AZUL,3,12,264,0,0,0,0,18/09/2026,23/09/2026,902,PCP/TINTURARIA/CORTE/COSTURA/EXPEDIÇÃO,20,,CORTE,0,PC,LIBERADO PARA PRODUÇÂO,C&A MODAS S.A.,104209,104209,61872,5461,18/10/2026,2642,10 - SEM 42 - 2026,3339-1009,0,,,30,C&A MODAS,18/09/2026,25,0,5,264,,,0,0,100,0,"0,6",2642,003,T52A - BBO,30,SORTER,N,N,SSNN
077715,1,04901,332,"0,6",10 - SEM 42 - 2026,10/12,"21,1717",,(ASQ4),0,0,B00,SHORTS (BOTTON),,"R$147,06/milheiro","24,7",18/10/2026,1,0,BLUMENAU,R MARIA DE LOURDES PRIM,120,TRIBESS,"RETRU TALHACOES, CONFECCOES E COMERCIO LTDA",3,12/10/2026,18/10/2026,,1,,,2640,0,,0,00.968.233/0001-82,,TRANSADI TRANSPORTES EIRELI,13,9 lcc,0,OP PRODUÇÃO,0,0,CLASSIFICAR MODELO/FAMILIA,,,0066,CORTE,COR,COR - CORTE,,,Lib corte,,05/09/2027,00/01/1900,085,SEM LICENSA C&A,"RETRU TALHACOES, CONFECCOES E COMERCIO LTDA",01.14.00.7267Q,SHORTS / 2025-2-12525,02,I-SHORTS / BOTTON,S,CEAR,CEAR - FEIRA SUMMER II 2026 (PROD AS BS) REPEATS,656,AZUL,4,13,288,0,0,0,0,18/09/2026,23/09/2026,902,PCP/TINTURARIA/CORTE/COSTURA/EXPEDIÇÃO,20,,CORTE,0,PC,LIBERADO PARA PRODUÇÂO,C&A MODAS S.A.,104209,104209,61872,5461,18/10/2026,2642,10 - SEM 42 - 2026,3339-1009,0,,,30,C&A MODAS,18/09/2026,25,0,5,288,,,0,0,100,0,"0,6",2642,003,T52A - BBO,30,SORTER,N,N,SSNN
077715,1,04901,332,"0,6",10 - SEM 42 - 2026,10/12,"21,1717",,(ASQ4),0,0,B00,SHORTS (BOTTON),,"R$147,06/milheiro","24,7",18/10/2026,1,0,BLUMENAU,R MARIA DE LOURDES PRIM,120,TRIBESS,"RETRU TALHACOES, CONFECCOES E COMERCIO LTDA",3,12/10/2026,18/10/2026,,1,,,2640,0,,0,00.968.233/0001-82,,TRANSADI TRANSPORTES EIRELI,13,9 lcc,0,OP PRODUÇÃO,0,0,CLASSIFICAR MODELO/FAMILIA,,,0066,CORTE,COR,COR - CORTE,,,Lib corte,,05/09/2027,00/01/1900,085,SEM LICENSA C&A,"RETRU TALHACOES, CONFECCOES E COMERCIO LTDA",01.14.00.7267Q,SHORTS / 2025-2-12525,02,I-SHORTS / BOTTON,S,CEAR,CEAR - FEIRA SUMMER II 2026 (PROD AS BS) REPEATS,656,AZUL,5,58,144,0,0,0,0,18/09/2026,23/09/2026,902,PCP/TINTURARIA/CORTE/COSTURA/EXPEDIÇÃO,20,,CORTE,0,PC,LIBERADO PARA PRODUÇÂO,C&A MODAS S.A.,104209,104209,61872,5461,18/10/2026,2642,10 - SEM 42 - 2026,3339-1009,0,,,30,C&A MODAS,18/09/2026,25,0,5,144,,,0,0,100,0,"0,6",2642,003,T52A - BBO,30,SORTER,N,N,SSNN
077715,1,04901,332,0,10 - SEM 42 - 2026,10/12,"21,1717",,(ASQ4),0,0,B00,SHORTS (BOTTON),,"R$147,06/milheiro","24,7",18/10/2026,1,0,BLUMENAU,R MARIA DE LOURDES PRIM,120,TRIBESS,"RETRU TALHACOES, CONFECCOES E COMERCIO LTDA",3,12/10/2026,18/10/2026,,1,,,2640,0,,0,00.968.233/0001-82,,TRANSADI TRANSPORTES EIRELI,13,9 lcc,0,OP PRODUÇÃO,0,0,CLASSIFICAR MODELO/FAMILIA,,,0066,CORTE,COR,COR - CORTE,,,Lib corte,,05/09/2027,00/01/1900,085,SEM LICENSA C&A,"RETRU TALHACOES, CONFECCOES E COMERCIO LTDA",01.14.00.7267Q,SHORTS / 2025-2-12525,39,I - COS,N,CEAR,CEAR - FEIRA SUMMER II 2026 (PROD AS BS) REPEATS,656,AZUL,1,10,41,0,0,0,0,18/09/2026,23/09/2026,C52,CORT/ENTRETELA/PRE COST/ILHOS/AGUARD. DISTRIBUIÇÃO,20,,CORTE,0,PC,LIBERADO PARA PRODUÇÂO,C&A MODAS S.A.,104209,104209,61872,5461,18/10/2026,2642,10 - SEM 42 - 2026,3339-1009,0,,,30,C&A MODAS,02/10/2026,25,0,5,41,,,0,0,100,0,0,2642,003,T52A - BBO,30,SORTER,N,N,SSNN
077715,1,04901,332,0,10 - SEM 42 - 2026,10/12,"21,1717",,(ASQ4),0,0,B00,SHORTS (BOTTON),,"R$147,06/milheiro","24,7",18/10/2026,1,0,BLUMENAU,R MARIA DE LOURDES PRIM,120,TRIBESS,"RETRU TALHACOES, CONFECCOES E COMERCIO LTDA",3,12/10/2026,18/10/2026,,1,,,2640,0,,0,00.968.233/0001-82,,TRANSADI TRANSPORTES EIRELI,13,9 lcc,0,OP PRODUÇÃO,0,0,CLASSIFICAR MODELO/FAMILIA,,,0066,CORTE,COR,COR - CORTE,,,Lib corte,,05/09/2027,00/01/1900,085,SEM LICENSA C&A,"RETRU TALHACOES, CONFECCOES E COMERCIO LTDA",01.14.00.7267Q,SHORTS / 2025-2-12525,39,I - COS,N,CEAR,CEAR - FEIRA SUMMER II 2026 (PROD AS BS) REPEATS,656,AZUL,2,11,268,0,0,0,0,18/09/2026,23/09/2026,C52,CORT/ENTRETELA/PRE COST/ILHOS/AGUARD. DISTRIBUIÇÃO,20,,CORTE,0,PC,LIBERADO PARA PRODUÇÂO,C&A MODAS S.A.,104209,104209,61872,5461,18/10/2026,2642,10 - SEM 42 - 2026,3339-1009,0,,,30,C&A MODAS,02/10/2026,25,0,5,268,,,0,0,100,0,0,2642,003,T52A - BBO,30,SORTER,N,N,SSNN
077715,1,04901,332,0,10 - SEM 42 - 2026,10/12,"21,1717",,(ASQ4),0,0,B00,SHORTS (BOTTON),,"R$147,06/milheiro","24,7",18/10/2026,1,0,BLUMENAU,R MARIA DE LOURDES PRIM,120,TRIBESS,"RETRU TALHACOES, CONFECCOES E COMERCIO LTDA",3,12/10/2026,18/10/2026,,1,,,2640,0,,0,00.968.233/0001-82,,TRANSADI TRANSPORTES EIRELI,13,9 lcc,0,OP PRODUÇÃO,0,0,CLASSIFICAR MODELO/FAMILIA,,,0066,CORTE,COR,COR - CORTE,,,Lib corte,,05/09/2027,00/01/1900,085,SEM LICENSA C&A,"RETRU TALHACOES, CONFECCOES E COMERCIO LTDA",01.14.00.7267Q,SHORTS / 2025-2-12525,39,I - COS,N,CEAR,CEAR - FEIRA SUMMER II 2026 (PROD AS BS) REPEATS,656,AZUL,3,12,268,0,0,0,0,18/09/2026,23/09/2026,C52,CORT/ENTRETELA/PRE COST/ILHOS/AGUARD. DISTRIBUIÇÃO,20,,CORTE,0,PC,LIBERADO PARA PRODUÇÂO,C&A MODAS S.A.,104209,104209,61872,5461,18/10/2026,2642,10 - SEM 42 - 2026,3339-1009,0,,,30,C&A MODAS,02/10/2026,25,0,5,268,,,0,0,100,0,0,2642,003,T52A - BBO,30,SORTER,N,N,SSNN
077715,1,04901,332,0,10 - SEM 42 - 2026,10/12,"21,1717",,(ASQ4),0,0,B00,SHORTS (BOTTON),,"R$147,06/milheiro","24,7",18/10/2026,1,0,BLUMENAU,R MARIA DE LOURDES PRIM,120,TRIBESS,"RETRU TALHACOES, CONFECCOES E COMERCIO LTDA",3,12/10/2026,18/10/2026,,1,,,2640,0,,0,00.968.233/0001-82,,TRANSADI TRANSPORTES EIRELI,13,9 lcc,0,OP PRODUÇÃO,0,0,CLASSIFICAR MODELO/FAMILIA,,,0066,CORTE,COR,COR - CORTE,,,Lib corte,,05/09/2027,00/01/1900,085,SEM LICENSA C&A,"RETRU TALHACOES, CONFECCOES E COMERCIO LTDA",01.14.00.7267Q,SHORTS / 2025-2-12525,39,I - COS,N,CEAR,CEAR - FEIRA SUMMER II 2026 (PROD AS BS) REPEATS,656,AZUL,4,13,288,0,0,0,0,18/09/2026,23/09/2026,C52,CORT/ENTRETELA/PRE COST/ILHOS/AGUARD. DISTRIBUIÇÃO,20,,CORTE,0,PC,LIBERADO PARA PRODUÇÂO,C&A MODAS S.A.,104209,104209,61872,5461,18/10/2026,2642,10 - SEM 42 - 2026,3339-1009,0,,,30,C&A MODAS,02/10/2026,25,0,5,288,,,0,0,100,0,0,2642,003,T52A - BBO,30,SORTER,N,N,SSNN
077715,1,04901,332,0,10 - SEM 42 - 2026,10/12,"21,1717",,(ASQ4),0,0,B00,SHORTS (BOTTON),,"R$147,06/milheiro","24,7",18/10/2026,1,0,BLUMENAU,R MARIA DE LOURDES PRIM,120,TRIBESS,"RETRU TALHACOES, CONFECCOES E COMERCIO LTDA",3,12/10/2026,18/10/2026,,1,,,2640,0,,0,00.968.233/0001-82,,TRANSADI TRANSPORTES EIRELI,13,9 lcc,0,OP PRODUÇÃO,0,0,CLASSIFICAR MODELO/FAMILIA,,,0066,CORTE,COR,COR - CORTE,,,Lib corte,,05/09/2027,00/01/1900,085,SEM LICENSA C&A,"RETRU TALHACOES, CONFECCOES E COMERCIO LTDA",01.14.00.7267Q,SHORTS / 2025-2-12525,39,I - COS,N,CEAR,CEAR - FEIRA SUMMER II 2026 (PROD AS BS) REPEATS,656,AZUL,5,58,144,0,0,0,0,18/09/2026,23/09/2026,C52,CORT/ENTRETELA/PRE COST/ILHOS/AGUARD. DISTRIBUIÇÃO,20,,CORTE,0,PC,LIBERADO PARA PRODUÇÂO,C&A MODAS S.A.,104209,104209,61872,5461,18/10/2026,2642,10 - SEM 42 - 2026,3339-1009,0,,,30,C&A MODAS,02/10/2026,25,0,5,144,,,0,0,100,0,0,2642,003,T52A - BBO,30,SORTER,N,N,SSNN
077939,1,04901,332,0,11 - SEM 48 - 2026,,0,,,0,0,B00,SHORTS (BOTTON),,,"24,7",29/11/2026,1,0,BLUMENAU,R MARIA DE LOURDES PRIM,120,TRIBESS,"RETRU TALHACOES, CONFECCOES E COMERCIO LTDA",3,27/08/2026,08/11/2026,,1,,,2642,0,,0,00.968.233/0001-82,,TRANSADI TRANSPORTES EIRELI,13,9 lcc,0,OP PRODUÇÃO,0,0,CLASSIFICAR MODELO/FAMILIA,,,0066,CORTE,COR,COR - CORTE,,,Lib corte,,05/09/2027,00/01/1900,085,SEM LICENSA C&A,"RETRU TALHACOES, CONFECCOES E COMERCIO LTDA",01.14.00.7267M1,SHORTS / 2025-2-12525,02,I-SHORTS / BOTTON,S,CWA,CWA - C&A FEIRA WINTER I 2026 (AS E BS),1419,MARROM ESCURO,1,10,237,0,0,0,0,23/09/2026,28/09/2026,902,PCP/TINTURARIA/CORTE/COSTURA/EXPEDIÇÃO,20,,CORTE,0,PC,LIBERADO PARA PRODUÇÂO,C&A MODAS S.A.,111407,111407,61964,5461,29/11/2026,2648,11 - SEM 48 - 2026,3339-1009,0,,,30,C&A MODAS,09/10/2026,67,5,0,237,,,0,0,0,0,0,2648,003,T52A - BBO,30,SORTER,N,N,SSNN
077939,1,04901,332,0,11 - SEM 48 - 2026,,0,,,0,0,B00,SHORTS (BOTTON),,,"24,7",29/11/2026,1,0,BLUMENAU,R MARIA DE LOURDES PRIM,120,TRIBESS,"RETRU TALHACOES, CONFECCOES E COMERCIO LTDA",3,27/08/2026,08/11/2026,,1,,,2642,0,,0,00.968.233/0001-82,,TRANSADI TRANSPORTES EIRELI,13,9 lcc,0,OP PRODUÇÃO,0,0,CLASSIFICAR MODELO/FAMILIA,,,0066,CORTE,COR,COR - CORTE,,,Lib corte,,05/09/2027,00/01/1900,085,SEM LICENSA C&A,"RETRU TALHACOES, CONFECCOES E COMERCIO LTDA",01.14.00.7267M1,SHORTS / 2025-2-12525,02,I-SHORTS / BOTTON,S,CWA,CWA - C&A FEIRA WINTER I 2026 (AS E BS),1419,MARROM ESCURO,2,11,484,0,0,0,0,23/09/2026,28/09/2026,902,PCP/TINTURARIA/CORTE/COSTURA/EXPEDIÇÃO,20,,CORTE,0,PC,LIBERADO PARA PRODUÇÂO,C&A MODAS S.A.,111407,111407,61964,5461,29/11/2026,2648,11 - SEM 48 - 2026,3339-1009,0,,,30,C&A MODAS,09/10/2026,67,5,0,484,,,0,0,0,0,0,2648,003,T52A - BBO,30,SORTER,N,N,SSNN
077939,1,04901,332,0,11 - SEM 48 - 2026,,0,,,0,0,B00,SHORTS (BOTTON),,,"24,7",29/11/2026,1,0,BLUMENAU,R MARIA DE LOURDES PRIM,120,TRIBESS,"RETRU TALHACOES, CONFECCOES E COMERCIO LTDA",3,27/08/2026,08/11/2026,,1,,,2642,0,,0,00.968.233/0001-82,,TRANSADI TRANSPORTES EIRELI,13,9 lcc,0,OP PRODUÇÃO,0,0,CLASSIFICAR MODELO/FAMILIA,,,0066,CORTE,COR,COR - CORTE,,,Lib corte,,05/09/2027,00/01/1900,085,SEM LICENSA C&A,"RETRU TALHACOES, CONFECCOES E COMERCIO LTDA",01.14.00.7267M1,SHORTS / 2025-2-12525,02,I-SHORTS / BOTTON,S,CWA,CWA - C&A FEIRA WINTER I 2026 (AS E BS),1419,MARROM ESCURO,3,12,474,0,0,0,0,23/09/2026,28/09/2026,902,PCP/TINTURARIA/CORTE/COSTURA/EXPEDIÇÃO,20,,CORTE,0,PC,LIBERADO PARA PRODUÇÂO,C&A MODAS S.A.,111407,111407,61964,5461,29/11/2026,2648,11 - SEM 48 - 2026,3339-1009,0,,,30,C&A MODAS,09/10/2026,67,5,0,474,,,0,0,0,0,0,2648,003,T52A - BBO,30,SORTER,N,N,SSNN
077939,1,04901,332,0,11 - SEM 48 - 2026,,0,,,0,0,B00,SHORTS (BOTTON),,,"24,7",29/11/2026,1,0,BLUMENAU,R MARIA DE LOURDES PRIM,120,TRIBESS,"RETRU TALHACOES, CONFECCOES E COMERCIO LTDA",3,27/08/2026,8/11/2026,,1,,,2642,0,,0,00.968.233/0001-82,,TRANSADI TRANSPORTES EIRELI,13,9 lcc,0,OP PRODUÇÃO,0,0,CLASSIFICAR MODELO/FAMILIA,,,0066,CORTE,COR,COR - CORTE,,,Lib corte,,05/09/2027,00/01/1900,085,SEM LICENSA C&A,"RETRU TALHACOES, CONFECCOES E COMERCIO LTDA",01.14.00.7267M1,SHORTS / 2025-2-12525,02,I-SHORTS / BOTTON,S,CWA,CWA - C&A FEIRA WINTER I 2026 (AS E BS),1419,MARROM ESCURO,4,13,412,0,0,0,0,23/09/2026,28/09/2026,902,PCP/TINTURARIA/CORTE/COSTURA/EXPEDIÇÃO,20,,CORTE,0,PC,LIBERADO PARA PRODUÇÂO,C&A MODAS S.A.,111407,111407,61964,5461,29/11/2026,2648,11 - SEM 48 - 2026,3339-1009,0,,,30,C&A MODAS,9/10/2026,67,5,0,412,,,0,0,0,0,0,2648,003,T52A - BBO,30,SORTER,N,N,SSNN
077939,1,04901,332,0,11 - SEM 48 - 2026,,0,,,0,0,B00,SHORTS (BOTTON),,,"24,7",29/11/2026,1,0,BLUMENAU,R MARIA DE LOURDES PRIM,120,TRIBESS,"RETRU TALHACOES, CONFECCOES E COMERCIO LTDA",3,27/08/2026,8/11/2026,,1,,,2642,0,,0,00.968.233/0001-82,,TRANSADI TRANSPORTES EIRELI,13,9 lcc,0,OP PRODUÇÃO,0,0,CLASSIFICAR MODELO/FAMILIA,,,0066,CORTE,COR,COR - CORTE,,,Lib corte,,05/09/2027,00/01/1900,085,SEM LICENSA C&A,"RETRU TALHACOES, CONFECCOES E COMERCIO LTDA",01.14.00.7267M1,SHORTS / 2025-2-12525,02,I-SHORTS / BOTTON,S,CWA,CWA - C&A FEIRA WINTER I 2026 (AS E BS),1419,MARROM ESCURO,5,58,319,0,0,0,0,23/09/2026,28/09/2026,902,PCP/TINTURARIA/CORTE/COSTURA/EXPEDIÇÃO,20,,CORTE,0,PC,LIBERADO PARA PRODUÇÂO,C&A MODAS S.A.,111407,111407,61964,5461,29/11/2026,2648,11 - SEM 48 - 2026,3339-1009,0,,,30,C&A MODAS,9/10/2026,67,5,0,319,,,0,0,0,0,0,2648,003,T52A - BBO,30,SORTER,N,N,SSNN
077939,1,04901,332,0,11 - SEM 48 - 2026,,0,,,0,0,B00,SHORTS (BOTTON),,,"24,7",29/11/2026,1,0,BLUMENAU,R MARIA DE LOURDES PRIM,120,TRIBESS,"RETRU TALHACOES, CONFECCOES E COMERCIO LTDA",3,27/08/2026,8/11/2026,,1,,,2642,0,,0,00.968.233/0001-82,,TRANSADI TRANSPORTES EIRELI,13,9 lcc,0,OP PRODUÇÃO,0,0,CLASSIFICAR MODELO/FAMILIA,,,0066,CORTE,COR,COR - CORTE,,,Lib corte,,05/09/2027,00/01/1900,085,SEM LICENSA C&A,"RETRU TALHACOES, CONFECCOES E COMERCIO LTDA",01.14.00.7267M1,SHORTS / 2025-2-12525,39,I - COS,N,CWA,CWA - C&A FEIRA WINTER I 2026 (AS E BS),1419,MARROM ESCURO,1,10,237,0,0,0,0,23/09/2026,28/09/2026,C52,CORT/ENTRETELA/PRE COST/ILHOS/AGUARD. DISTRIBUIÇÃO,20,,CORTE,0,PC,LIBERADO PARA PRODUÇÂO,C&A MODAS S.A.,111407,111407,61964,5461,29/11/2026,2648,11 - SEM 48 - 2026,3339-1009,0,,,30,C&A MODAS,23/10/2026,67,5,0,237,,,0,0,0,0,0,2648,003,T52A - BBO,30,SORTER,N,N,SSNN
077939,1,04901,332,0,11 - SEM 48 - 2026,,0,,,0,0,B00,SHORTS (BOTTON),,,"24,7",29/11/2026,1,0,BLUMENAU,R MARIA DE LOURDES PRIM,120,TRIBESS,"RETRU TALHACOES, CONFECCOES E COMERCIO LTDA",3,27/08/2026,8/11/2026,,1,,,2642,0,,0,00.968.233/0001-82,,TRANSADI TRANSPORTES EIRELI,13,9 lcc,0,OP PRODUÇÃO,0,0,CLASSIFICAR MODELO/FAMILIA,,,0066,CORTE,COR,COR - CORTE,,,Lib corte,,05/09/2027,00/01/1900,085,SEM LICENSA C&A,"RETRU TALHACOES, CONFECCOES E COMERCIO LTDA",01.14.00.7267M1,SHORTS / 2025-2-12525,39,I - COS,N,CWA,CWA - C&A FEIRA WINTER I 2026 (AS E BS),1419,MARROM ESCURO,2,11,484,0,0,0,0,23/09/2026,28/09/2026,C52,CORT/ENTRETELA/PRE COST/ILHOS/AGUARD. DISTRIBUIÇÃO,20,,CORTE,0,PC,LIBERADO PARA PRODUÇÂO,C&A MODAS S.A.,111407,111407,61964,5461,29/11/2026,2648,11 - SEM 48 - 2026,3339-1009,0,,,30,C&A MODAS,23/10/2026,67,5,0,484,,,0,0,0,0,0,2648,003,T52A - BBO,30,SORTER,N,N,SSNN
077939,1,04901,332,0,11 - SEM 48 - 2026,,0,,,0,0,B00,SHORTS (BOTTON),,,"24,7",29/11/2026,1,0,BLUMENAU,R MARIA DE LOURDES PRIM,120,TRIBESS,"RETRU TALHACOES, CONFECCOES E COMERCIO LTDA",3,27/08/2026,8/11/2026,,1,,,2642,0,,0,00.968.233/0001-82,,TRANSADI TRANSPORTES EIRELI,13,9 lcc,0,OP PRODUÇÃO,0,0,CLASSIFICAR MODELO/FAMILIA,,,0066,CORTE,COR,COR - CORTE,,,Lib corte,,05/09/2027,00/01/1900,085,SEM LICENSA C&A,"RETRU TALHACOES, CONFECCOES E COMERCIO LTDA",01.14.00.7267M1,SHORTS / 2025-2-12525,39,I - COS,N,CWA,CWA - C&A FEIRA WINTER I 2026 (AS E BS),1419,MARROM ESCURO,3,12,474,0,0,0,0,23/09/2026,28/09/2026,C52,CORT/ENTRETELA/PRE COST/ILHOS/AGUARD. DISTRIBUIÇÃO,20,,CORTE,0,PC,LIBERADO PARA PRODUÇÂO,C&A MODAS S.A.,111407,111407,61964,5461,29/11/2026,2648,11 - SEM 48 - 2026,3339-1009,0,,,30,C&A MODAS,23/10/2026,67,5,0,474,,,0,0,0,0,0,2648,003,T52A - BBO,30,SORTER,N,N,SSNN
077939,1,04901,332,0,11 - SEM 48 - 2026,,0,,,0,0,B00,SHORTS (BOTTON),,,"24,7",29/11/2026,1,0,BLUMENAU,R MARIA DE LOURDES PRIM,120,TRIBESS,"RETRU TALHACOES, CONFECCOES E COMERCIO LTDA",3,27/08/2026,8/11/2026,,1,,,2642,0,,0,00.968.233/0001-82,,TRANSADI TRANSPORTES EIRELI,13,9 lcc,0,OP PRODUÇÃO,0,0,CLASSIFICAR MODELO/FAMILIA,,,0066,CORTE,COR,COR - CORTE,,,Lib corte,,05/09/2027,00/01/1900,085,SEM LICENSA C&A,"RETRU TALHACOES, CONFECCOES E COMERCIO LTDA",01.14.00.7267M1,SHORTS / 2025-2-12525,39,I - COS,N,CWA,CWA - C&A FEIRA WINTER I 2026 (AS E BS),1419,MARROM ESCURO,4,13,412,0,0,0,0,23/09/2026,28/09/2026,C52,CORT/ENTRETELA/PRE COST/ILHOS/AGUARD. DISTRIBUIÇÃO,20,,CORTE,0,PC,LIBERADO PARA PRODUÇÂO,C&A MODAS S.A.,111407,111407,61964,5461,29/11/2026,2648,11 - SEM 48 - 2026,3339-1009,0,,,30,C&A MODAS,23/10/2026,67,5,0,412,,,0,0,0,0,0,2648,003,T52A - BBO,30,SORTER,N,N,SSNN
077939,1,04901,332,0,11 - SEM 48 - 2026,,0,,,0,0,B00,SHORTS (BOTTON),,,"24,7",29/11/2026,1,0,BLUMENAU,R MARIA DE LOURDES PRIM,120,TRIBESS,"RETRU TALHACOES, CONFECCOES E COMERCIO LTDA",3,27/08/2026,8/11/2026,,1,,,2642,0,,0,00.968.233/0001-82,,TRANSADI TRANSPORTES EIRELI,13,9 lcc,0,OP PRODUÇÃO,0,0,CLASSIFICAR MODELO/FAMILIA,,,0066,CORTE,COR,COR - CORTE,,,Lib corte,,05/09/2027,00/01/1900,085,SEM LICENSA C&A,"RETRU TALHACOES, CONFECCOES E COMERCIO LTDA",01.14.00.7267M1,SHORTS / 2025-2-12525,39,I - COS,N,CWA,CWA - C&A FEIRA WINTER I 2026 (AS E BS),1419,MARROM ESCURO,5,58,319,0,0,0,0,23/09/2026,28/09/2026,C52,CORT/ENTRETELA/PRE COST/ILHOS/AGUARD. DISTRIBUIÇÃO,20,,CORTE,0,PC,LIBERADO PARA PRODUÇÂO,C&A MODAS S.A.,111407,111407,61964,5461,29/11/2026,2648,11 - SEM 48 - 2026,3339-1009,0,,,30,C&A MODAS,23/10/2026,67,5,0,319,,,0,0,0,0,0,2648,003,T52A - BBO,30,SORTER,N,N,SSNN
077957,1,07369,,0,11 - SEM 46 - 2026,20/10,"11,4978",,A43 (ASQ4),0,0,T00,TOP CURTO (TOP),,,"14,56",15/11/2026,1,0,BLUMENAU,RUA RODOLFO HANSEN,123,PASSO MANSO,,3,20/08/2026,15/11/2026,,1,,,2642,0,,0,12.286.090/0001-08,,,13,9 lcc,0,OP PRODUÇÃO,0,0,CLASSIFICAR MODELO/FAMILIA,,,02,FACÇÕES,COR,COR - CORTE,,,Lib corte,,06/12/2026,00/01/1900,097,MOJANG C&A,FVR TEXTIL E SERVICOS LTDA,01.16.11.0342,TOP CURTO,01,S-BLUSA / TOP,S,CWA,CWA - C&A FEIRA WINTER I 2026 (AS E BS),1370,VERDE ESCURO,4,13,76,0,0,0,0,16/09/2026,21/09/2026,902,PCP/TINTURARIA/CORTE/COSTURA/EXPEDIÇÃO,20,,CORTE,0,PC,LIB. P PRODUÇÃO/FALTA FOTO PP,C&A MODAS S.A.,111453,111453,61948,5461,15/11/2026,2646,11 - SEM 46 - 2026,(47) 3329-4600,0,,,30,C&A MODAS,16/10/2026,53,-2,7,76,,,0,0,100,0,"0,37",2646,001,T54A - LICENSE MASC.,30,SORTER,N,N,SSNN
077957,1,07369,,0,11 - SEM 46 - 2026,20/10,"11,4978",,A43 (ASQ4),0,0,T00,TOP CURTO (TOP),,,"14,56",15/11/2026,1,0,BLUMENAU,RUA RODOLFO HANSEN,123,PASSO MANSO,,3,20/08/2026,15/11/2026,,1,,,2642,0,,0,12.286.090/0001-08,,,13,9 lcc,0,OP PRODUÇÃO,0,0,CLASSIFICAR MODELO/FAMILIA,,,02,FACÇÕES,COR,COR - CORTE,,,Lib corte,,06/12/2026,00/01/1900,097,MOJANG C&A,FVR TEXTIL E SERVICOS LTDA,01.16.11.0342,TOP CURTO,01,S-BLUSA / TOP,S,CWA,CWA - C&A FEIRA WINTER I 2026 (AS E BS),1370,VERDE ESCURO,6,14,304,0,0,0,0,16/09/2026,21/09/2026,902,PCP/TINTURARIA/CORTE/COSTURA/EXPEDIÇÃO,20,,CORTE,0,PC,LIB. P PRODUÇÃO/FALTA FOTO PP,C&A MODAS S.A.,111453,111453,61948,5461,15/11/2026,2646,11 - SEM 46 - 2026,(47) 3329-4600,0,,,30,C&A MODAS,16/10/2026,53,-2,7,304,,,0,0,100,0,"0,37",2646,001,T54A - LICENSE MASC.,30,SORTER,N,N,SSNN
077957,1,07369,,0,11 - SEM 46 - 2026,20/10,"11,4978",,A43 (ASQ4),0,0,T00,TOP CURTO (TOP),,,"14,56",15/11/2026,1,0,BLUMENAU,RUA RODOLFO HANSEN,123,PASSO MANSO,,3,20/08/2026,15/11/2026,,1,,,2642,0,,0,12.286.090/0001-08,,,13,9 lcc,0,OP PRODUÇÃO,0,0,CLASSIFICAR MODELO/FAMILIA,,,02,FACÇÕES,COR,COR - CORTE,,,Lib corte,,06/12/2026,00/01/1900,097,MOJANG C&A,FVR TEXTIL E SERVICOS LTDA,01.16.11.0342,TOP CURTO,01,S-BLUSA / TOP,S,CWA,CWA - C&A FEIRA WINTER I 2026 (AS E BS),1370,VERDE ESCURO,8,15,440,0,0,0,0,16/09/2026,21/09/2026,902,PCP/TINTURARIA/CORTE/COSTURA/EXPEDIÇÃO,20,,CORTE,0,PC,LIB. P PRODUÇÃO/FALTA FOTO PP,C&A MODAS S.A.,111453,111453,61948,5461,15/11/2026,2646,11 - SEM 46 - 2026,(47) 3329-4600,0,,,30,C&A MODAS,16/10/2026,53,-2,7,440,,,0,0,100,0,"0,37",2646,001,T54A - LICENSE MASC.,30,SORTER,N,N,SSNN
077957,1,07369,,0,11 - SEM 46 - 2026,20/10,"11,4978",,A43 (ASQ4),0,0,T00,TOP CURTO (TOP),,,"14,56",15/11/2026,1,0,BLUMENAU,RUA RODOLFO HANSEN,123,PASSO MANSO,,3,20/08/2026,15/11/2026,,1,,,2642,0,,0,12.286.090/0001-08,,,13,9 lcc,0,OP PRODUÇÃO,0,0,CLASSIFICAR MODELO/FAMILIA,,,02,FACÇÕES,COR,COR - CORTE,,,Lib corte,,06/12/2026,00/01/1900,097,MOJANG C&A,FVR TEXTIL E SERVICOS LTDA,01.16.11.0342,TOP CURTO,01,S-BLUSA / TOP,S,CWA,CWA - C&A FEIRA WINTER I 2026 (AS E BS),1370,VERDE ESCURO,10,16,380,0,0,0,0,16/09/2026,21/09/2026,902,PCP/TINTURARIA/CORTE/COSTURA/EXPEDIÇÃO,20,,CORTE,0,PC,LIB. P PRODUÇÃO/FALTA FOTO PP,C&A MODAS S.A.,111453,111453,61948,5461,15/11/2026,2646,11 - SEM 46 - 2026,(47) 3329-4600,0,,,30,C&A MODAS,16/10/2026,53,-2,7,380,,,0,0,100,0,"0,37",2646,001,T54A - LICENSE MASC.,30,SORTER,N,N,SSNN
077957,1,07369,,0,11 - SEM 46 - 2026,20/10,"11,4978",,A43 (ASQ4),0,0,T00,TOP CURTO (TOP),,,"14,56",15/11/2026,1,0,BLUMENAU,RUA RODOLFO HANSEN,123,PASSO MANSO,,3,20/08/2026,15/11/2026,,1,,,2642,0,,0,12.286.090/0001-08,,,13,9 lcc,0,OP PRODUÇÃO,0,0,CLASSIFICAR MODELO/FAMILIA,,,02,FACÇÕES,COR,COR - CORTE,,,Lib corte,,06/12/2026,00/01/1900,097,MOJANG C&A,FVR TEXTIL E SERVICOS LTDA,01.16.11.0342,TOP CURTO,01,S-BLUSA / TOP,S,CWA,CWA - C&A FEIRA WINTER I 2026 (AS E BS),1370,VERDE ESCURO,12,17,440,0,0,0,0,16/09/2026,21/09/2026,902,PCP/TINTURARIA/CORTE/COSTURA/EXPEDIÇÃO,20,,CORTE,0,PC,LIB. P PRODUÇÃO/FALTA FOTO PP,C&A MODAS S.A.,111453,111453,61948,5461,15/11/2026,2646,11 - SEM 46 - 2026,(47) 3329-4600,0,,,30,C&A MODAS,16/10/2026,53,-2,7,440,,,0,0,100,0,"0,37",2646,001,T54A - LICENSE MASC.,30,SORTER,N,N,SSNN
077957,1,07369,,0,11 - SEM 46 - 2026,20/10,"11,4978",,A43 (ASQ4),0,0,T00,TOP CURTO (TOP),,,"14,56",15/11/2026,1,0,BLUMENAU,RUA RODOLFO HANSEN,123,PASSO MANSO,,3,20/08/2026,15/11/2026,,1,,,2642,0,,0,12.286.090/0001-08,,,13,9 lcc,0,OP PRODUÇÃO,0,0,CLASSIFICAR MODELO/FAMILIA,,,02,FACÇÕES,COR,COR - CORTE,,,Lib corte,,06/12/2026,00/01/1900,097,MOJANG C&A,FVR TEXTIL E SERVICOS LTDA,01.16.11.0342,TOP CURTO,08,S-FRENTE,N,CWA,CWA - C&A FEIRA WINTER I 2026 (AS E BS),1370,VERDE ESCURO,4,13,72,0,0,0,0,16/09/2026,21/09/2026,A51,CORTA/ESTAMPA/C.QUALIDADE/AGUARD. DISTRIBUIÇAO,20,,CORTE,0,PC,LIB. P PRODUÇÃO/FALTA FOTO PP,C&A MODAS S.A.,111453,111453,61948,5461,15/11/2026,2646,11 - SEM 46 - 2026,(47) 3329-4600,0,,,30,C&A MODAS,30/10/2026,53,-2,7,72,,,0,0,100,0,0,2646,001,T54A - LICENSE MASC.,30,SORTER,N,N,SSNN
077957,1,07369,,0,11 - SEM 46 - 2026,20/10,"11,4978",,A43 (ASQ4),0,0,T00,TOP CURTO (TOP),,,"14,56",15/11/2026,1,0,BLUMENAU,RUA RODOLFO HANSEN,123,PASSO MANSO,,3,20/08/2026,15/11/2026,,1,,,2642,0,,0,12.286.090/0001-08,,,13,9 lcc,0,OP PRODUÇÃO,0,0,CLASSIFICAR MODELO/FAMILIA,,,02,FACÇÕES,COR,COR - CORTE,,,Lib corte,,06/12/2026,00/01/1900,097,MOJANG C&A,FVR TEXTIL E SERVICOS LTDA,01.16.11.0342,TOP CURTO,08,S-FRENTE,N,CWA,CWA - C&A FEIRA WINTER I 2026 (AS E BS),1370,VERDE ESCURO,6,14,299,0,0,0,0,16/09/2026,21/09/2026,A51,CORTA/ESTAMPA/C.QUALIDADE/AGUARD. DISTRIBUIÇAO,20,,CORTE,0,PC,LIB. P PRODUÇÃO/FALTA FOTO PP,C&A MODAS S.A.,111453,111453,61948,5461,15/11/2026,2646,11 - SEM 46 - 2026,(47) 3329-4600,0,,,30,C&A MODAS,30/10/2026,53,-2,7,299,,,0,0,100,0,0,2646,001,T54A - LICENSE MASC.,30,SORTER,N,N,SSNN
077957,1,07369,,0,11 - SEM 46 - 2026,20/10,"11,4978",,A43 (ASQ4),0,0,T00,TOP CURTO (TOP),,,"14,56",15/11/2026,1,0,BLUMENAU,RUA RODOLFO HANSEN,123,PASSO MANSO,,3,20/08/2026,15/11/2026,,1,,,2642,0,,0,12.286.090/0001-08,,,13,9 lcc,0,OP PRODUÇÃO,0,0,CLASSIFICAR MODELO/FAMILIA,,,02,FACÇÕES,COR,COR - CORTE,,,Lib corte,,06/12/2026,00/01/1900,097,MOJANG C&A,FVR TEXTIL E SERVICOS LTDA,01.16.11.0342,TOP CURTO,08,S-FRENTE,N,CWA,CWA - C&A FEIRA WINTER I 2026 (AS E BS),1370,VERDE ESCURO,8,15,433,0,0,0,0,16/09/2026,21/09/2026,A51,CORTA/ESTAMPA/C.QUALIDADE/AGUARD. DISTRIBUIÇAO,20,,CORTE,0,PC,LIB. P PRODUÇÃO/FALTA FOTO PP,C&A MODAS S.A.,111453,111453,61948,5461,15/11/2026,2646,11 - SEM 46 - 2026,(47) 3329-4600,0,,,30,C&A MODAS,30/10/2026,53,-2,7,433,,,0,0,100,0,0,2646,001,T54A - LICENSE MASC.,30,SORTER,N,N,SSNN
077957,1,07369,,0,11 - SEM 46 - 2026,20/10,"11,4978",,A43 (ASQ4),0,0,T00,TOP CURTO (TOP),,,"14,56",15/11/2026,1,0,BLUMENAU,RUA RODOLFO HANSEN,123,PASSO MANSO,,3,20/08/2026,15/11/2026,,1,,,2642,0,,0,12.286.090/0001-08,,,13,9 lcc,0,OP PRODUÇÃO,0,0,CLASSIFICAR MODELO/FAMILIA,,,02,FACÇÕES,COR,COR - CORTE,,,Lib corte,,06/12/2026,00/01/1900,097,MOJANG C&A,FVR TEXTIL E SERVICOS LTDA,01.16.11.0342,TOP CURTO,08,S-FRENTE,N,CWA,CWA - C&A FEIRA WINTER I 2026 (AS E BS),1370,VERDE ESCURO,10,16,381,0,0,0,0,16/09/2026,21/09/2026,A51,CORTA/ESTAMPA/C.QUALIDADE/AGUARD. DISTRIBUIÇAO,20,,CORTE,0,PC,LIB. P PRODUÇÃO/FALTA FOTO PP,C&A MODAS S.A.,111453,111453,61948,5461,15/11/2026,2646,11 - SEM 46 - 2026,(47) 3329-4600,0,,,30,C&A MODAS,30/10/2026,53,-2,7,381,,,0,0,100,0,0,2646,001,T54A - LICENSE MASC.,30,SORTER,N,N,SSNN
077957,1,07369,,0,11 - SEM 46 - 2026,20/10,"11,4978",,A43 (ASQ4),0,0,T00,TOP CURTO (TOP),,,"14,56",15/11/2026,1,0,BLUMENAU,RUA RODOLFO HANSEN,123,PASSO MANSO,,3,20/08/2026,15/11/2026,,1,,,2642,0,,0,12.286.090/0001-08,,,13,9 lcc,0,OP PRODUÇÃO,0,0,CLASSIFICAR MODELO/FAMILIA,,,02,FACÇÕES,COR,COR - CORTE,,,Lib corte,,06/12/2026,00/01/1900,097,MOJANG C&A,FVR TEXTIL E SERVICOS LTDA,01.16.11.0342,TOP CURTO,08,S-FRENTE,N,CWA,CWA - C&A FEIRA WINTER I 2026 (AS E BS),1370,VERDE ESCURO,12,17,443,0,0,0,0,16/09/2026,21/09/2026,A51,CORTA/ESTAMPA/C.QUALIDADE/AGUARD. DISTRIBUIÇAO,20,,CORTE,0,PC,LIB. P PRODUÇÃO/FALTA FOTO PP,C&A MODAS S.A.,111453,111453,61948,5461,15/11/2026,2646,11 - SEM 46 - 2026,(47) 3329-4600,0,,,30,C&A MODAS,30/10/2026,53,-2,7,443,,,0,0,100,0,0,2646,001,T54A - LICENSE MASC.,30,SORTER,N,N,SSNN
077957,1,07369,,0,11 - SEM 46 - 2026,20/10,"11,4978",,A43 (ASQ4),0,0,T00,TOP CURTO (TOP),,,"14,56",15/11/2026,1,0,BLUMENAU,RUA RODOLFO HANSEN,123,PASSO MANSO,,3,20/08/2026,15/11/2026,,1,,,2642,0,,0,12.286.090/0001-08,,,13,9 lcc,0,OP PRODUÇÃO,0,0,CLASSIFICAR MODELO/FAMILIA,,,02,FACÇÕES,COR,COR - CORTE,,,Lib corte,,06/12/2026,00/01/1900,097,MOJANG C&A,FVR TEXTIL E SERVICOS LTDA,01.16.11.0342,TOP CURTO,35,S - COSTA INTERNA,N,CWA,CWA - C&A FEIRA WINTER I 2026 (AS E BS),1370,VERDE ESCURO,4,13,72,0,0,0,0,16/09/2026,21/09/2026,A51,CORTA/ESTAMPA/C.QUALIDADE/AGUARD. DISTRIBUIÇAO,20,,CORTE,0,PC,LIB. P PRODUÇÃO/FALTA FOTO PP,C&A MODAS S.A.,111453,111453,61948,5461,15/11/2026,2646,11 - SEM 46 - 2026,(47) 3329-4600,0,,,30,C&A MODAS,30/10/2026,53,-2,7,72,,,0,0,100,0,0,2646,001,T54A - LICENSE MASC.,30,SORTER,N,N,SSNN
077957,1,07369,,0,11 - SEM 46 - 2026,20/10,"11,4978",,A43 (ASQ4),0,0,T00,TOP CURTO (TOP),,,"14,56",15/11/2026,1,0,BLUMENAU,RUA RODOLFO HANSEN,123,PASSO MANSO,,3,20/08/2026,15/11/2026,,1,,,2642,0,,0,12.286.090/0001-08,,,13,9 lcc,0,OP PRODUÇÃO,0,0,CLASSIFICAR MODELO/FAMILIA,,,02,FACÇÕES,COR,COR - CORTE,,,Lib corte,,06/12/2026,00/01/1900,097,MOJANG C&A,FVR TEXTIL E SERVICOS LTDA,01.16.11.0342,TOP CURTO,35,S - COSTA INTERNA,N,CWA,CWA - C&A FEIRA WINTER I 2026 (AS E BS),1370,VERDE ESCURO,6,14,299,0,0,0,0,16/09/2026,21/09/2026,A51,CORTA/ESTAMPA/C.QUALIDADE/AGUARD. DISTRIBUIÇAO,20,,CORTE,0,PC,LIB. P PRODUÇÃO/FALTA FOTO PP,C&A MODAS S.A.,111453,111453,61948,5461,15/11/2026,2646,11 - SEM 46 - 2026,(47) 3329-4600,0,,,30,C&A MODAS,30/10/2026,53,-2,7,299,,,0,0,100,0,0,2646,001,T54A - LICENSE MASC.,30,SORTER,N,N,SSNN
077957,1,07369,,0,11 - SEM 46 - 2026,20/10,"11,4978",,A43 (ASQ4),0,0,T00,TOP CURTO (TOP),,,"14,56",15/11/2026,1,0,BLUMENAU,RUA RODOLFO HANSEN,123,PASSO MANSO,,3,20/08/2026,15/11/2026,,1,,,2642,0,,0,12.286.090/0001-08,,,13,9 lcc,0,OP PRODUÇÃO,0,0,CLASSIFICAR MODELO/FAMILIA,,,02,FACÇÕES,COR,COR - CORTE,,,Lib corte,,06/12/2026,00/01/1900,097,MOJANG C&A,FVR TEXTIL E SERVICOS LTDA,01.16.11.0342,TOP CURTO,35,S - COSTA INTERNA,N,CWA,CWA - C&A FEIRA WINTER I 2026 (AS E BS),1370,VERDE ESCURO,8,15,433,0,0,0,0,16/09/2026,21/09/2026,A51,CORTA/ESTAMPA/C.QUALIDADE/AGUARD. DISTRIBUIÇAO,20,,CORTE,0,PC,LIB. P PRODUÇÃO/FALTA FOTO PP,C&A MODAS S.A.,111453,111453,61948,5461,15/11/2026,2646,11 - SEM 46 - 2026,(47) 3329-4600,0,,,30,C&A MODAS,30/10/2026,53,-2,7,433,,,0,0,100,0,0,2646,001,T54A - LICENSE MASC.,30,SORTER,N,N,SSNN
077957,1,07369,,0,11 - SEM 46 - 2026,20/10,"11,4978",,A43 (ASQ4),0,0,T00,TOP CURTO (TOP),,,"14,56",15/11/2026,1,0,BLUMENAU,RUA RODOLFO HANSEN,123,PASSO MANSO,,3,20/08/2026,15/11/2026,,1,,,2642,0,,0,12.286.090/0001-08,,,13,9 lcc,0,OP PRODUÇÃO,0,0,CLASSIFICAR MODELO/FAMILIA,,,02,FACÇÕES,COR,COR - CORTE,,,Lib corte,,06/12/2026,00/01/1900,097,MOJANG C&A,FVR TEXTIL E SERVICOS LTDA,01.16.11.0342,TOP CURTO,35,S - COSTA INTERNA,N,CWA,CWA - C&A FEIRA WINTER I 2026 (AS E BS),1370,VERDE ESCURO,10,16,381,0,0,0,0,16/09/2026,21/09/2026,A51,CORTA/ESTAMPA/C.QUALIDADE/AGUARD. DISTRIBUIÇAO,20,,CORTE,0,PC,LIB. P PRODUÇÃO/FALTA FOTO PP,C&A MODAS S.A.,111453,111453,61948,5461,15/11/2026,2646,11 - SEM 46 - 2026,(47) 3329-4600,0,,,30,C&A MODAS,30/10/2026,53,-2,7,381,,,0,0,100,0,0,2646,001,T54A - LICENSE MASC.,30,SORTER,N,N,SSNN
077957,1,07369,,0,11 - SEM 46 - 2026,20/10,"11,4978",,A43 (ASQ4),0,0,T00,TOP CURTO (TOP),,,"14,56",15/11/2026,1,0,BLUMENAU,RUA RODOLFO HANSEN,123,PASSO MANSO,,3,20/08/2026,15/11/2026,,1,,,2642,0,,0,12.286.090/0001-08,,,13,9 lcc,0,OP PRODUÇÃO,0,0,CLASSIFICAR MODELO/FAMILIA,,,02,FACÇÕES,COR,COR - CORTE,,,Lib corte,,06/12/2026,00/01/1900,097,MOJANG C&A,FVR TEXTIL E SERVICOS LTDA,01.16.11.0342,TOP CURTO,35,S - COSTA INTERNA,N,CWA,CWA - C&A FEIRA WINTER I 2026 (AS E BS),1370,VERDE ESCURO,12,17,443,0,0,0,0,16/09/2026,21/09/2026,A51,CORTA/ESTAMPA/C.QUALIDADE/AGUARD. DISTRIBUIÇAO,20,,CORTE,0,PC,LIB. P PRODUÇÃO/FALTA FOTO PP,C&A MODAS S.A.,111453,111453,61948,5461,15/11/2026,2646,11 - SEM 46 - 2026,(47) 3329-4600,0,,,30,C&A MODAS,30/10/2026,53,-2,7,443,,,0,0,100,0,0,2646,001,T54A - LICENSE MASC.,30,SORTER,N,N,SSNN
077958,1,07369,,0,11 - SEM 47 - 2026,20/10,"11,4978",,A43 (ASQ4),0,0,T00,TOP CURTO (TOP),,,"14,56",22/11/2026,1,0,BLUMENAU,RUA RODOLFO HANSEN,123,PASSO MANSO,,3,20/08/2026,22/11/2026,,1,,,2642,0,,0,12.286.090/0001-08,,,13,9 lcc,0,OP PRODUÇÃO,0,0,CLASSIFICAR MODELO/FAMILIA,,,02,FACÇÕES,COR,COR - CORTE,,,Lib corte,,06/12/2026,00/01/1900,097,MOJANG C&A,FVR TEXTIL E SERVICOS LTDA,01.16.11.0342,TOP CURTO,01,S-BLUSA / TOP,S,CWA,CWA - C&A FEIRA WINTER I 2026 (AS E BS),1370,VERDE ESCURO,4,13,58,0,0,0,0,16/09/2026,21/09/2026,902,PCP/TINTURARIA/CORTE/COSTURA/EXPEDIÇÃO,20,,CORTE,0,PC,LIB. P PRODUÇÃO/FALTA FOTO PP,C&A MODAS S.A.,111455,111455,61949,5461,22/11/2026,2647,11 - SEM 47 - 2026,(47) 3329-4600,0,,,30,C&A MODAS,23/10/2026,60,-2,7,58,,,0,0,100,0,"0,37",2647,001,T54A - LICENSE MASC.,30,SORTER,N,N,SSNN
077958,1,07369,,0,11 - SEM 47 - 2026,20/10,"11,4978",,A43 (ASQ4),0,0,T00,TOP CURTO (TOP),,,"14,56",22/11/2026,1,0,BLUMENAU,RUA RODOLFO HANSEN,123,PASSO MANSO,,3,20/08/2026,22/11/2026,,1,,,2642,0,,0,12.286.090/0001-08,,,13,9 lcc,0,OP PRODUÇÃO,0,0,CLASSIFICAR MODELO/FAMILIA,,,02,FACÇÕES,COR,COR - CORTE,,,Lib corte,,06/12/2026,00/01/1900,097,MOJANG C&A,FVR TEXTIL E SERVICOS LTDA,01.16.11.0342,TOP CURTO,01,S-BLUSA / TOP,S,CWA,CWA - C&A FEIRA WINTER I 2026 (AS E BS),1370,VERDE ESCURO,6,14,290,0,0,0,0,16/09/2026,21/09/2026,902,PCP/TINTURARIA/CORTE/COSTURA/EXPEDIÇÃO,20,,CORTE,0,PC,LIB. P PRODUÇÃO/FALTA FOTO PP,C&A MODAS S.A.,111455,111455,61949,5461,22/11/2026,2647,11 - SEM 47 - 2026,(47) 3329-4600,0,,,30,C&A MODAS,23/10/2026,60,-2,7,290,,,0,0,100,0,"0,37",2647,001,T54A - LICENSE MASC.,30,SORTER,N,N,SSNN
077958,1,07369,,0,11 - SEM 47 - 2026,20/10,"11,4978",,A43 (ASQ4),0,0,T00,TOP CURTO (TOP),,,"14,56",22/11/2026,1,0,BLUMENAU,RUA RODOLFO HANSEN,123,PASSO MANSO,,3,20/08/2026,22/11/2026,,1,,,2642,0,,0,12.286.090/0001-08,,,13,9 lcc,0,OP PRODUÇÃO,0,0,CLASSIFICAR MODELO/FAMILIA,,,02,FACÇÕES,COR,COR - CORTE,,,Lib corte,,06/12/2026,00/01/1900,097,MOJANG C&A,FVR TEXTIL E SERVICOS LTDA,01.16.11.0342,TOP CURTO,01,S-BLUSA / TOP,S,CWA,CWA - C&A FEIRA WINTER I 2026 (AS E BS),1370,VERDE ESCURO,8,15,102,0,0,0,0,16/09/2026,21/09/2026,902,PCP/TINTURARIA/CORTE/COSTURA/EXPEDIÇÃO,20,,CORTE,0,PC,LIB. P PRODUÇÃO/FALTA FOTO PP,C&A MODAS S.A.,111455,111455,61949,5461,22/11/2026,2647,11 - SEM 47 - 2026,(47) 3329-4600,0,,,30,C&A MODAS,23/10/2026,60,-2,7,102,,,0,0,100,0,"0,37",2647,001,T54A - LICENSE MASC.,30,SORTER,N,N,SSNN
077958,1,07369,,0,11 - SEM 47 - 2026,20/10,"11,4978",,A43 (ASQ4),0,0,T00,TOP CURTO (TOP),,,"14,56",22/11/2026,1,0,BLUMENAU,RUA RODOLFO HANSEN,123,PASSO MANSO,,3,20/08/2026,22/11/2026,,1,,,2642,0,,0,12.286.090/0001-08,,,13,9 lcc,0,OP PRODUÇÃO,0,0,CLASSIFICAR MODELO/FAMILIA,,,02,FACÇÕES,COR,COR - CORTE,,,Lib corte,,06/12/2026,00/01/1900,097,MOJANG C&A,FVR TEXTIL E SERVICOS LTDA,01.16.11.0342,TOP CURTO,01,S-BLUSA / TOP,S,CWA,CWA - C&A FEIRA WINTER I 2026 (AS E BS),1370,VERDE ESCURO,10,16,174,0,0,0,0,16/09/2026,21/09/2026,902,PCP/TINTURARIA/CORTE/COSTURA/EXPEDIÇÃO,20,,CORTE,0,PC,LIB. P PRODUÇÃO/FALTA FOTO PP,C&A MODAS S.A.,111455,111455,61949,5461,22/11/2026,2647,11 - SEM 47 - 2026,(47) 3329-4600,0,,,30,C&A MODAS,23/10/2026,60,-2,7,174,,,0,0,100,0,"0,37",2647,001,T54A - LICENSE MASC.,30,SORTER,N,N,SSNN
077958,1,07369,,0,11 - SEM 47 - 2026,20/10,"11,4978",,A43 (ASQ4),0,0,T00,TOP CURTO (TOP),,,"14,56",22/11/2026,1,0,BLUMENAU,RUA RODOLFO HANSEN,123,PASSO MANSO,,3,20/08/2026,22/11/2026,,1,,,2642,0,,0,12.286.090/0001-08,,,13,9 lcc,0,OP PRODUÇÃO,0,0,CLASSIFICAR MODELO/FAMILIA,,,02,FACÇÕES,COR,COR - CORTE,,,Lib corte,,06/12/2026,00/01/1900,097,MOJANG C&A,FVR TEXTIL E SERVICOS LTDA,01.16.11.0342,TOP CURTO,01,S-BLUSA / TOP,S,CWA,CWA - C&A FEIRA WINTER I 2026 (AS E BS),1370,VERDE ESCURO,12,17,459,0,0,0,0,16/09/2026,21/09/2026,902,PCP/TINTURARIA/CORTE/COSTURA/EXPEDIÇÃO,20,,CORTE,0,PC,LIB. P PRODUÇÃO/FALTA FOTO PP,C&A MODAS S.A.,111455,111455,61949,5461,22/11/2026,2647,11 - SEM 47 - 2026,(47) 3329-4600,0,,,30,C&A MODAS,23/10/2026,60,-2,7,459,,,0,0,100,0,"0,37",2647,001,T54A - LICENSE MASC.,30,SORTER,N,N,SSNN
077958,1,07369,,0,11 - SEM 47 - 2026,20/10,"11,4978",,A43 (ASQ4),0,0,T00,TOP CURTO (TOP),,,"14,56",22/11/2026,1,0,BLUMENAU,RUA RODOLFO HANSEN,123,PASSO MANSO,,3,20/08/2026,22/11/2026,,1,,,2642,0,,0,12.286.090/0001-08,,,13,9 lcc,0,OP PRODUÇÃO,0,0,CLASSIFICAR MODELO/FAMILIA,,,02,FACÇÕES,COR,COR - CORTE,,,Lib corte,,06/12/2026,00/01/1900,097,MOJANG C&A,FVR TEXTIL E SERVICOS LTDA,01.16.11.0342,TOP CURTO,08,S-FRENTE,N,CWA,CWA - C&A FEIRA WINTER I 2026 (AS E BS),1370,VERDE ESCURO,4,13,62,0,0,0,0,16/09/2026,21/09/2026,A51,CORTA/ESTAMPA/C.QUALIDADE/AGUARD. DISTRIBUIÇAO,20,,CORTE,0,PC,LIB. P PRODUÇÃO/FALTA FOTO PP,C&A MODAS S.A.,111455,111455,61949,5461,22/11/2026,2647,11 - SEM 47 - 2026,(47) 3329-4600,0,,,30,C&A MODAS,6/11/2026,60,-2,7,62,,,0,0,100,0,0,2647,001,T54A - LICENSE MASC.,30,SORTER,N,N,SSNN
077958,1,07369,,0,11 - SEM 47 - 2026,20/10,"11,4978",,A43 (ASQ4),0,0,T00,TOP CURTO (TOP),,,"14,56",22/11/2026,1,0,BLUMENAU,RUA RODOLFO HANSEN,123,PASSO MANSO,,3,20/08/2026,22/11/2026,,1,,,2642,0,,0,12.286.090/0001-08,,,13,9 lcc,0,OP PRODUÇÃO,0,0,CLASSIFICAR MODELO/FAMILIA,,,02,FACÇÕES,COR,COR - CORTE,,,Lib corte,,06/12/2026,00/01/1900,097,MOJANG C&A,FVR TEXTIL E SERVICOS LTDA,01.16.11.0342,TOP CURTO,08,S-FRENTE,N,CWA,CWA - C&A FEIRA WINTER I 2026 (AS E BS),1370,VERDE ESCURO,6,14,288,0,0,0,0,16/09/2026,21/09/2026,A51,CORTA/ESTAMPA/C.QUALIDADE/AGUARD. DISTRIBUIÇAO,20,,CORTE,0,PC,LIB. P PRODUÇÃO/FALTA FOTO PP,C&A MODAS S.A.,111455,111455,61949,5461,22/11/2026,2647,11 - SEM 47 - 2026,(47) 3329-4600,0,,,30,C&A MODAS,6/11/2026,60,-2,7,288,,,0,0,100,0,0,2647,001,T54A - LICENSE MASC.,30,SORTER,N,N,SSNN
077958,1,07369,,0,11 - SEM 47 - 2026,20/10,"11,4978",,A43 (ASQ4),0,0,T00,TOP CURTO (TOP),,,"14,56",22/11/2026,1,0,BLUMENAU,RUA RODOLFO HANSEN,123,PASSO MANSO,,3,20/08/2026,22/11/2026,,1,,,2642,0,,0,12.286.090/0001-08,,,13,9 lcc,0,OP PRODUÇÃO,0,0,CLASSIFICAR MODELO/FAMILIA,,,02,FACÇÕES,COR,COR - CORTE,,,Lib corte,,06/12/2026,00/01/1900,097,MOJANG C&A,FVR TEXTIL E SERVICOS LTDA,01.16.11.0342,TOP CURTO,08,S-FRENTE,N,CWA,CWA - C&A FEIRA WINTER I 2026 (AS E BS),1370,VERDE ESCURO,8,15,103,0,0,0,0,16/09/2026,21/09/2026,A51,CORTA/ESTAMPA/C.QUALIDADE/AGUARD. DISTRIBUIÇAO,20,,CORTE,0,PC,LIB. P PRODUÇÃO/FALTA FOTO PP,C&A MODAS S.A.,111455,111455,61949,5461,22/11/2026,2647,11 - SEM 47 - 2026,(47) 3329-4600,0,,,30,C&A MODAS,6/11/2026,60,-2,7,103,,,0,0,100,0,0,2647,001,T54A - LICENSE MASC.,30,SORTER,N,N,SSNN
077958,1,07369,,0,11 - SEM 47 - 2026,20/10,"11,4978",,A43 (ASQ4),0,0,T00,TOP CURTO (TOP),,,"14,56",22/11/2026,1,0,BLUMENAU,RUA RODOLFO HANSEN,123,PASSO MANSO,,3,20/08/2026,22/11/2026,,1,,,2642,0,,0,12.286.090/0001-08,,,13,9 lcc,0,OP PRODUÇÃO,0,0,CLASSIFICAR MODELO/FAMILIA,,,02,FACÇÕES,COR,COR - CORTE,,,Lib corte,,06/12/2026,00/01/1900,097,MOJANG C&A,FVR TEXTIL E SERVICOS LTDA,01.16.11.0342,TOP CURTO,08,S-FRENTE,N,CWA,CWA - C&A FEIRA WINTER I 2026 (AS E BS),1370,VERDE ESCURO,10,16,175,0,0,0,0,16/09/2026,21/09/2026,A51,CORTA/ESTAMPA/C.QUALIDADE/AGUARD. DISTRIBUIÇAO,20,,CORTE,0,PC,LIB. P PRODUÇÃO/FALTA FOTO PP,C&A MODAS S.A.,111455,111455,61949,5461,22/11/2026,2647,11 - SEM 47 - 2026,(47) 3329-4600,0,,,30,C&A MODAS,6/11/2026,60,-2,7,175,,,0,0,100,0,0,2647,001,T54A - LICENSE MASC.,30,SORTER,N,N,SSNN
077958,1,07369,,0,11 - SEM 47 - 2026,20/10,"11,4978",,A43 (ASQ4),0,0,T00,TOP CURTO (TOP),,,"14,56",22/11/2026,1,0,BLUMENAU,RUA RODOLFO HANSEN,123,PASSO MANSO,,3,20/08/2026,22/11/2026,,1,,,2642,0,,0,12.286.090/0001-08,,,13,9 lcc,0,OP PRODUÇÃO,0,0,CLASSIFICAR MODELO/FAMILIA,,,02,FACÇÕES,COR,COR - CORTE,,,Lib corte,,06/12/2026,00/01/1900,097,MOJANG C&A,FVR TEXTIL E SERVICOS LTDA,01.16.11.0342,TOP CURTO,08,S-FRENTE,N,CWA,CWA - C&A FEIRA WINTER I 2026 (AS E BS),1370,VERDE ESCURO,12,17,453,0,0,0,0,16/09/2026,21/09/2026,A51,CORTA/ESTAMPA/C.QUALIDADE/AGUARD. DISTRIBUIÇAO,20,,CORTE,0,PC,LIB. P PRODUÇÃO/FALTA FOTO PP,C&A MODAS S.A.,111455,111455,61949,5461,22/11/2026,2647,11 - SEM 47 - 2026,(47) 3329-4600,0,,,30,C&A MODAS,6/11/2026,60,-2,7,453,,,0,0,100,0,0,2647,001,T54A - LICENSE MASC.,30,SORTER,N,N,SSNN
077958,1,07369,,0,11 - SEM 47 - 2026,20/10,"11,4978",,A43 (ASQ4),0,0,T00,TOP CURTO (TOP),,,"14,56",22/11/2026,1,0,BLUMENAU,RUA RODOLFO HANSEN,123,PASSO MANSO,,3,20/08/2026,22/11/2026,,1,,,2642,0,,0,12.286.090/0001-08,,,13,9 lcc,0,OP PRODUÇÃO,0,0,CLASSIFICAR MODELO/FAMILIA,,,02,FACÇÕES,COR,COR - CORTE,,,Lib corte,,06/12/2026,00/01/1900,097,MOJANG C&A,FVR TEXTIL E SERVICOS LTDA,01.16.11.0342,TOP CURTO,35,S - COSTA INTERNA,N,CWA,CWA - C&A FEIRA WINTER I 2026 (AS E BS),1370,VERDE ESCURO,4,13,62,0,0,0,0,16/09/2026,21/09/2026,A51,CORTA/ESTAMPA/C.QUALIDADE/AGUARD. DISTRIBUIÇAO,20,,CORTE,0,PC,LIB. P PRODUÇÃO/FALTA FOTO PP,C&A MODAS S.A.,111455,111455,61949,5461,22/11/2026,2647,11 - SEM 47 - 2026,(47) 3329-4600,0,,,30,C&A MODAS,6/11/2026,60,-2,7,62,,,0,0,100,0,0,2647,001,T54A - LICENSE MASC.,30,SORTER,N,N,SSNN
077958,1,07369,,0,11 - SEM 47 - 2026,20/10,"11,4978",,A43 (ASQ4),0,0,T00,TOP CURTO (TOP),,,"14,56",22/11/2026,1,0,BLUMENAU,RUA RODOLFO HANSEN,123,PASSO MANSO,,3,20/08/2026,22/11/2026,,1,,,2642,0,,0,12.286.090/0001-08,,,13,9 lcc,0,OP PRODUÇÃO,0,0,CLASSIFICAR MODELO/FAMILIA,,,02,FACÇÕES,COR,COR - CORTE,,,Lib corte,,06/12/2026,00/01/1900,097,MOJANG C&A,FVR TEXTIL E SERVICOS LTDA,01.16.11.0342,TOP CURTO,35,S - COSTA INTERNA,N,CWA,CWA - C&A FEIRA WINTER I 2026 (AS E BS),1370,VERDE ESCURO,6,14,288,0,0,0,0,16/09/2026,21/09/2026,A51,CORTA/ESTAMPA/C.QUALIDADE/AGUARD. DISTRIBUIÇAO,20,,CORTE,0,PC,LIB. P PRODUÇÃO/FALTA FOTO PP,C&A MODAS S.A.,111455,111455,61949,5461,22/11/2026,2647,11 - SEM 47 - 2026,(47) 3329-4600,0,,,30,C&A MODAS,6/11/2026,60,-2,7,288,,,0,0,100,0,0,2647,001,T54A - LICENSE MASC.,30,SORTER,N,N,SSNN
077958,1,07369,,0,11 - SEM 47 - 2026,20/10,"11,4978",,A43 (ASQ4),0,0,T00,TOP CURTO (TOP),,,"14,56",22/11/2026,1,0,BLUMENAU,RUA RODOLFO HANSEN,123,PASSO MANSO,,3,20/08/2026,22/11/2026,,1,,,2642,0,,0,12.286.090/0001-08,,,13,9 lcc,0,OP PRODUÇÃO,0,0,CLASSIFICAR MODELO/FAMILIA,,,02,FACÇÕES,COR,COR - CORTE,,,Lib corte,,06/12/2026,00/01/1900,097,MOJANG C&A,FVR TEXTIL E SERVICOS LTDA,01.16.11.0342,TOP CURTO,35,S - COSTA INTERNA,N,CWA,CWA - C&A FEIRA WINTER I 2026 (AS E BS),1370,VERDE ESCURO,8,15,103,0,0,0,0,16/09/2026,21/09/2026,A51,CORTA/ESTAMPA/C.QUALIDADE/AGUARD. DISTRIBUIÇAO,20,,CORTE,0,PC,LIB. P PRODUÇÃO/FALTA FOTO PP,C&A MODAS S.A.,111455,111455,61949,5461,22/11/2026,2647,11 - SEM 47 - 2026,(47) 3329-4600,0,,,30,C&A MODAS,6/11/2026,60,-2,7,103,,,0,0,100,0,0,2647,001,T54A - LICENSE MASC.,30,SORTER,N,N,SSNN
077958,1,07369,,0,11 - SEM 47 - 2026,20/10,"11,4978",,A43 (ASQ4),0,0,T00,TOP CURTO (TOP),,,"14,56",22/11/2026,1,0,BLUMENAU,RUA RODOLFO HANSEN,123,PASSO MANSO,,3,20/08/2026,22/11/2026,,1,,,2642,0,,0,12.286.090/0001-08,,,13,9 lcc,0,OP PRODUÇÃO,0,0,CLASSIFICAR MODELO/FAMILIA,,,02,FACÇÕES,COR,COR - CORTE,,,Lib corte,,06/12/2026,00/01/1900,097,MOJANG C&A,FVR TEXTIL E SERVICOS LTDA,01.16.11.0342,TOP CURTO,35,S - COSTA INTERNA,N,CWA,CWA - C&A FEIRA WINTER I 2026 (AS E BS),1370,VERDE ESCURO,10,16,175,0,0,0,0,16/09/2026,21/09/2026,A51,CORTA/ESTAMPA/C.QUALIDADE/AGUARD. DISTRIBUIÇAO,20,,CORTE,0,PC,LIB. P PRODUÇÃO/FALTA FOTO PP,C&A MODAS S.A.,111455,111455,61949,5461,22/11/2026,2647,11 - SEM 47 - 2026,(47) 3329-4600,0,,,30,C&A MODAS,6/11/2026,60,-2,7,175,,,0,0,100,0,0,2647,001,T54A - LICENSE MASC.,30,SORTER,N,N,SSNN
077958,1,07369,,0,11 - SEM 47 - 2026,20/10,"11,4978",,A43 (ASQ4),0,0,T00,TOP CURTO (TOP),,,"14,56",22/11/2026,1,0,BLUMENAU,RUA RODOLFO HANSEN,123,PASSO MANSO,,3,20/08/2026,22/11/2026,,1,,,2642,0,,0,12.286.090/0001-08,,,13,9 lcc,0,OP PRODUÇÃO,0,0,CLASSIFICAR MODELO/FAMILIA,,,02,FACÇÕES,COR,COR - CORTE,,,Lib corte,,06/12/2026,00/01/1900,097,MOJANG C&A,FVR TEXTIL E SERVICOS LTDA,01.16.11.0342,TOP CURTO,35,S - COSTA INTERNA,N,CWA,CWA - C&A FEIRA WINTER I 2026 (AS E BS),1370,VERDE ESCURO,12,17,453,0,0,0,0,16/09/2026,21/09/2026,A51,CORTA/ESTAMPA/C.QUALIDADE/AGUARD. DISTRIBUIÇAO,20,,CORTE,0,PC,LIB. P PRODUÇÃO/FALTA FOTO PP,C&A MODAS S.A.,111455,111455,61949,5461,22/11/2026,2647,11 - SEM 47 - 2026,(47) 3329-4600,0,,,30,C&A MODAS,6/11/2026,60,-2,7,453,,,0,0,100,0,0,2647,001,T54A - LICENSE MASC.,30,SORTER,N,N,SSNN
077981,1,01514,297,0,11 - SEM 47 - 2026,18/02,"11,2797",,B08* (TSE),0,0,T00,TOP CURTO (TOP),,,"19,4",22/11/2026,2,0,ILHOTA,R MARIA LUIZA DE SOUZA,134,DAS MISSOES,TALHAÇÃO FAVIN,3,20/08/2026,22/11/2026,,1,,,2642,0,,0,20.130.488/0001-89,,TALHACAO DE ROUPAS FORCELINI LTDA - ME,13,9 lcc,0,OP PRODUÇÃO,0,T001,TOP MC BASICO,A,7 SEMANAS LEAD TIME DE PRODUÇÃO,02,FACÇÕES,COR,COR - CORTE,,,Lib corte,,22/11/2026,00/01/1900,085,SEM LICENSA C&A,TALHACAO DE ROUPAS FAVIN FORCELINI LTDA - ME,01.16.00.7747,TOP CURTO / 2026-2-3099,01,S-BLUSA / TOP,S,CVAN,CVAN - FEIRA SUMMER I 2026 (PROD. AS BS) NEGOCIADO,000521,OFF WHITE,12,17,1071,900,0,0,0,21/09/2026,24/09/2026,902,PCP/TINTURARIA/CORTE/COSTURA/EXPEDIÇÃO,20,,CORTE,"0,55",PC,LIBERADO PARA PRODUÇÂO,C&A MODAS S.A.,111596,111596,61962,5461,22/11/2026,2647,11 - SEM 47 - 2026,3343-1574,0,,,30,C&A MODAS,23/10/2026,60,1,2,171,,,0,0,100,"0,55","0,55",2647,007,T54A - PALOMINO,30,SORTER,N,N,SSNN
077981,1,01514,297,0,11 - SEM 47 - 2026,18/02,"11,2797",,B08* (TSE),0,0,T00,TOP CURTO (TOP),,,"19,4",22/11/2026,2,0,ILHOTA,R MARIA LUIZA DE SOUZA,134,DAS MISSOES,TALHAÇÃO FAVIN,3,20/08/2026,22/11/2026,,1,,,2642,0,,0,20.130.488/0001-89,,TALHACAO DE ROUPAS FORCELINI LTDA - ME,13,9 lcc,0,OP PRODUÇÃO,0,T001,TOP MC BASICO,A,7 SEMANAS LEAD TIME DE PRODUÇÃO,02,FACÇÕES,COR,COR - CORTE,,,Lib corte,,22/11/2026,00/01/1900,085,SEM LICENSA C&A,TALHACAO DE ROUPAS FAVIN FORCELINI LTDA - ME,01.16.00.7747,TOP CURTO / 2026-2-3099,08,S-FRENTE,N,CVAN,CVAN - FEIRA SUMMER I 2026 (PROD. AS BS) NEGOCIADO,000521,OFF WHITE,12,17,1071,900,0,0,0,23/09/2026,28/09/2026,A51,CORTA/ESTAMPA/C.QUALIDADE/AGUARD. DISTRIBUIÇAO,20,,CORTE,0,PC,LIBERADO PARA PRODUÇÂO,C&A MODAS S.A.,111596,111596,61962,5461,22/11/2026,2647,11 - SEM 47 - 2026,3343-1574,0,,,30,C&A MODAS,06/11/2026,60,5,0,171,,,0,0,100,0,0,2647,007,T54A - PALOMINO,30,SORTER,N,N,SSNN
077981,1,01514,297,0,11 - SEM 47 - 2026,18/02,"11,2797",,B08* (TSE),0,0,T00,TOP CURTO (TOP),,,"19,4",22/11/2026,2,0,ILHOTA,R MARIA LUIZA DE SOUZA,134,DAS MISSOES,TALHAÇÃO FAVIN,3,20/08/2026,22/11/2026,,1,,,2642,0,,0,20.130.488/0001-89,,TALHACAO DE ROUPAS FORCELINI LTDA - ME,13,9 lcc,0,OP PRODUÇÃO,0,T001,TOP MC BASICO,A,7 SEMANAS LEAD TIME DE PRODUÇÃO,02,FACÇÕES,COR,COR - CORTE,,,Lib corte,,22/11/2026,00/01/1900,085,SEM LICENSA C&A,TALHACAO DE ROUPAS FAVIN FORCELINI LTDA - ME,01.16.00.7747,TOP CURTO / 2026-2-3099,35,S - COSTA INTERNA,N,CVAN,CVAN - FEIRA SUMMER I 2026 (PROD. AS BS) NEGOCIADO,000521,OFF WHITE,12,17,1071,900,0,0,0,23/09/2026,28/09/2026,A51,CORTA/ESTAMPA/C.QUALIDADE/AGUARD. DISTRIBUIÇAO,20,,CORTE,0,PC,LIBERADO PARA PRODUÇÂO,C&A MODAS S.A.,111596,111596,61962,5461,22/11/2026,2647,11 - SEM 47 - 2026,3343-1574,0,,,30,C&A MODAS,06/11/2026,60,5,0,171,,,0,0,100,0,0,2647,007,T54A - PALOMINO,30,SORTER,N,N,SSNN
078014,1,01514,297,0,11 - SEM 45 - 2026,07/08,0,,B32,0,0,B01,CALÇA (BOTTON),"Rot LANCASTER - 32565-21------3 cores PIG R$ 21, processo completo",,"17,4",29/11/2026,0,0,ILHOTA,R MARIA LUIZA DE SOUZA,134,DAS MISSOES,TALHAÇÃO FAVIN,3,25/08/2026,29/11/2026,,1,,,2642,0,,0,20.130.488/0001-89,,TALHACAO DE ROUPAS FORCELINI LTDA - ME,13,9 lcc,0,OP PRODUÇÃO,0,0,CLASSIFICAR MODELO/FAMILIA,,,02,FACÇÕES,COR,COR - CORTE,,,Lib corte,,00/01/1900,00/01/1900,149,SEM LICENÇA HERING,TALHACAO DE ROUPAS FAVIN FORCELINI LTDA - ME,13.13.00.0622C,CALÇA,04,I-CALÇA / BOTTON,S,HXO,HXO - COLEÇÂO OUTONO 2027 - HERING,2Q,2Q,1,10,176,0,0,0,0,21/09/2026,24/09/2026,603,PCP/TINTURARIA/ROTATIVO/CORTE/COSTURA/EXPEDIÇÃO,20,,CORTE,0,PC,LIBERADO PARA PRODUÇÂO,CIA. HERING,4507405484,4507405484,62019,5729,29/11/2026,2648,11 - SEM 48 - 2026,3343-1574,0,,,103,GRUPO SOMA,30/10/2026,67,1,2,176,,,0,0,100,0,0,2645,H04,T58 - HERING BBA,5,CAIXA - LR,N,N,SSNN
078014,1,01514,297,0,11 - SEM 45 - 2026,07/08,0,,B32,0,0,B01,CALÇA (BOTTON),"Rot LANCASTER - 32565-21------3 cores PIG R$ 21, processo completo",,"17,4",29/11/2026,0,0,ILHOTA,R MARIA LUIZA DE SOUZA,134,DAS MISSOES,TALHAÇÃO FAVIN,3,25/08/2026,29/11/2026,,1,,,2642,0,,0,20.130.488/0001-89,,TALHACAO DE ROUPAS FORCELINI LTDA - ME,13,9 lcc,0,OP PRODUÇÃO,0,0,CLASSIFICAR MODELO/FAMILIA,,,02,FACÇÕES,COR,COR - CORTE,,,Lib corte,,00/01/1900,00/01/1900,149,SEM LICENÇA HERING,TALHACAO DE ROUPAS FAVIN FORCELINI LTDA - ME,13.13.00.0622C,CALÇA,04,I-CALÇA / BOTTON,S,HXO,HXO - COLEÇÂO OUTONO 2027 - HERING,2Q,2Q,2,11,264,0,0,0,0,21/09/2026,24/09/2026,603,PCP/TINTURARIA/ROTATIVO/CORTE/COSTURA/EXPEDIÇÃO,20,,CORTE,0,PC,LIBERADO PARA PRODUÇÂO,CIA. HERING,4507405484,4507405484,62019,5729,29/11/2026,2648,11 - SEM 48 - 2026,3343-1574,0,,,103,GRUPO SOMA,30/10/2026,67,1,2,264,,,0,0,100,0,0,2645,H04,T58 - HERING BBA,5,CAIXA - LR,N,N,SSNN
078014,1,01514,297,0,11 - SEM 45 - 2026,07/08,0,,B32,0,0,B01,CALÇA (BOTTON),"Rot LANCASTER - 32565-21------3 cores PIG R$ 21, processo completo",,"17,4",29/11/2026,0,0,ILHOTA,R MARIA LUIZA DE SOUZA,134,DAS MISSOES,TALHAÇÃO FAVIN,3,25/08/2026,29/11/2026,,1,,,2642,0,,0,20.130.488/0001-89,,TALHACAO DE ROUPAS FORCELINI LTDA - ME,13,9 lcc,0,OP PRODUÇÃO,0,0,CLASSIFICAR MODELO/FAMILIA,,,02,FACÇÕES,COR,COR - CORTE,,,Lib corte,,00/01/1900,00/01/1900,149,SEM LICENÇA HERING,TALHACAO DE ROUPAS FAVIN FORCELINI LTDA - ME,13.13.00.0622C,CALÇA,04,I-CALÇA / BOTTON,S,HXO,HXO - COLEÇÂO OUTONO 2027 - HERING,2Q,2Q,3,12,192,0,0,0,0,21/09/2026,24/09/2026,603,PCP/TINTURARIA/ROTATIVO/CORTE/COSTURA/EXPEDIÇÃO,20,,CORTE,0,PC,LIBERADO PARA PRODUÇÂO,CIA. HERING,4507405484,4507405484,62019,5729,29/11/2026,2648,11 - SEM 48 - 2026,3343-1574,0,,,103,GRUPO SOMA,30/10/2026,67,1,2,192,,,0,0,100,0,0,2645,H04,T58 - HERING BBA,5,CAIXA - LR,N,N,SSNN
078014,1,01514,297,0,11 - SEM 45 - 2026,07/08,0,,B32,0,0,B01,CALÇA (BOTTON),"Rot LANCASTER - 32565-21------3 cores PIG R$ 21, processo completo",,"17,4",29/11/2026,0,0,ILHOTA,R MARIA LUIZA DE SOUZA,134,DAS MISSOES,TALHAÇÃO FAVIN,3,25/08/2026,29/11/2026,,1,,,2642,0,,0,20.130.488/0001-89,,TALHACAO DE ROUPAS FORCELINI LTDA - ME,13,9 lcc,0,OP PRODUÇÃO,0,0,CLASSIFICAR MODELO/FAMILIA,,,02,FACÇÕES,COR,COR - CORTE,,,Lib corte,,00/01/1900,00/01/1900,149,SEM LICENÇA HERING,TALHACAO DE ROUPAS FAVIN FORCELINI LTDA - ME,13.13.00.0622C,CALÇA,04,I-CALÇA / BOTTON,S,HXO,HXO - COLEÇÂO OUTONO 2027 - HERING,2Q,2Q,4,13,288,0,0,0,0,21/09/2026,24/09/2026,603,PCP/TINTURARIA/ROTATIVO/CORTE/COSTURA/EXPEDIÇÃO,20,,CORTE,0,PC,LIBERADO PARA PRODUÇÂO,CIA. HERING,4507405484,4507405484,62019,5729,29/11/2026,2648,11 - SEM 48 - 2026,3343-1574,0,,,103,GRUPO SOMA,30/10/2026,67,1,2,288,,,0,0,100,0,0,2645,H04,T58 - HERING BBA,5,CAIXA - LR,N,N,SSNN
078017,1,04901,332,0,11 - SEM 46 - 2026,19/06,0,,B25,0,0,C03,CONJUNTO REGATA (TOP/BOTTON),,,37,06/12/2026,0,0,BLUMENAU,R MARIA DE LOURDES PRIM,120,TRIBESS,"RETRU TALHACOES, CONFECCOES E COMERCIO LTDA",3,25/08/2026,6/12/2026,,1,,,2642,0,,0,00.968.233/0001-82,,TRANSADI TRANSPORTES EIRELI,13,9 lcc,0,OP PRODUÇÃO,0,0,CLASSIFICAR MODELO/FAMILIA,,,0066,CORTE,COR,COR - CORTE,,,Lib corte,,00/01/1900,00/01/1900,149,SEM LICENÇA HERING,"RETRU TALHACOES, CONFECCOES E COMERCIO LTDA",13.15.00.0414N,CONJUNTO REGATA / 5BH7-1R,01,S-BLUSA / TOP,S,HXO,HXO - COLEÇÂO OUTONO 2027 - HERING,1R,1R,4,13,120,0,0,0,0,23/09/2026,28/09/2026,602,ENGENHARIA/PCP/TINTURARIA/CORTE/COSTURA/EXPEDIÇÃO,20,,CORTE,0,PC,LIBERADO PARA PRODUÇÂO,CIA. HERING,4507407654,4507407654,62001,5729,06/12/2026,2649,12 - SEM 49 - 2026,3339-1009,0,,,103,GRUPO SOMA,06/11/2026,74,5,0,120,,,0,0,0,0,0,2646,H02,T53 - HERING KIDS A,5,CAIXA - LR,N,N,SSNN
078017,1,04901,332,0,11 - SEM 46 - 2026,19/06,0,,B25,0,0,C03,CONJUNTO REGATA (TOP/BOTTON),,,37,06/12/2026,0,0,BLUMENAU,R MARIA DE LOURDES PRIM,120,TRIBESS,"RETRU TALHACOES, CONFECCOES E COMERCIO LTDA",3,25/08/2026,6/12/2026,,1,,,2642,0,,0,00.968.233/0001-82,,TRANSADI TRANSPORTES EIRELI,13,9 lcc,0,OP PRODUÇÃO,0,0,CLASSIFICAR MODELO/FAMILIA,,,0066,CORTE,COR,COR - CORTE,,,Lib corte,,00/01/1900,00/01/1900,149,SEM LICENÇA HERING,"RETRU TALHACOES, CONFECCOES E COMERCIO LTDA",13.15.00.0414N,CONJUNTO REGATA / 5BH7-1R,01,S-BLUSA / TOP,S,HXO,HXO - COLEÇÂO OUTONO 2027 - HERING,1R,1R,6,14,136,0,0,0,0,23/09/2026,28/09/2026,602,ENGENHARIA/PCP/TINTURARIA/CORTE/COSTURA/EXPEDIÇÃO,20,,CORTE,0,PC,LIBERADO PARA PRODUÇÂO,CIA. HERING,4507407654,4507407654,62001,5729,06/12/2026,2649,12 - SEM 49 - 2026,3339-1009,0,,,103,GRUPO SOMA,06/11/2026,74,5,0,136,,,0,0,0,0,0,2646,H02,T53 - HERING KIDS A,5,CAIXA - LR,N,N,SSNN
078017,1,04901,332,0,11 - SEM 46 - 2026,19/06,0,,B25,0,0,C03,CONJUNTO REGATA (TOP/BOTTON),,,37,06/12/2026,0,0,BLUMENAU,R MARIA DE LOURDES PRIM,120,TRIBESS,"RETRU TALHACOES, CONFECCOES E COMERCIO LTDA",3,25/08/2026,6/12/2026,,1,,,2642,0,,0,00.968.233/0001-82,,TRANSADI TRANSPORTES EIRELI,13,9 lcc,0,OP PRODUÇÃO,0,0,CLASSIFICAR MODELO/FAMILIA,,,0066,CORTE,COR,COR - CORTE,,,Lib corte,,00/01/1900,00/01/1900,149,SEM LICENÇA HERING,"RETRU TALHACOES, CONFECCOES E COMERCIO LTDA",13.15.00.0414N,CONJUNTO REGATA / 5BH7-1R,01,S-BLUSA / TOP,S,HXO,HXO - COLEÇÂO OUTONO 2027 - HERING,1R,1R,8,15,136,0,0,0,0,23/09/2026,28/09/2026,602,ENGENHARIA/PCP/TINTURARIA/CORTE/COSTURA/EXPEDIÇÃO,20,,CORTE,0,PC,LIBERADO PARA PRODUÇÂO,CIA. HERING,4507407654,4507407654,62001,5729,06/12/2026,2649,12 - SEM 49 - 2026,3339-1009,0,,,103,GRUPO SOMA,06/11/2026,74,5,0,136,,,0,0,0,0,0,2646,H02,T53 - HERING KIDS A,5,CAIXA - LR,N,N,SSNN
078017,1,04901,332,0,11 - SEM 46 - 2026,19/06,0,,B25,0,0,C03,CONJUNTO REGATA (TOP/BOTTON),,,37,06/12/2026,0,0,BLUMENAU,R MARIA DE LOURDES PRIM,120,TRIBESS,"RETRU TALHACOES, CONFECCOES E COMERCIO LTDA",3,25/08/2026,6/12/2026,,1,,,2642,0,,0,00.968.233/0001-82,,TRANSADI TRANSPORTES EIRELI,13,9 lcc,0,OP PRODUÇÃO,0,0,CLASSIFICAR MODELO/FAMILIA,,,0066,CORTE,COR,COR - CORTE,,,Lib corte,,00/01/1900,00/01/1900,149,SEM LICENÇA HERING,"RETRU TALHACOES, CONFECCOES E COMERCIO LTDA",13.15.00.0414N,CONJUNTO REGATA / 5BH7-1R,01,S-BLUSA / TOP,S,HXO,HXO - COLEÇÂO OUTONO 2027 - HERING,1R,1R,10,16,152,0,0,0,0,23/09/2026,28/09/2026,602,ENGENHARIA/PCP/TINTURARIA/CORTE/COSTURA/EXPEDIÇÃO,20,,CORTE,0,PC,LIBERADO PARA PRODUÇÂO,CIA. HERING,4507407654,4507407654,62001,5729,06/12/2026,2649,12 - SEM 49 - 2026,3339-1009,0,,,103,GRUPO SOMA,06/11/2026,74,5,0,152,,,0,0,0,0,0,2646,H02,T53 - HERING KIDS A,5,CAIXA - LR,N,N,SSNN
078017,1,04901,332,0,11 - SEM 46 - 2026,19/06,0,,B25,0,0,C03,CONJUNTO REGATA (TOP/BOTTON),,,37,06/12/2026,0,0,BLUMENAU,R MARIA DE LOURDES PRIM,120,TRIBESS,"RETRU TALHACOES, CONFECCOES E COMERCIO LTDA",3,25/08/2026,6/12/2026,,1,,,2642,0,,0,00.968.233/0001-82,,TRANSADI TRANSPORTES EIRELI,13,9 lcc,0,OP PRODUÇÃO,0,0,CLASSIFICAR MODELO/FAMILIA,,,0066,CORTE,COR,COR - CORTE,,,Lib corte,,00/01/1900,00/01/1900,149,SEM LICENÇA HERING,"RETRU TALHACOES, CONFECCOES E COMERCIO LTDA",13.15.00.0414N,CONJUNTO REGATA / 5BH7-1R,01,S-BLUSA / TOP,S,HXO,HXO - COLEÇÂO OUTONO 2027 - HERING,1R,1R,12,17,152,0,0,0,0,23/09/2026,28/09/2026,602,ENGENHARIA/PCP/TINTURARIA/CORTE/COSTURA/EXPEDIÇÃO,20,,CORTE,0,PC,LIBERADO PARA PRODUÇÂO,CIA. HERING,4507407654,4507407654,62001,5729,06/12/2026,2649,12 - SEM 49 - 2026,3339-1009,0,,,103,GRUPO SOMA,06/11/2026,74,5,0,152,,,0,0,0,0,0,2646,H02,T53 - HERING KIDS A,5,CAIXA - LR,N,N,SSNN
078017,1,04901,332,0,11 - SEM 46 - 2026,19/06,0,,B25,0,0,C03,CONJUNTO REGATA (TOP/BOTTON),,,37,06/12/2026,0,0,BLUMENAU,R MARIA DE LOURDES PRIM,120,TRIBESS,"RETRU TALHACOES, CONFECCOES E COMERCIO LTDA",3,25/08/2026,6/12/2026,,1,,,2642,0,,0,00.968.233/0001-82,,TRANSADI TRANSPORTES EIRELI,13,9 lcc,0,OP PRODUÇÃO,0,0,CLASSIFICAR MODELO/FAMILIA,,,0066,CORTE,COR,COR - CORTE,,,Lib corte,,00/01/1900,00/01/1900,149,SEM LICENÇA HERING,"RETRU TALHACOES, CONFECCOES E COMERCIO LTDA",13.15.00.0414N,CONJUNTO REGATA / 5BH7-1R,01,S-BLUSA / TOP,S,HXO,HXO - COLEÇÂO OUTONO 2027 - HERING,1R,1R,14,18,160,0,0,0,0,23/09/2026,28/09/2026,602,ENGENHARIA/PCP/TINTURARIA/CORTE/COSTURA/EXPEDIÇÃO,20,,CORTE,0,PC,LIBERADO PARA PRODUÇÂO,CIA. HERING,4507407654,4507407654,62001,5729,06/12/2026,2649,12 - SEM 49 - 2026,3339-1009,0,,,103,GRUPO SOMA,06/11/2026,74,5,0,160,,,0,0,0,0,0,2646,H02,T53 - HERING KIDS A,5,CAIXA - LR,N,N,SSNN
078017,1,04901,332,0,11 - SEM 46 - 2026,19/06,0,,B25,0,0,C03,CONJUNTO REGATA (TOP/BOTTON),,,37,06/12/2026,0,0,BLUMENAU,R MARIA DE LOURDES PRIM,120,TRIBESS,"RETRU TALHACOES, CONFECCOES E COMERCIO LTDA",3,25/08/2026,6/12/2026,,1,,,2642,0,,0,00.968.233/0001-82,,TRANSADI TRANSPORTES EIRELI,13,9 lcc,0,OP PRODUÇÃO,0,0,CLASSIFICAR MODELO/FAMILIA,,,0066,CORTE,COR,COR - CORTE,,,Lib corte,,00/01/1900,00/01/1900,149,SEM LICENÇA HERING,"RETRU TALHACOES, CONFECCOES E COMERCIO LTDA",13.15.00.0414N,CONJUNTO REGATA / 5BH7-1R,35,S - COSTA INTERNA,N,HXO,HXO - COLEÇÂO OUTONO 2027 - HERING,1R,1R,4,13,120,0,0,0,0,23/09/2026,28/09/2026,A51,CORTA/ESTAMPA/C.QUALIDADE/AGUARD. DISTRIBUIÇAO,20,,CORTE,0,PC,LIBERADO PARA PRODUÇÂO,CIA. HERING,4507407654,4507407654,62001,5729,06/12/2026,2649,12 - SEM 49 - 2026,3339-1009,0,,,103,GRUPO SOMA,20/11/2026,74,5,0,120,,,0,0,0,0,0,2646,H02,T53 - HERING KIDS A,5,CAIXA - LR,N,N,SSNN
078017,1,04901,332,0,11 - SEM 46 - 2026,19/06,0,,B25,0,0,C03,CONJUNTO REGATA (TOP/BOTTON),,,37,06/12/2026,0,0,BLUMENAU,R MARIA DE LOURDES PRIM,120,TRIBESS,"RETRU TALHACOES, CONFECCOES E COMERCIO LTDA",3,25/08/2026,6/12/2026,,1,,,2642,0,,0,00.968.233/0001-82,,TRANSADI TRANSPORTES EIRELI,13,9 lcc,0,OP PRODUÇÃO,0,0,CLASSIFICAR MODELO/FAMILIA,,,0066,CORTE,COR,COR - CORTE,,,Lib corte,,00/01/1900,00/01/1900,149,SEM LICENÇA HERING,"RETRU TALHACOES, CONFECCOES E COMERCIO LTDA",13.15.00.0414N,CONJUNTO REGATA / 5BH7-1R,35,S - COSTA INTERNA,N,HXO,HXO - COLEÇÂO OUTONO 2027 - HERING,1R,1R,6,14,136,0,0,0,0,23/09/2026,28/09/2026,A51,CORTA/ESTAMPA/C.QUALIDADE/AGUARD. DISTRIBUIÇAO,20,,CORTE,0,PC,LIBERADO PARA PRODUÇÂO,CIA. HERING,4507407654,4507407654,62001,5729,06/12/2026,2649,12 - SEM 49 - 2026,3339-1009,0,,,103,GRUPO SOMA,20/11/2026,74,5,0,136,,,0,0,0,0,0,2646,H02,T53 - HERING KIDS A,5,CAIXA - LR,N,N,SSNN
078017,1,04901,332,0,11 - SEM 46 - 2026,19/06,0,,B25,0,0,C03,CONJUNTO REGATA (TOP/BOTTON),,,37,06/12/2026,0,0,BLUMENAU,R MARIA DE LOURDES PRIM,120,TRIBESS,"RETRU TALHACOES, CONFECCOES E COMERCIO LTDA",3,25/08/2026,6/12/2026,,1,,,2642,0,,0,00.968.233/0001-82,,TRANSADI TRANSPORTES EIRELI,13,9 lcc,0,OP PRODUÇÃO,0,0,CLASSIFICAR MODELO/FAMILIA,,,0066,CORTE,COR,COR - CORTE,,,Lib corte,,00/01/1900,00/01/1900,149,SEM LICENÇA HERING,"RETRU TALHACOES, CONFECCOES E COMERCIO LTDA",13.15.00.0414N,CONJUNTO REGATA / 5BH7-1R,35,S - COSTA INTERNA,N,HXO,HXO - COLEÇÂO OUTONO 2027 - HERING,1R,1R,8,15,137,0,0,0,0,23/09/2026,28/09/2026,A51,CORTA/ESTAMPA/C.QUALIDADE/AGUARD. DISTRIBUIÇAO,20,,CORTE,0,PC,LIBERADO PARA PRODUÇÂO,CIA. HERING,4507407654,4507407654,62001,5729,06/12/2026,2649,12 - SEM 49 - 2026,3339-1009,0,,,103,GRUPO SOMA,20/11/2026,74,5,0,137,,,0,0,0,0,0,2646,H02,T53 - HERING KIDS A,5,CAIXA - LR,N,N,SSNN
078017,1,04901,332,0,11 - SEM 46 - 2026,19/06,0,,B25,0,0,C03,CONJUNTO REGATA (TOP/BOTTON),,,37,06/12/2026,0,0,BLUMENAU,R MARIA DE LOURDES PRIM,120,TRIBESS,"RETRU TALHACOES, CONFECCOES E COMERCIO LTDA",3,25/08/2026,6/12/2026,,1,,,2642,0,,0,00.968.233/0001-82,,TRANSADI TRANSPORTES EIRELI,13,9 lcc,0,OP PRODUÇÃO,0,0,CLASSIFICAR MODELO/FAMILIA,,,0066,CORTE,COR,COR - CORTE,,,Lib corte,,00/01/1900,00/01/1900,149,SEM LICENÇA HERING,"RETRU TALHACOES, CONFECCOES E COMERCIO LTDA",13.15.00.0414N,CONJUNTO REGATA / 5BH7-1R,35,S - COSTA INTERNA,N,HXO,HXO - COLEÇÂO OUTONO 2027 - HERING,1R,1R,10,16,146,0,0,0,0,23/09/2026,28/09/2026,A51,CORTA/ESTAMPA/C.QUALIDADE/AGUARD. DISTRIBUIÇAO,20,,CORTE,0,PC,LIBERADO PARA PRODUÇÂO,CIA. HERING,4507407654,4507407654,62001,5729,06/12/2026,2649,12 - SEM 49 - 2026,3339-1009,0,,,103,GRUPO SOMA,20/11/2026,74,5,0,146,,,0,0,0,0,0,2646,H02,T53 - HERING KIDS A,5,CAIXA - LR,N,N,SSNN
078017,1,04901,332,0,11 - SEM 46 - 2026,19/06,0,,B25,0,0,C03,CONJUNTO REGATA (TOP/BOTTON),,,37,06/12/2026,0,0,BLUMENAU,R MARIA DE LOURDES PRIM,120,TRIBESS,"RETRU TALHACOES, CONFECCOES E COMERCIO LTDA",3,25/08/2026,6/12/2026,,1,,,2642,0,,0,00.968.233/0001-82,,TRANSADI TRANSPORTES EIRELI,13,9 lcc,0,OP PRODUÇÃO,0,0,CLASSIFICAR MODELO/FAMILIA,,,0066,CORTE,COR,COR - CORTE,,,Lib corte,,00/01/1900,00/01/1900,149,SEM LICENÇA HERING,"RETRU TALHACOES, CONFECCOES E COMERCIO LTDA",13.15.00.0414N,CONJUNTO REGATA / 5BH7-1R,35,S - COSTA INTERNA,N,HXO,HXO - COLEÇÂO OUTONO 2027 - HERING,1R,1R,12,17,153,0,0,0,0,23/09/2026,28/09/2026,A51,CORTA/ESTAMPA/C.QUALIDADE/AGUARD. DISTRIBUIÇAO,20,,CORTE,0,PC,LIBERADO PARA PRODUÇÂO,CIA. HERING,4507407654,4507407654,62001,5729,06/12/2026,2649,12 - SEM 49 - 2026,3339-1009,0,,,103,GRUPO SOMA,20/11/2026,74,5,0,153,,,0,0,0,0,0,2646,H02,T53 - HERING KIDS A,5,CAIXA - LR,N,N,SSNN
078017,1,04901,332,0,11 - SEM 46 - 2026,19/06,0,,B25,0,0,C03,CONJUNTO REGATA (TOP/BOTTON),,,37,06/12/2026,0,0,BLUMENAU,R MARIA DE LOURDES PRIM,120,TRIBESS,"RETRU TALHACOES, CONFECCOES E COMERCIO LTDA",3,25/08/2026,6/12/2026,,1,,,2642,0,,0,00.968.233/0001-82,,TRANSADI TRANSPORTES EIRELI,13,9 lcc,0,OP PRODUÇÃO,0,0,CLASSIFICAR MODELO/FAMILIA,,,0066,CORTE,COR,COR - CORTE,,,Lib corte,,00/01/1900,00/01/1900,149,SEM LICENÇA HERING,"RETRU TALHACOES, CONFECCOES E COMERCIO LTDA",13.15.00.0414N,CONJUNTO REGATA / 5BH7-1R,35,S - COSTA INTERNA,N,HXO,HXO - COLEÇÂO OUTONO 2027 - HERING,1R,1R,14,18,161,0,0,0,0,23/09/2026,28/09/2026,A51,CORTA/ESTAMPA/C.QUALIDADE/AGUARD. DISTRIBUIÇAO,20,,CORTE,0,PC,LIBERADO PARA PRODUÇÂO,CIA. HERING,4507407654,4507407654,62001,5729,06/12/2026,2649,12 - SEM 49 - 2026,3339-1009,0,,,103,GRUPO SOMA,20/11/2026,74,5,0,161,,,0,0,0,0,0,2646,H02,T53 - HERING KIDS A,5,CAIXA - LR,N,N,SSNN
078018,1,07033,,0,11 - SEM 45 - 2026,19/06,0,A DIFERENÇA DESSE LOTE ESTA NA SOBRA DO DEPOSITO COM O PAULO,B25,0,0,C03,CONJUNTO REGATA (TOP/BOTTON),,,37,29/11/2026,0,0,BLUMENAU,R WERNER DUWE,3408,BADENFURT,M & A CORTE FINO,3,25/08/2026,29/11/2026,,1,,,2642,0,,0,46.548.941/0001-65,,,13,9 lcc,0,OP PRODUÇÃO,0,0,CLASSIFICAR MODELO/FAMILIA,,,02,FACÇÕES,COR,COR - CORTE,,,Lib corte,,00/01/1900,00/01/1900,149,SEM LICENÇA HERING,M & A CORTE FINO LTDA,13.15.00.0414M,CONJUNTO REGATA / 5BH7-1T,01,S-BLUSA / TOP,S,HXO,HXO - COLEÇÂO OUTONO 2027 - HERING,1T,1T,4,13,135,0,0,0,0,21/09/2026,24/09/2026,602,ENGENHARIA/PCP/TINTURARIA/CORTE/COSTURA/EXPEDIÇÃO,20,,CORTE,0,PC,LIBERADO PARA PRODUÇÂO,CIA. HERING,4507406971,4507406971,62000,5729,29/11/2026,2648,11 - SEM 48 - 2026,(47) 9219-2452,0,,,103,GRUPO SOMA,30/10/2026,67,1,2,135,,,0,0,95,0,0,2645,H02,T53 - HERING KIDS A,5,CAIXA - LR,N,N,SSNN
078018,1,07033,,0,11 - SEM 45 - 2026,19/06,0,A DIFERENÇA DESSE LOTE ESTA NA SOBRA DO DEPOSITO COM O PAULO,B25,0,0,C03,CONJUNTO REGATA (TOP/BOTTON),,,37,29/11/2026,0,0,BLUMENAU,R WERNER DUWE,3408,BADENFURT,M & A CORTE FINO,3,25/08/2026,29/11/2026,,1,,,2642,0,,0,46.548.941/0001-65,,,13,9 lcc,0,OP PRODUÇÃO,0,0,CLASSIFICAR MODELO/FAMILIA,,,02,FACÇÕES,COR,COR - CORTE,,,Lib corte,,00/01/1900,00/01/1900,149,SEM LICENÇA HERING,M & A CORTE FINO LTDA,13.15.00.0414M,CONJUNTO REGATA / 5BH7-1T,01,S-BLUSA / TOP,S,HXO,HXO - COLEÇÂO OUTONO 2027 - HERING,1T,1T,6,14,156,0,0,0,0,21/09/2026,24/09/2026,602,ENGENHARIA/PCP/TINTURARIA/CORTE/COSTURA/EXPEDIÇÃO,20,,CORTE,0,PC,LIBERADO PARA PRODUÇÂO,CIA. HERING,4507406971,4507406971,62000,5729,29/11/2026,2648,11 - SEM 48 - 2026,(47) 9219-2452,0,,,103,GRUPO SOMA,30/10/2026,67,1,2,156,,,0,0,95,0,0,2645,H02,T53 - HERING KIDS A,5,CAIXA - LR,N,N,SSNN
078018,1,07033,,0,11 - SEM 45 - 2026,19/06,0,A DIFERENÇA DESSE LOTE ESTA NA SOBRA DO DEPOSITO COM O PAULO,B25,0,0,C03,CONJUNTO REGATA (TOP/BOTTON),,,37,29/11/2026,0,0,BLUMENAU,R WERNER DUWE,3408,BADENFURT,M & A CORTE FINO,3,25/08/2026,29/11/2026,,1,,,2642,0,,0,46.548.941/0001-65,,,13,9 lcc,0,OP PRODUÇÃO,0,0,CLASSIFICAR MODELO/FAMILIA,,,02,FACÇÕES,COR,COR - CORTE,,,Lib corte,,00/01/1900,00/01/1900,149,SEM LICENÇA HERING,M & A CORTE FINO LTDA,13.15.00.0414M,CONJUNTO REGATA / 5BH7-1T,01,S-BLUSA / TOP,S,HXO,HXO - COLEÇÂO OUTONO 2027 - HERING,1T,1T,8,15,156,0,0,0,0,21/09/2026,24/09/2026,602,ENGENHARIA/PCP/TINTURARIA/CORTE/COSTURA/EXPEDIÇÃO,20,,CORTE,0,PC,LIBERADO PARA PRODUÇÂO,CIA. HERING,4507406971,4507406971,62000,5729,29/11/2026,2648,11 - SEM 48 - 2026,(47) 9219-2452,0,,,103,GRUPO SOMA,30/10/2026,67,1,2,156,,,0,0,95,0,0,2645,H02,T53 - HERING KIDS A,5,CAIXA - LR,N,N,SSNN
078018,1,07033,,0,11 - SEM 45 - 2026,19/06,0,A DIFERENÇA DESSE LOTE ESTA NA SOBRA DO DEPOSITO COM O PAULO,B25,0,0,C03,CONJUNTO REGATA (TOP/BOTTON),,,37,29/11/2026,0,0,BLUMENAU,R WERNER DUWE,3408,BADENFURT,M & A CORTE FINO,3,25/08/2026,29/11/2026,,1,,,2642,0,,0,46.548.941/0001-65,,,13,9 lcc,0,OP PRODUÇÃO,0,0,CLASSIFICAR MODELO/FAMILIA,,,02,FACÇÕES,COR,COR - CORTE,,,Lib corte,,00/01/1900,00/01/1900,149,SEM LICENÇA HERING,M & A CORTE FINO LTDA,13.15.00.0414M,CONJUNTO REGATA / 5BH7-1T,01,S-BLUSA / TOP,S,HXO,HXO - COLEÇÂO OUTONO 2027 - HERING,1T,1T,10,16,172,0,0,0,0,21/09/2026,24/09/2026,602,ENGENHARIA/PCP/TINTURARIA/CORTE/COSTURA/EXPEDIÇÃO,20,,CORTE,0,PC,LIBERADO PARA PRODUÇÂO,CIA. HERING,4507406971,4507406971,62000,5729,29/11/2026,2648,11 - SEM 48 - 2026,(47) 9219-2452,0,,,103,GRUPO SOMA,30/10/2026,67,1,2,172,,,0,0,95,0,0,2645,H02,T53 - HERING KIDS A,5,CAIXA - LR,N,N,SSNN
078018,1,07033,,0,11 - SEM 45 - 2026,19/06,0,A DIFERENÇA DESSE LOTE ESTA NA SOBRA DO DEPOSITO COM O PAULO,B25,0,0,C03,CONJUNTO REGATA (TOP/BOTTON),,,37,29/11/2026,0,0,BLUMENAU,R WERNER DUWE,3408,BADENFURT,M & A CORTE FINO,3,25/08/2026,29/11/2026,,1,,,2642,0,,0,46.548.941/0001-65,,,13,9 lcc,0,OP PRODUÇÃO,0,0,CLASSIFICAR MODELO/FAMILIA,,,02,FACÇÕES,COR,COR - CORTE,,,Lib corte,,00/01/1900,00/01/1900,149,SEM LICENÇA HERING,M & A CORTE FINO LTDA,13.15.00.0414M,CONJUNTO REGATA / 5BH7-1T,01,S-BLUSA / TOP,S,HXO,HXO - COLEÇÂO OUTONO 2027 - HERING,1T,1T,12,17,172,0,0,0,0,21/09/2026,24/09/2026,602,ENGENHARIA/PCP/TINTURARIA/CORTE/COSTURA/EXPEDIÇÃO,20,,CORTE,0,PC,LIBERADO PARA PRODUÇÂO,CIA. HERING,4507406971,4507406971,62000,5729,29/11/2026,2648,11 - SEM 48 - 2026,(47) 9219-2452,0,,,103,GRUPO SOMA,30/10/2026,67,1,2,172,,,0,0,95,0,0,2645,H02,T53 - HERING KIDS A,5,CAIXA - LR,N,N,SSNN
078018,1,07033,,0,11 - SEM 45 - 2026,19/06,0,A DIFERENÇA DESSE LOTE ESTA NA SOBRA DO DEPOSITO COM O PAULO,B25,0,0,C03,CONJUNTO REGATA (TOP/BOTTON),,,37,29/11/2026,0,0,BLUMENAU,R WERNER DUWE,3408,BADENFURT,M & A CORTE FINO,3,25/08/2026,29/11/2026,,1,,,2642,0,,0,46.548.941/0001-65,,,13,9 lcc,0,OP PRODUÇÃO,0,0,CLASSIFICAR MODELO/FAMILIA,,,02,FACÇÕES,COR,COR - CORTE,,,Lib corte,,00/01/1900,00/01/1900,149,SEM LICENÇA HERING,M & A CORTE FINO LTDA,13.15.00.0414M,CONJUNTO REGATA / 5BH7-1T,01,S-BLUSA / TOP,S,HXO,HXO - COLEÇÂO OUTONO 2027 - HERING,1T,1T,14,18,180,0,0,0,0,21/09/2026,24/09/2026,602,ENGENHARIA/PCP/TINTURARIA/CORTE/COSTURA/EXPEDIÇÃO,20,,CORTE,0,PC,LIBERADO PARA PRODUÇÂO,CIA. HERING,4507406971,4507406971,62000,5729,29/11/2026,2648,11 - SEM 48 - 2026,(47) 9219-2452,0,,,103,GRUPO SOMA,30/10/2026,67,1,2,180,,,0,0,95,0,0,2645,H02,T53 - HERING KIDS A,5,CAIXA - LR,N,N,SSNN
078018,1,07033,,0,11 - SEM 45 - 2026,19/06,0,A DIFERENÇA DESSE LOTE ESTA NA SOBRA DO DEPOSITO COM O PAULO,B25,0,0,C03,CONJUNTO REGATA (TOP/BOTTON),,,37,29/11/2026,0,0,BLUMENAU,R WERNER DUWE,3408,BADENFURT,M & A CORTE FINO,3,25/08/2026,29/11/2026,,1,,,2642,0,,0,46.548.941/0001-65,,,13,9 lcc,0,OP PRODUÇÃO,0,0,CLASSIFICAR MODELO/FAMILIA,,,02,FACÇÕES,COR,COR - CORTE,,,Lib corte,,00/01/1900,00/01/1900,149,SEM LICENÇA HERING,M & A CORTE FINO LTDA,13.15.00.0414M,CONJUNTO REGATA / 5BH7-1T,35,S - COSTA INTERNA,N,HXO,HXO - COLEÇÂO OUTONO 2027 - HERING,1T,1T,4,13,135,0,0,0,0,21/09/2026,24/09/2026,A51,CORTA/ESTAMPA/C.QUALIDADE/AGUARD. DISTRIBUIÇAO,20,,CORTE,0,PC,LIBERADO PARA PRODUÇÂO,CIA. HERING,4507406971,4507406971,62000,5729,29/11/2026,2648,11 - SEM 48 - 2026,(47) 9219-2452,0,,,103,GRUPO SOMA,13/11/2026,67,1,2,135,,,0,0,95,0,0,2645,H02,T53 - HERING KIDS A,5,CAIXA - LR,N,N,SSNN
078018,1,07033,,0,11 - SEM 45 - 2026,19/06,0,A DIFERENÇA DESSE LOTE ESTA NA SOBRA DO DEPOSITO COM O PAULO,B25,0,0,C03,CONJUNTO REGATA (TOP/BOTTON),,,37,29/11/2026,0,0,BLUMENAU,R WERNER DUWE,3408,BADENFURT,M & A CORTE FINO,3,25/08/2026,29/11/2026,,1,,,2642,0,,0,46.548.941/0001-65,,,13,9 lcc,0,OP PRODUÇÃO,0,0,CLASSIFICAR MODELO/FAMILIA,,,02,FACÇÕES,COR,COR - CORTE,,,Lib corte,,00/01/1900,00/01/1900,149,SEM LICENÇA HERING,M & A CORTE FINO LTDA,13.15.00.0414M,CONJUNTO REGATA / 5BH7-1T,35,S - COSTA INTERNA,N,HXO,HXO - COLEÇÂO OUTONO 2027 - HERING,1T,1T,6,14,154,0,0,0,0,21/09/2026,24/09/2026,A51,CORTA/ESTAMPA/C.QUALIDADE/AGUARD. DISTRIBUIÇAO,20,,CORTE,0,PC,LIBERADO PARA PRODUÇÂO,CIA. HERING,4507406971,4507406971,62000,5729,29/11/2026,2648,11 - SEM 48 - 2026,(47) 9219-2452,0,,,103,GRUPO SOMA,13/11/2026,67,1,2,154,,,0,0,95,0,0,2645,H02,T53 - HERING KIDS A,5,CAIXA - LR,N,N,SSNN
078018,1,07033,,0,11 - SEM 45 - 2026,19/06,0,A DIFERENÇA DESSE LOTE ESTA NA SOBRA DO DEPOSITO COM O PAULO,B25,0,0,C03,CONJUNTO REGATA (TOP/BOTTON),,,37,29/11/2026,0,0,BLUMENAU,R WERNER DUWE,3408,BADENFURT,M & A CORTE FINO,3,25/08/2026,29/11/2026,,1,,,2642,0,,0,46.548.941/0001-65,,,13,9 lcc,0,OP PRODUÇÃO,0,0,CLASSIFICAR MODELO/FAMILIA,,,02,FACÇÕES,COR,COR - CORTE,,,Lib corte,,00/01/1900,00/01/1900,149,SEM LICENÇA HERING,M & A CORTE FINO LTDA,13.15.00.0414M,CONJUNTO REGATA / 5BH7-1T,35,S - COSTA INTERNA,N,HXO,HXO - COLEÇÂO OUTONO 2027 - HERING,1T,1T,8,15,154,0,0,0,0,21/09/2026,24/09/2026,A51,CORTA/ESTAMPA/C.QUALIDADE/AGUARD. DISTRIBUIÇAO,20,,CORTE,0,PC,LIBERADO PARA PRODUÇÂO,CIA. HERING,4507406971,4507406971,62000,5729,29/11/2026,2648,11 - SEM 48 - 2026,(47) 9219-2452,0,,,103,GRUPO SOMA,13/11/2026,67,1,2,154,,,0,0,95,0,0,2645,H02,T53 - HERING KIDS A,5,CAIXA - LR,N,N,SSNN
078018,1,07033,,0,11 - SEM 45 - 2026,19/06,0,A DIFERENÇA DESSE LOTE ESTA NA SOBRA DO DEPOSITO COM O PAULO,B25,0,0,C03,CONJUNTO REGATA (TOP/BOTTON),,,37,29/11/2026,0,0,BLUMENAU,R WERNER DUWE,3408,BADENFURT,M & A CORTE FINO,3,25/08/2026,29/11/2026,,1,,,2642,0,,0,46.548.941/0001-65,,,13,9 lcc,0,OP PRODUÇÃO,0,0,CLASSIFICAR MODELO/FAMILIA,,,02,FACÇÕES,COR,COR - CORTE,,,Lib corte,,00/01/1900,00/01/1900,149,SEM LICENÇA HERING,M & A CORTE FINO LTDA,13.15.00.0414M,CONJUNTO REGATA / 5BH7-1T,35,S - COSTA INTERNA,N,HXO,HXO - COLEÇÂO OUTONO 2027 - HERING,1T,1T,10,16,163,0,0,0,0,21/09/2026,24/09/2026,A51,CORTA/ESTAMPA/C.QUALIDADE/AGUARD. DISTRIBUIÇAO,20,,CORTE,0,PC,LIBERADO PARA PRODUÇÂO,CIA. HERING,4507406971,4507406971,62000,5729,29/11/2026,2648,11 - SEM 48 - 2026,(47) 9219-2452,0,,,103,GRUPO SOMA,13/11/2026,67,1,2,163,,,0,0,95,0,0,2645,H02,T53 - HERING KIDS A,5,CAIXA - LR,N,N,SSNN
078018,1,07033,,0,11 - SEM 45 - 2026,19/06,0,A DIFERENÇA DESSE LOTE ESTA NA SOBRA DO DEPOSITO COM O PAULO,B25,0,0,C03,CONJUNTO REGATA (TOP/BOTTON),,,37,29/11/2026,0,0,BLUMENAU,R WERNER DUWE,3408,BADENFURT,M & A CORTE FINO,3,25/08/2026,29/11/2026,,1,,,2642,0,,0,46.548.941/0001-65,,,13,9 lcc,0,OP PRODUÇÃO,0,0,CLASSIFICAR MODELO/FAMILIA,,,02,FACÇÕES,COR,COR - CORTE,,,Lib corte,,00/01/1900,00/01/1900,149,SEM LICENÇA HERING,M & A CORTE FINO LTDA,13.15.00.0414M,CONJUNTO REGATA / 5BH7-1T,35,S - COSTA INTERNA,N,HXO,HXO - COLEÇÂO OUTONO 2027 - HERING,1T,1T,12,17,173,0,0,0,0,21/09/2026,24/09/2026,A51,CORTA/ESTAMPA/C.QUALIDADE/AGUARD. DISTRIBUIÇAO,20,,CORTE,0,PC,LIBERADO PARA PRODUÇÂO,CIA. HERING,4507406971,4507406971,62000,5729,29/11/2026,2648,11 - SEM 48 - 2026,(47) 9219-2452,0,,,103,GRUPO SOMA,13/11/2026,67,1,2,173,,,0,0,95,0,0,2645,H02,T53 - HERING KIDS A,5,CAIXA - LR,N,N,SSNN
078018,1,07033,,0,11 - SEM 45 - 2026,19/06,0,A DIFERENÇA DESSE LOTE ESTA NA SOBRA DO DEPOSITO COM O PAULO,B25,0,0,C03,CONJUNTO REGATA (TOP/BOTTON),,,37,29/11/2026,0,0,BLUMENAU,R WERNER DUWE,3408,BADENFURT,M & A CORTE FINO,3,25/08/2026,29/11/2026,,1,,,2642,0,,0,46.548.941/0001-65,,,13,9 lcc,0,OP PRODUÇÃO,0,0,CLASSIFICAR MODELO/FAMILIA,,,02,FACÇÕES,COR,COR - CORTE,,,Lib corte,,00/01/1900,00/01/1900,149,SEM LICENÇA HERING,M & A CORTE FINO LTDA,13.15.00.0414M,CONJUNTO REGATA / 5BH7-1T,35,S - COSTA INTERNA,N,HXO,HXO - COLEÇÂO OUTONO 2027 - HERING,1T,1T,14,18,181,0,0,0,0,21/09/2026,24/09/2026,A51,CORTA/ESTAMPA/C.QUALIDADE/AGUARD. DISTRIBUIÇAO,20,,CORTE,0,PC,LIBERADO PARA PRODUÇÂO,CIA. HERING,4507406971,4507406971,62000,5729,29/11/2026,2648,11 - SEM 48 - 2026,(47) 9219-2452,0,,,103,GRUPO SOMA,13/11/2026,67,1,2,181,,,0,0,95,0,0,2645,H02,T53 - HERING KIDS A,5,CAIXA - LR,N,N,SSNN
078019,1,01514,297,0,11 - SEM 45 - 2026,29/05,0,,B22,0,0,C00,CONJUNTO CURTO (TOP/BOTTON),,,"36,25",29/11/2026,2,0,ILHOTA,R MARIA LUIZA DE SOUZA,134,DAS MISSOES,TALHAÇÃO FAVIN,3,25/08/2026,29/11/2026,,1,,,2642,0,,0,20.130.488/0001-89,,TALHACAO DE ROUPAS FORCELINI LTDA - ME,13,9 lcc,0,OP PRODUÇÃO,0,0,CLASSIFICAR MODELO/FAMILIA,,,02,FACÇÕES,COR,COR - CORTE,,,Lib corte,,00/01/1900,00/01/1900,149,SEM LICENÇA HERING,TALHACAO DE ROUPAS FAVIN FORCELINI LTDA - ME,13.16.00.0439D,CONJUNTO CURTO / 5BHQ-1F,08,S-FRENTE,N,HXO,HXO - COLEÇÂO OUTONO 2027 - HERING,1F,1F,4,13,325,0,0,0,0,21/09/2026,24/09/2026,A51,CORTA/ESTAMPA/C.QUALIDADE/AGUARD. DISTRIBUIÇAO,20,,CORTE,0,PC,LIBERADO PARA PRODUÇÂO,CIA. HERING,4507405484,4507405484,61981,5729,29/11/2026,2648,11 - SEM 48 - 2026,3343-1574,0,,,103,GRUPO SOMA,13/11/2026,67,1,2,325,,,0,0,0,0,0,2645,H01,T54 - HERING KIDS O,5,CAIXA - LR,N,N,SSNN
078019,1,01514,297,0,11 - SEM 45 - 2026,29/05,0,,B22,0,0,C00,CONJUNTO CURTO (TOP/BOTTON),,,"36,25",29/11/2026,2,0,ILHOTA,R MARIA LUIZA DE SOUZA,134,DAS MISSOES,TALHAÇÃO FAVIN,3,25/08/2026,29/11/2026,,1,,,2642,0,,0,20.130.488/0001-89,,TALHACAO DE ROUPAS FORCELINI LTDA - ME,13,9 lcc,0,OP PRODUÇÃO,0,0,CLASSIFICAR MODELO/FAMILIA,,,02,FACÇÕES,COR,COR - CORTE,,,Lib corte,,00/01/1900,00/01/1900,149,SEM LICENÇA HERING,TALHACAO DE ROUPAS FAVIN FORCELINI LTDA - ME,13.16.00.0439D,CONJUNTO CURTO / 5BHQ-1F,08,S-FRENTE,N,HXO,HXO - COLEÇÂO OUTONO 2027 - HERING,1F,1F,6,14,151,0,0,0,0,21/09/2026,24/09/2026,A51,CORTA/ESTAMPA/C.QUALIDADE/AGUARD. DISTRIBUIÇAO,20,,CORTE,0,PC,LIBERADO PARA PRODUÇÂO,CIA. HERING,4507405484,4507405484,61981,5729,29/11/2026,2648,11 - SEM 48 - 2026,3343-1574,0,,,103,GRUPO SOMA,13/11/2026,67,1,2,151,,,0,0,0,0,0,2645,H01,T54 - HERING KIDS O,5,CAIXA - LR,N,N,SSNN
078019,1,01514,297,0,11 - SEM 45 - 2026,29/05,0,,B22,0,0,C00,CONJUNTO CURTO (TOP/BOTTON),,,"36,25",29/11/2026,2,0,ILHOTA,R MARIA LUIZA DE SOUZA,134,DAS MISSOES,TALHAÇÃO FAVIN,3,25/08/2026,29/11/2026,,1,,,2642,0,,0,20.130.488/0001-89,,TALHACAO DE ROUPAS FORCELINI LTDA - ME,13,9 lcc,0,OP PRODUÇÃO,0,0,CLASSIFICAR MODELO/FAMILIA,,,02,FACÇÕES,COR,COR - CORTE,,,Lib corte,,00/01/1900,00/01/1900,149,SEM LICENÇA HERING,TALHACAO DE ROUPAS FAVIN FORCELINI LTDA - ME,13.16.00.0439D,CONJUNTO CURTO / 5BHQ-1F,08,S-FRENTE,N,HXO,HXO - COLEÇÂO OUTONO 2027 - HERING,1F,1F,8,15,133,0,0,0,0,21/09/2026,24/09/2026,A51,CORTA/ESTAMPA/C.QUALIDADE/AGUARD. DISTRIBUIÇAO,20,,CORTE,0,PC,LIBERADO PARA PRODUÇÂO,CIA. HERING,4507405484,4507405484,61981,5729,29/11/2026,2648,11 - SEM 48 - 2026,3343-1574,0,,,103,GRUPO SOMA,13/11/2026,67,1,2,133,,,0,0,0,0,0,2645,H01,T54 - HERING KIDS O,5,CAIXA - LR,N,N,SSNN
078019,1,01514,297,0,11 - SEM 45 - 2026,29/05,0,,B22,0,0,C00,CONJUNTO CURTO (TOP/BOTTON),,,"36,25",29/11/2026,2,0,ILHOTA,R MARIA LUIZA DE SOUZA,134,DAS MISSOES,TALHAÇÃO FAVIN,3,25/08/2026,29/11/2026,,1,,,2642,0,,0,20.130.488/0001-89,,TALHACAO DE ROUPAS FORCELINI LTDA - ME,13,9 lcc,0,OP PRODUÇÃO,0,0,CLASSIFICAR MODELO/FAMILIA,,,02,FACÇÕES,COR,COR - CORTE,,,Lib corte,,00/01/1900,00/01/1900,149,SEM LICENÇA HERING,TALHACAO DE ROUPAS FAVIN FORCELINI LTDA - ME,13.16.00.0439D,CONJUNTO CURTO / 5BHQ-1F,08,S-FRENTE,N,HXO,HXO - COLEÇÂO OUTONO 2027 - HERING,1F,1F,10,16,99,0,0,0,0,21/09/2026,24/09/2026,A51,CORTA/ESTAMPA/C.QUALIDADE/AGUARD. DISTRIBUIÇAO,20,,CORTE,0,PC,LIBERADO PARA PRODUÇÂO,CIA. HERING,4507405484,4507405484,61981,5729,29/11/2026,2648,11 - SEM 48 - 2026,3343-1574,0,,,103,GRUPO SOMA,13/11/2026,67,1,2,99,,,0,0,0,0,0,2645,H01,T54 - HERING KIDS O,5,CAIXA - LR,N,N,SSNN
078019,1,01514,297,0,11 - SEM 45 - 2026,29/05,0,,B22,0,0,C00,CONJUNTO CURTO (TOP/BOTTON),,,"36,25",29/11/2026,2,0,ILHOTA,R MARIA LUIZA DE SOUZA,134,DAS MISSOES,TALHAÇÃO FAVIN,3,25/08/2026,29/11/2026,,1,,,2642,0,,0,20.130.488/0001-89,,TALHACAO DE ROUPAS FORCELINI LTDA - ME,13,9 lcc,0,OP PRODUÇÃO,0,0,CLASSIFICAR MODELO/FAMILIA,,,02,FACÇÕES,COR,COR - CORTE,,,Lib corte,,00/01/1900,00/01/1900,149,SEM LICENÇA HERING,TALHACAO DE ROUPAS FAVIN FORCELINI LTDA - ME,13.16.00.0439D,CONJUNTO CURTO / 5BHQ-1F,08,S-FRENTE,N,HXO,HXO - COLEÇÂO OUTONO 2027 - HERING,1F,1F,12,17,130,0,0,0,0,21/09/2026,24/09/2026,A51,CORTA/ESTAMPA/C.QUALIDADE/AGUARD. DISTRIBUIÇAO,20,,CORTE,0,PC,LIBERADO PARA PRODUÇÂO,CIA. HERING,4507405484,4507405484,61981,5729,29/11/2026,2648,11 - SEM 48 - 2026,3343-1574,0,,,103,GRUPO SOMA,13/11/2026,67,1,2,130,,,0,0,0,0,0,2645,H01,T54 - HERING KIDS O,5,CAIXA - LR,N,N,SSNN
078019,1,01514,297,0,11 - SEM 45 - 2026,29/05,0,,B22,0,0,C00,CONJUNTO CURTO (TOP/BOTTON),,,"36,25",29/11/2026,2,0,ILHOTA,R MARIA LUIZA DE SOUZA,134,DAS MISSOES,TALHAÇÃO FAVIN,3,25/08/2026,29/11/2026,,1,,,2642,0,,0,20.130.488/0001-89,,TALHACAO DE ROUPAS FORCELINI LTDA - ME,13,9 lcc,0,OP PRODUÇÃO,0,0,CLASSIFICAR MODELO/FAMILIA,,,02,FACÇÕES,COR,COR - CORTE,,,Lib corte,,00/01/1900,00/01/1900,149,SEM LICENÇA HERING,TALHACAO DE ROUPAS FAVIN FORCELINI LTDA - ME,13.16.00.0439D,CONJUNTO CURTO / 5BHQ-1F,08,S-FRENTE,N,HXO,HXO - COLEÇÂO OUTONO 2027 - HERING,1F,1F,14,18,94,0,0,0,0,21/09/2026,24/09/2026,A51,CORTA/ESTAMPA/C.QUALIDADE/AGUARD. DISTRIBUIÇAO,20,,CORTE,0,PC,LIBERADO PARA PRODUÇÂO,CIA. HERING,4507405484,4507405484,61981,5729,29/11/2026,2648,11 - SEM 48 - 2026,3343-1574,0,,,103,GRUPO SOMA,13/11/2026,67,1,2,94,,,0,0,0,0,0,2645,H01,T54 - HERING KIDS O,5,CAIXA - LR,N,N,SSNN
078019,1,01514,297,0,11 - SEM 45 - 2026,29/05,0,,B22,0,0,C00,CONJUNTO CURTO (TOP/BOTTON),,,"36,25",29/11/2026,2,0,ILHOTA,R MARIA LUIZA DE SOUZA,134,DAS MISSOES,TALHAÇÃO FAVIN,3,25/08/2026,29/11/2026,,1,,,2642,0,,0,20.130.488/0001-89,,TALHACAO DE ROUPAS FORCELINI LTDA - ME,13,9 lcc,0,OP PRODUÇÃO,0,0,CLASSIFICAR MODELO/FAMILIA,,,02,FACÇÕES,COR,COR - CORTE,,,Lib corte,,00/01/1900,00/01/1900,149,SEM LICENÇA HERING,TALHACAO DE ROUPAS FAVIN FORCELINI LTDA - ME,13.16.00.0439D,CONJUNTO CURTO / 5BHQ-1F,C6,I-SHORTS CONJUNTO / BOTTON,S,HXO,HXO - COLEÇÂO OUTONO 2027 - HERING,1F,1F,4,13,330,0,0,0,0,21/09/2026,24/09/2026,602,ENGENHARIA/PCP/TINTURARIA/CORTE/COSTURA/EXPEDIÇÃO,20,,CORTE,0,PC,LIBERADO PARA PRODUÇÂO,CIA. HERING,4507405484,4507405484,61981,5729,29/11/2026,2648,11 - SEM 48 - 2026,3343-1574,0,,,103,GRUPO SOMA,30/10/2026,67,1,2,330,,,0,0,0,0,0,2645,H01,T54 - HERING KIDS O,5,CAIXA - LR,N,N,SSNN
078019,1,01514,297,0,11 - SEM 45 - 2026,29/05,0,,B22,0,0,C00,CONJUNTO CURTO (TOP/BOTTON),,,"36,25",29/11/2026,2,0,ILHOTA,R MARIA LUIZA DE SOUZA,134,DAS MISSOES,TALHAÇÃO FAVIN,3,25/08/2026,29/11/2026,,1,,,2642,0,,0,20.130.488/0001-89,,TALHACAO DE ROUPAS FORCELINI LTDA - ME,13,9 lcc,0,OP PRODUÇÃO,0,0,CLASSIFICAR MODELO/FAMILIA,,,02,FACÇÕES,COR,COR - CORTE,,,Lib corte,,00/01/1900,00/01/1900,149,SEM LICENÇA HERING,TALHACAO DE ROUPAS FAVIN FORCELINI LTDA - ME,13.16.00.0439D,CONJUNTO CURTO / 5BHQ-1F,C6,I-SHORTS CONJUNTO / BOTTON,S,HXO,HXO - COLEÇÂO OUTONO 2027 - HERING,1F,1F,6,14,150,0,0,0,0,21/09/2026,24/09/2026,602,ENGENHARIA/PCP/TINTURARIA/CORTE/COSTURA/EXPEDIÇÃO,20,,CORTE,0,PC,LIBERADO PARA PRODUÇÂO,CIA. HERING,4507405484,4507405484,61981,5729,29/11/2026,2648,11 - SEM 48 - 2026,3343-1574,0,,,103,GRUPO SOMA,30/10/2026,67,1,2,150,,,0,0,0,0,0,2645,H01,T54 - HERING KIDS O,5,CAIXA - LR,N,N,SSNN
078019,1,01514,297,0,11 - SEM 45 - 2026,29/05,0,,B22,0,0,C00,CONJUNTO CURTO (TOP/BOTTON),,,"36,25",29/11/2026,2,0,ILHOTA,R MARIA LUIZA DE SOUZA,134,DAS MISSOES,TALHAÇÃO FAVIN,3,25/08/2026,29/11/2026,,1,,,2642,0,,0,20.130.488/0001-89,,TALHACAO DE ROUPAS FORCELINI LTDA - ME,13,9 lcc,0,OP PRODUÇÃO,0,0,CLASSIFICAR MODELO/FAMILIA,,,02,FACÇÕES,COR,COR - CORTE,,,Lib corte,,00/01/1900,00/01/1900,149,SEM LICENÇA HERING,TALHACAO DE ROUPAS FAVIN FORCELINI LTDA - ME,13.16.00.0439D,CONJUNTO CURTO / 5BHQ-1F,C6,I-SHORTS CONJUNTO / BOTTON,S,HXO,HXO - COLEÇÂO OUTONO 2027 - HERING,1F,1F,8,15,132,0,0,0,0,21/09/2026,24/09/2026,602,ENGENHARIA/PCP/TINTURARIA/CORTE/COSTURA/EXPEDIÇÃO,20,,CORTE,0,PC,LIBERADO PARA PRODUÇÂO,CIA. HERING,4507405484,4507405484,61981,5729,29/11/2026,2648,11 - SEM 48 - 2026,3343-1574,0,,,103,GRUPO SOMA,30/10/2026,67,1,2,132,,,0,0,0,0,0,2645,H01,T54 - HERING KIDS O,5,CAIXA - LR,N,N,SSNN
078019,1,01514,297,0,11 - SEM 45 - 2026,29/05,0,,B22,0,0,C00,CONJUNTO CURTO (TOP/BOTTON),,,"36,25",29/11/2026,2,0,ILHOTA,R MARIA LUIZA DE SOUZA,134,DAS MISSOES,TALHAÇÃO FAVIN,3,25/08/2026,29/11/2026,,1,,,2642,0,,0,20.130.488/0001-89,,TALHACAO DE ROUPAS FORCELINI LTDA - ME,13,9 lcc,0,OP PRODUÇÃO,0,0,CLASSIFICAR MODELO/FAMILIA,,,02,FACÇÕES,COR,COR - CORTE,,,Lib corte,,00/01/1900,00/01/1900,149,SEM LICENÇA HERING,TALHACAO DE ROUPAS FAVIN FORCELINI LTDA - ME,13.16.00.0439D,CONJUNTO CURTO / 5BHQ-1F,C6,I-SHORTS CONJUNTO / BOTTON,S,HXO,HXO - COLEÇÂO OUTONO 2027 - HERING,1F,1F,10,16,100,0,0,0,0,21/09/2026,24/09/2026,602,ENGENHARIA/PCP/TINTURARIA/CORTE/COSTURA/EXPEDIÇÃO,20,,CORTE,0,PC,LIBERADO PARA PRODUÇÂO,CIA. HERING,4507405484,4507405484,61981,5729,29/11/2026,2648,11 - SEM 48 - 2026,3343-1574,0,,,103,GRUPO SOMA,30/10/2026,67,1,2,100,,,0,0,0,0,0,2645,H01,T54 - HERING KIDS O,5,CAIXA - LR,N,N,SSNN
078019,1,01514,297,0,11 - SEM 45 - 2026,29/05,0,,B22,0,0,C00,CONJUNTO CURTO (TOP/BOTTON),,,"36,25",29/11/2026,2,0,ILHOTA,R MARIA LUIZA DE SOUZA,134,DAS MISSOES,TALHAÇÃO FAVIN,3,25/08/2026,29/11/2026,,1,,,2642,0,,0,20.130.488/0001-89,,TALHACAO DE ROUPAS FORCELINI LTDA - ME,13,9 lcc,0,OP PRODUÇÃO,0,0,CLASSIFICAR MODELO/FAMILIA,,,02,FACÇÕES,COR,COR - CORTE,,,Lib corte,,00/01/1900,00/01/1900,149,SEM LICENÇA HERING,TALHACAO DE ROUPAS FAVIN FORCELINI LTDA - ME,13.16.00.0439D,CONJUNTO CURTO / 5BHQ-1F,C6,I-SHORTS CONJUNTO / BOTTON,S,HXO,HXO - COLEÇÂO OUTONO 2027 - HERING,1F,1F,12,17,132,0,0,0,0,21/09/2026,24/09/2026,602,ENGENHARIA/PCP/TINTURARIA/CORTE/COSTURA/EXPEDIÇÃO,20,,CORTE,0,PC,LIBERADO PARA PRODUÇÂO,CIA. HERING,4507405484,4507405484,61981,5729,29/11/2026,2648,11 - SEM 48 - 2026,3343-1574,0,,,103,GRUPO SOMA,30/10/2026,67,1,2,132,,,0,0,0,0,0,2645,H01,T54 - HERING KIDS O,5,CAIXA - LR,N,N,SSNN
078019,1,01514,297,0,11 - SEM 45 - 2026,29/05,0,,B22,0,0,C00,CONJUNTO CURTO (TOP/BOTTON),,,"36,25",29/11/2026,2,0,ILHOTA,R MARIA LUIZA DE SOUZA,134,DAS MISSOES,TALHAÇÃO FAVIN,3,25/08/2026,29/11/2026,,1,,,2642,0,,0,20.130.488/0001-89,,TALHACAO DE ROUPAS FORCELINI LTDA - ME,13,9 lcc,0,OP PRODUÇÃO,0,0,CLASSIFICAR MODELO/FAMILIA,,,02,FACÇÕES,COR,COR - CORTE,,,Lib corte,,00/01/1900,00/01/1900,149,SEM LICENÇA HERING,TALHACAO DE ROUPAS FAVIN FORCELINI LTDA - ME,13.16.00.0439D,CONJUNTO CURTO / 5BHQ-1F,C6,I-SHORTS CONJUNTO / BOTTON,S,HXO,HXO - COLEÇÂO OUTONO 2027 - HERING,1F,1F,14,18,100,0,0,0,0,21/09/2026,24/09/2026,602,ENGENHARIA/PCP/TINTURARIA/CORTE/COSTURA/EXPEDIÇÃO,20,,CORTE,0,PC,LIBERADO PARA PRODUÇÂO,CIA. HERING,4507405484,4507405484,61981,5729,29/11/2026,2648,11 - SEM 48 - 2026,3343-1574,0,,,103,GRUPO SOMA,30/10/2026,67,1,2,100,,,0,0,0,0,0,2645,H01,T54 - HERING KIDS O,5,CAIXA - LR,N,N,SSNN
078020,1,01514,297,0,11 - SEM 45 - 2026,04/09,0,,B36,0,0,C00,CONJUNTO CURTO (TOP/BOTTON),,,"36,25",29/11/2026,2,0,ILHOTA,R MARIA LUIZA DE SOUZA,134,DAS MISSOES,TALHAÇÃO FAVIN,3,25/08/2026,29/11/2026,,1,,,2642,0,,0,20.130.488/0001-89,,TALHACAO DE ROUPAS FORCELINI LTDA - ME,13,9 lcc,0,OP PRODUÇÃO,0,0,CLASSIFICAR MODELO/FAMILIA,,,02,FACÇÕES,COR,COR - CORTE,,,Lib corte,,00/01/1900,00/01/1900,149,SEM LICENÇA HERING,TALHACAO DE ROUPAS FAVIN FORCELINI LTDA - ME,13.16.00.0439E,CONJUNTO CURTO / 5BHQ-1G,C6,I-SHORTS CONJUNTO / BOTTON,S,HXO,HXO - COLEÇÂO OUTONO 2027 - HERING,1G,1G,4,13,230,0,0,0,0,23/09/2026,28/09/2026,602,ENGENHARIA/PCP/TINTURARIA/CORTE/COSTURA/EXPEDIÇÃO,20,,CORTE,0,PC,LIBERADO PARA PRODUÇÂO,CIA. HERING,4507407493,4507407493,61983,5729,29/11/2026,2648,11 - SEM 48 - 2026,3343-1574,0,,,103,GRUPO SOMA,30/10/2026,67,5,0,230,,,0,0,0,0,0,2645,H01,T54 - HERING KIDS O,5,CAIXA - LR,N,N,SSNN
078020,1,01514,297,0,11 - SEM 45 - 2026,04/09,0,,B36,0,0,C00,CONJUNTO CURTO (TOP/BOTTON),,,"36,25",29/11/2026,2,0,ILHOTA,R MARIA LUIZA DE SOUZA,134,DAS MISSOES,TALHAÇÃO FAVIN,3,25/08/2026,29/11/2026,,1,,,2642,0,,0,20.130.488/0001-89,,TALHACAO DE ROUPAS FORCELINI LTDA - ME,13,9 lcc,0,OP PRODUÇÃO,0,0,CLASSIFICAR MODELO/FAMILIA,,,02,FACÇÕES,COR,COR - CORTE,,,Lib corte,,00/01/1900,00/01/1900,149,SEM LICENÇA HERING,TALHACAO DE ROUPAS FAVIN FORCELINI LTDA - ME,13.16.00.0439E,CONJUNTO CURTO / 5BHQ-1G,C6,I-SHORTS CONJUNTO / BOTTON,S,HXO,HXO - COLEÇÂO OUTONO 2027 - HERING,1G,1G,6,14,102,0,0,0,0,23/09/2026,28/09/2026,602,ENGENHARIA/PCP/TINTURARIA/CORTE/COSTURA/EXPEDIÇÃO,20,,CORTE,0,PC,LIBERADO PARA PRODUÇÂO,CIA. HERING,4507407493,4507407493,61983,5729,29/11/2026,2648,11 - SEM 48 - 2026,3343-1574,0,,,103,GRUPO SOMA,30/10/2026,67,5,0,102,,,0,0,0,0,0,2645,H01,T54 - HERING KIDS O,5,CAIXA - LR,N,N,SSNN
078020,1,01514,297,0,11 - SEM 45 - 2026,04/09,0,,B36,0,0,C00,CONJUNTO CURTO (TOP/BOTTON),,,"36,25",29/11/2026,2,0,ILHOTA,R MARIA LUIZA DE SOUZA,134,DAS MISSOES,TALHAÇÃO FAVIN,3,25/08/2026,29/11/2026,,1,,,2642,0,,0,20.130.488/0001-89,,TALHACAO DE ROUPAS FORCELINI LTDA - ME,13,9 lcc,0,OP PRODUÇÃO,0,0,CLASSIFICAR MODELO/FAMILIA,,,02,FACÇÕES,COR,COR - CORTE,,,Lib corte,,00/01/1900,00/01/1900,149,SEM LICENÇA HERING,TALHACAO DE ROUPAS FAVIN FORCELINI LTDA - ME,13.16.00.0439E,CONJUNTO CURTO / 5BHQ-1G,C6,I-SHORTS CONJUNTO / BOTTON,S,HXO,HXO - COLEÇÂO OUTONO 2027 - HERING,1G,1G,8,15,92,0,0,0,0,23/09/2026,28/09/2026,602,ENGENHARIA/PCP/TINTURARIA/CORTE/COSTURA/EXPEDIÇÃO,20,,CORTE,0,PC,LIBERADO PARA PRODUÇÂO,CIA. HERING,4507407493,4507407493,61983,5729,29/11/2026,2648,11 - SEM 48 - 2026,3343-1574,0,,,103,GRUPO SOMA,30/10/2026,67,5,0,92,,,0,0,0,0,0,2645,H01,T54 - HERING KIDS O,5,CAIXA - LR,N,N,SSNN
078020,1,01514,297,0,11 - SEM 45 - 2026,04/09,0,,B36,0,0,C00,CONJUNTO CURTO (TOP/BOTTON),,,"36,25",29/11/2026,2,0,ILHOTA,R MARIA LUIZA DE SOUZA,134,DAS MISSOES,TALHAÇÃO FAVIN,3,25/08/2026,29/11/2026,,1,,,2642,0,,0,20.130.488/0001-89,,TALHACAO DE ROUPAS FORCELINI LTDA - ME,13,9 lcc,0,OP PRODUÇÃO,0,0,CLASSIFICAR MODELO/FAMILIA,,,02,FACÇÕES,COR,COR - CORTE,,,Lib corte,,00/01/1900,00/01/1900,149,SEM LICENÇA HERING,TALHACAO DE ROUPAS FAVIN FORCELINI LTDA - ME,13.16.00.0439E,CONJUNTO CURTO / 5BHQ-1G,C6,I-SHORTS CONJUNTO / BOTTON,S,HXO,HXO - COLEÇÂO OUTONO 2027 - HERING,1G,1G,10,16,68,0,0,0,0,23/09/2026,28/09/2026,602,ENGENHARIA/PCP/TINTURARIA/CORTE/COSTURA/EXPEDIÇÃO,20,,CORTE,0,PC,LIBERADO PARA PRODUÇÂO,CIA. HERING,4507407493,4507407493,61983,5729,29/11/2026,2648,11 - SEM 48 - 2026,3343-1574,0,,,103,GRUPO SOMA,30/10/2026,67,5,0,68,,,0,0,0,0,0,2645,H01,T54 - HERING KIDS O,5,CAIXA - LR,N,N,SSNN
078020,1,01514,297,0,11 - SEM 45 - 2026,04/09,0,,B36,0,0,C00,CONJUNTO CURTO (TOP/BOTTON),,,"36,25",29/11/2026,2,0,ILHOTA,R MARIA LUIZA DE SOUZA,134,DAS MISSOES,TALHAÇÃO FAVIN,3,25/08/2026,29/11/2026,,1,,,2642,0,,0,20.130.488/0001-89,,TALHACAO DE ROUPAS FORCELINI LTDA - ME,13,9 lcc,0,OP PRODUÇÃO,0,0,CLASSIFICAR MODELO/FAMILIA,,,02,FACÇÕES,COR,COR - CORTE,,,Lib corte,,00/01/1900,00/01/1900,149,SEM LICENÇA HERING,TALHACAO DE ROUPAS FAVIN FORCELINI LTDA - ME,13.16.00.0439E,CONJUNTO CURTO / 5BHQ-1G,C6,I-SHORTS CONJUNTO / BOTTON,S,HXO,HXO - COLEÇÂO OUTONO 2027 - HERING,1G,1G,12,17,92,0,0,0,0,23/09/2026,28/09/2026,602,ENGENHARIA/PCP/TINTURARIA/CORTE/COSTURA/EXPEDIÇÃO,20,,CORTE,0,PC,LIBERADO PARA PRODUÇÂO,CIA. HERING,4507407493,4507407493,61983,5729,29/11/2026,2648,11 - SEM 48 - 2026,3343-1574,0,,,103,GRUPO SOMA,30/10/2026,67,5,0,92,,,0,0,0,0,0,2645,H01,T54 - HERING KIDS O,5,CAIXA - LR,N,N,SSNN
078020,1,01514,297,0,11 - SEM 45 - 2026,04/09,0,,B36,0,0,C00,CONJUNTO CURTO (TOP/BOTTON),,,"36,25",29/11/2026,2,0,ILHOTA,R MARIA LUIZA DE SOUZA,134,DAS MISSOES,TALHAÇÃO FAVIN,3,25/08/2026,29/11/2026,,1,,,2642,0,,0,20.130.488/0001-89,,TALHACAO DE ROUPAS FORCELINI LTDA - ME,13,9 lcc,0,OP PRODUÇÃO,0,0,CLASSIFICAR MODELO/FAMILIA,,,02,FACÇÕES,COR,COR - CORTE,,,Lib corte,,00/01/1900,00/01/1900,149,SEM LICENÇA HERING,TALHACAO DE ROUPAS FAVIN FORCELINI LTDA - ME,13.16.00.0439E,CONJUNTO CURTO / 5BHQ-1G,C6,I-SHORTS CONJUNTO / BOTTON,S,HXO,HXO - COLEÇÂO OUTONO 2027 - HERING,1G,1G,14,18,68,0,0,0,0,23/09/2026,28/09/2026,602,ENGENHARIA/PCP/TINTURARIA/CORTE/COSTURA/EXPEDIÇÃO,20,,CORTE,0,PC,LIBERADO PARA PRODUÇÂO,CIA. HERING,4507407493,4507407493,61983,5729,29/11/2026,2648,11 - SEM 48 - 2026,3343-1574,0,,,103,GRUPO SOMA,30/10/2026,67,5,0,68,,,0,0,0,0,0,2645,H01,T54 - HERING KIDS O,5,CAIXA - LR,N,N,SSNN
078020,1,07033,,0,11 - SEM 45 - 2026,04/09,0,,B36,0,0,C00,CONJUNTO CURTO (TOP/BOTTON),,,"36,25",29/11/2026,2,0,BLUMENAU,R WERNER DUWE,3408,BADENFURT,M & A CORTE FINO,3,25/08/2026,29/11/2026,,1,,,2642,0,,0,46.548.941/0001-65,,,13,9 lcc,0,OP PRODUÇÃO,0,0,CLASSIFICAR MODELO/FAMILIA,,,02,FACÇÕES,COR,COR - CORTE,,,Lib corte,,00/01/1900,00/01/1900,149,SEM LICENÇA HERING,M & A CORTE FINO LTDA,13.16.00.0439E,CONJUNTO CURTO / 5BHQ-1G,01,S-BLUSA / TOP,S,HXO,HXO - COLEÇÂO OUTONO 2027 - HERING,1G,1G,4,13,230,0,0,0,0,18/09/2026,23/09/2026,602,ENGENHARIA/PCP/TINTURARIA/CORTE/COSTURA/EXPEDIÇÃO,20,,CORTE,0,PC,LIBERADO PARA PRODUÇÂO,CIA. HERING,4507407493,4507407493,61983,5729,29/11/2026,2648,11 - SEM 48 - 2026,(47) 9219-2452,0,,,103,GRUPO SOMA,30/10/2026,67,0,5,230,,,0,0,0,0,0,2645,H01,T54 - HERING KIDS O,5,CAIXA - LR,N,N,SSNN
078020,1,07033,,0,11 - SEM 45 - 2026,04/09,0,,B36,0,0,C00,CONJUNTO CURTO (TOP/BOTTON),,,"36,25",29/11/2026,2,0,BLUMENAU,R WERNER DUWE,3408,BADENFURT,M & A CORTE FINO,3,25/08/2026,29/11/2026,,1,,,2642,0,,0,46.548.941/0001-65,,,13,9 lcc,0,OP PRODUÇÃO,0,0,CLASSIFICAR MODELO/FAMILIA,,,02,FACÇÕES,COR,COR - CORTE,,,Lib corte,,00/01/1900,00/01/1900,149,SEM LICENÇA HERING,M & A CORTE FINO LTDA,13.16.00.0439E,CONJUNTO CURTO / 5BHQ-1G,01,S-BLUSA / TOP,S,HXO,HXO - COLEÇÂO OUTONO 2027 - HERING,1G,1G,6,14,102,0,0,0,0,18/09/2026,23/09/2026,602,ENGENHARIA/PCP/TINTURARIA/CORTE/COSTURA/EXPEDIÇÃO,20,,CORTE,0,PC,LIBERADO PARA PRODUÇÂO,CIA. HERING,4507407493,4507407493,61983,5729,29/11/2026,2648,11 - SEM 48 - 2026,(47) 9219-2452,0,,,103,GRUPO SOMA,30/10/2026,67,0,5,102,,,0,0,0,0,0,2645,H01,T54 - HERING KIDS O,5,CAIXA - LR,N,N,SSNN
078020,1,07033,,0,11 - SEM 45 - 2026,04/09,0,,B36,0,0,C00,CONJUNTO CURTO (TOP/BOTTON),,,"36,25",29/11/2026,2,0,BLUMENAU,R WERNER DUWE,3408,BADENFURT,M & A CORTE FINO,3,25/08/2026,29/11/2026,,1,,,2642,0,,0,46.548.941/0001-65,,,13,9 lcc,0,OP PRODUÇÃO,0,0,CLASSIFICAR MODELO/FAMILIA,,,02,FACÇÕES,COR,COR - CORTE,,,Lib corte,,00/01/1900,00/01/1900,149,SEM LICENÇA HERING,M & A CORTE FINO LTDA,13.16.00.0439E,CONJUNTO CURTO / 5BHQ-1G,01,S-BLUSA / TOP,S,HXO,HXO - COLEÇÂO OUTONO 2027 - HERING,1G,1G,8,15,92,0,0,0,0,18/09/2026,23/09/2026,602,ENGENHARIA/PCP/TINTURARIA/CORTE/COSTURA/EXPEDIÇÃO,20,,CORTE,0,PC,LIBERADO PARA PRODUÇÂO,CIA. HERING,4507407493,4507407493,61983,5729,29/11/2026,2648,11 - SEM 48 - 2026,(47) 9219-2452,0,,,103,GRUPO SOMA,30/10/2026,67,0,5,92,,,0,0,0,0,0,2645,H01,T54 - HERING KIDS O,5,CAIXA - LR,N,N,SSNN
078020,1,07033,,0,11 - SEM 45 - 2026,04/09,0,,B36,0,0,C00,CONJUNTO CURTO (TOP/BOTTON),,,"36,25",29/11/2026,2,0,BLUMENAU,R WERNER DUWE,3408,BADENFURT,M & A CORTE FINO,3,25/08/2026,29/11/2026,,1,,,2642,0,,0,46.548.941/0001-65,,,13,9 lcc,0,OP PRODUÇÃO,0,0,CLASSIFICAR MODELO/FAMILIA,,,02,FACÇÕES,COR,COR - CORTE,,,Lib corte,,00/01/1900,00/01/1900,149,SEM LICENÇA HERING,M & A CORTE FINO LTDA,13.16.00.0439E,CONJUNTO CURTO / 5BHQ-1G,01,S-BLUSA / TOP,S,HXO,HXO - COLEÇÂO OUTONO 2027 - HERING,1G,1G,10,16,68,0,0,0,0,18/09/2026,23/09/2026,602,ENGENHARIA/PCP/TINTURARIA/CORTE/COSTURA/EXPEDIÇÃO,20,,CORTE,0,PC,LIBERADO PARA PRODUÇÂO,CIA. HERING,4507407493,4507407493,61983,5729,29/11/2026,2648,11 - SEM 48 - 2026,(47) 9219-2452,0,,,103,GRUPO SOMA,30/10/2026,67,0,5,68,,,0,0,0,0,0,2645,H01,T54 - HERING KIDS O,5,CAIXA - LR,N,N,SSNN
078020,1,07033,,0,11 - SEM 45 - 2026,04/09,0,,B36,0,0,C00,CONJUNTO CURTO (TOP/BOTTON),,,"36,25",29/11/2026,2,0,BLUMENAU,R WERNER DUWE,3408,BADENFURT,M & A CORTE FINO,3,25/08/2026,29/11/2026,,1,,,2642,0,,0,46.548.941/0001-65,,,13,9 lcc,0,OP PRODUÇÃO,0,0,CLASSIFICAR MODELO/FAMILIA,,,02,FACÇÕES,COR,COR - CORTE,,,Lib corte,,00/01/1900,00/01/1900,149,SEM LICENÇA HERING,M & A CORTE FINO LTDA,13.16.00.0439E,CONJUNTO CURTO / 5BHQ-1G,01,S-BLUSA / TOP,S,HXO,HXO - COLEÇÂO OUTONO 2027 - HERING,1G,1G,12,17,92,0,0,0,0,18/09/2026,23/09/2026,602,ENGENHARIA/PCP/TINTURARIA/CORTE/COSTURA/EXPEDIÇÃO,20,,CORTE,0,PC,LIBERADO PARA PRODUÇÂO,CIA. HERING,4507407493,4507407493,61983,5729,29/11/2026,2648,11 - SEM 48 - 2026,(47) 9219-2452,0,,,103,GRUPO SOMA,30/10/2026,67,0,5,92,,,0,0,0,0,0,2645,H01,T54 - HERING KIDS O,5,CAIXA - LR,N,N,SSNN
078020,1,07033,,0,11 - SEM 45 - 2026,04/09,0,,B36,0,0,C00,CONJUNTO CURTO (TOP/BOTTON),,,"36,25",29/11/2026,2,0,BLUMENAU,R WERNER DUWE,3408,BADENFURT,M & A CORTE FINO,3,25/08/2026,29/11/2026,,1,,,2642,0,,0,46.548.941/0001-65,,,13,9 lcc,0,OP PRODUÇÃO,0,0,CLASSIFICAR MODELO/FAMILIA,,,02,FACÇÕES,COR,COR - CORTE,,,Lib corte,,00/01/1900,00/01/1900,149,SEM LICENÇA HERING,M & A CORTE FINO LTDA,13.16.00.0439E,CONJUNTO CURTO / 5BHQ-1G,01,S-BLUSA / TOP,S,HXO,HXO - COLEÇÂO OUTONO 2027 - HERING,1G,1G,14,18,68,0,0,0,0,18/09/2026,23/09/2026,602,ENGENHARIA/PCP/TINTURARIA/CORTE/COSTURA/EXPEDIÇÃO,20,,CORTE,0,PC,LIBERADO PARA PRODUÇÂO,CIA. HERING,4507407493,4507407493,61983,5729,29/11/2026,2648,11 - SEM 48 - 2026,(47) 9219-2452,0,,,103,GRUPO SOMA,30/10/2026,67,0,5,68,,,0,0,0,0,0,2645,H01,T54 - HERING KIDS O,5,CAIXA - LR,N,N,SSNN
078020,1,07033,,0,11 - SEM 45 - 2026,04/09,0,,B36,0,0,C00,CONJUNTO CURTO (TOP/BOTTON),,,"36,25",29/11/2026,2,0,BLUMENAU,R WERNER DUWE,3408,BADENFURT,M & A CORTE FINO,3,25/08/2026,29/11/2026,,1,,,2642,0,,0,46.548.941/0001-65,,,13,9 lcc,0,OP PRODUÇÃO,0,0,CLASSIFICAR MODELO/FAMILIA,,,02,FACÇÕES,COR,COR - CORTE,,,Lib corte,,00/01/1900,00/01/1900,149,SEM LICENÇA HERING,M & A CORTE FINO LTDA,13.16.00.0439E,CONJUNTO CURTO / 5BHQ-1G,08,S-FRENTE,N,HXO,HXO - COLEÇÂO OUTONO 2027 - HERING,1G,1G,4,13,230,0,0,0,0,18/09/2026,23/09/2026,A51,CORTA/ESTAMPA/C.QUALIDADE/AGUARD. DISTRIBUIÇAO,20,,CORTE,0,PC,LIBERADO PARA PRODUÇÂO,CIA. HERING,4507407493,4507407493,61983,5729,29/11/2026,2648,11 - SEM 48 - 2026,(47) 9219-2452,0,,,103,GRUPO SOMA,13/11/2026,67,0,5,230,,,0,0,0,0,0,2645,H01,T54 - HERING KIDS O,5,CAIXA - LR,N,N,SSNN
078020,1,07033,,0,11 - SEM 45 - 2026,04/09,0,,B36,0,0,C00,CONJUNTO CURTO (TOP/BOTTON),,,"36,25",29/11/2026,2,0,BLUMENAU,R WERNER DUWE,3408,BADENFURT,M & A CORTE FINO,3,25/08/2026,29/11/2026,,1,,,2642,0,,0,46.548.941/0001-65,,,13,9 lcc,0,OP PRODUÇÃO,0,0,CLASSIFICAR MODELO/FAMILIA,,,02,FACÇÕES,COR,COR - CORTE,,,Lib corte,,00/01/1900,00/01/1900,149,SEM LICENÇA HERING,M & A CORTE FINO LTDA,13.16.00.0439E,CONJUNTO CURTO / 5BHQ-1G,08,S-FRENTE,N,HXO,HXO - COLEÇÂO OUTONO 2027 - HERING,1G,1G,6,14,105,0,0,0,0,18/09/2026,23/09/2026,A51,CORTA/ESTAMPA/C.QUALIDADE/AGUARD. DISTRIBUIÇAO,20,,CORTE,0,PC,LIBERADO PARA PRODUÇÂO,CIA. HERING,4507407493,4507407493,61983,5729,29/11/2026,2648,11 - SEM 48 - 2026,(47) 9219-2452,0,,,103,GRUPO SOMA,13/11/2026,67,0,5,105,,,0,0,0,0,0,2645,H01,T54 - HERING KIDS O,5,CAIXA - LR,N,N,SSNN
078020,1,07033,,0,11 - SEM 45 - 2026,04/09,0,,B36,0,0,C00,CONJUNTO CURTO (TOP/BOTTON),,,"36,25",29/11/2026,2,0,BLUMENAU,R WERNER DUWE,3408,BADENFURT,M & A CORTE FINO,3,25/08/2026,29/11/2026,,1,,,2642,0,,0,46.548.941/0001-65,,,13,9 lcc,0,OP PRODUÇÃO,0,0,CLASSIFICAR MODELO/FAMILIA,,,02,FACÇÕES,COR,COR - CORTE,,,Lib corte,,00/01/1900,00/01/1900,149,SEM LICENÇA HERING,M & A CORTE FINO LTDA,13.16.00.0439E,CONJUNTO CURTO / 5BHQ-1G,08,S-FRENTE,N,HXO,HXO - COLEÇÂO OUTONO 2027 - HERING,1G,1G,8,15,92,0,0,0,0,18/09/2026,23/09/2026,A51,CORTA/ESTAMPA/C.QUALIDADE/AGUARD. DISTRIBUIÇAO,20,,CORTE,0,PC,LIBERADO PARA PRODUÇÂO,CIA. HERING,4507407493,4507407493,61983,5729,29/11/2026,2648,11 - SEM 48 - 2026,(47) 9219-2452,0,,,103,GRUPO SOMA,13/11/2026,67,0,5,92,,,0,0,0,0,0,2645,H01,T54 - HERING KIDS O,5,CAIXA - LR,N,N,SSNN
078020,1,07033,,0,11 - SEM 45 - 2026,04/09,0,,B36,0,0,C00,CONJUNTO CURTO (TOP/BOTTON),,,"36,25",29/11/2026,2,0,BLUMENAU,R WERNER DUWE,3408,BADENFURT,M & A CORTE FINO,3,25/08/2026,29/11/2026,,1,,,2642,0,,0,46.548.941/0001-65,,,13,9 lcc,0,OP PRODUÇÃO,0,0,CLASSIFICAR MODELO/FAMILIA,,,02,FACÇÕES,COR,COR - CORTE,,,Lib corte,,00/01/1900,00/01/1900,149,SEM LICENÇA HERING,M & A CORTE FINO LTDA,13.16.00.0439E,CONJUNTO CURTO / 5BHQ-1G,08,S-FRENTE,N,HXO,HXO - COLEÇÂO OUTONO 2027 - HERING,1G,1G,10,16,67,0,0,0,0,18/09/2026,23/09/2026,A51,CORTA/ESTAMPA/C.QUALIDADE/AGUARD. DISTRIBUIÇAO,20,,CORTE,0,PC,LIBERADO PARA PRODUÇÂO,CIA. HERING,4507407493,4507407493,61983,5729,29/11/2026,2648,11 - SEM 48 - 2026,(47) 9219-2452,0,,,103,GRUPO SOMA,13/11/2026,67,0,5,67,,,0,0,0,0,0,2645,H01,T54 - HERING KIDS O,5,CAIXA - LR,N,N,SSNN
078020,1,07033,,0,11 - SEM 45 - 2026,04/09,0,,B36,0,0,C00,CONJUNTO CURTO (TOP/BOTTON),,,"36,25",29/11/2026,2,0,BLUMENAU,R WERNER DUWE,3408,BADENFURT,M & A CORTE FINO,3,25/08/2026,29/11/2026,,1,,,2642,0,,0,46.548.941/0001-65,,,13,9 lcc,0,OP PRODUÇÃO,0,0,CLASSIFICAR MODELO/FAMILIA,,,02,FACÇÕES,COR,COR - CORTE,,,Lib corte,,00/01/1900,00/01/1900,149,SEM LICENÇA HERING,M & A CORTE FINO LTDA,13.16.00.0439E,CONJUNTO CURTO / 5BHQ-1G,08,S-FRENTE,N,HXO,HXO - COLEÇÂO OUTONO 2027 - HERING,1G,1G,12,17,90,0,0,0,0,18/09/2026,23/09/2026,A51,CORTA/ESTAMPA/C.QUALIDADE/AGUARD. DISTRIBUIÇAO,20,,CORTE,0,PC,LIBERADO PARA PRODUÇÂO,CIA. HERING,4507407493,4507407493,61983,5729,29/11/2026,2648,11 - SEM 48 - 2026,(47) 9219-2452,0,,,103,GRUPO SOMA,13/11/2026,67,0,5,90,,,0,0,0,0,0,2645,H01,T54 - HERING KIDS O,5,CAIXA - LR,N,N,SSNN
078020,1,07033,,0,11 - SEM 45 - 2026,04/09,0,,B36,0,0,C00,CONJUNTO CURTO (TOP/BOTTON),,,"36,25",29/11/2026,2,0,BLUMENAU,R WERNER DUWE,3408,BADENFURT,M & A CORTE FINO,3,25/08/2026,29/11/2026,,1,,,2642,0,,0,46.548.941/0001-65,,,13,9 lcc,0,OP PRODUÇÃO,0,0,CLASSIFICAR MODELO/FAMILIA,,,02,FACÇÕES,COR,COR - CORTE,,,Lib corte,,00/01/1900,00/01/1900,149,SEM LICENÇA HERING,M & A CORTE FINO LTDA,13.16.00.0439E,CONJUNTO CURTO / 5BHQ-1G,08,S-FRENTE,N,HXO,HXO - COLEÇÂO OUTONO 2027 - HERING,1G,1G,14,18,65,0,0,0,0,18/09/2026,23/09/2026,A51,CORTA/ESTAMPA/C.QUALIDADE/AGUARD. DISTRIBUIÇAO,20,,CORTE,0,PC,LIBERADO PARA PRODUÇÂO,CIA. HERING,4507407493,4507407493,61983,5729,29/11/2026,2648,11 - SEM 48 - 2026,(47) 9219-2452,0,,,103,GRUPO SOMA,13/11/2026,67,0,5,65,,,0,0,0,0,0,2645,H01,T54 - HERING KIDS O,5,CAIXA - LR,N,N,SSNN
078021,1,07033,,0,11 - SEM 45 - 2026,07/08,0,,B32,0,0,C00,CONJUNTO CURTO (TOP/BOTTON),"Rot LANCASTER - 22634-58---2 cores PIG R$ 20, processo completo",,"22,4",29/11/2026,1,0,BLUMENAU,R WERNER DUWE,3408,BADENFURT,M & A CORTE FINO,3,25/08/2026,29/11/2026,,1,,,2642,0,,0,46.548.941/0001-65,,,13,9 lcc,0,OP PRODUÇÃO,0,0,CLASSIFICAR MODELO/FAMILIA,,,02,FACÇÕES,COR,COR - CORTE,,,Lib corte,,00/01/1900,00/01/1900,149,SEM LICENÇA HERING,M & A CORTE FINO LTDA,13.13.00.0623C,CONJUNTO CURTO,01,S-BLUSA / TOP,S,HXO,HXO - COLEÇÂO OUTONO 2027 - HERING,1D,1D,1,10,318,0,0,0,0,18/09/2026,23/09/2026,602,ENGENHARIA/PCP/TINTURARIA/CORTE/COSTURA/EXPEDIÇÃO,20,,CORTE,0,PC,LIBERADO PARA PRODUÇÂO,CIA. HERING,4507405484,4507405484,61988,5729,29/11/2026,2648,11 - SEM 48 - 2026,(47) 9219-2452,0,,,103,GRUPO SOMA,30/10/2026,67,0,5,318,,,0,0,100,0,0,2645,H04,T58 - HERING BBA,5,CAIXA - LR,N,N,SSNN
078021,1,07033,,0,11 - SEM 45 - 2026,07/08,0,,B32,0,0,C00,CONJUNTO CURTO (TOP/BOTTON),"Rot LANCASTER - 22634-58---2 cores PIG R$ 20, processo completo",,"22,4",29/11/2026,1,0,BLUMENAU,R WERNER DUWE,3408,BADENFURT,M & A CORTE FINO,3,25/08/2026,29/11/2026,,1,,,2642,0,,0,46.548.941/0001-65,,,13,9 lcc,0,OP PRODUÇÃO,0,0,CLASSIFICAR MODELO/FAMILIA,,,02,FACÇÕES,COR,COR - CORTE,,,Lib corte,,00/01/1900,00/01/1900,149,SEM LICENÇA HERING,M & A CORTE FINO LTDA,13.13.00.0623C,CONJUNTO CURTO,01,S-BLUSA / TOP,S,HXO,HXO - COLEÇÂO OUTONO 2027 - HERING,1D,1D,2,11,272,0,0,0,0,18/09/2026,23/09/2026,602,ENGENHARIA/PCP/TINTURARIA/CORTE/COSTURA/EXPEDIÇÃO,20,,CORTE,0,PC,LIBERADO PARA PRODUÇÂO,CIA. HERING,4507405484,4507405484,61988,5729,29/11/2026,2648,11 - SEM 48 - 2026,(47) 9219-2452,0,,,103,GRUPO SOMA,30/10/2026,67,0,5,272,,,0,0,100,0,0,2645,H04,T58 - HERING BBA,5,CAIXA - LR,N,N,SSNN
078021,1,07033,,0,11 - SEM 45 - 2026,07/08,0,,B32,0,0,C00,CONJUNTO CURTO (TOP/BOTTON),"Rot LANCASTER - 22634-58---2 cores PIG R$ 20, processo completo",,"22,4",29/11/2026,1,0,BLUMENAU,R WERNER DUWE,3408,BADENFURT,M & A CORTE FINO,3,25/08/2026,29/11/2026,,1,,,2642,0,,0,46.548.941/0001-65,,,13,9 lcc,0,OP PRODUÇÃO,0,0,CLASSIFICAR MODELO/FAMILIA,,,02,FACÇÕES,COR,COR - CORTE,,,Lib corte,,00/01/1900,00/01/1900,149,SEM LICENÇA HERING,M & A CORTE FINO LTDA,13.13.00.0623C,CONJUNTO CURTO,01,S-BLUSA / TOP,S,HXO,HXO - COLEÇÂO OUTONO 2027 - HERING,1D,1D,3,12,340,0,0,0,0,18/09/2026,23/09/2026,602,ENGENHARIA/PCP/TINTURARIA/CORTE/COSTURA/EXPEDIÇÃO,20,,CORTE,0,PC,LIBERADO PARA PRODUÇÂO,CIA. HERING,4507405484,4507405484,61988,5729,29/11/2026,2648,11 - SEM 48 - 2026,(47) 9219-2452,0,,,103,GRUPO SOMA,30/10/2026,67,0,5,340,,,0,0,100,0,0,2645,H04,T58 - HERING BBA,5,CAIXA - LR,N,N,SSNN
078021,1,07033,,0,11 - SEM 45 - 2026,07/08,0,,B32,0,0,C00,CONJUNTO CURTO (TOP/BOTTON),"Rot LANCASTER - 22634-58---2 cores PIG R$ 20, processo completo",,"22,4",29/11/2026,1,0,BLUMENAU,R WERNER DUWE,3408,BADENFURT,M & A CORTE FINO,3,25/08/2026,29/11/2026,,1,,,2642,0,,0,46.548.941/0001-65,,,13,9 lcc,0,OP PRODUÇÃO,0,0,CLASSIFICAR MODELO/FAMILIA,,,02,FACÇÕES,COR,COR - CORTE,,,Lib corte,,00/01/1900,00/01/1900,149,SEM LICENÇA HERING,M & A CORTE FINO LTDA,13.13.00.0623C,CONJUNTO CURTO,01,S-BLUSA / TOP,S,HXO,HXO - COLEÇÂO OUTONO 2027 - HERING,1D,1D,4,13,742,0,0,0,0,18/09/2026,23/09/2026,602,ENGENHARIA/PCP/TINTURARIA/CORTE/COSTURA/EXPEDIÇÃO,20,,CORTE,0,PC,LIBERADO PARA PRODUÇÂO,CIA. HERING,4507405484,4507405484,61988,5729,29/11/2026,2648,11 - SEM 48 - 2026,(47) 9219-2452,0,,,103,GRUPO SOMA,30/10/2026,67,0,5,742,,,0,0,100,0,0,2645,H04,T58 - HERING BBA,5,CAIXA - LR,N,N,SSNN
078021,1,07033,,0,11 - SEM 45 - 2026,07/08,0,,B32,0,0,C00,CONJUNTO CURTO (TOP/BOTTON),"Rot LANCASTER - 22634-58---2 cores PIG R$ 20, processo completo",,"22,4",29/11/2026,1,0,BLUMENAU,R WERNER DUWE,3408,BADENFURT,M & A CORTE FINO,3,25/08/2026,29/11/2026,,1,,,2642,0,,0,46.548.941/0001-65,,,13,9 lcc,0,OP PRODUÇÃO,0,0,CLASSIFICAR MODELO/FAMILIA,,,02,FACÇÕES,COR,COR - CORTE,,,Lib corte,,00/01/1900,00/01/1900,149,SEM LICENÇA HERING,M & A CORTE FINO LTDA,13.13.00.0623C,CONJUNTO CURTO,08,S-FRENTE,N,HXO,HXO - COLEÇÂO OUTONO 2027 - HERING,1D,1D,1,10,322,0,0,0,0,18/09/2026,23/09/2026,A51,CORTA/ESTAMPA/C.QUALIDADE/AGUARD. DISTRIBUIÇAO,20,,CORTE,0,PC,LIBERADO PARA PRODUÇÂO,CIA. HERING,4507405484,4507405484,61988,5729,29/11/2026,2648,11 - SEM 48 - 2026,(47) 9219-2452,0,,,103,GRUPO SOMA,13/11/2026,67,0,5,322,,,0,0,100,0,0,2645,H04,T58 - HERING BBA,5,CAIXA - LR,N,N,SSNN
078021,1,07033,,0,11 - SEM 45 - 2026,07/08,0,,B32,0,0,C00,CONJUNTO CURTO (TOP/BOTTON),"Rot LANCASTER - 22634-58---2 cores PIG R$ 20, processo completo",,"22,4",29/11/2026,1,0,BLUMENAU,R WERNER DUWE,3408,BADENFURT,M & A CORTE FINO,3,25/08/2026,29/11/2026,,1,,,2642,0,,0,46.548.941/0001-65,,,13,9 lcc,0,OP PRODUÇÃO,0,0,CLASSIFICAR MODELO/FAMILIA,,,02,FACÇÕES,COR,COR - CORTE,,,Lib corte,,00/01/1900,00/01/1900,149,SEM LICENÇA HERING,M & A CORTE FINO LTDA,13.13.00.0623C,CONJUNTO CURTO,08,S-FRENTE,N,HXO,HXO - COLEÇÂO OUTONO 2027 - HERING,1D,1D,2,11,266,0,0,0,0,18/09/2026,23/09/2026,A51,CORTA/ESTAMPA/C.QUALIDADE/AGUARD. DISTRIBUIÇAO,20,,CORTE,0,PC,LIBERADO PARA PRODUÇÂO,CIA. HERING,4507405484,4507405484,61988,5729,29/11/2026,2648,11 - SEM 48 - 2026,(47) 9219-2452,0,,,103,GRUPO SOMA,13/11/2026,67,0,5,266,,,0,0,100,0,0,2645,H04,T58 - HERING BBA,5,CAIXA - LR,N,N,SSNN
078021,1,07033,,0,11 - SEM 45 - 2026,07/08,0,,B32,0,0,C00,CONJUNTO CURTO (TOP/BOTTON),"Rot LANCASTER - 22634-58---2 cores PIG R$ 20, processo completo",,"22,4",29/11/2026,1,0,BLUMENAU,R WERNER DUWE,3408,BADENFURT,M & A CORTE FINO,3,25/08/2026,29/11/2026,,1,,,2642,0,,0,46.548.941/0001-65,,,13,9 lcc,0,OP PRODUÇÃO,0,0,CLASSIFICAR MODELO/FAMILIA,,,02,FACÇÕES,COR,COR - CORTE,,,Lib corte,,00/01/1900,00/01/1900,149,SEM LICENÇA HERING,M & A CORTE FINO LTDA,13.13.00.0623C,CONJUNTO CURTO,08,S-FRENTE,N,HXO,HXO - COLEÇÂO OUTONO 2027 - HERING,1D,1D,3,12,339,0,0,0,0,18/09/2026,23/09/2026,A51,CORTA/ESTAMPA/C.QUALIDADE/AGUARD. DISTRIBUIÇAO,20,,CORTE,0,PC,LIBERADO PARA PRODUÇÂO,CIA. HERING,4507405484,4507405484,61988,5729,29/11/2026,2648,11 - SEM 48 - 2026,(47) 9219-2452,0,,,103,GRUPO SOMA,13/11/2026,67,0,5,339,,,0,0,100,0,0,2645,H04,T58 - HERING BBA,5,CAIXA - LR,N,N,SSNN
078021,1,07033,,0,11 - SEM 45 - 2026,07/08,0,,B32,0,0,C00,CONJUNTO CURTO (TOP/BOTTON),"Rot LANCASTER - 22634-58---2 cores PIG R$ 20, processo completo",,"22,4",29/11/2026,1,0,BLUMENAU,R WERNER DUWE,3408,BADENFURT,M & A CORTE FINO,3,25/08/2026,29/11/2026,,1,,,2642,0,,0,46.548.941/0001-65,,,13,9 lcc,0,OP PRODUÇÃO,0,0,CLASSIFICAR MODELO/FAMILIA,,,02,FACÇÕES,COR,COR - CORTE,,,Lib corte,,00/01/1900,00/01/1900,149,SEM LICENÇA HERING,M & A CORTE FINO LTDA,13.13.00.0623C,CONJUNTO CURTO,08,S-FRENTE,N,HXO,HXO - COLEÇÂO OUTONO 2027 - HERING,1D,1D,4,13,741,0,0,0,0,18/09/2026,23/09/2026,A51,CORTA/ESTAMPA/C.QUALIDADE/AGUARD. DISTRIBUIÇAO,20,,CORTE,0,PC,LIBERADO PARA PRODUÇÂO,CIA. HERING,4507405484,4507405484,61988,5729,29/11/2026,2648,11 - SEM 48 - 2026,(47) 9219-2452,0,,,103,GRUPO SOMA,13/11/2026,67,0,5,741,,,0,0,100,0,0,2645,H04,T58 - HERING BBA,5,CAIXA - LR,N,N,SSNN
078022,1,07487,,0,11 - SEM 45 - 2026,20/07,0,,B30,0,0,C00,CONJUNTO CURTO (TOP/BOTTON),"Rot LANCASTER - 32425-19----- 4 cores PIG R$ 22, processo completo",,"22,4",29/11/2026,1,0,GASPAR,RUA MARIA ALOYSIA ZANCANARO,510,ALTO GASPARINHO,,3,25/08/2026,29/11/2026,,1,,,2642,0,,0,33.386.768/0001-02,,,13,9 lcc,0,OP PRODUÇÃO,0,0,CLASSIFICAR MODELO/FAMILIA,,,02,FACÇÕES,COR,COR - CORTE,,,Lib corte,,00/01/1900,00/01/1900,149,SEM LICENÇA HERING,REALIZZA TEXTIL LTDA,13.13.00.0623D,CONJUNTO CURTO,08,S-FRENTE,N,HXO,HXO - COLEÇÂO OUTONO 2027 - HERING,1E,1E,1,10,286,0,0,0,0,16/09/2026,21/09/2026,A51,CORTA/ESTAMPA/C.QUALIDADE/AGUARD. DISTRIBUIÇAO,20,,CORTE,0,PC,LIBERADO PARA PRODUÇÂO,CIA. HERING,4507405484,4507405484,61989,5729,29/11/2026,2648,11 - SEM 48 - 2026,(47) 9955-1403,0,,,103,GRUPO SOMA,13/11/2026,67,-2,7,286,,,0,0,100,0,0,2645,H04,T58 - HERING BBA,5,CAIXA - LR,N,N,SSNN
078022,1,07487,,0,11 - SEM 45 - 2026,20/07,0,,B30,0,0,C00,CONJUNTO CURTO (TOP/BOTTON),"Rot LANCASTER - 32425-19----- 4 cores PIG R$ 22, processo completo",,"22,4",29/11/2026,1,0,GASPAR,RUA MARIA ALOYSIA ZANCANARO,510,ALTO GASPARINHO,,3,25/08/2026,29/11/2026,,1,,,2642,0,,0,33.386.768/0001-02,,,13,9 lcc,0,OP PRODUÇÃO,0,0,CLASSIFICAR MODELO/FAMILIA,,,02,FACÇÕES,COR,COR - CORTE,,,Lib corte,,00/01/1900,00/01/1900,149,SEM LICENÇA HERING,REALIZZA TEXTIL LTDA,13.13.00.0623D,CONJUNTO CURTO,08,S-FRENTE,N,HXO,HXO - COLEÇÂO OUTONO 2027 - HERING,1E,1E,2,11,234,0,0,0,0,16/09/2026,21/09/2026,A51,CORTA/ESTAMPA/C.QUALIDADE/AGUARD. DISTRIBUIÇAO,20,,CORTE,0,PC,LIBERADO PARA PRODUÇÂO,CIA. HERING,4507405484,4507405484,61989,5729,29/11/2026,2648,11 - SEM 48 - 2026,(47) 9955-1403,0,,,103,GRUPO SOMA,13/11/2026,67,-2,7,234,,,0,0,100,0,0,2645,H04,T58 - HERING BBA,5,CAIXA - LR,N,N,SSNN
078022,1,07487,,0,11 - SEM 45 - 2026,20/07,0,,B30,0,0,C00,CONJUNTO CURTO (TOP/BOTTON),"Rot LANCASTER - 32425-19----- 4 cores PIG R$ 22, processo completo",,"22,4",29/11/2026,1,0,GASPAR,RUA MARIA ALOYSIA ZANCANARO,510,ALTO GASPARINHO,,3,25/08/2026,29/11/2026,,1,,,2642,0,,0,33.386.768/0001-02,,,13,9 lcc,0,OP PRODUÇÃO,0,0,CLASSIFICAR MODELO/FAMILIA,,,02,FACÇÕES,COR,COR - CORTE,,,Lib corte,,00/01/1900,00/01/1900,149,SEM LICENÇA HERING,REALIZZA TEXTIL LTDA,13.13.00.0623D,CONJUNTO CURTO,08,S-FRENTE,N,HXO,HXO - COLEÇÂO OUTONO 2027 - HERING,1E,1E,3,12,302,0,0,0,0,16/09/2026,21/09/2026,A51,CORTA/ESTAMPA/C.QUALIDADE/AGUARD. DISTRIBUIÇAO,20,,CORTE,0,PC,LIBERADO PARA PRODUÇÂO,CIA. HERING,4507405484,4507405484,61989,5729,29/11/2026,2648,11 - SEM 48 - 2026,(47) 9955-1403,0,,,103,GRUPO SOMA,13/11/2026,67,-2,7,302,,,0,0,100,0,0,2645,H04,T58 - HERING BBA,5,CAIXA - LR,N,N,SSNN
078022,1,07487,,0,11 - SEM 45 - 2026,20/07,0,,B30,0,0,C00,CONJUNTO CURTO (TOP/BOTTON),"Rot LANCASTER - 32425-19----- 4 cores PIG R$ 22, processo completo",,"22,4",29/11/2026,1,0,GASPAR,RUA MARIA ALOYSIA ZANCANARO,510,ALTO GASPARINHO,,3,25/08/2026,29/11/2026,,1,,,2642,0,,0,33.386.768/0001-02,,,13,9 lcc,0,OP PRODUÇÃO,0,0,CLASSIFICAR MODELO/FAMILIA,,,02,FACÇÕES,COR,COR - CORTE,,,Lib corte,,00/01/1900,00/01/1900,149,SEM LICENÇA HERING,REALIZZA TEXTIL LTDA,13.13.00.0623D,CONJUNTO CURTO,08,S-FRENTE,N,HXO,HXO - COLEÇÂO OUTONO 2027 - HERING,1E,1E,4,13,651,0,0,0,0,16/09/2026,21/09/2026,A51,CORTA/ESTAMPA/C.QUALIDADE/AGUARD. DISTRIBUIÇAO,20,,CORTE,0,PC,LIBERADO PARA PRODUÇÂO,CIA. HERING,4507405484,4507405484,61989,5729,29/11/2026,2648,11 - SEM 48 - 2026,(47) 9955-1403,0,,,103,GRUPO SOMA,13/11/2026,67,-2,7,651,,,0,0,100,0,0,2645,H04,T58 - HERING BBA,5,CAIXA - LR,N,N,SSNN
078023,1,07033,,0,11 - SEM 45 - 2026,07/08,0,,B32,0,0,T00,TOP CURTO (TOP),"Rot LANCASTER - 22627-5 -------2 cores PIG R$ 20, processo completo",,"14,9",29/11/2026,0,0,BLUMENAU,R WERNER DUWE,3408,BADENFURT,M & A CORTE FINO,3,25/08/2026,29/11/2026,,1,,,2642,0,,0,46.548.941/0001-65,,,13,9 lcc,0,OP PRODUÇÃO,0,0,CLASSIFICAR MODELO/FAMILIA,,,02,FACÇÕES,COR,COR - CORTE,,,Lib corte,,00/01/1900,00/01/1900,149,SEM LICENÇA HERING,M & A CORTE FINO LTDA,13.14.00.0624C,TOP CURTO,01,S-BLUSA / TOP,S,HXO,HXO - COLEÇÂO OUTONO 2027 - HERING,2C,2C,1,10,285,0,0,0,0,21/09/2026,24/09/2026,603,PCP/TINTURARIA/ROTATIVO/CORTE/COSTURA/EXPEDIÇÃO,20,,CORTE,0,PC,LIBERADO PARA PRODUÇÂO,CIA. HERING,4507406971,4507406971,62015,5729,29/11/2026,2648,11 - SEM 48 - 2026,(47) 9219-2452,0,,,103,GRUPO SOMA,30/10/2026,67,1,2,285,,,0,0,100,0,0,2645,H03,T52 - HERING BB0,5,CAIXA - LR,N,N,SSNN
078023,1,07033,,0,11 - SEM 45 - 2026,07/08,0,,B32,0,0,T00,TOP CURTO (TOP),"Rot LANCASTER - 22627-5 -------2 cores PIG R$ 20, processo completo",,"14,9",29/11/2026,0,0,BLUMENAU,R WERNER DUWE,3408,BADENFURT,M & A CORTE FINO,3,25/08/2026,29/11/2026,,1,,,2642,0,,0,46.548.941/0001-65,,,13,9 lcc,0,OP PRODUÇÃO,0,0,CLASSIFICAR MODELO/FAMILIA,,,02,FACÇÕES,COR,COR - CORTE,,,Lib corte,,00/01/1900,00/01/1900,149,SEM LICENÇA HERING,M & A CORTE FINO LTDA,13.14.00.0624C,TOP CURTO,01,S-BLUSA / TOP,S,HXO,HXO - COLEÇÂO OUTONO 2027 - HERING,2C,2C,2,11,342,0,0,0,0,21/09/2026,24/09/2026,603,PCP/TINTURARIA/ROTATIVO/CORTE/COSTURA/EXPEDIÇÃO,20,,CORTE,0,PC,LIBERADO PARA PRODUÇÂO,CIA. HERING,4507406971,4507406971,62015,5729,29/11/2026,2648,11 - SEM 48 - 2026,(47) 9219-2452,0,,,103,GRUPO SOMA,30/10/2026,67,1,2,342,,,0,0,100,0,0,2645,H03,T52 - HERING BB0,5,CAIXA - LR,N,N,SSNN
078023,1,07033,,0,11 - SEM 45 - 2026,07/08,0,,B32,0,0,T00,TOP CURTO (TOP),"Rot LANCASTER - 22627-5 -------2 cores PIG R$ 20, processo completo",,"14,9",29/11/2026,0,0,BLUMENAU,R WERNER DUWE,3408,BADENFURT,M & A CORTE FINO,3,25/08/2026,29/11/2026,,1,,,2642,0,,0,46.548.941/0001-65,,,13,9 lcc,0,OP PRODUÇÃO,0,0,CLASSIFICAR MODELO/FAMILIA,,,02,FACÇÕES,COR,COR - CORTE,,,Lib corte,,00/01/1900,00/01/1900,149,SEM LICENÇA HERING,M & A CORTE FINO LTDA,13.14.00.0624C,TOP CURTO,01,S-BLUSA / TOP,S,HXO,HXO - COLEÇÂO OUTONO 2027 - HERING,2C,2C,3,12,462,0,0,0,0,21/09/2026,24/09/2026,603,PCP/TINTURARIA/ROTATIVO/CORTE/COSTURA/EXPEDIÇÃO,20,,CORTE,0,PC,LIBERADO PARA PRODUÇÂO,CIA. HERING,4507406971,4507406971,62015,5729,29/11/2026,2648,11 - SEM 48 - 2026,(47) 9219-2452,0,,,103,GRUPO SOMA,30/10/2026,67,1,2,462,,,0,0,100,0,0,2645,H03,T52 - HERING BB0,5,CAIXA - LR,N,N,SSNN
078023,1,07033,,0,11 - SEM 45 - 2026,07/08,0,,B32,0,0,T00,TOP CURTO (TOP),"Rot LANCASTER - 22627-5 -------2 cores PIG R$ 20, processo completo",,"14,9",29/11/2026,0,0,BLUMENAU,R WERNER DUWE,3408,BADENFURT,M & A CORTE FINO,3,25/08/2026,29/11/2026,,1,,,2642,0,,0,46.548.941/0001-65,,,13,9 lcc,0,OP PRODUÇÃO,0,0,CLASSIFICAR MODELO/FAMILIA,,,02,FACÇÕES,COR,COR - CORTE,,,Lib corte,,00/01/1900,00/01/1900,149,SEM LICENÇA HERING,M & A CORTE FINO LTDA,13.14.00.0624C,TOP CURTO,01,S-BLUSA / TOP,S,HXO,HXO - COLEÇÂO OUTONO 2027 - HERING,2C,2C,4,13,308,0,0,0,0,21/09/2026,24/09/2026,603,PCP/TINTURARIA/ROTATIVO/CORTE/COSTURA/EXPEDIÇÃO,20,,CORTE,0,PC,LIBERADO PARA PRODUÇÂO,CIA. HERING,4507406971,4507406971,62015,5729,29/11/2026,2648,11 - SEM 48 - 2026,(47) 9219-2452,0,,,103,GRUPO SOMA,30/10/2026,67,1,2,308,,,0,0,100,0,0,2645,H03,T52 - HERING BB0,5,CAIXA - LR,N,N,SSNN
078024,1,07033,,0,11 - SEM 45 - 2026,20/07,0,,B29,0,0,T00,TOP CURTO (TOP),"Rot LANCASTER - 43627-4 ----4 cores PIG R$ 22, processo completo",,"14,9",29/11/2026,0,0,BLUMENAU,R WERNER DUWE,3408,BADENFURT,M & A CORTE FINO,3,25/08/2026,29/11/2026,,1,,,2642,0,,0,46.548.941/0001-65,,,13,9 lcc,0,OP PRODUÇÃO,0,0,CLASSIFICAR MODELO/FAMILIA,,,02,FACÇÕES,COR,COR - CORTE,,,Lib corte,,00/01/1900,00/01/1900,149,SEM LICENÇA HERING,M & A CORTE FINO LTDA,13.14.00.0624D,TOP CURTO,01,S-BLUSA / TOP,S,HXO,HXO - COLEÇÂO OUTONO 2027 - HERING,2D,2D,1,10,395,0,0,0,0,18/09/2026,23/09/2026,603,PCP/TINTURARIA/ROTATIVO/CORTE/COSTURA/EXPEDIÇÃO,20,,CORTE,0,PC,LIBERADO PARA PRODUÇÂO,CIA. HERING,4507406971,4507406971,62016,5729,29/11/2026,2648,11 - SEM 48 - 2026,(47) 9219-2452,0,,,103,GRUPO SOMA,30/10/2026,67,0,5,395,,,0,0,100,0,0,2645,H03,T52 - HERING BB0,5,CAIXA - LR,N,N,SSNN
078024,1,07033,,0,11 - SEM 45 - 2026,20/07,0,,B29,0,0,T00,TOP CURTO (TOP),"Rot LANCASTER - 43627-4 ----4 cores PIG R$ 22, processo completo",,"14,9",29/11/2026,0,0,BLUMENAU,R WERNER DUWE,3408,BADENFURT,M & A CORTE FINO,3,25/08/2026,29/11/2026,,1,,,2642,0,,0,46.548.941/0001-65,,,13,9 lcc,0,OP PRODUÇÃO,0,0,CLASSIFICAR MODELO/FAMILIA,,,02,FACÇÕES,COR,COR - CORTE,,,Lib corte,,00/01/1900,00/01/1900,149,SEM LICENÇA HERING,M & A CORTE FINO LTDA,13.14.00.0624D,TOP CURTO,01,S-BLUSA / TOP,S,HXO,HXO - COLEÇÂO OUTONO 2027 - HERING,2D,2D,2,11,474,0,0,0,0,18/09/2026,23/09/2026,603,PCP/TINTURARIA/ROTATIVO/CORTE/COSTURA/EXPEDIÇÃO,20,,CORTE,0,PC,LIBERADO PARA PRODUÇÂO,CIA. HERING,4507406971,4507406971,62016,5729,29/11/2026,2648,11 - SEM 48 - 2026,(47) 9219-2452,0,,,103,GRUPO SOMA,30/10/2026,67,0,5,474,,,0,0,100,0,0,2645,H03,T52 - HERING BB0,5,CAIXA - LR,N,N,SSNN
078024,1,07033,,0,11 - SEM 45 - 2026,20/07,0,,B29,0,0,T00,TOP CURTO (TOP),"Rot LANCASTER - 43627-4 ----4 cores PIG R$ 22, processo completo",,"14,9",29/11/2026,0,0,BLUMENAU,R WERNER DUWE,3408,BADENFURT,M & A CORTE FINO,3,25/08/2026,29/11/2026,,1,,,2642,0,,0,46.548.941/0001-65,,,13,9 lcc,0,OP PRODUÇÃO,0,0,CLASSIFICAR MODELO/FAMILIA,,,02,FACÇÕES,COR,COR - CORTE,,,Lib corte,,00/01/1900,00/01/1900,149,SEM LICENÇA HERING,M & A CORTE FINO LTDA,13.14.00.0624D,TOP CURTO,01,S-BLUSA / TOP,S,HXO,HXO - COLEÇÂO OUTONO 2027 - HERING,2D,2D,3,12,642,0,0,0,0,18/09/2026,23/09/2026,603,PCP/TINTURARIA/ROTATIVO/CORTE/COSTURA/EXPEDIÇÃO,20,,CORTE,0,PC,LIBERADO PARA PRODUÇÂO,CIA. HERING,4507406971,4507406971,62016,5729,29/11/2026,2648,11 - SEM 48 - 2026,(47) 9219-2452,0,,,103,GRUPO SOMA,30/10/2026,67,0,5,642,,,0,0,100,0,0,2645,H03,T52 - HERING BB0,5,CAIXA - LR,N,N,SSNN
078024,1,07033,,0,11 - SEM 45 - 2026,20/07,0,,B29,0,0,T00,TOP CURTO (TOP),"Rot LANCASTER - 43627-4 ----4 cores PIG R$ 22, processo completo",,"14,9",29/11/2026,0,0,BLUMENAU,R WERNER DUWE,3408,BADENFURT,M & A CORTE FINO,3,25/08/2026,29/11/2026,,1,,,2642,0,,0,46.548.941/0001-65,,,13,9 lcc,0,OP PRODUÇÃO,0,0,CLASSIFICAR MODELO/FAMILIA,,,02,FACÇÕES,COR,COR - CORTE,,,Lib corte,,00/01/1900,00/01/1900,149,SEM LICENÇA HERING,M & A CORTE FINO LTDA,13.14.00.0624D,TOP CURTO,01,S-BLUSA / TOP,S,HXO,HXO - COLEÇÂO OUTONO 2027 - HERING,2D,2D,4,13,428,0,0,0,0,18/09/2026,23/09/2026,603,PCP/TINTURARIA/ROTATIVO/CORTE/COSTURA/EXPEDIÇÃO,20,,CORTE,0,PC,LIBERADO PARA PRODUÇÂO,CIA. HERING,4507406971,4507406971,62016,5729,29/11/2026,2648,11 - SEM 48 - 2026,(47) 9219-2452,0,,,103,GRUPO SOMA,30/10/2026,67,0,5,428,,,0,0,100,0,0,2645,H03,T52 - HERING BB0,5,CAIXA - LR,N,N,SSNN
078025,1,07033,,0,11 - SEM 45 - 2026,07/08,0,,B32,0,0,B00,SHORTS (BOTTON),"Rot 2--- LANCASTER - 22627-5 ---- cores PIG R$ 20, processo completo",,17,29/11/2026,0,0,BLUMENAU,R WERNER DUWE,3408,BADENFURT,M & A CORTE FINO,3,25/08/2026,29/11/2026,,1,,,2642,0,,0,46.548.941/0001-65,,,13,9 lcc,0,OP PRODUÇÃO,0,0,CLASSIFICAR MODELO/FAMILIA,,,02,FACÇÕES,COR,COR - CORTE,,,Lib corte,,00/01/1900,00/01/1900,149,SEM LICENÇA HERING,M & A CORTE FINO LTDA,13.14.00.0625C,SHORTS,02,I-SHORTS / BOTTON,S,HXO,HXO - COLEÇÂO OUTONO 2027 - HERING,1D,1D,1,10,81,0,0,0,0,21/09/2026,24/09/2026,603,PCP/TINTURARIA/ROTATIVO/CORTE/COSTURA/EXPEDIÇÃO,20,,CORTE,0,PC,LIBERADO PARA PRODUÇÂO,CIA. HERING,4507405484,4507405484,62006,5729,29/11/2026,2648,11 - SEM 48 - 2026,(47) 9219-2452,0,,,103,GRUPO SOMA,30/10/2026,67,1,2,81,,,0,0,100,0,0,2645,H03,T52 - HERING BB0,5,CAIXA - LR,N,N,SSNN
078025,1,07033,,0,11 - SEM 45 - 2026,07/08,0,,B32,0,0,B00,SHORTS (BOTTON),"Rot 2--- LANCASTER - 22627-5 ---- cores PIG R$ 20, processo completo",,17,29/11/2026,0,0,BLUMENAU,R WERNER DUWE,3408,BADENFURT,M & A CORTE FINO,3,25/08/2026,29/11/2026,,1,,,2642,0,,0,46.548.941/0001-65,,,13,9 lcc,0,OP PRODUÇÃO,0,0,CLASSIFICAR MODELO/FAMILIA,,,02,FACÇÕES,COR,COR - CORTE,,,Lib corte,,00/01/1900,00/01/1900,149,SEM LICENÇA HERING,M & A CORTE FINO LTDA,13.14.00.0625C,SHORTS,02,I-SHORTS / BOTTON,S,HXO,HXO - COLEÇÂO OUTONO 2027 - HERING,1D,1D,2,11,219,0,0,0,0,21/09/2026,24/09/2026,603,PCP/TINTURARIA/ROTATIVO/CORTE/COSTURA/EXPEDIÇÃO,20,,CORTE,0,PC,LIBERADO PARA PRODUÇÂO,CIA. HERING,4507405484,4507405484,62006,5729,29/11/2026,2648,11 - SEM 48 - 2026,(47) 9219-2452,0,,,103,GRUPO SOMA,30/10/2026,67,1,2,219,,,0,0,100,0,0,2645,H03,T52 - HERING BB0,5,CAIXA - LR,N,N,SSNN
078025,1,07033,,0,11 - SEM 45 - 2026,07/08,0,,B32,0,0,B00,SHORTS (BOTTON),"Rot 2--- LANCASTER - 22627-5 ---- cores PIG R$ 20, processo completo",,17,29/11/2026,0,0,BLUMENAU,R WERNER DUWE,3408,BADENFURT,M & A CORTE FINO,3,25/08/2026,29/11/2026,,1,,,2642,0,,0,46.548.941/0001-65,,,13,9 lcc,0,OP PRODUÇÃO,0,0,CLASSIFICAR MODELO/FAMILIA,,,02,FACÇÕES,COR,COR - CORTE,,,Lib corte,,00/01/1900,00/01/1900,149,SEM LICENÇA HERING,M & A CORTE FINO LTDA,13.14.00.0625C,SHORTS,02,I-SHORTS / BOTTON,S,HXO,HXO - COLEÇÂO OUTONO 2027 - HERING,1D,1D,3,12,81,0,0,0,0,21/09/2026,24/09/2026,603,PCP/TINTURARIA/ROTATIVO/CORTE/COSTURA/EXPEDIÇÃO,20,,CORTE,0,PC,LIBERADO PARA PRODUÇÂO,CIA. HERING,4507405484,4507405484,62006,5729,29/11/2026,2648,11 - SEM 48 - 2026,(47) 9219-2452,0,,,103,GRUPO SOMA,30/10/2026,67,1,2,81,,,0,0,100,0,0,2645,H03,T52 - HERING BB0,5,CAIXA - LR,N,N,SSNN
078025,1,07033,,0,11 - SEM 45 - 2026,07/08,0,,B32,0,0,B00,SHORTS (BOTTON),"Rot 2--- LANCASTER - 22627-5 ---- cores PIG R$ 20, processo completo",,17,29/11/2026,0,0,BLUMENAU,R WERNER DUWE,3408,BADENFURT,M & A CORTE FINO,3,25/08/2026,29/11/2026,,1,,,2642,0,,0,46.548.941/0001-65,,,13,9 lcc,0,OP PRODUÇÃO,0,0,CLASSIFICAR MODELO/FAMILIA,,,02,FACÇÕES,COR,COR - CORTE,,,Lib corte,,00/01/1900,00/01/1900,149,SEM LICENÇA HERING,M & A CORTE FINO LTDA,13.14.00.0625C,SHORTS,02,I-SHORTS / BOTTON,S,HXO,HXO - COLEÇÂO OUTONO 2027 - HERING,1D,1D,4,13,438,0,0,0,0,21/09/2026,24/09/2026,603,PCP/TINTURARIA/ROTATIVO/CORTE/COSTURA/EXPEDIÇÃO,20,,CORTE,0,PC,LIBERADO PARA PRODUÇÂO,CIA. HERING,4507405484,4507405484,62006,5729,29/11/2026,2648,11 - SEM 48 - 2026,(47) 9219-2452,0,,,103,GRUPO SOMA,30/10/2026,67,1,2,438,,,0,0,100,0,0,2645,H03,T52 - HERING BB0,5,CAIXA - LR,N,N,SSNN
078026,1,07033,,0,11 - SEM 45 - 2026,20/07,0,,B29,0,0,B00,SHORTS (BOTTON),"Rot LANCASTER - 43627-4------4 cores PIG R$ 22, processo completo",,17,29/11/2026,0,0,BLUMENAU,R WERNER DUWE,3408,BADENFURT,M & A CORTE FINO,3,25/08/2026,29/11/2026,,1,,,2642,0,,0,46.548.941/0001-65,,,13,9 lcc,0,OP PRODUÇÃO,0,0,CLASSIFICAR MODELO/FAMILIA,,,02,FACÇÕES,COR,COR - CORTE,,,Lib corte,,00/01/1900,00/01/1900,149,SEM LICENÇA HERING,M & A CORTE FINO LTDA,13.14.00.0625D,SHORTS,02,I-SHORTS / BOTTON,S,HXO,HXO - COLEÇÂO OUTONO 2027 - HERING,1E,1E,1,10,144,0,0,0,0,18/09/2026,23/09/2026,603,PCP/TINTURARIA/ROTATIVO/CORTE/COSTURA/EXPEDIÇÃO,20,,CORTE,0,PC,LIBERADO PARA PRODUÇÂO,CIA. HERING,4507405484,4507405484,62007,5729,29/11/2026,2648,11 - SEM 48 - 2026,(47) 9219-2452,0,,,103,GRUPO SOMA,30/10/2026,67,0,5,144,,,0,0,100,0,0,2645,H03,T52 - HERING BB0,5,CAIXA - LR,N,N,SSNN
078026,1,07033,,0,11 - SEM 45 - 2026,20/07,0,,B29,0,0,B00,SHORTS (BOTTON),"Rot LANCASTER - 43627-4------4 cores PIG R$ 22, processo completo",,17,29/11/2026,0,0,BLUMENAU,R WERNER DUWE,3408,BADENFURT,M & A CORTE FINO,3,25/08/2026,29/11/2026,,1,,,2642,0,,0,46.548.941/0001-65,,,13,9 lcc,0,OP PRODUÇÃO,0,0,CLASSIFICAR MODELO/FAMILIA,,,02,FACÇÕES,COR,COR - CORTE,,,Lib corte,,00/01/1900,00/01/1900,149,SEM LICENÇA HERING,M & A CORTE FINO LTDA,13.14.00.0625D,SHORTS,02,I-SHORTS / BOTTON,S,HXO,HXO - COLEÇÂO OUTONO 2027 - HERING,1E,1E,2,11,392,0,0,0,0,18/09/2026,23/09/2026,603,PCP/TINTURARIA/ROTATIVO/CORTE/COSTURA/EXPEDIÇÃO,20,,CORTE,0,PC,LIBERADO PARA PRODUÇÂO,CIA. HERING,4507405484,4507405484,62007,5729,29/11/2026,2648,11 - SEM 48 - 2026,(47) 9219-2452,0,,,103,GRUPO SOMA,30/10/2026,67,0,5,392,,,0,0,100,0,0,2645,H03,T52 - HERING BB0,5,CAIXA - LR,N,N,SSNN
078026,1,07033,,0,11 - SEM 45 - 2026,20/07,0,,B29,0,0,B00,SHORTS (BOTTON),"Rot LANCASTER - 43627-4------4 cores PIG R$ 22, processo completo",,17,29/11/2026,0,0,BLUMENAU,R WERNER DUWE,3408,BADENFURT,M & A CORTE FINO,3,25/08/2026,29/11/2026,,1,,,2642,0,,0,46.548.941/0001-65,,,13,9 lcc,0,OP PRODUÇÃO,0,0,CLASSIFICAR MODELO/FAMILIA,,,02,FACÇÕES,COR,COR - CORTE,,,Lib corte,,00/01/1900,00/01/1900,149,SEM LICENÇA HERING,M & A CORTE FINO LTDA,13.14.00.0625D,SHORTS,02,I-SHORTS / BOTTON,S,HXO,HXO - COLEÇÂO OUTONO 2027 - HERING,1E,1E,3,12,144,0,0,0,0,18/09/2026,23/09/2026,603,PCP/TINTURARIA/ROTATIVO/CORTE/COSTURA/EXPEDIÇÃO,20,,CORTE,0,PC,LIBERADO PARA PRODUÇÂO,CIA. HERING,4507405484,4507405484,62007,5729,29/11/2026,2648,11 - SEM 48 - 2026,(47) 9219-2452,0,,,103,GRUPO SOMA,30/10/2026,67,0,5,144,,,0,0,100,0,0,2645,H03,T52 - HERING BB0,5,CAIXA - LR,N,N,SSNN
078026,1,07033,,0,11 - SEM 45 - 2026,20/07,0,,B29,0,0,B00,SHORTS (BOTTON),"Rot LANCASTER - 43627-4------4 cores PIG R$ 22, processo completo",,17,29/11/2026,0,0,BLUMENAU,R WERNER DUWE,3408,BADENFURT,M & A CORTE FINO,3,25/08/2026,29/11/2026,,1,,,2642,0,,0,46.548.941/0001-65,,,13,9 lcc,0,OP PRODUÇÃO,0,0,CLASSIFICAR MODELO/FAMILIA,,,02,FACÇÕES,COR,COR - CORTE,,,Lib corte,,00/01/1900,00/01/1900,149,SEM LICENÇA HERING,M & A CORTE FINO LTDA,13.14.00.0625D,SHORTS,02,I-SHORTS / BOTTON,S,HXO,HXO - COLEÇÂO OUTONO 2027 - HERING,1E,1E,4,13,784,0,0,0,0,18/09/2026,23/09/2026,603,PCP/TINTURARIA/ROTATIVO/CORTE/COSTURA/EXPEDIÇÃO,20,,CORTE,0,PC,LIBERADO PARA PRODUÇÂO,CIA. HERING,4507405484,4507405484,62007,5729,29/11/2026,2648,11 - SEM 48 - 2026,(47) 9219-2452,0,,,103,GRUPO SOMA,30/10/2026,67,0,5,784,,,0,0,100,0,0,2645,H03,T52 - HERING BB0,5,CAIXA - LR,N,N,SSNN
078049,1,01514,297,0,10 - SEM 44 - 2026,14/02,"9,4562",,Y06,0,0,T00,TOP CURTO (TOP),PP SAMPLE ENVIADA 12/02,,"15,8",01/11/2026,2,0,ILHOTA,R MARIA LUIZA DE SOUZA,134,DAS MISSOES,TALHAÇÃO FAVIN,3,28/08/2026,18/10/2026,,1,,,2642,0,,0,20.130.488/0001-89,,TALHACAO DE ROUPAS FORCELINI LTDA - ME,13,9 lcc,0,OP PRODUÇÃO,0,0,CLASSIFICAR MODELO/FAMILIA,,,02,FACÇÕES,COR,COR - CORTE,,,Lib corte,,03/05/2026,00/01/1900,086,DISNEY C&A,TALHACAO DE ROUPAS FAVIN FORCELINI LTDA - ME,01.14.01.2972,TOP CURTO / BOBS-01.14.01.2555,08,S-FRENTE,N,C7AR,C7AR - FEIRA WINTER I 2025 ( PROD. AS BS) REPEATS INCLUSOS,12538,VERMELHO ESCURO,1,10,474,136,0,0,0,11/09/2026,16/09/2026,A51,CORTA/ESTAMPA/C.QUALIDADE/AGUARD. DISTRIBUIÇAO,20,,CORTE,0,PC,LIBERADO PARA PRODUÇÂO,C&A MODAS S.A.,109276,109276,62056,5461,01/11/2026,2644,10 - SEM 44 - 2026,3343-1574,0,,,30,C&A MODAS,2/10/2026,39,-7,12,338,,,0,0,100,0,0,2644,003,T52A - BBO,30,SORTER,N,N,SSNN
078049,1,01514,297,0,10 - SEM 44 - 2026,14/02,"9,4562",,Y06,0,0,T00,TOP CURTO (TOP),PP SAMPLE ENVIADA 12/02,,"15,8",01/11/2026,2,0,ILHOTA,R MARIA LUIZA DE SOUZA,134,DAS MISSOES,TALHAÇÃO FAVIN,3,28/08/2026,18/10/2026,,1,,,2642,0,,0,20.130.488/0001-89,,TALHACAO DE ROUPAS FORCELINI LTDA - ME,13,9 lcc,0,OP PRODUÇÃO,0,0,CLASSIFICAR MODELO/FAMILIA,,,02,FACÇÕES,COR,COR - CORTE,,,Lib corte,,03/05/2026,00/01/1900,086,DISNEY C&A,TALHACAO DE ROUPAS FAVIN FORCELINI LTDA - ME,01.14.01.2972,TOP CURTO / BOBS-01.14.01.2555,08,S-FRENTE,N,C7AR,C7AR - FEIRA WINTER I 2025 ( PROD. AS BS) REPEATS INCLUSOS,12538,VERMELHO ESCURO,2,11,1215,323,0,0,0,11/09/2026,16/09/2026,A51,CORTA/ESTAMPA/C.QUALIDADE/AGUARD. DISTRIBUIÇAO,20,,CORTE,0,PC,LIBERADO PARA PRODUÇÂO,C&A MODAS S.A.,109276,109276,62056,5461,01/11/2026,2644,10 - SEM 44 - 2026,3343-1574,0,,,30,C&A MODAS,02/10/2026,39,-7,12,892,,,0,0,100,0,0,2644,003,T52A - BBO,30,SORTER,N,N,SSNN
078049,1,01514,297,0,10 - SEM 44 - 2026,14/02,"9,4562",,Y06,0,0,T00,TOP CURTO (TOP),PP SAMPLE ENVIADA 12/02,,"15,8",01/11/2026,2,0,ILHOTA,R MARIA LUIZA DE SOUZA,134,DAS MISSOES,TALHAÇÃO FAVIN,3,28/08/2026,18/10/2026,,1,,,2642,0,,0,20.130.488/0001-89,,TALHACAO DE ROUPAS FORCELINI LTDA - ME,13,9 lcc,0,OP PRODUÇÃO,0,0,CLASSIFICAR MODELO/FAMILIA,,,02,FACÇÕES,COR,COR - CORTE,,,Lib corte,,03/05/2026,00/01/1900,086,DISNEY C&A,TALHACAO DE ROUPAS FAVIN FORCELINI LTDA - ME,01.14.01.2972,TOP CURTO / BOBS-01.14.01.2555,08,S-FRENTE,N,C7AR,C7AR - FEIRA WINTER I 2025 ( PROD. AS BS) REPEATS INCLUSOS,12538,VERMELHO ESCURO,3,12,1494,540,0,0,0,11/09/2026,16/09/2026,A51,CORTA/ESTAMPA/C.QUALIDADE/AGUARD. DISTRIBUIÇAO,20,,CORTE,0,PC,LIBERADO PARA PRODUÇÂO,C&A MODAS S.A.,109276,109276,62056,5461,01/11/2026,2644,10 - SEM 44 - 2026,3343-1574,0,,,30,C&A MODAS,02/10/2026,39,-7,12,954,,,0,0,100,0,0,2644,003,T52A - BBO,30,SORTER,N,N,SSNN
078049,1,01514,297,0,10 - SEM 44 - 2026,14/02,"9,4562",,Y06,0,0,T00,TOP CURTO (TOP),PP SAMPLE ENVIADA 12/02,,"15,8",01/11/2026,2,0,ILHOTA,R MARIA LUIZA DE SOUZA,134,DAS MISSOES,TALHAÇÃO FAVIN,3,28/08/2026,18/10/2026,,1,,,2642,0,,0,20.130.488/0001-89,,TALHACAO DE ROUPAS FORCELINI LTDA - ME,13,9 lcc,0,OP PRODUÇÃO,0,0,CLASSIFICAR MODELO/FAMILIA,,,02,FACÇÕES,COR,COR - CORTE,,,Lib corte,,03/05/2026,00/01/1900,086,DISNEY C&A,TALHACAO DE ROUPAS FAVIN FORCELINI LTDA - ME,01.14.01.2972,TOP CURTO / BOBS-01.14.01.2555,08,S-FRENTE,N,C7AR,C7AR - FEIRA WINTER I 2025 ( PROD. AS BS) REPEATS INCLUSOS,12538,VERMELHO ESCURO,4,13,1184,340,0,0,0,11/09/2026,16/09/2026,A51,CORTA/ESTAMPA/C.QUALIDADE/AGUARD. DISTRIBUIÇAO,20,,CORTE,0,PC,LIBERADO PARA PRODUÇÂO,C&A MODAS S.A.,109276,109276,62056,5461,01/11/2026,2644,10 - SEM 44 - 2026,3343-1574,0,,,30,C&A MODAS,02/10/2026,39,-7,12,844,,,0,0,100,0,0,2644,003,T52A - BBO,30,SORTER,N,N,SSNN
078049,1,01514,297,0,10 - SEM 44 - 2026,14/02,"9,4562",,Y06,0,0,T00,TOP CURTO (TOP),PP SAMPLE ENVIADA 12/02,,"15,8",01/11/2026,2,0,ILHOTA,R MARIA LUIZA DE SOUZA,134,DAS MISSOES,TALHAÇÃO FAVIN,3,28/08/2026,18/10/2026,,1,,,2642,0,,0,20.130.488/0001-89,,TALHACAO DE ROUPAS FORCELINI LTDA - ME,13,9 lcc,0,OP PRODUÇÃO,0,0,CLASSIFICAR MODELO/FAMILIA,,,02,FACÇÕES,COR,COR - CORTE,,,Lib corte,,03/05/2026,00/01/1900,086,DISNEY C&A,TALHACAO DE ROUPAS FAVIN FORCELINI LTDA - ME,01.14.01.2972,TOP CURTO / BOBS-01.14.01.2555,08,S-FRENTE,N,C7AR,C7AR - FEIRA WINTER I 2025 ( PROD. AS BS) REPEATS INCLUSOS,12538,VERMELHO ESCURO,5,58,783,204,0,0,0,11/09/2026,16/09/2026,A51,CORTA/ESTAMPA/C.QUALIDADE/AGUARD. DISTRIBUIÇAO,20,,CORTE,0,PC,LIBERADO PARA PRODUÇÂO,C&A MODAS S.A.,109276,109276,62056,5461,01/11/2026,2644,10 - SEM 44 - 2026,3343-1574,0,,,30,C&A MODAS,02/10/2026,39,-7,12,579,,,0,0,100,0,0,2644,003,T52A - BBO,30,SORTER,N,N,SSNN
078049,1,01514,297,0,10 - SEM 44 - 2026,14/02,"9,4562",,Y06,0,0,T00,TOP CURTO (TOP),PP SAMPLE ENVIADA 12/02,,"15,8",01/11/2026,2,0,ILHOTA,R MARIA LUIZA DE SOUZA,134,DAS MISSOES,TALHAÇÃO FAVIN,3,28/08/2026,18/10/2026,,1,,,2642,0,,0,20.130.488/0001-89,,TALHACAO DE ROUPAS FORCELINI LTDA - ME,13,9 lcc,0,OP PRODUÇÃO,0,0,CLASSIFICAR MODELO/FAMILIA,,,02,FACÇÕES,COR,COR - CORTE,,,Lib corte,,03/05/2026,00/01/1900,086,DISNEY C&A,TALHACAO DE ROUPAS FAVIN FORCELINI LTDA - ME,01.14.01.2972,TOP CURTO / BOBS-01.14.01.2555,35,S - COSTA INTERNA,N,C7AR,C7AR - FEIRA WINTER I 2025 ( PROD. AS BS) REPEATS INCLUSOS,12538,VERMELHO ESCURO,1,10,474,136,0,0,0,11/09/2026,16/09/2026,A51,CORTA/ESTAMPA/C.QUALIDADE/AGUARD. DISTRIBUIÇAO,20,,CORTE,0,PC,LIBERADO PARA PRODUÇÂO,C&A MODAS S.A.,109276,109276,62056,5461,01/11/2026,2644,10 - SEM 44 - 2026,3343-1574,0,,,30,C&A MODAS,02/10/2026,39,-7,12,338,,,0,0,100,0,0,2644,003,T52A - BBO,30,SORTER,N,N,SSNN
078049,1,01514,297,0,10 - SEM 44 - 2026,14/02,"9,4562",,Y06,0,0,T00,TOP CURTO (TOP),PP SAMPLE ENVIADA 12/02,,"15,8",01/11/2026,2,0,ILHOTA,R MARIA LUIZA DE SOUZA,134,DAS MISSOES,TALHAÇÃO FAVIN,3,28/08/2026,18/10/2026,,1,,,2642,0,,0,20.130.488/0001-89,,TALHACAO DE ROUPAS FORCELINI LTDA - ME,13,9 lcc,0,OP PRODUÇÃO,0,0,CLASSIFICAR MODELO/FAMILIA,,,02,FACÇÕES,COR,COR - CORTE,,,Lib corte,,03/05/2026,00/01/1900,086,DISNEY C&A,TALHACAO DE ROUPAS FAVIN FORCELINI LTDA - ME,01.14.01.2972,TOP CURTO / BOBS-01.14.01.2555,35,S - COSTA INTERNA,N,C7AR,C7AR - FEIRA WINTER I 2025 ( PROD. AS BS) REPEATS INCLUSOS,12538,VERMELHO ESCURO,2,11,1215,323,0,0,0,11/09/2026,16/09/2026,A51,CORTA/ESTAMPA/C.QUALIDADE/AGUARD. DISTRIBUIÇAO,20,,CORTE,0,PC,LIBERADO PARA PRODUÇÂO,C&A MODAS S.A.,109276,109276,62056,5461,01/11/2026,2644,10 - SEM 44 - 2026,3343-1574,0,,,30,C&A MODAS,2/10/2026,39,-7,12,892,,,0,0,100,0,0,2644,003,T52A - BBO,30,SORTER,N,N,SSNN
078049,1,01514,297,0,10 - SEM 44 - 2026,14/02,"9,4562",,Y06,0,0,T00,TOP CURTO (TOP),PP SAMPLE ENVIADA 12/02,,"15,8",01/11/2026,2,0,ILHOTA,R MARIA LUIZA DE SOUZA,134,DAS MISSOES,TALHAÇÃO FAVIN,3,28/08/2026,18/10/2026,,1,,,2642,0,,0,20.130.488/0001-89,,TALHACAO DE ROUPAS FORCELINI LTDA - ME,13,9 lcc,0,OP PRODUÇÃO,0,0,CLASSIFICAR MODELO/FAMILIA,,,02,FACÇÕES,COR,COR - CORTE,,,Lib corte,,03/05/2026,00/01/1900,086,DISNEY C&A,TALHACAO DE ROUPAS FAVIN FORCELINI LTDA - ME,01.14.01.2972,TOP CURTO / BOBS-01.14.01.2555,35,S - COSTA INTERNA,N,C7AR,C7AR - FEIRA WINTER I 2025 ( PROD. AS BS) REPEATS INCLUSOS,12538,VERMELHO ESCURO,3,12,1494,540,0,0,0,11/09/2026,16/09/2026,A51,CORTA/ESTAMPA/C.QUALIDADE/AGUARD. DISTRIBUIÇAO,20,,CORTE,0,PC,LIBERADO PARA PRODUÇÂO,C&A MODAS S.A.,109276,109276,62056,5461,01/11/2026,2644,10 - SEM 44 - 2026,3343-1574,0,,,30,C&A MODAS,2/10/2026,39,-7,12,954,,,0,0,100,0,0,2644,003,T52A - BBO,30,SORTER,N,N,SSNN
078049,1,01514,297,0,10 - SEM 44 - 2026,14/02,"9,4562",,Y06,0,0,T00,TOP CURTO (TOP),PP SAMPLE ENVIADA 12/02,,"15,8",01/11/2026,2,0,ILHOTA,R MARIA LUIZA DE SOUZA,134,DAS MISSOES,TALHAÇÃO FAVIN,3,28/08/2026,18/10/2026,,1,,,2642,0,,0,20.130.488/0001-89,,TALHACAO DE ROUPAS FORCELINI LTDA - ME,13,9 lcc,0,OP PRODUÇÃO,0,0,CLASSIFICAR MODELO/FAMILIA,,,02,FACÇÕES,COR,COR - CORTE,,,Lib corte,,03/05/2026,00/01/1900,086,DISNEY C&A,TALHACAO DE ROUPAS FAVIN FORCELINI LTDA - ME,01.14.01.2972,TOP CURTO / BOBS-01.14.01.2555,35,S - COSTA INTERNA,N,C7AR,C7AR - FEIRA WINTER I 2025 ( PROD. AS BS) REPEATS INCLUSOS,12538,VERMELHO ESCURO,4,13,1184,340,0,0,0,11/09/2026,16/09/2026,A51,CORTA/ESTAMPA/C.QUALIDADE/AGUARD. DISTRIBUIÇAO,20,,CORTE,0,PC,LIBERADO PARA PRODUÇÂO,C&A MODAS S.A.,109276,109276,62056,5461,01/11/2026,2644,10 - SEM 44 - 2026,3343-1574,0,,,30,C&A MODAS,2/10/2026,39,-7,12,844,,,0,0,100,0,0,2644,003,T52A - BBO,30,SORTER,N,N,SSNN
078049,1,01514,297,0,10 - SEM 44 - 2026,14/02,"9,4562",,Y06,0,0,T00,TOP CURTO (TOP),PP SAMPLE ENVIADA 12/02,,"15,8",01/11/2026,2,0,ILHOTA,R MARIA LUIZA DE SOUZA,134,DAS MISSOES,TALHAÇÃO FAVIN,3,28/08/2026,10/18/2026,,1,,,2642,0,,0,20.130.488/0001-89,,TALHACAO DE ROUPAS FORCELINI LTDA - ME,13,9 lcc,0,OP PRODUÇÃO,0,0,CLASSIFICAR MODELO/FAMILIA,,,02,FACÇÕES,COR,COR - CORTE,,,Lib corte,,03/05/2026,00/01/1900,086,DISNEY C&A,TALHACAO DE ROUPAS FAVIN FORCELINI LTDA - ME,01.14.01.2972,TOP CURTO / BOBS-01.14.01.2555,35,S - COSTA INTERNA,N,C7AR,C7AR - FEIRA WINTER I 2025 ( PROD. AS BS) REPEATS INCLUSOS,12538,VERMELHO ESCURO,5,58,783,204,0,0,0,11/09/2026,16/09/2026,A51,CORTA/ESTAMPA/C.QUALIDADE/AGUARD. DISTRIBUIÇAO,20,,CORTE,0,PC,LIBERADO PARA PRODUÇÂO,C&A MODAS S.A.,109276,109276,62056,5461,01/11/2026,2644,10 - SEM 44 - 2026,3343-1574,0,,,30,C&A MODAS,2/10/2026,39,-7,12,579,,,0,0,100,0,0,2644,003,T52A - BBO,30,SORTER,N,N,SSNN
078066,1,04901,332,0,11 - SEM 48 - 2026,,0,,,0,0,C13,KIT SHORTS (BOTTON),"lancast 18350-1 ////// cores tons 16936-3-// custoR$ 18,50 proc",,"32,85",29/11/2026,0,0,BLUMENAU,R MARIA DE LOURDES PRIM,120,TRIBESS,"RETRU TALHACOES, CONFECCOES E COMERCIO LTDA",3,31/08/2026,11/1/2026,,1,,,2642,0,,0,00.968.233/0001-82,,TRANSADI TRANSPORTES EIRELI,13,9 lcc,0,OP PRODUÇÃO,0,0,CLASSIFICAR MODELO/FAMILIA,,,0066,CORTE,COR,COR - CORTE,,,Lib corte,,07/02/2027,00/01/1900,085,SEM LICENSA C&A,"RETRU TALHACOES, CONFECCOES E COMERCIO LTDA",01.14.00.7490A,KIT SHORTS,02,I-SHORTS / BOTTON,S,CXA,CXA - FEIRA SUMMER II 2025 ( PROD. AS E BS),6462,AZUL MARINHO,1,10,268,0,0,0,0,23/09/2026,28/09/2026,903,PCP/TINTURARIA/ROTATIVO/CORTE/COSTURA/EXPEDIÇÃO,20,,CORTE,0,PC,LIBERADO PARA PRODUÇÂO,C&A MODAS S.A.,109271,109271,62057,5461,29/11/2026,2648,11 - SEM 48 - 2026,3339-1009,0,,,30,C&A MODAS,2/10/2026,67,5,0,268,,,0,0,0,0,0,2648,92,T52B - BBO,17,CABIDE,N,N,SSNN
078066,1,04901,332,0,11 - SEM 48 - 2026,,0,,,0,0,C13,KIT SHORTS (BOTTON),"lancast 18350-1 ////// cores tons 16936-3-// custoR$ 18,50 proc",,"32,85",29/11/2026,0,0,BLUMENAU,R MARIA DE LOURDES PRIM,120,TRIBESS,"RETRU TALHACOES, CONFECCOES E COMERCIO LTDA",3,31/08/2026,11/1/2026,,1,,,2642,0,,0,00.968.233/0001-82,,TRANSADI TRANSPORTES EIRELI,13,9 lcc,0,OP PRODUÇÃO,0,0,CLASSIFICAR MODELO/FAMILIA,,,0066,CORTE,COR,COR - CORTE,,,Lib corte,,07/02/2027,00/01/1900,085,SEM LICENSA C&A,"RETRU TALHACOES, CONFECCOES E COMERCIO LTDA",01.14.00.7490A,KIT SHORTS,02,I-SHORTS / BOTTON,S,CXA,CXA - FEIRA SUMMER II 2025 ( PROD. AS E BS),6462,AZUL MARINHO,2,11,536,0,0,0,0,23/09/2026,28/09/2026,903,PCP/TINTURARIA/ROTATIVO/CORTE/COSTURA/EXPEDIÇÃO,20,,CORTE,0,PC,LIBERADO PARA PRODUÇÂO,C&A MODAS S.A.,109271,109271,62057,5461,29/11/2026,2648,11 - SEM 48 - 2026,3339-1009,0,,,30,C&A MODAS,2/10/2026,67,5,0,536,,,0,0,0,0,0,2648,92,T52B - BBO,17,CABIDE,N,N,SSNN
078066,1,04901,332,0,11 - SEM 48 - 2026,,0,,,0,0,C13,KIT SHORTS (BOTTON),"lancast 18350-1 ////// cores tons 16936-3-// custoR$ 18,50 proc",,"32,85",29/11/2026,0,0,BLUMENAU,R MARIA DE LOURDES PRIM,120,TRIBESS,"RETRU TALHACOES, CONFECCOES E COMERCIO LTDA",3,31/08/2026,11/1/2026,,1,,,2642,0,,0,00.968.233/0001-82,,TRANSADI TRANSPORTES EIRELI,13,9 lcc,0,OP PRODUÇÃO,0,0,CLASSIFICAR MODELO/FAMILIA,,,0066,CORTE,COR,COR - CORTE,,,Lib corte,,07/02/2027,00/01/1900,085,SEM LICENSA C&A,"RETRU TALHACOES, CONFECCOES E COMERCIO LTDA",01.14.00.7490A,KIT SHORTS,02,I-SHORTS / BOTTON,S,CXA,CXA - FEIRA SUMMER II 2025 ( PROD. AS E BS),6462,AZUL MARINHO,3,12,803,0,0,0,0,23/09/2026,28/09/2026,903,PCP/TINTURARIA/ROTATIVO/CORTE/COSTURA/EXPEDIÇÃO,20,,CORTE,0,PC,LIBERADO PARA PRODUÇÂO,C&A MODAS S.A.,109271,109271,62057,5461,29/11/2026,2648,11 - SEM 48 - 2026,3339-1009,0,,,30,C&A MODAS,2/10/2026,67,5,0,803,,,0,0,0,0,0,2648,92,T52B - BBO,17,CABIDE,N,N,SSNN
078066,1,04901,332,0,11 - SEM 48 - 2026,,0,,,0,0,C13,KIT SHORTS (BOTTON),"lancast 18350-1 ////// cores tons 16936-3-// custoR$ 18,50 proc",,"32,85",29/11/2026,0,0,BLUMENAU,R MARIA DE LOURDES PRIM,120,TRIBESS,"RETRU TALHACOES, CONFECCOES E COMERCIO LTDA",3,31/08/2026,11/1/2026,,1,,,2642,0,,0,00.968.233/0001-82,,TRANSADI TRANSPORTES EIRELI,13,9 lcc,0,OP PRODUÇÃO,0,0,CLASSIFICAR MODELO/FAMILIA,,,0066,CORTE,COR,COR - CORTE,,,Lib corte,,07/02/2027,00/01/1900,085,SEM LICENSA C&A,"RETRU TALHACOES, CONFECCOES E COMERCIO LTDA",01.14.00.7490A,KIT SHORTS,02,I-SHORTS / BOTTON,S,CXA,CXA - FEIRA SUMMER II 2025 ( PROD. AS E BS),6462,AZUL MARINHO,4,13,536,0,0,0,0,23/09/2026,28/09/2026,903,PCP/TINTURARIA/ROTATIVO/CORTE/COSTURA/EXPEDIÇÃO,20,,CORTE,0,PC,LIBERADO PARA PRODUÇÂO,C&A MODAS S.A.,109271,109271,62057,5461,29/11/2026,2648,11 - SEM 48 - 2026,3339-1009,0,,,30,C&A MODAS,2/10/2026,67,5,0,536,,,0,0,0,0,0,2648,92,T52B - BBO,17,CABIDE,N,N,SSNN
078066,1,04901,332,0,11 - SEM 48 - 2026,,0,,,0,0,C13,KIT SHORTS (BOTTON),"lancast 18350-1 ////// cores tons 16936-3-// custoR$ 18,50 proc",,"32,85",29/11/2026,0,0,BLUMENAU,R MARIA DE LOURDES PRIM,120,TRIBESS,"RETRU TALHACOES, CONFECCOES E COMERCIO LTDA",3,31/08/2026,11/1/2026,,1,,,2642,0,,0,00.968.233/0001-82,,TRANSADI TRANSPORTES EIRELI,13,9 lcc,0,OP PRODUÇÃO,0,0,CLASSIFICAR MODELO/FAMILIA,,,0066,CORTE,COR,COR - CORTE,,,Lib corte,,07/02/2027,00/01/1900,085,SEM LICENSA C&A,"RETRU TALHACOES, CONFECCOES E COMERCIO LTDA",01.14.00.7490A,KIT SHORTS,02,I-SHORTS / BOTTON,S,CXA,CXA - FEIRA SUMMER II 2025 ( PROD. AS E BS),6462,AZUL MARINHO,5,58,536,0,0,0,0,23/09/2026,28/09/2026,903,PCP/TINTURARIA/ROTATIVO/CORTE/COSTURA/EXPEDIÇÃO,20,,CORTE,0,PC,LIBERADO PARA PRODUÇÂO,C&A MODAS S.A.,109271,109271,62057,5461,29/11/2026,2648,11 - SEM 48 - 2026,3339-1009,0,,,30,C&A MODAS,2/10/2026,67,5,0,536,,,0,0,0,0,0,2648,92,T52B - BBO,17,CABIDE,N,N,SSNN
078066,1,04901,332,0,11 - SEM 48 - 2026,,0,,,0,0,C13,KIT SHORTS (BOTTON),"lancast 18350-1 ////// cores tons 16936-3-// custoR$ 18,50 proc",,"32,85",29/11/2026,0,0,BLUMENAU,R MARIA DE LOURDES PRIM,120,TRIBESS,"RETRU TALHACOES, CONFECCOES E COMERCIO LTDA",3,31/08/2026,11/1/2026,,1,,,2642,0,,0,00.968.233/0001-82,,TRANSADI TRANSPORTES EIRELI,13,9 lcc,0,OP PRODUÇÃO,0,0,CLASSIFICAR MODELO/FAMILIA,,,0066,CORTE,COR,COR - CORTE,,,Lib corte,,07/02/2027,00/01/1900,085,SEM LICENSA C&A,"RETRU TALHACOES, CONFECCOES E COMERCIO LTDA",01.14.00.7490A,KIT SHORTS,57,I - FRENTE SHORTS,N,CXA,CXA - FEIRA SUMMER II 2025 ( PROD. AS E BS),6462,AZUL MARINHO,1,10,268,0,0,0,0,23/09/2026,28/09/2026,C09,CORTA/PRÉ-COSTURA/CASEADO/AGUARDANDO DISTRIBUIÇÃO,20,,CORTE,0,PC,LIBERADO PARA PRODUÇÂO,C&A MODAS S.A.,109271,109271,62057,5461,29/11/2026,2648,11 - SEM 48 - 2026,3339-1009,0,,,30,C&A MODAS,14/10/2026,67,5,0,268,,,0,0,0,0,0,2648,92,T52B - BBO,17,CABIDE,N,N,SSNN
078066,1,04901,332,0,11 - SEM 48 - 2026,,0,,,0,0,C13,KIT SHORTS (BOTTON),"lancast 18350-1 ////// cores tons 16936-3-// custoR$ 18,50 proc",,"32,85",29/11/2026,0,0,BLUMENAU,R MARIA DE LOURDES PRIM,120,TRIBESS,"RETRU TALHACOES, CONFECCOES E COMERCIO LTDA",3,31/08/2026,1/11/2026,,1,,,2642,0,,0,00.968.233/0001-82,,TRANSADI TRANSPORTES EIRELI,13,9 lcc,0,OP PRODUÇÃO,0,0,CLASSIFICAR MODELO/FAMILIA,,,0066,CORTE,COR,COR - CORTE,,,Lib corte,,07/02/2027,00/01/1900,085,SEM LICENSA C&A,"RETRU TALHACOES, CONFECCOES E COMERCIO LTDA",01.14.00.7490A,KIT SHORTS,57,I - FRENTE SHORTS,N,CXA,CXA - FEIRA SUMMER II 2025 ( PROD. AS E BS),6462,AZUL MARINHO,2,11,536,0,0,0,0,23/09/2026,28/09/2026,C09,CORTA/PRÉ-COSTURA/CASEADO/AGUARDANDO DISTRIBUIÇÃO,20,,CORTE,0,PC,LIBERADO PARA PRODUÇÂO,C&A MODAS S.A.,109271,109271,62057,5461,29/11/2026,2648,11 - SEM 48 - 2026,3339-1009,0,,,30,C&A MODAS,14/10/2026,67,5,0,536,,,0,0,0,0,0,2648,92,T52B - BBO,17,CABIDE,N,N,SSNN
078066,1,04901,332,0,11 - SEM 48 - 2026,,0,,,0,0,C13,KIT SHORTS (BOTTON),"lancast 18350-1 ////// cores tons 16936-3-// custoR$ 18,50 proc",,"32,85",29/11/2026,0,0,BLUMENAU,R MARIA DE LOURDES PRIM,120,TRIBESS,"RETRU TALHACOES, CONFECCOES E COMERCIO LTDA",3,31/08/2026,1/11/2026,,1,,,2642,0,,0,00.968.233/0001-82,,TRANSADI TRANSPORTES EIRELI,13,9 lcc,0,OP PRODUÇÃO,0,0,CLASSIFICAR MODELO/FAMILIA,,,0066,CORTE,COR,COR - CORTE,,,Lib corte,,07/02/2027,00/01/1900,085,SEM LICENSA C&A,"RETRU TALHACOES, CONFECCOES E COMERCIO LTDA",01.14.00.7490A,KIT SHORTS,57,I - FRENTE SHORTS,N,CXA,CXA - FEIRA SUMMER II 2025 ( PROD. AS E BS),6462,AZUL MARINHO,3,12,803,0,0,0,0,23/09/2026,28/09/2026,C09,CORTA/PRÉ-COSTURA/CASEADO/AGUARDANDO DISTRIBUIÇÃO,20,,CORTE,0,PC,LIBERADO PARA PRODUÇÂO,C&A MODAS S.A.,109271,109271,62057,5461,29/11/2026,2648,11 - SEM 48 - 2026,3339-1009,0,,,30,C&A MODAS,14/10/2026,67,5,0,803,,,0,0,0,0,0,2648,92,T52B - BBO,17,CABIDE,N,N,SSNN
078066,1,04901,332,0,11 - SEM 48 - 2026,,0,,,0,0,C13,KIT SHORTS (BOTTON),"lancast 18350-1 ////// cores tons 16936-3-// custoR$ 18,50 proc",,"32,85",29/11/2026,0,0,BLUMENAU,R MARIA DE LOURDES PRIM,120,TRIBESS,"RETRU TALHACOES, CONFECCOES E COMERCIO LTDA",3,31/08/2026,1/11/2026,,1,,,2642,0,,0,00.968.233/0001-82,,TRANSADI TRANSPORTES EIRELI,13,9 lcc,0,OP PRODUÇÃO,0,0,CLASSIFICAR MODELO/FAMILIA,,,0066,CORTE,COR,COR - CORTE,,,Lib corte,,07/02/2027,00/01/1900,085,SEM LICENSA C&A,"RETRU TALHACOES, CONFECCOES E COMERCIO LTDA",01.14.00.7490A,KIT SHORTS,57,I - FRENTE SHORTS,N,CXA,CXA - FEIRA SUMMER II 2025 ( PROD. AS E BS),6462,AZUL MARINHO,4,13,536,0,0,0,0,23/09/2026,28/09/2026,C09,CORTA/PRÉ-COSTURA/CASEADO/AGUARDANDO DISTRIBUIÇÃO,20,,CORTE,0,PC,LIBERADO PARA PRODUÇÂO,C&A MODAS S.A.,109271,109271,62057,5461,29/11/2026,2648,11 - SEM 48 - 2026,3339-1009,0,,,30,C&A MODAS,14/10/2026,67,5,0,536,,,0,0,0,0,0,2648,92,T52B - BBO,17,CABIDE,N,N,SSNN
078066,1,04901,332,0,11 - SEM 48 - 2026,,0,,,0,0,C13,KIT SHORTS (BOTTON),"lancast 18350-1 ////// cores tons 16936-3-// custoR$ 18,50 proc",,"32,85",29/11/2026,0,0,BLUMENAU,R MARIA DE LOURDES PRIM,120,TRIBESS,"RETRU TALHACOES, CONFECCOES E COMERCIO LTDA",3,31/08/2026,1/11/2026,,1,,,2642,0,,0,00.968.233/0001-82,,TRANSADI TRANSPORTES EIRELI,13,9 lcc,0,OP PRODUÇÃO,0,0,CLASSIFICAR MODELO/FAMILIA,,,0066,CORTE,COR,COR - CORTE,,,Lib corte,,07/02/2027,00/01/1900,085,SEM LICENSA C&A,"RETRU TALHACOES, CONFECCOES E COMERCIO LTDA",01.14.00.7490A,KIT SHORTS,57,I - FRENTE SHORTS,N,CXA,CXA - FEIRA SUMMER II 2025 ( PROD. AS E BS),6462,AZUL MARINHO,5,58,536,0,0,0,0,23/09/2026,28/09/2026,C09,CORTA/PRÉ-COSTURA/CASEADO/AGUARDANDO DISTRIBUIÇÃO,20,,CORTE,0,PC,LIBERADO PARA PRODUÇÂO,C&A MODAS S.A.,109271,109271,62057,5461,29/11/2026,2648,11 - SEM 48 - 2026,3339-1009,0,,,30,C&A MODAS,14/10/2026,67,5,0,536,,,0,0,0,0,0,2648,92,T52B - BBO,17,CABIDE,N,N,SSNN
077981,1,834,,0,11 - SEM 47 - 2026,18/02,"11,2797",,B08* (TSE),0,0,T00,TOP CURTO (TOP),,,"19,4",22/11/2026,2,0,GASPAR,AVENIDA DEPUTADO FRANCISCO MASTELLA,3955,SETE DE SETEMBRO,,0,20/08/2026,22/11/2026,,1,,,2642,0,,0,00.577.158/0001-29,,,18,9 lcc,0,OP PRODUÇÃO,0,T001,TOP MC BASICO,A,7 SEMANAS LEAD TIME DE PRODUÇÃO,0097,GERAL,31,AGUARD. P/ ESTAMPAR,,,Lib corte,,22/11/2026,00/01/1900,085,SEM LICENSA C&A,CONFECCOES ONEDA LTDA,01.16.00.7747,TOP CURTO / 2026-2-3099,08,S-FRENTE,N,CVAN,CVAN - FEIRA SUMMER I 2026 (PROD. AS BS) NEGOCIADO,000521,OFF WHITE,12,17,900,0,0,0,0,23/09/2026,23/09/2026,A51,CORTA/ESTAMPA/C.QUALIDADE/AGUARD. DISTRIBUIÇAO,31,,AGUARD. P/ ESTAMPAR,0,PC,LIBERADO PARA PRODUÇÂO,C&A MODAS S.A.,111596,111596,61962,5461,22/11/2026,2647,11 - SEM 47 - 2026,(47) 3332-5004,0,,,30,C&A MODAS,06/11/2026,60,0,0,900,,,0,0,100,0,0,2647,007,T54A - PALOMINO,30,SORTER,N,N,SSNN
077981,1,834,,0,11 - SEM 47 - 2026,18/02,"11,2797",,B08* (TSE),0,0,T00,TOP CURTO (TOP),,,"19,4",22/11/2026,2,0,GASPAR,AVENIDA DEPUTADO FRANCISCO MASTELLA,3955,SETE DE SETEMBRO,,0,20/08/2026,22/11/2026,,1,,,2642,0,,0,00.577.158/0001-29,,,18,9 lcc,0,OP PRODUÇÃO,0,T001,TOP MC BASICO,A,7 SEMANAS LEAD TIME DE PRODUÇÃO,0097,GERAL,31,AGUARD. P/ ESTAMPAR,,,Lib corte,,22/11/2026,00/01/1900,085,SEM LICENSA C&A,CONFECCOES ONEDA LTDA,01.16.00.7747,TOP CURTO / 2026-2-3099,35,S - COSTA INTERNA,N,CVAN,CVAN - FEIRA SUMMER I 2026 (PROD. AS BS) NEGOCIADO,000521,OFF WHITE,12,17,900,0,0,0,0,23/09/2026,23/09/2026,A51,CORTA/ESTAMPA/C.QUALIDADE/AGUARD. DISTRIBUIÇAO,31,,AGUARD. P/ ESTAMPAR,0,PC,LIBERADO PARA PRODUÇÂO,C&A MODAS S.A.,111596,111596,61962,5461,22/11/2026,2647,11 - SEM 47 - 2026,(47) 3332-5004,0,,,30,C&A MODAS,6/11/2026,60,0,0,900,,,0,0,100,0,0,2647,007,T54A - PALOMINO,30,SORTER,N,N,SSNN
071108,1,04901,332,0,12 - SEM 50 - 2025,,"20,4319",Setor:LABORATORIO - Mov.: - 071108,Y20,0,0,T22,TOP CURTO POLIÉSTER (TOP),0520000051 VAR1 / 0520000051VARPRETO / 0520000051VARVERM,,"42,3",14/12/2025,6,0,BLUMENAU,R MARIA DE LOURDES PRIM,120,TRIBESS,"RETRU TALHACOES, CONFECCOES E COMERCIO LTDA",7,11/09/2025,19/9/2025,,1,,,,0,,0,00.968.233/0001-82,,TRANSADI TRANSPORTES EIRELI,999,9 lcc,0,OP PRODUÇÃO,0,0,CLASSIFICAR MODELO/FAMILIA,,,0066,CORTE,,,,,Lib corte,,00/01/1900,00/01/1900,175,CENTAURO SÃO PAULO,"RETRU TALHACOES, CONFECCOES E COMERCIO LTDA",05.20.00.0051,CAMISETA TORCEDOR SAO PAULO FC LIC DRY / REF.:V25SPFM05,E8,FRISO MANGAS,N,56WN,56WN - CENTAURO WINTER 2026 - FUTEBOL/WAGNER,400,BRANCO,P,21,319,0,0,0,0,17/06/2025,17/06/2025,B55,SUBLIMAÇÃO/ CORTE/ DISTRIBUIÇÃO,106,,SUBLIMACAO,0,PC,LIBERADO PARA PRODUÇÂO,SBF COMERCIO DE PRODUTOS ESPORTIVOS LTDA,20759291,20759291,58678,5422,14/12/2025,2550,12 - SEM 50 - 2025,3339-1009,0,,,100,CENTAURO,,-283,-463,463,319,,,0,0,90,0,0,2550,51,CENTAURO,5,CAIXA - LR,N,N,SSNN
071108,1,04901,332,0,12 - SEM 50 - 2025,,"20,4319",Setor:LABORATORIO - Mov.: - 071108,Y20,0,0,T22,TOP CURTO POLIÉSTER (TOP),0520000051 VAR1 / 0520000051VARPRETO / 0520000051VARVERM,,"42,3",14/12/2025,6,0,BLUMENAU,R MARIA DE LOURDES PRIM,120,TRIBESS,"RETRU TALHACOES, CONFECCOES E COMERCIO LTDA",7,11/09/2025,19/9/2025,,1,,,,0,,0,00.968.233/0001-82,,TRANSADI TRANSPORTES EIRELI,999,9 lcc,0,OP PRODUÇÃO,0,0,CLASSIFICAR MODELO/FAMILIA,,,0066,CORTE,,,,,Lib corte,,00/01/1900,00/01/1900,175,CENTAURO SÃO PAULO,"RETRU TALHACOES, CONFECCOES E COMERCIO LTDA",05.20.00.0051,CAMISETA TORCEDOR SAO PAULO FC LIC DRY / REF.:V25SPFM05,E8,FRISO MANGAS,N,56WN,56WN - CENTAURO WINTER 2026 - FUTEBOL/WAGNER,400,BRANCO,M,22,638,0,0,0,0,17/06/2025,17/06/2025,B55,SUBLIMAÇÃO/ CORTE/ DISTRIBUIÇÃO,106,,SUBLIMACAO,0,PC,LIBERADO PARA PRODUÇÂO,SBF COMERCIO DE PRODUTOS ESPORTIVOS LTDA,20759291,20759291,58678,5422,14/12/2025,2550,12 - SEM 50 - 2025,3339-1009,0,,,100,CENTAURO,,-283,-463,463,638,,,0,0,90,0,0,2550,51,CENTAURO,5,CAIXA - LR,N,N,SSNN
071108,1,04901,332,0,12 - SEM 50 - 2025,,"20,4319",Setor:LABORATORIO - Mov.: - 071108,Y20,0,0,T22,TOP CURTO POLIÉSTER (TOP),0520000051 VAR1 / 0520000051VARPRETO / 0520000051VARVERM,,"42,3",14/12/2025,6,0,BLUMENAU,R MARIA DE LOURDES PRIM,120,TRIBESS,"RETRU TALHACOES, CONFECCOES E COMERCIO LTDA",7,11/09/2025,19/9/2025,,1,,,,0,,0,00.968.233/0001-82,,TRANSADI TRANSPORTES EIRELI,999,9 lcc,0,OP PRODUÇÃO,0,0,CLASSIFICAR MODELO/FAMILIA,,,0066,CORTE,,,,,Lib corte,,00/01/1900,00/01/1900,175,CENTAURO SÃO PAULO,"RETRU TALHACOES, CONFECCOES E COMERCIO LTDA",05.20.00.0051,CAMISETA TORCEDOR SAO PAULO FC LIC DRY / REF.:V25SPFM05,E8,FRISO MANGAS,N,56WN,56WN - CENTAURO WINTER 2026 - FUTEBOL/WAGNER,400,BRANCO,G,23,638,0,0,0,0,17/06/2025,17/06/2025,B55,SUBLIMAÇÃO/ CORTE/ DISTRIBUIÇÃO,106,,SUBLIMACAO,0,PC,LIBERADO PARA PRODUÇÂO,SBF COMERCIO DE PRODUTOS ESPORTIVOS LTDA,20759291,20759291,58678,5422,14/12/2025,2550,12 - SEM 50 - 2025,3339-1009,0,,,100,CENTAURO,,-283,-463,463,638,,,0,0,90,0,0,2550,51,CENTAURO,5,CAIXA - LR,N,N,SSNN
071108,1,04901,332,0,12 - SEM 50 - 2025,,"20,4319",Setor:LABORATORIO - Mov.: - 071108,Y20,0,0,T22,TOP CURTO POLIÉSTER (TOP),0520000051 VAR1 / 0520000051VARPRETO / 0520000051VARVERM,,"42,3",14/12/2025,6,0,BLUMENAU,R MARIA DE LOURDES PRIM,120,TRIBESS,"RETRU TALHACOES, CONFECCOES E COMERCIO LTDA",7,11/09/2025,19/9/2025,,1,,,,0,,0,00.968.233/0001-82,,TRANSADI TRANSPORTES EIRELI,999,9 lcc,0,OP PRODUÇÃO,0,0,CLASSIFICAR MODELO/FAMILIA,,,0066,CORTE,,,,,Lib corte,,00/01/1900,00/01/1900,175,CENTAURO SÃO PAULO,"RETRU TALHACOES, CONFECCOES E COMERCIO LTDA",05.20.00.0051,CAMISETA TORCEDOR SAO PAULO FC LIC DRY / REF.:V25SPFM05,E8,FRISO MANGAS,N,56WN,56WN - CENTAURO WINTER 2026 - FUTEBOL/WAGNER,400,BRANCO,GG,24,319,0,0,0,0,17/06/2025,17/06/2025,B55,SUBLIMAÇÃO/ CORTE/ DISTRIBUIÇÃO,106,,SUBLIMACAO,0,PC,LIBERADO PARA PRODUÇÂO,SBF COMERCIO DE PRODUTOS ESPORTIVOS LTDA,20759291,20759291,58678,5422,14/12/2025,2550,12 - SEM 50 - 2025,3339-1009,0,,,100,CENTAURO,,-283,-463,463,319,,,0,0,90,0,0,2550,51,CENTAURO,5,CAIXA - LR,N,N,SSNN
071108,1,04901,332,0,12 - SEM 50 - 2025,,"20,4319",Setor:LABORATORIO - Mov.: - 071108,Y20,0,0,T22,TOP CURTO POLIÉSTER (TOP),0520000051 VAR1 / 0520000051VARPRETO / 0520000051VARVERM,,"42,3",14/12/2025,6,0,BLUMENAU,R MARIA DE LOURDES PRIM,120,TRIBESS,"RETRU TALHACOES, CONFECCOES E COMERCIO LTDA",7,11/09/2025,19/9/2025,,1,,,,0,,0,00.968.233/0001-82,,TRANSADI TRANSPORTES EIRELI,999,9 lcc,0,OP PRODUÇÃO,0,0,CLASSIFICAR MODELO/FAMILIA,,,0066,CORTE,,,,,Lib corte,,00/01/1900,00/01/1900,175,CENTAURO SÃO PAULO,"RETRU TALHACOES, CONFECCOES E COMERCIO LTDA",05.20.00.0051,CAMISETA TORCEDOR SAO PAULO FC LIC DRY / REF.:V25SPFM05,J4,FRISO MANGAS 2,N,56WN,56WN - CENTAURO WINTER 2026 - FUTEBOL/WAGNER,400,BRANCO,P,21,319,0,0,0,0,17/06/2025,17/06/2025,B55,SUBLIMAÇÃO/ CORTE/ DISTRIBUIÇÃO,106,,SUBLIMACAO,0,PC,LIBERADO PARA PRODUÇÂO,SBF COMERCIO DE PRODUTOS ESPORTIVOS LTDA,20759291,20759291,58678,5422,14/12/2025,2550,12 - SEM 50 - 2025,3339-1009,0,,,100,CENTAURO,,-283,-463,463,319,,,0,0,90,0,0,2550,51,CENTAURO,5,CAIXA - LR,N,N,SSNN
071108,1,04901,332,0,12 - SEM 50 - 2025,,"20,4319",Setor:LABORATORIO - Mov.: - 071108,Y20,0,0,T22,TOP CURTO POLIÉSTER (TOP),0520000051 VAR1 / 0520000051VARPRETO / 0520000051VARVERM,,"42,3",14/12/2025,6,0,BLUMENAU,R MARIA DE LOURDES PRIM,120,TRIBESS,"RETRU TALHACOES, CONFECCOES E COMERCIO LTDA",7,11/09/2025,19/9/2025,,1,,,,0,,0,00.968.233/0001-82,,TRANSADI TRANSPORTES EIRELI,999,9 lcc,0,OP PRODUÇÃO,0,0,CLASSIFICAR MODELO/FAMILIA,,,0066,CORTE,,,,,Lib corte,,00/01/1900,00/01/1900,175,CENTAURO SÃO PAULO,"RETRU TALHACOES, CONFECCOES E COMERCIO LTDA",05.20.00.0051,CAMISETA TORCEDOR SAO PAULO FC LIC DRY / REF.:V25SPFM05,J4,FRISO MANGAS 2,N,56WN,56WN - CENTAURO WINTER 2026 - FUTEBOL/WAGNER,400,BRANCO,M,22,638,0,0,0,0,17/06/2025,17/06/2025,B55,SUBLIMAÇÃO/ CORTE/ DISTRIBUIÇÃO,106,,SUBLIMACAO,0,PC,LIBERADO PARA PRODUÇÂO,SBF COMERCIO DE PRODUTOS ESPORTIVOS LTDA,20759291,20759291,58678,5422,14/12/2025,2550,12 - SEM 50 - 2025,3339-1009,0,,,100,CENTAURO,,-283,-463,463,638,,,0,0,90,0,0,2550,51,CENTAURO,5,CAIXA - LR,N,N,SSNN
071108,1,04901,332,0,12 - SEM 50 - 2025,,"20,4319",Setor:LABORATORIO - Mov.: - 071108,Y20,0,0,T22,TOP CURTO POLIÉSTER (TOP),0520000051 VAR1 / 0520000051VARPRETO / 0520000051VARVERM,,"42,3",14/12/2025,6,0,BLUMENAU,R MARIA DE LOURDES PRIM,120,TRIBESS,"RETRU TALHACOES, CONFECCOES E COMERCIO LTDA",7,11/09/2025,19/9/2025,,1,,,,0,,0,00.968.233/0001-82,,TRANSADI TRANSPORTES EIRELI,999,9 lcc,0,OP PRODUÇÃO,0,0,CLASSIFICAR MODELO/FAMILIA,,,0066,CORTE,,,,,Lib corte,,00/01/1900,00/01/1900,175,CENTAURO SÃO PAULO,"RETRU TALHACOES, CONFECCOES E COMERCIO LTDA",05.20.00.0051,CAMISETA TORCEDOR SAO PAULO FC LIC DRY / REF.:V25SPFM05,J4,FRISO MANGAS 2,N,56WN,56WN - CENTAURO WINTER 2026 - FUTEBOL/WAGNER,400,BRANCO,G,23,638,0,0,0,0,17/06/2025,17/06/2025,B55,SUBLIMAÇÃO/ CORTE/ DISTRIBUIÇÃO,106,,SUBLIMACAO,0,PC,LIBERADO PARA PRODUÇÂO,SBF COMERCIO DE PRODUTOS ESPORTIVOS LTDA,20759291,20759291,58678,5422,14/12/2025,2550,12 - SEM 50 - 2025,3339-1009,0,,,100,CENTAURO,,-283,-463,463,638,,,0,0,90,0,0,2550,51,CENTAURO,5,CAIXA - LR,N,N,SSNN
071108,1,04901,332,0,12 - SEM 50 - 2025,,"20,4319",Setor:LABORATORIO - Mov.: - 071108,Y20,0,0,T22,TOP CURTO POLIÉSTER (TOP),0520000051 VAR1 / 0520000051VARPRETO / 0520000051VARVERM,,"42,3",14/12/2025,6,0,BLUMENAU,R MARIA DE LOURDES PRIM,120,TRIBESS,"RETRU TALHACOES, CONFECCOES E COMERCIO LTDA",7,11/09/2025,19/9/2025,,1,,,,0,,0,00.968.233/0001-82,,TRANSADI TRANSPORTES EIRELI,999,9 lcc,0,OP PRODUÇÃO,0,0,CLASSIFICAR MODELO/FAMILIA,,,0066,CORTE,,,,,Lib corte,,00/01/1900,00/01/1900,175,CENTAURO SÃO PAULO,"RETRU TALHACOES, CONFECCOES E COMERCIO LTDA",05.20.00.0051,CAMISETA TORCEDOR SAO PAULO FC LIC DRY / REF.:V25SPFM05,J4,FRISO MANGAS 2,N,56WN,56WN - CENTAURO WINTER 2026 - FUTEBOL/WAGNER,400,BRANCO,GG,24,319,0,0,0,0,17/06/2025,17/06/2025,B55,SUBLIMAÇÃO/ CORTE/ DISTRIBUIÇÃO,106,,SUBLIMACAO,0,PC,LIBERADO PARA PRODUÇÂO,SBF COMERCIO DE PRODUTOS ESPORTIVOS LTDA,20759291,20759291,58678,5422,14/12/2025,2550,12 - SEM 50 - 2025,3339-1009,0,,,100,CENTAURO,,-283,-463,463,319,,,0,0,90,0,0,2550,51,CENTAURO,5,CAIXA - LR,N,N,SSNN
076153,0,834,,0,09 - SEM 38 - 2026,24/07,0,,B30,0,0,C15,CONJUNTO CURTO POLIÉSTER (TOP/BOTTON),PP sample enviada 02/06,subl. alternativa 2.00 frente,"67,5",15/09/2026,5,0,GASPAR,AVENIDA DEPUTADO FRANCISCO MASTELLA,3955,SETE DE SETEMBRO,,7,28/09/2026,4/10/2026,,1,,,,0,,0,00.577.158/0001-29,,,999,10 LCM,0,OP PRODUÇÃO,0,0,CLASSIFICAR MODELO/FAMILIA,,,0097,GERAL,,,,,Lib Corte C/ Move testado,,00/01/1900,00/01/1900,139,CENTAURO,CONFECCOES ONEDA LTDA,05.16.00.0151,CONJUNTO CURTO / V27CAMI11,95,S- FRENTE REPROCESSO,N,57N,57N - CENTAURO SUMMER 2027 - NEGOCIAÇÃO (ASICS E FUTEBOL),000220,BRANCO/PRETO,6,14,17,0,0,0,0,28/09/2026,07/10/2026,E08,SOMENTE SUBLIMAÇÃO,106,,SUBLIMACAO,0,PC,LIBERADO PARA PRODUÇÂO,SBF COMERCIO DE PRODUTOS ESPORTIVOS LTDA,35894413,35894413,60987,5422,15/09/2026,2638,09 - SEM 38 - 2026,(47) 3332-5004,0,,,100,CENTAURO,04/10/2026,-8,14,-5,17,,,0,0,100,0,0,2638,51,CENTAURO,11,MASCULINO,N,N,SSNN
076153,0,834,,0,09 - SEM 38 - 2026,24/07,0,,B30,0,0,C15,CONJUNTO CURTO POLIÉSTER (TOP/BOTTON),PP sample enviada 02/06,subl. alternativa 2.00 frente,"67,5",15/09/2026,5,0,GASPAR,AVENIDA DEPUTADO FRANCISCO MASTELLA,3955,SETE DE SETEMBRO,,7,28/09/2026,4/10/2026,,1,,,,0,,0,00.577.158/0001-29,,,999,10 LCM,0,OP PRODUÇÃO,0,0,CLASSIFICAR MODELO/FAMILIA,,,0097,GERAL,,,,,Lib Corte C/ Move testado,,00/01/1900,00/01/1900,139,CENTAURO,CONFECCOES ONEDA LTDA,05.16.00.0151,CONJUNTO CURTO / V27CAMI11,95,S- FRENTE REPROCESSO,N,57N,57N - CENTAURO SUMMER 2027 - NEGOCIAÇÃO (ASICS E FUTEBOL),000220,BRANCO/PRETO,8,15,15,0,0,0,0,28/09/2026,07/10/2026,E08,SOMENTE SUBLIMAÇÃO,106,,SUBLIMACAO,0,PC,LIBERADO PARA PRODUÇÂO,SBF COMERCIO DE PRODUTOS ESPORTIVOS LTDA,35894413,35894413,60987,5422,15/09/2026,2638,09 - SEM 38 - 2026,(47) 3332-5004,0,,,100,CENTAURO,04/10/2026,-8,14,-5,15,,,0,0,100,0,0,2638,51,CENTAURO,11,MASCULINO,N,N,SSNN
076153,0,834,,0,09 - SEM 38 - 2026,24/07,0,,B30,0,0,C15,CONJUNTO CURTO POLIÉSTER (TOP/BOTTON),PP sample enviada 02/06,subl. alternativa 2.00 frente,"67,5",15/09/2026,5,0,GASPAR,AVENIDA DEPUTADO FRANCISCO MASTELLA,3955,SETE DE SETEMBRO,,7,28/09/2026,4/10/2026,,1,,,,0,,0,00.577.158/0001-29,,,999,10 LCM,0,OP PRODUÇÃO,0,0,CLASSIFICAR MODELO/FAMILIA,,,0097,GERAL,,,,,Lib Corte C/ Move testado,,00/01/1900,00/01/1900,139,CENTAURO,CONFECCOES ONEDA LTDA,05.16.00.0151,CONJUNTO CURTO / V27CAMI11,95,S- FRENTE REPROCESSO,N,57N,57N - CENTAURO SUMMER 2027 - NEGOCIAÇÃO (ASICS E FUTEBOL),000220,BRANCO/PRETO,10,16,36,0,0,0,0,28/09/2026,07/10/2026,E08,SOMENTE SUBLIMAÇÃO,106,,SUBLIMACAO,0,PC,LIBERADO PARA PRODUÇÂO,SBF COMERCIO DE PRODUTOS ESPORTIVOS LTDA,35894413,35894413,60987,5422,15/09/2026,2638,09 - SEM 38 - 2026,(47) 3332-5004,0,,,100,CENTAURO,04/10/2026,-8,14,-5,36,,,0,0,100,0,0,2638,51,CENTAURO,11,MASCULINO,N,N,SSNN
076153,0,834,,0,09 - SEM 38 - 2026,24/07,0,,B30,0,0,C15,CONJUNTO CURTO POLIÉSTER (TOP/BOTTON),PP sample enviada 02/06,subl. alternativa 2.00 frente,"67,5",15/09/2026,5,0,GASPAR,AVENIDA DEPUTADO FRANCISCO MASTELLA,3955,SETE DE SETEMBRO,,7,28/09/2026,4/10/2026,,1,,,,0,,0,00.577.158/0001-29,,,999,10 LCM,0,OP PRODUÇÃO,0,0,CLASSIFICAR MODELO/FAMILIA,,,0097,GERAL,,,,,Lib Corte C/ Move testado,,00/01/1900,00/01/1900,139,CENTAURO,CONFECCOES ONEDA LTDA,05.16.00.0151,CONJUNTO CURTO / V27CAMI11,95,S- FRENTE REPROCESSO,N,57N,57N - CENTAURO SUMMER 2027 - NEGOCIAÇÃO (ASICS E FUTEBOL),000220,BRANCO/PRETO,12,17,139,0,0,0,0,28/09/2026,07/10/2026,E08,SOMENTE SUBLIMAÇÃO,106,,SUBLIMACAO,0,PC,LIBERADO PARA PRODUÇÂO,SBF COMERCIO DE PRODUTOS ESPORTIVOS LTDA,35894413,35894413,60987,5422,15/09/2026,2638,09 - SEM 38 - 2026,(47) 3332-5004,0,,,100,CENTAURO,04/10/2026,-8,14,-5,139,,,0,0,100,0,0,2638,51,CENTAURO,11,MASCULINO,N,N,SSNN
076153,0,834,,0,09 - SEM 38 - 2026,24/07,0,,B30,0,0,C15,CONJUNTO CURTO POLIÉSTER (TOP/BOTTON),PP sample enviada 02/06,subl. alternativa 2.00 frente,"67,5",15/09/2026,5,0,GASPAR,AVENIDA DEPUTADO FRANCISCO MASTELLA,3955,SETE DE SETEMBRO,,7,28/09/2026,4/10/2026,,1,,,,0,,0,00.577.158/0001-29,,,999,10 LCM,0,OP PRODUÇÃO,0,0,CLASSIFICAR MODELO/FAMILIA,,,0097,GERAL,,,,,Lib Corte C/ Move testado,,00/01/1900,00/01/1900,139,CENTAURO,CONFECCOES ONEDA LTDA,05.16.00.0151,CONJUNTO CURTO / V27CAMI11,95,S- FRENTE REPROCESSO,N,57N,57N - CENTAURO SUMMER 2027 - NEGOCIAÇÃO (ASICS E FUTEBOL),000220,BRANCO/PRETO,14,18,198,0,0,0,0,28/09/2026,07/10/2026,E08,SOMENTE SUBLIMAÇÃO,106,,SUBLIMACAO,0,PC,LIBERADO PARA PRODUÇÂO,SBF COMERCIO DE PRODUTOS ESPORTIVOS LTDA,35894413,35894413,60987,5422,15/09/2026,2638,09 - SEM 38 - 2026,(47) 3332-5004,0,,,100,CENTAURO,04/10/2026,-8,14,-5,198,,,0,0,100,0,0,2638,51,CENTAURO,11,MASCULINO,N,N,SSNN
077883,1,05677,064,0,11 - SEM 45 - 2026,14/08,0,,B35,0,0,T22,TOP CURTO POLIÉSTER (TOP),GIRAPRINT 0118070688 VR1 TCOND-DRY TM180 RT 2,est. fre e cost - 3 cores cada,37,08/11/2026,3,0,BLUMENAU,R AUGUST EWALD,79,SALTO NORTE,GIRA PRINT SUBLIMACAO E IMPRESSAO DIGITAL EIRELI,7,11/09/2026,6/11/2026,,1,,,2645,0,,0,37.678.616/0001-26,,CONFECCOES ONEDA LTDA,999,7 L C,0,OP PRODUÇÃO,0,0,CLASSIFICAR MODELO/FAMILIA,,,02,FACÇÕES,,,,,Lib Corte/ EM TEST MODELAGEM,,00/01/1900,00/01/1900,036,WARNER C&A,GIRA PRINT SUBLIMACAO E IMPRESSAO DIGITAL EIRELI,01.18.07.0688,TOP CURTO POLIESTER - 2026-2-10871,01,S-BLUSA / TOP,S,CEIN,CEIN - FEIRA SUMMER II 2026 (PROD AS BS) INCLUSÃO NEGOCIADO,08A,VINHO,10,16,367,0,0,0,0,21/09/2026,30/09/2026,910,PCP/TINTURARIA/SUBLIMAÇÃO/CORTE/COSTURA/EXP,106,,SUBLIMACAO,0,PC,AGUAR. APROV. LIC./ PP SAMPLE,C&A MODAS S.A.,107371,107371,61715,5461,08/11/2026,2645,11 - SEM 45 - 2026,(47) 3488-6858,0,,,30,C&A MODAS,28/09/2026,46,7,2,367,,,0,0,0,0,0,2645,86,T59C - TEEN,19,CABIDE-DORSAL,N,N,SSNN
077883,1,05677,064,0,11 - SEM 45 - 2026,14/08,0,,B35,0,0,T22,TOP CURTO POLIÉSTER (TOP),GIRAPRINT 0118070688 VR1 TCOND-DRY TM180 RT 2,est. fre e cost - 3 cores cada,37,08/11/2026,3,0,BLUMENAU,R AUGUST EWALD,79,SALTO NORTE,GIRA PRINT SUBLIMACAO E IMPRESSAO DIGITAL EIRELI,7,11/09/2026,6/11/2026,,1,,,2645,0,,0,37.678.616/0001-26,,CONFECCOES ONEDA LTDA,999,7 L C,0,OP PRODUÇÃO,0,0,CLASSIFICAR MODELO/FAMILIA,,,02,FACÇÕES,,,,,Lib Corte/ EM TEST MODELAGEM,,00/01/1900,00/01/1900,036,WARNER C&A,GIRA PRINT SUBLIMACAO E IMPRESSAO DIGITAL EIRELI,01.18.07.0688,TOP CURTO POLIESTER - 2026-2-10871,01,S-BLUSA / TOP,S,CEIN,CEIN - FEIRA SUMMER II 2026 (PROD AS BS) INCLUSÃO NEGOCIADO,08A,VINHO,12,17,1100,0,0,0,0,21/09/2026,30/09/2026,910,PCP/TINTURARIA/SUBLIMAÇÃO/CORTE/COSTURA/EXP,106,,SUBLIMACAO,0,PC,AGUAR. APROV. LIC./ PP SAMPLE,C&A MODAS S.A.,107371,107371,61715,5461,08/11/2026,2645,11 - SEM 45 - 2026,(47) 3488-6858,0,,,30,C&A MODAS,28/09/2026,46,7,2,1100,,,0,0,0,0,0,2645,86,T59C - TEEN,19,CABIDE-DORSAL,N,N,SSNN
077883,1,05677,064,0,11 - SEM 45 - 2026,14/08,0,,B35,0,0,T22,TOP CURTO POLIÉSTER (TOP),GIRAPRINT 0118070688 VR1 TCOND-DRY TM180 RT 2,est. fre e cost - 3 cores cada,37,08/11/2026,3,0,BLUMENAU,R AUGUST EWALD,79,SALTO NORTE,GIRA PRINT SUBLIMACAO E IMPRESSAO DIGITAL EIRELI,7,11/09/2026,6/11/2026,,1,,,2645,0,,0,37.678.616/0001-26,,CONFECCOES ONEDA LTDA,999,7 L C,0,OP PRODUÇÃO,0,0,CLASSIFICAR MODELO/FAMILIA,,,02,FACÇÕES,,,,,Lib Corte/ EM TEST MODELAGEM,,00/01/1900,00/01/1900,036,WARNER C&A,GIRA PRINT SUBLIMACAO E IMPRESSAO DIGITAL EIRELI,01.18.07.0688,TOP CURTO POLIESTER - 2026-2-10871,01,S-BLUSA / TOP,S,CEIN,CEIN - FEIRA SUMMER II 2026 (PROD AS BS) INCLUSÃO NEGOCIADO,08A,VINHO,14,18,1100,0,0,0,0,21/09/2026,30/09/2026,910,PCP/TINTURARIA/SUBLIMAÇÃO/CORTE/COSTURA/EXP,106,,SUBLIMACAO,0,PC,AGUAR. APROV. LIC./ PP SAMPLE,C&A MODAS S.A.,107371,107371,61715,5461,08/11/2026,2645,11 - SEM 45 - 2026,(47) 3488-6858,0,,,30,C&A MODAS,28/09/2026,46,7,2,1100,,,0,0,0,0,0,2645,86,T59C - TEEN,19,CABIDE-DORSAL,N,N,SSNN
077883,1,05677,064,0,11 - SEM 45 - 2026,14/08,0,,B35,0,0,T22,TOP CURTO POLIÉSTER (TOP),GIRAPRINT 0118070688 VR1 TCOND-DRY TM180 RT 2,est. fre e cost - 3 cores cada,37,08/11/2026,3,0,BLUMENAU,R AUGUST EWALD,79,SALTO NORTE,GIRA PRINT SUBLIMACAO E IMPRESSAO DIGITAL EIRELI,7,11/09/2026,6/11/2026,,1,,,2645,0,,0,37.678.616/0001-26,,CONFECCOES ONEDA LTDA,999,7 L C,0,OP PRODUÇÃO,0,0,CLASSIFICAR MODELO/FAMILIA,,,02,FACÇÕES,,,,,Lib Corte/ EM TEST MODELAGEM,,00/01/1900,00/01/1900,036,WARNER C&A,GIRA PRINT SUBLIMACAO E IMPRESSAO DIGITAL EIRELI,01.18.07.0688,TOP CURTO POLIESTER - 2026-2-10871,01,S-BLUSA / TOP,S,CEIN,CEIN - FEIRA SUMMER II 2026 (PROD AS BS) INCLUSÃO NEGOCIADO,08A,VINHO,16,19,733,0,0,0,0,21/09/2026,30/09/2026,910,PCP/TINTURARIA/SUBLIMAÇÃO/CORTE/COSTURA/EXP,106,,SUBLIMACAO,0,PC,AGUAR. APROV. LIC./ PP SAMPLE,C&A MODAS S.A.,107371,107371,61715,5461,08/11/2026,2645,11 - SEM 45 - 2026,(47) 3488-6858,0,,,30,C&A MODAS,28/09/2026,46,7,2,733,,,0,0,0,0,0,2645,86,T59C - TEEN,19,CABIDE-DORSAL,N,N,SSNN
077663,1,834,,0,11 - SEM 48 - 2026,19/06,0,,B25,0,0,T00,TOP CURTO (TOP),,EST. 10 CORES,20,29/11/2026,2,0,GASPAR,AVENIDA DEPUTADO FRANCISCO MASTELLA,3955,SETE DE SETEMBRO,,5,07/08/2026,15/11/2026,,1,,,2641,0,,0,00.577.158/0001-29,,,999,9 lcc,0,OP PRODUÇÃO,0,T001,TOP MC BASICO,A,7 SEMANAS LEAD TIME DE PRODUÇÃO,0097,GERAL,PRD,PRD - FASE PRODUTO,,,Lib corte,,28/03/2027,00/01/1900,144,SEGA C&A,CONFECCOES ONEDA LTDA,01.16.32.0282,TOP CURTO / 2026-2-8286,D7,MALOTES,N,CEAR,CEAR - FEIRA SUMMER II 2026 (PROD AS BS) REPEATS,000521,OFF WHITE,4,13,213,0,0,0,0,23/09/2026,30/09/2026,D3,MALOTES,83,,MALOTE,0,PC,PP SAMPL APROVADA,C&A MODAS S.A.,98963,98963,61688,5461,29/11/2026,2648,11 - SEM 48 - 2026,(47) 3332-5004,0,,,30,C&A MODAS,15/11/2026,67,7,0,213,,,0,0,100,0,0,2648,001,T54A - LICENSE MASC.,30,SORTER,N,N,SSNN
077663,1,834,,0,11 - SEM 48 - 2026,19/06,0,,B25,0,0,T00,TOP CURTO (TOP),,EST. 10 CORES,20,29/11/2026,2,0,GASPAR,AVENIDA DEPUTADO FRANCISCO MASTELLA,3955,SETE DE SETEMBRO,,5,07/08/2026,15/11/2026,,1,,,2641,0,,0,00.577.158/0001-29,,,999,9 lcc,0,OP PRODUÇÃO,0,T001,TOP MC BASICO,A,7 SEMANAS LEAD TIME DE PRODUÇÃO,0097,GERAL,PRD,PRD - FASE PRODUTO,,,Lib corte,,28/03/2027,00/01/1900,144,SEGA C&A,CONFECCOES ONEDA LTDA,01.16.32.0282,TOP CURTO / 2026-2-8286,D7,MALOTES,N,CEAR,CEAR - FEIRA SUMMER II 2026 (PROD AS BS) REPEATS,000521,OFF WHITE,6,14,376,0,0,0,0,23/09/2026,30/09/2026,D3,MALOTES,83,,MALOTE,0,PC,PP SAMPL APROVADA,C&A MODAS S.A.,98963,98963,61688,5461,29/11/2026,2648,11 - SEM 48 - 2026,(47) 3332-5004,0,,,30,C&A MODAS,15/11/2026,67,7,0,376,,,0,0,100,0,0,2648,001,T54A - LICENSE MASC.,30,SORTER,N,N,SSNN
077663,1,834,,0,11 - SEM 48 - 2026,19/06,0,,B25,0,0,T00,TOP CURTO (TOP),,EST. 10 CORES,20,29/11/2026,2,0,GASPAR,AVENIDA DEPUTADO FRANCISCO MASTELLA,3955,SETE DE SETEMBRO,,5,07/08/2026,15/11/2026,,1,,,2641,0,,0,00.577.158/0001-29,,,999,9 lcc,0,OP PRODUÇÃO,0,T001,TOP MC BASICO,A,7 SEMANAS LEAD TIME DE PRODUÇÃO,0097,GERAL,PRD,PRD - FASE PRODUTO,,,Lib corte,,28/03/2027,00/01/1900,144,SEGA C&A,CONFECCOES ONEDA LTDA,01.16.32.0282,TOP CURTO / 2026-2-8286,D7,MALOTES,N,CEAR,CEAR - FEIRA SUMMER II 2026 (PROD AS BS) REPEATS,000521,OFF WHITE,8,15,423,0,0,0,0,23/09/2026,30/09/2026,D3,MALOTES,83,,MALOTE,0,PC,PP SAMPL APROVADA,C&A MODAS S.A.,98963,98963,61688,5461,29/11/2026,2648,11 - SEM 48 - 2026,(47) 3332-5004,0,,,30,C&A MODAS,15/11/2026,67,7,0,423,,,0,0,100,0,0,2648,001,T54A - LICENSE MASC.,30,SORTER,N,N,SSNN
077663,1,834,,0,11 - SEM 48 - 2026,19/06,0,,B25,0,0,T00,TOP CURTO (TOP),,EST. 10 CORES,20,29/11/2026,2,0,GASPAR,AVENIDA DEPUTADO FRANCISCO MASTELLA,3955,SETE DE SETEMBRO,,5,07/08/2026,15/11/2026,,1,,,2641,0,,0,00.577.158/0001-29,,,999,9 lcc,0,OP PRODUÇÃO,0,T001,TOP MC BASICO,A,7 SEMANAS LEAD TIME DE PRODUÇÃO,0097,GERAL,PRD,PRD - FASE PRODUTO,,,Lib corte,,28/03/2027,00/01/1900,144,SEGA C&A,CONFECCOES ONEDA LTDA,01.16.32.0282,TOP CURTO / 2026-2-8286,D7,MALOTES,N,CEAR,CEAR - FEIRA SUMMER II 2026 (PROD AS BS) REPEATS,000521,OFF WHITE,10,16,355,0,0,0,0,23/09/2026,30/09/2026,D3,MALOTES,83,,MALOTE,0,PC,PP SAMPL APROVADA,C&A MODAS S.A.,98963,98963,61688,5461,29/11/2026,2648,11 - SEM 48 - 2026,(47) 3332-5004,0,,,30,C&A MODAS,15/11/2026,67,7,0,355,,,0,0,100,0,0,2648,001,T54A - LICENSE MASC.,30,SORTER,N,N,SSNN
077663,1,834,,0,11 - SEM 48 - 2026,19/06,0,,B25,0,0,T00,TOP CURTO (TOP),,EST. 10 CORES,20,29/11/2026,2,0,GASPAR,AVENIDA DEPUTADO FRANCISCO MASTELLA,3955,SETE DE SETEMBRO,,5,07/08/2026,15/11/2026,,1,,,2641,0,,0,00.577.158/0001-29,,,999,9 lcc,0,OP PRODUÇÃO,0,T001,TOP MC BASICO,A,7 SEMANAS LEAD TIME DE PRODUÇÃO,0097,GERAL,PRD,PRD - FASE PRODUTO,,,Lib corte,,28/03/2027,00/01/1900,144,SEGA C&A,CONFECCOES ONEDA LTDA,01.16.32.0282,TOP CURTO / 2026-2-8286,D7,MALOTES,N,CEAR,CEAR - FEIRA SUMMER II 2026 (PROD AS BS) REPEATS,000521,OFF WHITE,12,17,329,0,0,0,0,23/09/2026,30/09/2026,D3,MALOTES,83,,MALOTE,0,PC,PP SAMPL APROVADA,C&A MODAS S.A.,98963,98963,61688,5461,29/11/2026,2648,11 - SEM 48 - 2026,(47) 3332-5004,0,,,30,C&A MODAS,15/11/2026,67,7,0,329,,,0,0,100,0,0,2648,001,T54A - LICENSE MASC.,30,SORTER,N,N,SSNN
077882,1,834,,0,11 - SEM 46 - 2026,15/07,0,,B24,0,0,T22,TOP CURTO POLIÉSTER (TOP),0118007832 VR1 TCTNTdry TM183 RT 3 --SUBLIMAÇÃO EM ROLO,,37,15/11/2026,3,0,GASPAR,AVENIDA DEPUTADO FRANCISCO MASTELLA,3955,SETE DE SETEMBRO,,5,13/08/2026,25/10/2026,,1,,,2641,0,,0,00.577.158/0001-29,,,999,10 LCM,0,OP PRODUÇÃO,0,T121,TOP POLO MC C/ PEITILHO SIMPLES SEM BOTÃO ROTATIVO,C,9 SEMANAS,0097,GERAL,PRD,PRD - FASE PRODUTO,,,Lib Corte C/ Move testado,,00/01/1900,00/01/1900,085,SEM LICENSA C&A,CONFECCOES ONEDA LTDA,01.18.00.7832,TOP CURTO POLIESTER/ 2026-1-15452,D7,MALOTES,N,CEI,CEI - FEIRA SUMMER II 2026 (PROD AS BS) INCLUSÃO,000521,OFF WHITE,10,16,401,0,0,0,0,11/09/2026,18/09/2026,D3,MALOTES,83,FALTA MALOTE COSTURA,MALOTE,0,PC,PP SAMPL APROVADA,C&A MODAS S.A.,107372,107372,61702,5461,15/11/2026,2646,11 - SEM 46 - 2026,(47) 3332-5004,0,,,30,C&A MODAS,25/10/2026,53,-5,12,401,,,0,0,100,0,0,2646,86,T59C - TEEN,19,CABIDE-DORSAL,N,N,SSNN
077882,1,834,,0,11 - SEM 46 - 2026,15/07,0,,B24,0,0,T22,TOP CURTO POLIÉSTER (TOP),0118007832 VR1 TCTNTdry TM183 RT 3 --SUBLIMAÇÃO EM ROLO,,37,15/11/2026,3,0,GASPAR,AVENIDA DEPUTADO FRANCISCO MASTELLA,3955,SETE DE SETEMBRO,,5,13/08/2026,25/10/2026,,1,,,2641,0,,0,00.577.158/0001-29,,,999,10 LCM,0,OP PRODUÇÃO,0,T121,TOP POLO MC C/ PEITILHO SIMPLES SEM BOTÃO ROTATIVO,C,9 SEMANAS,0097,GERAL,PRD,PRD - FASE PRODUTO,,,Lib Corte C/ Move testado,,00/01/1900,00/01/1900,085,SEM LICENSA C&A,CONFECCOES ONEDA LTDA,01.18.00.7832,TOP CURTO POLIESTER/ 2026-1-15452,D7,MALOTES,N,CEI,CEI - FEIRA SUMMER II 2026 (PROD AS BS) INCLUSÃO,000521,OFF WHITE,12,17,1202,0,0,0,0,11/09/2026,18/09/2026,D3,MALOTES,83,FALTA MALOTE COSTURA,MALOTE,0,PC,PP SAMPL APROVADA,C&A MODAS S.A.,107372,107372,61702,5461,15/11/2026,2646,11 - SEM 46 - 2026,(47) 3332-5004,0,,,30,C&A MODAS,25/10/2026,53,-5,12,1202,,,0,0,100,0,0,2646,86,T59C - TEEN,19,CABIDE-DORSAL,N,N,SSNN
077882,1,834,,0,11 - SEM 46 - 2026,15/07,0,,B24,0,0,T22,TOP CURTO POLIÉSTER (TOP),0118007832 VR1 TCTNTdry TM183 RT 3 --SUBLIMAÇÃO EM ROLO,,37,15/11/2026,3,0,GASPAR,AVENIDA DEPUTADO FRANCISCO MASTELLA,3955,SETE DE SETEMBRO,,5,13/08/2026,25/10/2026,,1,,,2641,0,,0,00.577.158/0001-29,,,999,10 LCM,0,OP PRODUÇÃO,0,T121,TOP POLO MC C/ PEITILHO SIMPLES SEM BOTÃO ROTATIVO,C,9 SEMANAS,0097,GERAL,PRD,PRD - FASE PRODUTO,,,Lib Corte C/ Move testado,,00/01/1900,00/01/1900,085,SEM LICENSA C&A,CONFECCOES ONEDA LTDA,01.18.00.7832,TOP CURTO POLIESTER/ 2026-1-15452,D7,MALOTES,N,CEI,CEI - FEIRA SUMMER II 2026 (PROD AS BS) INCLUSÃO,000521,OFF WHITE,14,18,1202,0,0,0,0,11/09/2026,18/09/2026,D3,MALOTES,83,FALTA MALOTE COSTURA,MALOTE,0,PC,PP SAMPL APROVADA,C&A MODAS S.A.,107372,107372,61702,5461,15/11/2026,2646,11 - SEM 46 - 2026,(47) 3332-5004,0,,,30,C&A MODAS,25/10/2026,53,-5,12,1202,,,0,0,100,0,0,2646,86,T59C - TEEN,19,CABIDE-DORSAL,N,N,SSNN
077882,1,834,,0,11 - SEM 46 - 2026,15/07,0,,B24,0,0,T22,TOP CURTO POLIÉSTER (TOP),0118007832 VR1 TCTNTdry TM183 RT 3 --SUBLIMAÇÃO EM ROLO,,37,15/11/2026,3,0,GASPAR,AVENIDA DEPUTADO FRANCISCO MASTELLA,3955,SETE DE SETEMBRO,,5,13/08/2026,25/10/2026,,1,,,2641,0,,0,00.577.158/0001-29,,,999,10 LCM,0,OP PRODUÇÃO,0,T121,TOP POLO MC C/ PEITILHO SIMPLES SEM BOTÃO ROTATIVO,C,9 SEMANAS,0097,GERAL,PRD,PRD - FASE PRODUTO,,,Lib Corte C/ Move testado,,00/01/1900,00/01/1900,085,SEM LICENSA C&A,CONFECCOES ONEDA LTDA,01.18.00.7832,TOP CURTO POLIESTER/ 2026-1-15452,D7,MALOTES,N,CEI,CEI - FEIRA SUMMER II 2026 (PROD AS BS) INCLUSÃO,000521,OFF WHITE,16,19,801,0,0,0,0,11/09/2026,18/09/2026,D3,MALOTES,83,FALTA MALOTE COSTURA,MALOTE,0,PC,PP SAMPL APROVADA,C&A MODAS S.A.,107372,107372,61702,5461,15/11/2026,2646,11 - SEM 46 - 2026,(47) 3332-5004,0,,,30,C&A MODAS,25/10/2026,53,-5,12,801,,,0,0,100,0,0,2646,86,T59C - TEEN,19,CABIDE-DORSAL,N,N,SSNN
078023,1,834,,0,11 - SEM 45 - 2026,07/08,0,,B32,0,0,T00,TOP CURTO (TOP),"Rot LANCASTER - 22627-5 -------2 cores PIG R$ 20, processo completo",,"14,9",29/11/2026,0,0,GASPAR,AVENIDA DEPUTADO FRANCISCO MASTELLA,3955,SETE DE SETEMBRO,,5,25/08/2026,29/11/2026,,1,,,2642,0,,0,00.577.158/0001-29,,,999,9 lcc,0,OP PRODUÇÃO,0,0,CLASSIFICAR MODELO/FAMILIA,,,0097,GERAL,PRD,PRD - FASE PRODUTO,,,Lib corte,,00/01/1900,00/01/1900,149,SEM LICENÇA HERING,CONFECCOES ONEDA LTDA,13.14.00.0624C,TOP CURTO,D7,MALOTES,N,HXO,HXO - COLEÇÂO OUTONO 2027 - HERING,2C,2C,1,10,287,0,0,0,0,14/09/2026,21/09/2026,D3,MALOTES,83,,MALOTE,0,PC,LIBERADO PARA PRODUÇÂO,CIA. HERING,4507406971,4507406971,62015,5729,29/11/2026,2648,11 - SEM 48 - 2026,(47) 3332-5004,0,,,103,GRUPO SOMA,29/11/2026,67,-2,9,287,,,0,0,100,0,0,2645,H03,T52 - HERING BB0,5,CAIXA - LR,N,N,SSNN
078023,1,834,,0,11 - SEM 45 - 2026,07/08,0,,B32,0,0,T00,TOP CURTO (TOP),"Rot LANCASTER - 22627-5 -------2 cores PIG R$ 20, processo completo",,"14,9",29/11/2026,0,0,GASPAR,AVENIDA DEPUTADO FRANCISCO MASTELLA,3955,SETE DE SETEMBRO,,5,25/08/2026,29/11/2026,,1,,,2642,0,,0,00.577.158/0001-29,,,999,9 lcc,0,OP PRODUÇÃO,0,0,CLASSIFICAR MODELO/FAMILIA,,,0097,GERAL,PRD,PRD - FASE PRODUTO,,,Lib corte,,00/01/1900,00/01/1900,149,SEM LICENÇA HERING,CONFECCOES ONEDA LTDA,13.14.00.0624C,TOP CURTO,D7,MALOTES,N,HXO,HXO - COLEÇÂO OUTONO 2027 - HERING,2C,2C,2,11,341,0,0,0,0,14/09/2026,21/09/2026,D3,MALOTES,83,,MALOTE,0,PC,LIBERADO PARA PRODUÇÂO,CIA. HERING,4507406971,4507406971,62015,5729,29/11/2026,2648,11 - SEM 48 - 2026,(47) 3332-5004,0,,,103,GRUPO SOMA,29/11/2026,67,-2,9,341,,,0,0,100,0,0,2645,H03,T52 - HERING BB0,5,CAIXA - LR,N,N,SSNN
078023,1,834,,0,11 - SEM 45 - 2026,07/08,0,,B32,0,0,T00,TOP CURTO (TOP),"Rot LANCASTER - 22627-5 -------2 cores PIG R$ 20, processo completo",,"14,9",29/11/2026,0,0,GASPAR,AVENIDA DEPUTADO FRANCISCO MASTELLA,3955,SETE DE SETEMBRO,,5,25/08/2026,29/11/2026,,1,,,2642,0,,0,00.577.158/0001-29,,,999,9 lcc,0,OP PRODUÇÃO,0,0,CLASSIFICAR MODELO/FAMILIA,,,0097,GERAL,PRD,PRD - FASE PRODUTO,,,Lib corte,,00/01/1900,00/01/1900,149,SEM LICENÇA HERING,CONFECCOES ONEDA LTDA,13.14.00.0624C,TOP CURTO,D7,MALOTES,N,HXO,HXO - COLEÇÂO OUTONO 2027 - HERING,2C,2C,3,12,465,0,0,0,0,14/09/2026,21/09/2026,D3,MALOTES,83,,MALOTE,0,PC,LIBERADO PARA PRODUÇÂO,CIA. HERING,4507406971,4507406971,62015,5729,29/11/2026,2648,11 - SEM 48 - 2026,(47) 3332-5004,0,,,103,GRUPO SOMA,29/11/2026,67,-2,9,465,,,0,0,100,0,0,2645,H03,T52 - HERING BB0,5,CAIXA - LR,N,N,SSNN
078023,1,834,,0,11 - SEM 45 - 2026,07/08,0,,B32,0,0,T00,TOP CURTO (TOP),"Rot LANCASTER - 22627-5 -------2 cores PIG R$ 20, processo completo",,"14,9",29/11/2026,0,0,GASPAR,AVENIDA DEPUTADO FRANCISCO MASTELLA,3955,SETE DE SETEMBRO,,5,25/08/2026,29/11/2026,,1,,,2642,0,,0,00.577.158/0001-29,,,999,9 lcc,0,OP PRODUÇÃO,0,0,CLASSIFICAR MODELO/FAMILIA,,,0097,GERAL,PRD,PRD - FASE PRODUTO,,,Lib corte,,00/01/1900,00/01/1900,149,SEM LICENÇA HERING,CONFECCOES ONEDA LTDA,13.14.00.0624C,TOP CURTO,D7,MALOTES,N,HXO,HXO - COLEÇÂO OUTONO 2027 - HERING,2C,2C,4,13,308,0,0,0,0,14/09/2026,21/09/2026,D3,MALOTES,83,,MALOTE,0,PC,LIBERADO PARA PRODUÇÂO,CIA. HERING,4507406971,4507406971,62015,5729,29/11/2026,2648,11 - SEM 48 - 2026,(47) 3332-5004,0,,,103,GRUPO SOMA,29/11/2026,67,-2,9,308,,,0,0,100,0,0,2645,H03,T52 - HERING BB0,5,CAIXA - LR,N,N,SSNN
078035,1,834,,0,11 - SEM 46 - 2026,28/08,0,,B35,0,0,T23,TOP REGATA POLIÉSTER (TOP),,,23,13/12/2026,2,0,GASPAR,AVENIDA DEPUTADO FRANCISCO MASTELLA,3955,SETE DE SETEMBRO,,5,26/08/2026,15/11/2026,,1,,,2642,0,,0,00.577.158/0001-29,,,999,9 lcc,0,OP PRODUÇÃO,0,0,CLASSIFICAR MODELO/FAMILIA,,,0097,GERAL,PRD,PRD - FASE PRODUTO,,,Lib corte,,00/01/1900,00/01/1900,087,DISNEY RENNER,CONFECCOES ONEDA LTDA,02.14.01.0326,TOP REGATA POLIESTER / LCO_SS27_CMC_0007,D7,MALOTES,N,RR6,RR6 - RENNER VERÃO 27,ON1059,AMPARO BLUE 100% PES,2,11,1726,0,0,0,0,23/09/2026,30/09/2026,D3,MALOTES,83,,MALOTE,0,PC,LIBERADO PARA PRODUÇÂO,LOJAS RENNER S.A.,6153036,6153036,61914,4707,13/12/2026,2650,12 - SEM 50 - 2026,(47) 3332-5004,0,,,104,RENNER,15/11/2026,81,7,0,1726,,,0,0,0,0,0,2646,R8,LICENSE MENINO RENNER,17,CABIDE,N,N,SSNN
078035,1,834,,0,11 - SEM 46 - 2026,28/08,0,,B35,0,0,T23,TOP REGATA POLIÉSTER (TOP),,,23,13/12/2026,2,0,GASPAR,AVENIDA DEPUTADO FRANCISCO MASTELLA,3955,SETE DE SETEMBRO,,5,26/08/2026,15/11/2026,,1,,,2642,0,,0,00.577.158/0001-29,,,999,9 lcc,0,OP PRODUÇÃO,0,0,CLASSIFICAR MODELO/FAMILIA,,,0097,GERAL,PRD,PRD - FASE PRODUTO,,,Lib corte,,00/01/1900,00/01/1900,087,DISNEY RENNER,CONFECCOES ONEDA LTDA,02.14.01.0326,TOP REGATA POLIESTER / LCO_SS27_CMC_0007,D7,MALOTES,N,RR6,RR6 - RENNER VERÃO 27,ON1059,AMPARO BLUE 100% PES,3,12,1934,0,0,0,0,23/09/2026,30/09/2026,D3,MALOTES,83,,MALOTE,0,PC,LIBERADO PARA PRODUÇÂO,LOJAS RENNER S.A.,6153036,6153036,61914,4707,13/12/2026,2650,12 - SEM 50 - 2026,(47) 3332-5004,0,,,104,RENNER,15/11/2026,81,7,0,1934,,,0,0,0,0,0,2646,R8,LICENSE MENINO RENNER,17,CABIDE,N,N,SSNN
078035,1,834,,0,11 - SEM 46 - 2026,28/08,0,,B35,0,0,T23,TOP REGATA POLIÉSTER (TOP),,,23,13/12/2026,2,0,GASPAR,AVENIDA DEPUTADO FRANCISCO MASTELLA,3955,SETE DE SETEMBRO,,5,26/08/2026,15/11/2026,,1,,,2642,0,,0,00.577.158/0001-29,,,999,9 lcc,0,OP PRODUÇÃO,0,0,CLASSIFICAR MODELO/FAMILIA,,,0097,GERAL,PRD,PRD - FASE PRODUTO,,,Lib corte,,00/01/1900,00/01/1900,087,DISNEY RENNER,CONFECCOES ONEDA LTDA,02.14.01.0326,TOP REGATA POLIESTER / LCO_SS27_CMC_0007,D7,MALOTES,N,RR6,RR6 - RENNER VERÃO 27,ON1059,AMPARO BLUE 100% PES,4,13,1373,0,0,0,0,23/09/2026,30/09/2026,D3,MALOTES,83,,MALOTE,0,PC,LIBERADO PARA PRODUÇÂO,LOJAS RENNER S.A.,6153036,6153036,61914,4707,13/12/2026,2650,12 - SEM 50 - 2026,(47) 3332-5004,0,,,104,RENNER,15/11/2026,81,7,0,1373,,,0,0,0,0,0,2646,R8,LICENSE MENINO RENNER,17,CABIDE,N,N,SSNN
078035,1,834,,0,11 - SEM 46 - 2026,28/08,0,,B35,0,0,T23,TOP REGATA POLIÉSTER (TOP),,,23,13/12/2026,2,0,GASPAR,AVENIDA DEPUTADO FRANCISCO MASTELLA,3955,SETE DE SETEMBRO,,5,26/08/2026,15/11/2026,,1,,,2642,0,,0,00.577.158/0001-29,,,999,9 lcc,0,OP PRODUÇÃO,0,0,CLASSIFICAR MODELO/FAMILIA,,,0097,GERAL,PRD,PRD - FASE PRODUTO,,,Lib corte,,00/01/1900,00/01/1900,087,DISNEY RENNER,CONFECCOES ONEDA LTDA,02.14.01.0326,TOP REGATA POLIESTER / LCO_SS27_CMC_0007,D7,MALOTES,N,RR6,RR6 - RENNER VERÃO 27,ON1059,AMPARO BLUE 100% PES,5-6,52,1206,0,0,0,0,23/09/2026,30/09/2026,D3,MALOTES,83,,MALOTE,0,PC,LIBERADO PARA PRODUÇÂO,LOJAS RENNER S.A.,6153036,6153036,61914,4707,13/12/2026,2650,12 - SEM 50 - 2026,(47) 3332-5004,0,,,104,RENNER,15/11/2026,81,7,0,1206,,,0,0,0,0,0,2646,R8,LICENSE MENINO RENNER,17,CABIDE,N,N,SSNN
077883,0,834,,0,11 - SEM 45 - 2026,14/08,0,,B35,0,0,T22,TOP CURTO POLIÉSTER (TOP),GIRAPRINT 0118070688 VR1 TCOND-DRY TM180 RT 2,est. fre e cost - 3 cores cada,37,08/11/2026,3,0,GASPAR,AVENIDA DEPUTADO FRANCISCO MASTELLA,3955,SETE DE SETEMBRO,,0,11/09/2026,6/11/2026,,1,,,2645,0,,0,00.577.158/0001-29,,,999,7 L C,0,OP PRODUÇÃO,0,0,CLASSIFICAR MODELO/FAMILIA,,,0097,GERAL,PRD,PRD - FASE PRODUTO,,,Lib Corte/ EM TEST MODELAGEM,,00/01/1900,00/01/1900,036,WARNER C&A,CONFECCOES ONEDA LTDA,01.18.07.0688,TOP CURTO POLIESTER - 2026-2-10871,D7,MALOTES,N,CEIN,CEIN - FEIRA SUMMER II 2026 (PROD AS BS) INCLUSÃO NEGOCIADO,08A,VINHO,10,16,367,0,0,0,0,11/09/2026,11/09/2026,D3,MALOTES,88,,COMBINACAO MALOTE,0,PC,AGUAR. APROV. LIC./ PP SAMPLE,C&A MODAS S.A.,107371,107371,61715,5461,08/11/2026,2645,11 - SEM 45 - 2026,(47) 3332-5004,0,,,30,C&A MODAS,30/10/2026,46,-12,12,367,,,0,0,0,0,0,2645,86,T59C - TEEN,19,CABIDE-DORSAL,N,N,SSNN
077883,0,834,,0,11 - SEM 45 - 2026,14/08,0,,B35,0,0,T22,TOP CURTO POLIÉSTER (TOP),GIRAPRINT 0118070688 VR1 TCOND-DRY TM180 RT 2,est. fre e cost - 3 cores cada,37,08/11/2026,3,0,GASPAR,AVENIDA DEPUTADO FRANCISCO MASTELLA,3955,SETE DE SETEMBRO,,0,11/09/2026,6/11/2026,,1,,,2645,0,,0,00.577.158/0001-29,,,999,7 L C,0,OP PRODUÇÃO,0,0,CLASSIFICAR MODELO/FAMILIA,,,0097,GERAL,PRD,PRD - FASE PRODUTO,,,Lib Corte/ EM TEST MODELAGEM,,00/01/1900,00/01/1900,036,WARNER C&A,CONFECCOES ONEDA LTDA,01.18.07.0688,TOP CURTO POLIESTER - 2026-2-10871,D7,MALOTES,N,CEIN,CEIN - FEIRA SUMMER II 2026 (PROD AS BS) INCLUSÃO NEGOCIADO,08A,VINHO,12,17,1100,0,0,0,0,11/09/2026,11/09/2026,D3,MALOTES,88,,COMBINACAO MALOTE,0,PC,AGUAR. APROV. LIC./ PP SAMPLE,C&A MODAS S.A.,107371,107371,61715,5461,08/11/2026,2645,11 - SEM 45 - 2026,(47) 3332-5004,0,,,30,C&A MODAS,30/10/2026,46,-12,12,1100,,,0,0,0,0,0,2645,86,T59C - TEEN,19,CABIDE-DORSAL,N,N,SSNN
077883,0,834,,0,11 - SEM 45 - 2026,14/08,0,,B35,0,0,T22,TOP CURTO POLIÉSTER (TOP),GIRAPRINT 0118070688 VR1 TCOND-DRY TM180 RT 2,est. fre e cost - 3 cores cada,37,08/11/2026,3,0,GASPAR,AVENIDA DEPUTADO FRANCISCO MASTELLA,3955,SETE DE SETEMBRO,,0,11/09/2026,6/11/2026,,1,,,2645,0,,0,00.577.158/0001-29,,,999,7 L C,0,OP PRODUÇÃO,0,0,CLASSIFICAR MODELO/FAMILIA,,,0097,GERAL,PRD,PRD - FASE PRODUTO,,,Lib Corte/ EM TEST MODELAGEM,,00/01/1900,00/01/1900,036,WARNER C&A,CONFECCOES ONEDA LTDA,01.18.07.0688,TOP CURTO POLIESTER - 2026-2-10871,D7,MALOTES,N,CEIN,CEIN - FEIRA SUMMER II 2026 (PROD AS BS) INCLUSÃO NEGOCIADO,08A,VINHO,14,18,1100,0,0,0,0,11/09/2026,11/09/2026,D3,MALOTES,88,,COMBINACAO MALOTE,0,PC,AGUAR. APROV. LIC./ PP SAMPLE,C&A MODAS S.A.,107371,107371,61715,5461,08/11/2026,2645,11 - SEM 45 - 2026,(47) 3332-5004,0,,,30,C&A MODAS,30/10/2026,46,-12,12,1100,,,0,0,0,0,0,2645,86,T59C - TEEN,19,CABIDE-DORSAL,N,N,SSNN
077883,0,834,,0,11 - SEM 45 - 2026,14/08,0,,B35,0,0,T22,TOP CURTO POLIÉSTER (TOP),GIRAPRINT 0118070688 VR1 TCOND-DRY TM180 RT 2,est. fre e cost - 3 cores cada,37,08/11/2026,3,0,GASPAR,AVENIDA DEPUTADO FRANCISCO MASTELLA,3955,SETE DE SETEMBRO,,0,11/09/2026,6/11/2026,,1,,,2645,0,,0,00.577.158/0001-29,,,999,7 L C,0,OP PRODUÇÃO,0,0,CLASSIFICAR MODELO/FAMILIA,,,0097,GERAL,PRD,PRD - FASE PRODUTO,,,Lib Corte/ EM TEST MODELAGEM,,00/01/1900,00/01/1900,036,WARNER C&A,CONFECCOES ONEDA LTDA,01.18.07.0688,TOP CURTO POLIESTER - 2026-2-10871,D7,MALOTES,N,CEIN,CEIN - FEIRA SUMMER II 2026 (PROD AS BS) INCLUSÃO NEGOCIADO,08A,VINHO,16,19,733,0,0,0,0,11/09/2026,11/09/2026,D3,MALOTES,88,,COMBINACAO MALOTE,0,PC,AGUAR. APROV. LIC./ PP SAMPLE,C&A MODAS S.A.,107371,107371,61715,5461,08/11/2026,2645,11 - SEM 45 - 2026,(47) 3332-5004,0,,,30,C&A MODAS,30/10/2026,46,-12,12,733,,,0,0,0,0,0,2645,86,T59C - TEEN,19,CABIDE-DORSAL,N,N,SSNN
078141,0,834,,0,10 - SEM 43 - 2026,15/09,0,utilizar rib do estoque,B38,0,0,T00,TOP CURTO (TOP),,Frente: 1 cor / Costas: 1 cor,"19,95",08/11/2026,3,0,GASPAR,AVENIDA DEPUTADO FRANCISCO MASTELLA,3955,SETE DE SETEMBRO,,0,11/09/2026,25/10/2026,,1,,,2643,0,,0,00.577.158/0001-29,,,999,1 Ag F,0,OP PRODUÇÃO,0,0,CLASSIFICAR MODELO/FAMILIA,,,0097,GERAL,PRD,PRD - FASE PRODUTO,,,Agu retor Feira / pos fei,,00/01/1900,00/01/1900,085,SEM LICENSA C&A,CONFECCOES ONEDA LTDA,01.16.00.7930,TOP CURTO / 2026-2-12564,D7,MALOTES,N,CEY,CEY - FEIRA SUMMER II 2026 (PROD CS) INCLUSÃO,000521,OFF WHITE,4,13,195,0,0,0,0,11/09/2026,11/09/2026,D3,MALOTES,88,,COMBINACAO MALOTE,0,PC,LIBERADO PARA PRODUÇÂO,C&A MODAS S.A.,115666,115666,62060,5461,08/11/2026,2645,11 - SEM 45 - 2026,(47) 3332-5004,0,,,30,C&A MODAS,19/10/2026,46,-12,12,195,,,0,0,0,0,0,2643,84,T54C - KIDS O,19,CABIDE-DORSAL,N,N,SSNN
078141,0,834,,0,10 - SEM 43 - 2026,15/09,0,utilizar rib do estoque,B38,0,0,T00,TOP CURTO (TOP),,Frente: 1 cor / Costas: 1 cor,"19,95",08/11/2026,3,0,GASPAR,AVENIDA DEPUTADO FRANCISCO MASTELLA,3955,SETE DE SETEMBRO,,0,11/09/2026,10/25/2026,,1,,,2643,0,,0,00.577.158/0001-29,,,999,1 Ag F,0,OP PRODUÇÃO,0,0,CLASSIFICAR MODELO/FAMILIA,,,0097,GERAL,PRD,PRD - FASE PRODUTO,,,Agu retor Feira / pos fei,,00/01/1900,00/01/1900,085,SEM LICENSA C&A,CONFECCOES ONEDA LTDA,01.16.00.7930,TOP CURTO / 2026-2-12564,D7,MALOTES,N,CEY,CEY - FEIRA SUMMER II 2026 (PROD CS) INCLUSÃO,000521,OFF WHITE,6,14,389,0,0,0,0,11/09/2026,11/09/2026,D3,MALOTES,88,,COMBINACAO MALOTE,0,PC,LIBERADO PARA PRODUÇÂO,C&A MODAS S.A.,115666,115666,62060,5461,08/11/2026,2645,11 - SEM 45 - 2026,(47) 3332-5004,0,,,30,C&A MODAS,19/10/2026,46,-12,12,389,,,0,0,0,0,0,2643,84,T54C - KIDS O,19,CABIDE-DORSAL,N,N,SSNN
078141,0,834,,0,10 - SEM 43 - 2026,15/09,0,utilizar rib do estoque,B38,0,0,T00,TOP CURTO (TOP),,Frente: 1 cor / Costas: 1 cor,"19,95",08/11/2026,3,0,GASPAR,AVENIDA DEPUTADO FRANCISCO MASTELLA,3955,SETE DE SETEMBRO,,0,11/09/2026,10/25/2026,,1,,,2643,0,,0,00.577.158/0001-29,,,999,1 Ag F,0,OP PRODUÇÃO,0,0,CLASSIFICAR MODELO/FAMILIA,,,0097,GERAL,PRD,PRD - FASE PRODUTO,,,Agu retor Feira / pos fei,,00/01/1900,00/01/1900,085,SEM LICENSA C&A,CONFECCOES ONEDA LTDA,01.16.00.7930,TOP CURTO / 2026-2-12564,D7,MALOTES,N,CEY,CEY - FEIRA SUMMER II 2026 (PROD CS) INCLUSÃO,000521,OFF WHITE,8,15,389,0,0,0,0,11/09/2026,11/09/2026,D3,MALOTES,88,,COMBINACAO MALOTE,0,PC,LIBERADO PARA PRODUÇÂO,C&A MODAS S.A.,115666,115666,62060,5461,08/11/2026,2645,11 - SEM 45 - 2026,(47) 3332-5004,0,,,30,C&A MODAS,19/10/2026,46,-12,12,389,,,0,0,0,0,0,2643,84,T54C - KIDS O,19,CABIDE-DORSAL,N,N,SSNN
078141,0,834,,0,10 - SEM 43 - 2026,15/09,0,utilizar rib do estoque,B38,0,0,T00,TOP CURTO (TOP),,Frente: 1 cor / Costas: 1 cor,"19,95",08/11/2026,3,0,GASPAR,AVENIDA DEPUTADO FRANCISCO MASTELLA,3955,SETE DE SETEMBRO,,0,11/09/2026,10/25/2026,,1,,,2643,0,,0,00.577.158/0001-29,,,999,1 Ag F,0,OP PRODUÇÃO,0,0,CLASSIFICAR MODELO/FAMILIA,,,0097,GERAL,PRD,PRD - FASE PRODUTO,,,Agu retor Feira / pos fei,,00/01/1900,00/01/1900,085,SEM LICENSA C&A,CONFECCOES ONEDA LTDA,01.16.00.7930,TOP CURTO / 2026-2-12564,D7,MALOTES,N,CEY,CEY - FEIRA SUMMER II 2026 (PROD CS) INCLUSÃO,000521,OFF WHITE,10,16,389,0,0,0,0,11/09/2026,11/09/2026,D3,MALOTES,88,,COMBINACAO MALOTE,0,PC,LIBERADO PARA PRODUÇÂO,C&A MODAS S.A.,115666,115666,62060,5461,08/11/2026,2645,11 - SEM 45 - 2026,(47) 3332-5004,0,,,30,C&A MODAS,19/10/2026,46,-12,12,389,,,0,0,0,0,0,2643,84,T54C - KIDS O,19,CABIDE-DORSAL,N,N,SSNN
078141,0,834,,0,10 - SEM 43 - 2026,15/09,0,utilizar rib do estoque,B38,0,0,T00,TOP CURTO (TOP),,Frente: 1 cor / Costas: 1 cor,"19,95",08/11/2026,3,0,GASPAR,AVENIDA DEPUTADO FRANCISCO MASTELLA,3955,SETE DE SETEMBRO,,0,11/09/2026,10/25/2026,,1,,,2643,0,,0,00.577.158/0001-29,,,999,1 Ag F,0,OP PRODUÇÃO,0,0,CLASSIFICAR MODELO/FAMILIA,,,0097,GERAL,PRD,PRD - FASE PRODUTO,,,Agu retor Feira / pos fei,,00/01/1900,00/01/1900,085,SEM LICENSA C&A,CONFECCOES ONEDA LTDA,01.16.00.7930,TOP CURTO / 2026-2-12564,D7,MALOTES,N,CEY,CEY - FEIRA SUMMER II 2026 (PROD CS) INCLUSÃO,000521,OFF WHITE,12,17,389,0,0,0,0,11/09/2026,11/09/2026,D3,MALOTES,88,,COMBINACAO MALOTE,0,PC,LIBERADO PARA PRODUÇÂO,C&A MODAS S.A.,115666,115666,62060,5461,08/11/2026,2645,11 - SEM 45 - 2026,(47) 3332-5004,0,,,30,C&A MODAS,19/10/2026,46,-12,12,389,,,0,0,0,0,0,2643,84,T54C - KIDS O,19,CABIDE-DORSAL,N,N,SSNN
078242,0,834,,0,10 - SEM 42 - 2026,,0,,,0,0,T26,BLAZER FEMININO (TOP),,,37,18/10/2026,0,0,GASPAR,AVENIDA DEPUTADO FRANCISCO MASTELLA,3955,SETE DE SETEMBRO,,0,22/09/2026,10/18/2026,,1,,,2642,0,,0,00.577.158/0001-29,,,999,1 Ag F,0,OP PRODUÇÃO,0,0,CLASSIFICAR MODELO/FAMILIA,,,0097,GERAL,PRD,PRD - FASE PRODUTO,,,Agu retor Feira / pos fei,,00/01/1900,00/01/1900,207,SANTA MARCA,CONFECCOES ONEDA LTDA,21.19.00.0001,BLAZER FEMININO,D7,MALOTES,N,SM1,SANTA MARCA - VERÃO 1 CRIATIFF,000238,DOURADO,P,21,128,0,0,0,0,22/09/2026,22/09/2026,D3,MALOTES,88,,COMBINACAO MALOTE,0,PC,PENDENTE DESENVOLVIMENTO,C-MAX CLOTHES AND HAPPINESS CONFECCOES LTDA.,,,61919,7504,18/10/2026,2642,10 - SEM 42 - 2026,(47) 3332-5004,0,,,109,SANTAMARCA,12/10/2026,25,-1,1,128,,,0,0,0,0,0,2642,62,ADULTO,12,FEMININO,N,N,SSNN
078242,0,834,,0,10 - SEM 42 - 2026,,0,,,0,0,T26,BLAZER FEMININO (TOP),,,37,18/10/2026,0,0,GASPAR,AVENIDA DEPUTADO FRANCISCO MASTELLA,3955,SETE DE SETEMBRO,,0,22/09/2026,18/10/2026,,1,,,2642,0,,0,00.577.158/0001-29,,,999,1 Ag F,0,OP PRODUÇÃO,0,0,CLASSIFICAR MODELO/FAMILIA,,,0097,GERAL,PRD,PRD - FASE PRODUTO,,,Agu retor Feira / pos fei,,00/01/1900,00/01/1900,207,SANTA MARCA,CONFECCOES ONEDA LTDA,21.19.00.0001,BLAZER FEMININO,D7,MALOTES,N,SM1,SANTA MARCA - VERÃO 1 CRIATIFF,000238,DOURADO,M,22,194,0,0,0,0,22/09/2026,22/09/2026,D3,MALOTES,88,,COMBINACAO MALOTE,0,PC,PENDENTE DESENVOLVIMENTO,C-MAX CLOTHES AND HAPPINESS CONFECCOES LTDA.,,,61919,7504,18/10/2026,2642,10 - SEM 42 - 2026,(47) 3332-5004,0,,,109,SANTAMARCA,12/10/2026,25,-1,1,194,,,0,0,0,0,0,2642,62,ADULTO,12,FEMININO,N,N,SSNN
078242,0,834,,0,10 - SEM 42 - 2026,,0,,,0,0,T26,BLAZER FEMININO (TOP),,,37,18/10/2026,0,0,GASPAR,AVENIDA DEPUTADO FRANCISCO MASTELLA,3955,SETE DE SETEMBRO,,0,22/09/2026,18/10/2026,,1,,,2642,0,,0,00.577.158/0001-29,,,999,1 Ag F,0,OP PRODUÇÃO,0,0,CLASSIFICAR MODELO/FAMILIA,,,0097,GERAL,PRD,PRD - FASE PRODUTO,,,Agu retor Feira / pos fei,,00/01/1900,00/01/1900,207,SANTA MARCA,CONFECCOES ONEDA LTDA,21.19.00.0001,BLAZER FEMININO,D7,MALOTES,N,SM1,SANTA MARCA - VERÃO 1 CRIATIFF,000238,DOURADO,G,23,128,0,0,0,0,22/09/2026,22/09/2026,D3,MALOTES,88,,COMBINACAO MALOTE,0,PC,PENDENTE DESENVOLVIMENTO,C-MAX CLOTHES AND HAPPINESS CONFECCOES LTDA.,,,61919,7504,18/10/2026,2642,10 - SEM 42 - 2026,(47) 3332-5004,0,,,109,SANTAMARCA,12/10/2026,25,-1,1,128,,,0,0,0,0,0,2642,62,ADULTO,12,FEMININO,N,N,SSNN
078242,0,834,,0,10 - SEM 42 - 2026,,0,,,0,0,T26,BLAZER FEMININO (TOP),,,37,18/10/2026,0,0,GASPAR,AVENIDA DEPUTADO FRANCISCO MASTELLA,3955,SETE DE SETEMBRO,,0,22/09/2026,18/10/2026,,1,,,2642,0,,0,00.577.158/0001-29,,,999,1 Ag F,0,OP PRODUÇÃO,0,0,CLASSIFICAR MODELO/FAMILIA,,,0097,GERAL,PRD,PRD - FASE PRODUTO,,,Agu retor Feira / pos fei,,00/01/1900,00/01/1900,207,SANTA MARCA,CONFECCOES ONEDA LTDA,21.19.00.0001,BLAZER FEMININO,D7,MALOTES,N,SM1,SANTA MARCA - VERÃO 1 CRIATIFF,000238,DOURADO,GG,24,64,0,0,0,0,22/09/2026,22/09/2026,D3,MALOTES,88,,COMBINACAO MALOTE,0,PC,PENDENTE DESENVOLVIMENTO,C-MAX CLOTHES AND HAPPINESS CONFECCOES LTDA.,,,61919,7504,18/10/2026,2642,10 - SEM 42 - 2026,(47) 3332-5004,0,,,109,SANTAMARCA,12/10/2026,25,-1,1,64,,,0,0,0,0,0,2642,62,ADULTO,12,FEMININO,N,N,SSNN
078247,0,834,,0,10 - SEM 42 - 2026,,0,,,0,0,T02,TOP LONGO (TOP),,,30,18/10/2026,0,0,GASPAR,AVENIDA DEPUTADO FRANCISCO MASTELLA,3955,SETE DE SETEMBRO,,0,22/09/2026,18/10/2026,,1,,,2642,0,,0,00.577.158/0001-29,,,999,1 Ag F,0,OP PRODUÇÃO,0,0,CLASSIFICAR MODELO/FAMILIA,,,0097,GERAL,PRD,PRD - FASE PRODUTO,,,Agu retor Feira / pos fei,,00/01/1900,00/01/1900,207,SANTA MARCA,CONFECCOES ONEDA LTDA,21.19.00.0002,TOP LONGO,D7,MALOTES,N,SM1,SANTA MARCA - VERÃO 1 CRIATIFF,000238,DOURADO,P,21,174,0,0,0,0,22/09/2026,22/09/2026,D3,MALOTES,88,,COMBINACAO MALOTE,0,PC,PENDENTE DESENVOLVIMENTO,C-MAX CLOTHES AND HAPPINESS CONFECCOES LTDA.,,,61920,7504,18/10/2026,2642,10 - SEM 42 - 2026,(47) 3332-5004,0,,,109,SANTAMARCA,12/10/2026,25,-1,1,174,,,0,0,0,0,0,2642,62,ADULTO,12,FEMININO,N,N,SSNN
078247,0,834,,0,10 - SEM 42 - 2026,,0,,,0,0,T02,TOP LONGO (TOP),,,30,18/10/2026,0,0,GASPAR,AVENIDA DEPUTADO FRANCISCO MASTELLA,3955,SETE DE SETEMBRO,,0,22/09/2026,18/10/2026,,1,,,2642,0,,0,00.577.158/0001-29,,,999,1 Ag F,0,OP PRODUÇÃO,0,0,CLASSIFICAR MODELO/FAMILIA,,,0097,GERAL,PRD,PRD - FASE PRODUTO,,,Agu retor Feira / pos fei,,00/01/1900,00/01/1900,207,SANTA MARCA,CONFECCOES ONEDA LTDA,21.19.00.0002,TOP LONGO,D7,MALOTES,N,SM1,SANTA MARCA - VERÃO 1 CRIATIFF,000238,DOURADO,M,22,348,0,0,0,0,22/09/2026,22/09/2026,D3,MALOTES,88,,COMBINACAO MALOTE,0,PC,PENDENTE DESENVOLVIMENTO,C-MAX CLOTHES AND HAPPINESS CONFECCOES LTDA.,,,61920,7504,18/10/2026,2642,10 - SEM 42 - 2026,(47) 3332-5004,0,,,109,SANTAMARCA,12/10/2026,25,-1,1,348,,,0,0,0,0,0,2642,62,ADULTO,12,FEMININO,N,N,SSNN
078247,0,834,,0,10 - SEM 42 - 2026,,0,,,0,0,T02,TOP LONGO (TOP),,,30,18/10/2026,0,0,GASPAR,AVENIDA DEPUTADO FRANCISCO MASTELLA,3955,SETE DE SETEMBRO,,0,22/09/2026,18/10/2026,,1,,,2642,0,,0,00.577.158/0001-29,,,999,1 Ag F,0,OP PRODUÇÃO,0,0,CLASSIFICAR MODELO/FAMILIA,,,0097,GERAL,PRD,PRD - FASE PRODUTO,,,Agu retor Feira / pos fei,,00/01/1900,00/01/1900,207,SANTA MARCA,CONFECCOES ONEDA LTDA,21.19.00.0002,TOP LONGO,D7,MALOTES,N,SM1,SANTA MARCA - VERÃO 1 CRIATIFF,000238,DOURADO,G,23,232,0,0,0,0,22/09/2026,22/09/2026,D3,MALOTES,88,,COMBINACAO MALOTE,0,PC,PENDENTE DESENVOLVIMENTO,C-MAX CLOTHES AND HAPPINESS CONFECCOES LTDA.,,,61920,7504,18/10/2026,2642,10 - SEM 42 - 2026,(47) 3332-5004,0,,,109,SANTAMARCA,12/10/2026,25,-1,1,232,,,0,0,0,0,0,2642,62,ADULTO,12,FEMININO,N,N,SSNN
078247,0,834,,0,10 - SEM 42 - 2026,,0,,,0,0,T02,TOP LONGO (TOP),,,30,18/10/2026,0,0,GASPAR,AVENIDA DEPUTADO FRANCISCO MASTELLA,3955,SETE DE SETEMBRO,,0,22/09/2026,18/10/2026,,1,,,2642,0,,0,00.577.158/0001-29,,,999,1 Ag F,0,OP PRODUÇÃO,0,0,CLASSIFICAR MODELO/FAMILIA,,,0097,GERAL,PRD,PRD - FASE PRODUTO,,,Agu retor Feira / pos fei,,00/01/1900,00/01/1900,207,SANTA MARCA,CONFECCOES ONEDA LTDA,21.19.00.0002,TOP LONGO,D7,MALOTES,N,SM1,SANTA MARCA - VERÃO 1 CRIATIFF,000238,DOURADO,GG,24,174,0,0,0,0,22/09/2026,22/09/2026,D3,MALOTES,88,,COMBINACAO MALOTE,0,PC,PENDENTE DESENVOLVIMENTO,C-MAX CLOTHES AND HAPPINESS CONFECCOES LTDA.,,,61920,7504,18/10/2026,2642,10 - SEM 42 - 2026,(47) 3332-5004,0,,,109,SANTAMARCA,12/10/2026,25,-1,1,174,,,0,0,0,0,0,2642,62,ADULTO,12,FEMININO,N,N,SSNN