Número,Mov,Facção,Transporte,Nome Transp,Unitário,Desc Período OP,Ord Setor,Ficha,Local Produto,Tipo OP,Desc Tipo OP,Fac Operadores,Família,Desc Família,Grupo Família,Desc Grupo Família,Grupo Fac,Desc Grupo Fac,Grupo Setor,Desc Grupo Setor,Pedidos Prog,Nota Remessa,Descrição do Local,Retorno das Peças,Dt Limite,Dt Entrega,Marca,Desc Marca,Descrição Facção,Código,Produto Descrição,Parte,Desc Parte,Estoque,Etiqueta,Desc Etiqueta,Cor,Desc Cor,Tamanho,Ord Tam,Qtde Original,Qtde,Qtde Segunda,Qtde Incompleta,Qtde Faltante,Data Saída,Data Retorno,Fluxo,Desc Fluxo,Setor,Obs,Desc Setor,Tabela Preço,UN,Produto Status,Cliente Ped,Ped Cliente,RIS,Pedido,Pedido Codcli,Dt Fatura Ped,Ped Período,Ped Desc Período,Cliente Telefone,Cliente Consumos,Observação OF2,Dt Prevista,Grupo Cli,Desc Grupo Cli,Dt Prev Mov,Dias Fatura,Dias Retorno,Dias Parado,Qtde Pend,Preço Custo,Preço,Tempo,Tempo Total,Perc,Tab Cli Preço,Preço Padrão,Período OP,Coleção,Desc Coleção,Linha,Desc Linha,Soma Peças,Reprocesso,Opções,Produto Custo,Observação,Descrição2,Peso Talhado,Índice,Grupo Prod,Desc Grupo Prod,Comp1,Comp2,Preço Produto,Entrega,Qtde Estampa,Preço Inv,Cidade,Endereço,Número End,Bairro,Fantasia,Dias,Dt Inicio,Dt Final,Tab Observação,Posse,Setor Reprocesso,Desc Reprocesso,Prog Setor,Dias Semana,Codigo2,Preço OP,Cliente Cnpj,Local
076521,0,834,,,0,AMOSTRA,0,10/07,1 Ag F,0,OP PRODUÇÃO,0,000,CLASSIFICAR MODELO/FAMILIA,,,0097,GERAL,PRD,PRD - FASE PRODUTO,,,Agu retor Feira / pos fei,,00/01/1900,23/06/2021,149,SEM LICENÇA HERING,CONFECCOES ONEDA LTDA,13.16.00.0609,CALÇA / HKM183,CO,COR,N,HXI,HXI - HERING INVERNO 27,50,A DEFINIR,6,14,4,0,0,0,0,04/05/2026,5/4/2026,D41,FLUXO DE PENDENCIA DE COR,D01,,PENDENTE COR NOVA,0,PC,PENDENTE DESENVOLVIMENTO,,,,,,00/01/1900,,,(47) 3332-5004,0,,,,,,0,-134,134,4,,,0,0,0,0,0,A,H01,T54 - HERING KIDS O,05,CAIXA - LR,N,N,SSNN,0,,B28,0,0,B01,CALÇA (BOTTON),,,0,00/01/1900,0,0,GASPAR,AVENIDA DEPUTADO FRANCISCO MASTELLA,3955,SETE DE SETEMBRO,,0,04/05/2026,6/4/2026,,1,,,,0,,0,00.577.158/0001-29,
076661,0,834,,,0,AMOSTRA,0,19/06,1 Ag F,0,OP PRODUÇÃO,0,000,CLASSIFICAR MODELO/FAMILIA,,,0097,GERAL,PRD,PRD - FASE PRODUTO,,,Agu retor Feira / pos fei,,00/01/1900,23/06/2021,139,CENTAURO,CONFECCOES ONEDA LTDA,05.20.00.0152,TOP CURTO / IV27VGM008,CO,COR,N,58F,58F - AW27 CENTAURO - INVERNO 27 - FUTEBOL,50,A DEFINIR,M,22,4,0,0,0,0,13/05/2026,5/13/2026,D41,FLUXO DE PENDENCIA DE COR,D01,,PENDENTE COR NOVA,0,PC,PENDENTE DESENVOLVIMENTO,,,,,,00/01/1900,,,(47) 3332-5004,0,,,,,,0,-125,125,4,,,0,0,0,0,0,A,51,CENTAURO,11,MASCULINO,N,N,SSNN,0,,B25,0,0,T00,TOP CURTO (TOP),"cust. altenativ patch TPU R$ 3,50","GS39252.DST R$:1,70 COM PROTEÇÃO",0,00/01/1900,1,0,GASPAR,AVENIDA DEPUTADO FRANCISCO MASTELLA,3955,SETE DE SETEMBRO,,0,13/05/2026,6/13/2026,,1,,,,0,,0,00.577.158/0001-29,
076662,0,834,,,0,AMOSTRA,0,19/06,1 Ag F,0,OP PRODUÇÃO,0,000,CLASSIFICAR MODELO/FAMILIA,,,0097,GERAL,PRD,PRD - FASE PRODUTO,,,Agu retor Feira / pos fei,,00/01/1900,23/06/2021,139,CENTAURO,CONFECCOES ONEDA LTDA,05.20.00.0153,TOP CURTO,CO,COR,N,58F,58F - AW27 CENTAURO - INVERNO 27 - FUTEBOL,50,A DEFINIR,M,22,4,0,0,0,0,13/05/2026,5/13/2026,D41,FLUXO DE PENDENCIA DE COR,D01,,PENDENTE COR NOVA,0,PC,PENDENTE DESENVOLVIMENTO,,,,,,00/01/1900,,,(47) 3332-5004,0,,,,,,0,-125,125,4,,,0,0,0,0,0,A,51,CENTAURO,11,MASCULINO,N,N,SSNN,0,,B25,0,0,T00,TOP CURTO (TOP),,,0,00/01/1900,2,0,GASPAR,AVENIDA DEPUTADO FRANCISCO MASTELLA,3955,SETE DE SETEMBRO,,0,13/05/2026,6/13/2026,,1,,,,0,,0,00.577.158/0001-29,
076667,0,834,,,0,AMOSTRA,0,19/06,1 Ag F,0,OP PRODUÇÃO,0,000,CLASSIFICAR MODELO/FAMILIA,,,0097,GERAL,PRD,PRD - FASE PRODUTO,,,Agu retor Feira / pos fei,,00/01/1900,23/06/2021,139,CENTAURO,CONFECCOES ONEDA LTDA,05.19.00.0135D,TOP CURTO,CO,COR,N,58A,58A - AW27 CENTAURO - INVERNO 27 - ASICS,50,A DEFINIR,M,22,4,0,0,0,0,13/05/2026,5/13/2026,D41,FLUXO DE PENDENCIA DE COR,D01,,PENDENTE COR NOVA,0,PC,PENDENTE DESENVOLVIMENTO,,,,,,00/01/1900,,,(47) 3332-5004,0,,,,,,0,-125,125,4,,,0,0,0,0,0,A,51,CENTAURO,12,FEMININO,N,N,SSNN,0,,B25,0,0,T00,TOP CURTO (TOP),,"Frente R$:1,65 / Manga R$:1,65",0,00/01/1900,1,0,GASPAR,AVENIDA DEPUTADO FRANCISCO MASTELLA,3955,SETE DE SETEMBRO,,0,13/05/2026,6/13/2026,,1,,,,0,,0,00.577.158/0001-29,
076669,0,834,,,0,AMOSTRA,0,19/06,1 Ag F,0,OP PRODUÇÃO,0,000,CLASSIFICAR MODELO/FAMILIA,,,0097,GERAL,PRD,PRD - FASE PRODUTO,,,Agu retor Feira / pos fei,,00/01/1900,23/06/2021,139,CENTAURO,CONFECCOES ONEDA LTDA,05.19.00.0136G,TOP CURTO,CO,COR,N,58A,58A - AW27 CENTAURO - INVERNO 27 - ASICS,50,A DEFINIR,M,22,4,0,0,0,0,13/05/2026,5/13/2026,D41,FLUXO DE PENDENCIA DE COR,D01,,PENDENTE COR NOVA,0,PC,PENDENTE DESENVOLVIMENTO,,,,,,00/01/1900,,,(47) 3332-5004,0,,,,,,0,-125,125,4,,,0,0,0,0,0,A,51,CENTAURO,12,FEMININO,N,N,SSNN,0,,B25,0,0,T00,TOP CURTO (TOP),,"Manga R$:1,65 /",0,00/01/1900,3,0,GASPAR,AVENIDA DEPUTADO FRANCISCO MASTELLA,3955,SETE DE SETEMBRO,,0,13/05/2026,6/13/2026,,1,,,,0,,0,00.577.158/0001-29,
076670,0,834,,,0,AMOSTRA,0,19/06,1 Ag F,0,OP PRODUÇÃO,0,000,CLASSIFICAR MODELO/FAMILIA,,,0097,GERAL,PRD,PRD - FASE PRODUTO,,,Agu retor Feira / pos fei,,00/01/1900,23/06/2021,139,CENTAURO,CONFECCOES ONEDA LTDA,05.19.00.0136H,TOP CURTO,CO,COR,N,58A,58A - AW27 CENTAURO - INVERNO 27 - ASICS,50,A DEFINIR,M,22,4,0,0,0,0,13/05/2026,5/13/2026,D41,FLUXO DE PENDENCIA DE COR,D01,,PENDENTE COR NOVA,0,PC,PENDENTE DESENVOLVIMENTO,,,,,,00/01/1900,,,(47) 3332-5004,0,,,,,,0,-125,125,4,,,0,0,0,0,0,A,51,CENTAURO,12,FEMININO,N,N,SSNN,0,,B25,0,0,T00,TOP CURTO (TOP),,"Manga R$:1,65 / Frente GS39253.DST R$:2,30",0,00/01/1900,2,0,GASPAR,AVENIDA DEPUTADO FRANCISCO MASTELLA,3955,SETE DE SETEMBRO,,0,13/05/2026,6/13/2026,,1,,,,0,,0,00.577.158/0001-29,
076910,0,834,,,0,AMOSTRA,0,24/06,1 Ag F,0,OP PRODUÇÃO,0,000,CLASSIFICAR MODELO/FAMILIA,,,0097,GERAL,PRD,PRD - FASE PRODUTO,,,Agu retor Feira / pos fei,,00/01/1900,23/06/2021,139,CENTAURO,CONFECCOES ONEDA LTDA,05.19.00.0155,TOP CURTO,CO,COR,N,58O,58O - AW27 CENTAURO - INVERNO 27 - OXER,50,A DEFINIR,M,22,4,0,0,0,0,08/06/2026,6/8/2026,D41,FLUXO DE PENDENCIA DE COR,D01,,PENDENTE COR NOVA,0,PC,PENDENTE DESENVOLVIMENTO,,,,,,00/01/1900,,,(47) 3332-5004,0,,,,,,0,-99,99,4,,,0,0,0,0,0,A,51,CENTAURO,12,FEMININO,N,N,SSNN,0,,B26,0,0,T00,TOP CURTO (TOP),,EST. FR 4 CORES / EST. COST. 3 CORES,0,00/01/1900,3,0,GASPAR,AVENIDA DEPUTADO FRANCISCO MASTELLA,3955,SETE DE SETEMBRO,,0,08/06/2026,7/8/2026,,1,,,,0,,0,00.577.158/0001-29,
076911,0,834,,,0,AMOSTRA,0,18/09,1 Ag F,0,OP PRODUÇÃO,0,000,CLASSIFICAR MODELO/FAMILIA,,,0097,GERAL,PRD,PRD - FASE PRODUTO,,,Agu retor Feira / pos fei,,00/01/1900,23/06/2021,139,CENTAURO,CONFECCOES ONEDA LTDA,05.19.00.0155A,TOP CURTO / I27OCF189,CO,COR,N,58O,58O - AW27 CENTAURO - INVERNO 27 - OXER,50,A DEFINIR,M,22,4,0,0,0,0,08/06/2026,6/8/2026,D41,FLUXO DE PENDENCIA DE COR,D01,,PENDENTE COR NOVA,0,PC,PENDENTE DESENVOLVIMENTO,,,,,,00/01/1900,,,(47) 3332-5004,0,,,,,,0,-99,99,4,,,0,0,0,0,0,A,51,CENTAURO,12,FEMININO,N,N,SSNN,0,,B38,0,0,T00,TOP CURTO (TOP),,EST. FR 1 COR / EST. COST. 4 CORES,0,00/01/1900,3,0,GASPAR,AVENIDA DEPUTADO FRANCISCO MASTELLA,3955,SETE DE SETEMBRO,,0,08/06/2026,7/8/2026,,1,,,,0,,0,00.577.158/0001-29,
076912,0,834,,,0,AMOSTRA,0,24/06,1 Ag F,0,OP PRODUÇÃO,0,000,CLASSIFICAR MODELO/FAMILIA,,,0097,GERAL,PRD,PRD - FASE PRODUTO,,,Agu retor Feira / pos fei,,00/01/1900,23/06/2021,139,CENTAURO,CONFECCOES ONEDA LTDA,05.19.00.0155B,TOP CURTO / I27OCF189,CO,COR,N,58O,58O - AW27 CENTAURO - INVERNO 27 - OXER,50,A DEFINIR,M,22,4,0,0,0,0,08/06/2026,6/8/2026,D41,FLUXO DE PENDENCIA DE COR,D01,,PENDENTE COR NOVA,0,PC,PENDENTE DESENVOLVIMENTO,,,,,,00/01/1900,,,(47) 3332-5004,0,,,,,,0,-99,99,4,,,0,0,0,0,0,A,51,CENTAURO,12,FEMININO,N,N,SSNN,0,,B26,0,0,T00,TOP CURTO (TOP),,EST. FR E COST 3 CORES CADA,0,00/01/1900,3,0,GASPAR,AVENIDA DEPUTADO FRANCISCO MASTELLA,3955,SETE DE SETEMBRO,,0,08/06/2026,7/8/2026,,1,,,,0,,0,00.577.158/0001-29,
076913,0,834,,,0,AMOSTRA,0,24/06,1 Ag F,0,OP PRODUÇÃO,0,000,CLASSIFICAR MODELO/FAMILIA,,,0097,GERAL,PRD,PRD - FASE PRODUTO,,,Agu retor Feira / pos fei,,00/01/1900,23/06/2021,139,CENTAURO,CONFECCOES ONEDA LTDA,05.19.00.0156,TOP CURTO,CO,COR,N,58O,58O - AW27 CENTAURO - INVERNO 27 - OXER,50,A DEFINIR,M,22,4,0,0,0,0,08/06/2026,6/8/2026,D41,FLUXO DE PENDENCIA DE COR,D01,,PENDENTE COR NOVA,0,PC,PENDENTE DESENVOLVIMENTO,,,,,,00/01/1900,,,(47) 3332-5004,0,,,,,,0,-99,99,4,,,0,0,0,0,0,A,51,CENTAURO,12,FEMININO,N,N,SSNN,0,,B26,0,0,T00,TOP CURTO (TOP),,EST 1 COR,0,00/01/1900,2,0,GASPAR,AVENIDA DEPUTADO FRANCISCO MASTELLA,3955,SETE DE SETEMBRO,,0,08/06/2026,7/8/2026,,1,,,,0,,0,00.577.158/0001-29,
076914,0,834,,,0,AMOSTRA,0,18/09,1 Ag F,0,OP PRODUÇÃO,0,000,CLASSIFICAR MODELO/FAMILIA,,,0097,GERAL,PRD,PRD - FASE PRODUTO,,,Agu retor Feira / pos fei,,00/01/1900,23/06/2021,139,CENTAURO,CONFECCOES ONEDA LTDA,05.19.00.0156A,TOP CURTO,CO,COR,N,58O,58O - AW27 CENTAURO - INVERNO 27 - OXER,50,A DEFINIR,M,22,4,0,0,0,0,08/06/2026,6/8/2026,D41,FLUXO DE PENDENCIA DE COR,D01,,PENDENTE COR NOVA,0,PC,PENDENTE DESENVOLVIMENTO,,,,,,00/01/1900,,,(47) 3332-5004,0,,,,,,0,-99,99,4,,,0,0,0,0,0,A,51,CENTAURO,12,FEMININO,N,N,SSNN,0,,B38,0,0,T00,TOP CURTO (TOP),,EST 1 COR,0,00/01/1900,2,0,GASPAR,AVENIDA DEPUTADO FRANCISCO MASTELLA,3955,SETE DE SETEMBRO,,0,08/06/2026,7/8/2026,,1,,,,0,,0,00.577.158/0001-29,
076915,0,834,,,0,AMOSTRA,0,24/06,1 Ag F,0,OP PRODUÇÃO,0,000,CLASSIFICAR MODELO/FAMILIA,,,0097,GERAL,PRD,PRD - FASE PRODUTO,,,Agu retor Feira / pos fei,,00/01/1900,23/06/2021,139,CENTAURO,CONFECCOES ONEDA LTDA,05.20.00.0157,TOP CURTO,CO,COR,N,58O,58O - AW27 CENTAURO - INVERNO 27 - OXER,50,A DEFINIR,M,22,4,0,0,0,0,08/06/2026,6/8/2026,D41,FLUXO DE PENDENCIA DE COR,D01,,PENDENTE COR NOVA,0,PC,PENDENTE DESENVOLVIMENTO,,,,,,00/01/1900,,,(47) 3332-5004,0,,,,,,0,-99,99,4,,,0,0,0,0,0,A,51,CENTAURO,11,MASCULINO,N,N,SSNN,0,,B26,0,0,T00,TOP CURTO (TOP),,EST. COSTAS 4 CORES + GEL,0,00/01/1900,3,0,GASPAR,AVENIDA DEPUTADO FRANCISCO MASTELLA,3955,SETE DE SETEMBRO,,0,08/06/2026,7/8/2026,,1,,,,0,,0,00.577.158/0001-29,
076916,0,834,,,0,AMOSTRA,0,24/06,1 Ag F,0,OP PRODUÇÃO,0,000,CLASSIFICAR MODELO/FAMILIA,,,0097,GERAL,PRD,PRD - FASE PRODUTO,,,Agu retor Feira / pos fei,,00/01/1900,23/06/2021,139,CENTAURO,CONFECCOES ONEDA LTDA,05.20.00.0157A,TOP CURTO,CO,COR,N,58O,58O - AW27 CENTAURO - INVERNO 27 - OXER,50,A DEFINIR,M,22,4,0,0,0,0,08/06/2026,6/8/2026,D41,FLUXO DE PENDENCIA DE COR,D01,,PENDENTE COR NOVA,0,PC,PENDENTE DESENVOLVIMENTO,,,,,,00/01/1900,,,(47) 3332-5004,0,,,,,,0,-99,99,4,,,0,0,0,0,0,A,51,CENTAURO,11,MASCULINO,N,N,SSNN,0,,B26,0,0,T00,TOP CURTO (TOP),,EST. FR E COST. 3 CORES CADA,0,00/01/1900,4,0,GASPAR,AVENIDA DEPUTADO FRANCISCO MASTELLA,3955,SETE DE SETEMBRO,,0,08/06/2026,7/8/2026,,1,,,,0,,0,00.577.158/0001-29,
076931,0,834,,,0,AMOSTRA,0,26/06,1 Ag F,0,OP PRODUÇÃO,0,000,CLASSIFICAR MODELO/FAMILIA,,,0097,GERAL,PRD,PRD - FASE PRODUTO,,,Agu retor Feira / pos fei,,00/01/1900,23/06/2021,139,CENTAURO,CONFECCOES ONEDA LTDA,05.20.00.0158,TOP CURTO,CO,COR,N,58A,58A - AW27 CENTAURO - INVERNO 27 - ASICS,50,A DEFINIR,M,22,4,0,0,0,0,10/06/2026,6/10/2026,D41,FLUXO DE PENDENCIA DE COR,D01,,PENDENTE COR NOVA,0,PC,PENDENTE DESENVOLVIMENTO,,,,,,00/01/1900,,,(47) 3332-5004,0,,,,,,0,-97,97,4,,,0,0,0,0,0,A,51,CENTAURO,11,MASCULINO,N,N,SSNN,0,,B27,0,0,T00,TOP CURTO (TOP),,,0,00/01/1900,4,0,GASPAR,AVENIDA DEPUTADO FRANCISCO MASTELLA,3955,SETE DE SETEMBRO,,0,10/06/2026,7/10/2026,,1,,,,0,,0,00.577.158/0001-29,
077042,0,834,,,0,AMOSTRA,0,26/06,1 Ag F,0,OP PRODUÇÃO,0,000,CLASSIFICAR MODELO/FAMILIA,,,0097,GERAL,PRD,PRD - FASE PRODUTO,,,Agu retor Feira / pos fei,,00/01/1900,23/06/2021,139,CENTAURO,CONFECCOES ONEDA LTDA,05.20.00.0158-1,TOP CURTO,CO,COR,N,58A,58A - AW27 CENTAURO - INVERNO 27 - ASICS,50,A DEFINIR,M,22,4,0,0,0,0,12/06/2026,6/12/2026,D41,FLUXO DE PENDENCIA DE COR,D01,,PENDENTE COR NOVA,0,PC,PENDENTE DESENVOLVIMENTO,,,,,,00/01/1900,,,(47) 3332-5004,0,,,,,,0,-95,95,4,,,0,0,0,0,0,A,51,CENTAURO,11,MASCULINO,N,N,SSNN,0,,B27,0,0,T00,TOP CURTO (TOP),,,0,00/01/1900,4,0,GASPAR,AVENIDA DEPUTADO FRANCISCO MASTELLA,3955,SETE DE SETEMBRO,,0,12/06/2026,7/12/2026,,1,,,,0,,0,00.577.158/0001-29,
077132,0,834,,,0,AMOSTRA,0,17/07,1 Ag F,0,OP PRODUÇÃO,0,000,CLASSIFICAR MODELO/FAMILIA,,,0097,GERAL,PRD,PRD - FASE PRODUTO,,,Agu retor Feira / pos fei,,00/01/1900,23/06/2021,149,SEM LICENÇA HERING,CONFECCOES ONEDA LTDA,13.15.00.0631A,POLO LONGO,CO,COR,N,HXI,HXI - HERING INVERNO 27,50,A DEFINIR,6,14,4,0,0,0,0,17/06/2026,6/17/2026,D41,FLUXO DE PENDENCIA DE COR,D01,,PENDENTE COR NOVA,0,PC,PENDENTE DESENVOLVIMENTO,,,,,,00/01/1900,,,(47) 3332-5004,0,,,,,,0,-90,90,4,,,0,0,0,0,0,A,H02,T53 - HERING KIDS A,12,FEMININO,N,N,SSNN,0,,B29,0,0,T14,POLO LONGO (TOP),,,0,00/01/1900,0,0,GASPAR,AVENIDA DEPUTADO FRANCISCO MASTELLA,3955,SETE DE SETEMBRO,,0,17/06/2026,7/17/2026,,1,,,,0,,0,00.577.158/0001-29,
077204,0,834,,,0,AMOSTRA,0,28/09,1 Ag F,0,OP PRODUÇÃO,0,000,CLASSIFICAR MODELO/FAMILIA,,,0097,GERAL,PRD,PRD - FASE PRODUTO,,,Agu retor Feira / pos fei,,00/01/1900,23/06/2021,139,CENTAURO,CONFECCOES ONEDA LTDA,05.20.00.0159,TOP CURTO,CO,COR,N,58A,58A - AW27 CENTAURO - INVERNO 27 - ASICS,50,A DEFINIR,M,22,4,0,0,0,0,22/06/2026,6/22/2026,D41,FLUXO DE PENDENCIA DE COR,D01,,PENDENTE COR NOVA,0,PC,PENDENTE DESENVOLVIMENTO,,,,,,00/01/1900,,,(47) 3332-5004,0,,,,,,0,-85,85,4,,,0,0,0,0,0,A,51,CENTAURO,11,MASCULINO,N,N,SSNN,0,,B38,0,0,T00,TOP CURTO (TOP),Bordado conferir GS na combinação,Estampa Frente 3 cores + Puff / Estampa Costas 4 cores + Puff,0,00/01/1900,3,0,GASPAR,AVENIDA DEPUTADO FRANCISCO MASTELLA,3955,SETE DE SETEMBRO,,0,22/06/2026,7/22/2026,,1,,,,0,,0,00.577.158/0001-29,
077305,0,834,,,0,AMOSTRA,0,,1 Ag F,0,OP PRODUÇÃO,0,000,CLASSIFICAR MODELO/FAMILIA,,,0097,GERAL,PRD,PRD - FASE PRODUTO,,,Agu retor Feira / pos fei,,00/01/1900,23/06/2021,139,CENTAURO,CONFECCOES ONEDA LTDA,05.20.00.0160,TOP CURTO,CO,COR,N,58A,58A - AW27 CENTAURO - INVERNO 27 - ASICS,50,A DEFINIR,M,22,4,0,0,0,0,25/06/2026,6/25/2026,D41,FLUXO DE PENDENCIA DE COR,D01,,PENDENTE COR NOVA,0,PC,PENDENTE DESENVOLVIMENTO,,,,,,00/01/1900,,,(47) 3332-5004,0,,,,,,0,-82,82,4,,,0,0,0,0,0,A,51,CENTAURO,11,MASCULINO,N,N,SSNN,0,,,0,0,T00,TOP CURTO (TOP),"cust alternativo: tag 0,80 / transfer 0,60",,0,00/01/1900,0,0,GASPAR,AVENIDA DEPUTADO FRANCISCO MASTELLA,3955,SETE DE SETEMBRO,,0,25/06/2026,7/25/2026,,1,,,,0,,0,00.577.158/0001-29,
077306,0,834,,,0,AMOSTRA,0,24/07,1 Ag F,0,OP PRODUÇÃO,0,000,CLASSIFICAR MODELO/FAMILIA,,,0097,GERAL,PRD,PRD - FASE PRODUTO,,,Agu retor Feira / pos fei,,00/01/1900,23/06/2021,139,CENTAURO,CONFECCOES ONEDA LTDA,05.20.00.0161,TOP CURTO,CO,COR,N,58A,58A - AW27 CENTAURO - INVERNO 27 - ASICS,50,A DEFINIR,M,22,4,0,0,0,0,25/06/2026,6/25/2026,D41,FLUXO DE PENDENCIA DE COR,D01,,PENDENTE COR NOVA,0,PC,PENDENTE DESENVOLVIMENTO,,,,,,00/01/1900,,,(47) 3332-5004,0,,,,,,0,-82,82,4,,,0,0,0,0,0,A,51,CENTAURO,11,MASCULINO,N,N,SSNN,0,,B30,0,0,T00,TOP CURTO (TOP),"cust alternativo: tag 0,80 / transfer 0,60 - Custo embossed na comb.","R$:1,90 COM PROTEÇÃO",0,00/01/1900,1,0,GASPAR,AVENIDA DEPUTADO FRANCISCO MASTELLA,3955,SETE DE SETEMBRO,,0,25/06/2026,7/25/2026,,1,,,,0,,0,00.577.158/0001-29,
077311,0,834,,,0,AMOSTRA,0,10/07,1 Ag F,0,OP PRODUÇÃO,0,000,CLASSIFICAR MODELO/FAMILIA,,,0097,GERAL,PRD,PRD - FASE PRODUTO,,,Agu retor Feira / pos fei,,00/01/1900,23/06/2021,139,CENTAURO,CONFECCOES ONEDA LTDA,05.20.00.0159-1,TOP CURTO,CO,COR,N,58A,58A - AW27 CENTAURO - INVERNO 27 - ASICS,50,A DEFINIR,M,22,4,0,0,0,0,25/06/2026,6/25/2026,D41,FLUXO DE PENDENCIA DE COR,D01,,PENDENTE COR NOVA,0,PC,PENDENTE DESENVOLVIMENTO,,,,,,00/01/1900,,,(47) 3332-5004,0,,,,,,0,-82,82,4,,,0,0,0,0,0,A,51,CENTAURO,11,MASCULINO,N,N,SSNN,0,,B28,0,0,T00,TOP CURTO (TOP),,Bord: conferir na combinação,0,00/01/1900,3,0,GASPAR,AVENIDA DEPUTADO FRANCISCO MASTELLA,3955,SETE DE SETEMBRO,,0,25/06/2026,7/25/2026,,1,,,,0,,0,00.577.158/0001-29,
077312,0,834,,,0,AMOSTRA,0,,1 Ag F,0,OP PRODUÇÃO,0,000,CLASSIFICAR MODELO/FAMILIA,,,0097,GERAL,PRD,PRD - FASE PRODUTO,,,Agu retor Feira / pos fei,,00/01/1900,23/06/2021,139,CENTAURO,CONFECCOES ONEDA LTDA,05.20.00.0160A,TOP CURTO,CO,COR,N,58A,58A - AW27 CENTAURO - INVERNO 27 - ASICS,50,A DEFINIR,M,22,4,0,0,0,0,26/06/2026,6/26/2026,D41,FLUXO DE PENDENCIA DE COR,D01,,PENDENTE COR NOVA,0,PC,PENDENTE DESENVOLVIMENTO,,,,,,00/01/1900,,,(47) 3332-5004,0,,,,,,0,-81,81,4,,,0,0,0,0,0,A,51,CENTAURO,11,MASCULINO,N,N,SSNN,0,,,0,0,T00,TOP CURTO (TOP),"cust alternativo: tag 0,80 / transfer 0,60",,0,00/01/1900,0,0,GASPAR,AVENIDA DEPUTADO FRANCISCO MASTELLA,3955,SETE DE SETEMBRO,,0,26/06/2026,7/26/2026,,1,,,,0,,0,00.577.158/0001-29,
077313,0,834,,,0,AMOSTRA,0,,1 Ag F,0,OP PRODUÇÃO,0,000,CLASSIFICAR MODELO/FAMILIA,,,0097,GERAL,PRD,PRD - FASE PRODUTO,,,Agu retor Feira / pos fei,,00/01/1900,23/06/2021,139,CENTAURO,CONFECCOES ONEDA LTDA,05.20.00.0160B,TOP CURTO,CO,COR,N,58A,58A - AW27 CENTAURO - INVERNO 27 - ASICS,50,A DEFINIR,M,22,4,0,0,0,0,26/06/2026,6/26/2026,D41,FLUXO DE PENDENCIA DE COR,D01,,PENDENTE COR NOVA,0,PC,PENDENTE DESENVOLVIMENTO,,,,,,00/01/1900,,,(47) 3332-5004,0,,,,,,0,-81,81,4,,,0,0,0,0,0,A,51,CENTAURO,11,MASCULINO,N,N,SSNN,0,,,0,0,T00,TOP CURTO (TOP),"cust alternativo: tag 0,80 / transfer 0,60",,0,00/01/1900,0,0,GASPAR,AVENIDA DEPUTADO FRANCISCO MASTELLA,3955,SETE DE SETEMBRO,,0,26/06/2026,7/26/2026,,1,,,,0,,0,00.577.158/0001-29,
077314,0,834,,,0,AMOSTRA,0,,1 Ag F,0,OP PRODUÇÃO,0,000,CLASSIFICAR MODELO/FAMILIA,,,0097,GERAL,PRD,PRD - FASE PRODUTO,,,Agu retor Feira / pos fei,,00/01/1900,23/06/2021,139,CENTAURO,CONFECCOES ONEDA LTDA,05.20.00.0160C,TOP CURTO,CO,COR,N,58A,58A - AW27 CENTAURO - INVERNO 27 - ASICS,50,A DEFINIR,M,22,4,0,0,0,0,26/06/2026,6/26/2026,D41,FLUXO DE PENDENCIA DE COR,D01,,PENDENTE COR NOVA,0,PC,PENDENTE DESENVOLVIMENTO,,,,,,00/01/1900,,,(47) 3332-5004,0,,,,,,0,-81,81,4,,,0,0,0,0,0,A,51,CENTAURO,11,MASCULINO,N,N,SSNN,0,,,0,0,T00,TOP CURTO (TOP),"cust alternativo: tag 0,80 / transfer 0,60",,0,00/01/1900,0,0,GASPAR,AVENIDA DEPUTADO FRANCISCO MASTELLA,3955,SETE DE SETEMBRO,,0,26/06/2026,7/26/2026,,1,,,,0,,0,00.577.158/0001-29,
077334,0,834,,,0,LIBERAÇÃO DE PRODUTO,0,14/08,7 L C,0,OP PRODUÇÃO,0,000,CLASSIFICAR MODELO/FAMILIA,,,0097,GERAL,PRD,PRD - FASE PRODUTO,,,Lib Corte/ EM TEST MODELAGEM,,00/01/1900,23/06/2021,36,WARNER C&A,CONFECCOES ONEDA LTDA,01.18.07.0688,TOP CURTO POLIESTER - 2026-2-10871,CO,COR,N,CEIN,CEIN - FEIRA SUMMER II 2026 (PROD AS BS) INCLUSÃO NEGOCIADO,08A,VINHO,12,17,4,0,0,0,0,30/06/2026,6/30/2026,D41,FLUXO DE PENDENCIA DE COR,D01,,PENDENTE COR NOVA,0,PC,AGUAR. APROV. LIC./ PP SAMPLE,,,,,,00/01/1900,,,(47) 3332-5004,0,,,,,,0,-77,77,4,,,0,0,0,0,0,E037,86,T59C - TEEN,19,CABIDE-DORSAL,N,N,SSNN,0,,B35,0,0,T22,TOP CURTO POLIÉSTER (TOP),PPSAMPLE ENVIADA 26/08,est. fre e cost - 3 cores cada,37,00/01/1900,3,0,GASPAR,AVENIDA DEPUTADO FRANCISCO MASTELLA,3955,SETE DE SETEMBRO,,0,10/07/2026,7/17/2026,,1,,,,0,,0,00.577.158/0001-29,
077383,0,834,,,0,AMOSTRA,0,20/07,,0,OP PRODUÇÃO,0,000,CLASSIFICAR MODELO/FAMILIA,,,0097,GERAL,PRD,PRD - FASE PRODUTO,,,,,00/01/1900,23/06/2021,139,CENTAURO,CONFECCOES ONEDA LTDA,05.20.00.0158-2,TOP CURTO,CO,COR,N,58A,58A - AW27 CENTAURO - INVERNO 27 - ASICS,50,A DEFINIR,M,22,4,0,0,0,0,07/07/2026,7/7/2026,D41,FLUXO DE PENDENCIA DE COR,D01,,PENDENTE COR NOVA,0,PC,PENDENTE DESENVOLVIMENTO,,,,,,00/01/1900,,,(47) 3332-5004,0,,,,,,0,-70,70,4,,,0,0,0,0,0,A,51,CENTAURO,11,MASCULINO,N,N,SSNN,0,,B30,0,0,T00,TOP CURTO (TOP),,,0,00/01/1900,4,0,GASPAR,AVENIDA DEPUTADO FRANCISCO MASTELLA,3955,SETE DE SETEMBRO,,0,07/07/2026,8/7/2026,,1,,,,0,,0,00.577.158/0001-29,
077384,0,834,,,0,AMOSTRA,0,20/07,,0,OP PRODUÇÃO,0,000,CLASSIFICAR MODELO/FAMILIA,,,0097,GERAL,PRD,PRD - FASE PRODUTO,,,,,00/01/1900,23/06/2021,139,CENTAURO,CONFECCOES ONEDA LTDA,05.20.00.0158-3,TOP CURTO,CO,COR,N,58A,58A - AW27 CENTAURO - INVERNO 27 - ASICS,50,A DEFINIR,M,22,4,0,0,0,0,07/07/2026,7/7/2026,D41,FLUXO DE PENDENCIA DE COR,D01,,PENDENTE COR NOVA,0,PC,PENDENTE DESENVOLVIMENTO,,,,,,00/01/1900,,,(47) 3332-5004,0,,,,,,0,-70,70,4,,,0,0,0,0,0,A,51,CENTAURO,11,MASCULINO,N,N,SSNN,0,,B30,0,0,T00,TOP CURTO (TOP),,,0,00/01/1900,4,0,GASPAR,AVENIDA DEPUTADO FRANCISCO MASTELLA,3955,SETE DE SETEMBRO,,0,07/07/2026,8/7/2026,,1,,,,0,,0,00.577.158/0001-29,
077398,0,834,,,0,AMOSTRA,0,31/07,1 Ag F,0,OP PRODUÇÃO,0,000,CLASSIFICAR MODELO/FAMILIA,,,0097,GERAL,PRD,PRD - FASE PRODUTO,,,Agu retor Feira / pos fei,,00/01/1900,23/06/2021,149,SEM LICENÇA HERING,CONFECCOES ONEDA LTDA,13.17.00.0639,VESTIDO / HRTE158,CO,COR,N,HXV,HXV - HERING VERÃO 2027,50,A DEFINIR,XP,64,4,0,0,0,0,09/07/2026,7/9/2026,D41,FLUXO DE PENDENCIA DE COR,D01,,PENDENTE COR NOVA,0,PC,PENDENTE DESENVOLVIMENTO,,,,,,00/01/1900,,,(47) 3332-5004,0,,,,,,0,-68,68,4,,,0,0,0,0,0,A,H06,T59 - HERING TEEN A,05,CAIXA - LR,N,N,SSNN,0,,B31,0,0,T21,VESTIDO (TOP),"Rot 3 cores PIG R$ 21, processo completo",,0,00/01/1900,0,0,GASPAR,AVENIDA DEPUTADO FRANCISCO MASTELLA,3955,SETE DE SETEMBRO,,0,09/07/2026,8/9/2026,,1,,,,0,,0,00.577.158/0001-29,
077399,0,834,,,0,AMOSTRA,0,31/07,1 Ag F,0,OP PRODUÇÃO,0,000,CLASSIFICAR MODELO/FAMILIA,,,0097,GERAL,PRD,PRD - FASE PRODUTO,,,Agu retor Feira / pos fei,,00/01/1900,23/06/2021,149,SEM LICENÇA HERING,CONFECCOES ONEDA LTDA,13.17.00.0640,TOP CURTO / HRTE163,CO,COR,N,HXV,HXV - HERING VERÃO 2027,50,A DEFINIR,XP,64,4,0,0,0,0,09/07/2026,7/9/2026,D41,FLUXO DE PENDENCIA DE COR,D01,,PENDENTE COR NOVA,0,PC,PENDENTE DESENVOLVIMENTO,,,,,,00/01/1900,,,(47) 3332-5004,0,,,,,,0,-68,68,4,,,0,0,0,0,0,A,H06,T59 - HERING TEEN A,05,CAIXA - LR,N,N,SSNN,0,,B31,0,0,T00,TOP CURTO (TOP),"Rot 3 cores PIG R$ 21, processo completo",,0,00/01/1900,0,0,GASPAR,AVENIDA DEPUTADO FRANCISCO MASTELLA,3955,SETE DE SETEMBRO,,0,09/07/2026,8/9/2026,,1,,,,0,,0,00.577.158/0001-29,
077419,0,834,,,0,AMOSTRA,0,07/08,1 Ag F,0,OP PRODUÇÃO,0,000,CLASSIFICAR MODELO/FAMILIA,,,0097,GERAL,PRD,PRD - FASE PRODUTO,,,Agu retor Feira / pos fei,,00/01/1900,23/06/2021,149,SEM LICENÇA HERING,CONFECCOES ONEDA LTDA,13.15.00.0645,TOP CURTO / HKF248,CO,COR,N,HXV,HXV - HERING VERÃO 2027,50,A DEFINIR,6,14,4,0,0,0,0,13/07/2026,7/13/2026,D41,FLUXO DE PENDENCIA DE COR,D01,,PENDENTE COR NOVA,0,PC,PENDENTE DESENVOLVIMENTO,,,,,,00/01/1900,,,(47) 3332-5004,0,,,,,,0,-64,64,4,,,0,0,0,0,0,A,H02,T53 - HERING KIDS A,05,CAIXA - LR,N,N,SSNN,0,,B32,0,0,T00,TOP CURTO (TOP),"Rot 3 cores PIG R$ 21, processo completo",,34,00/01/1900,0,0,GASPAR,AVENIDA DEPUTADO FRANCISCO MASTELLA,3955,SETE DE SETEMBRO,,0,13/07/2026,8/13/2026,,1,,,,0,,0,00.577.158/0001-29,
077420,0,834,,,0,AMOSTRA,0,07/08,1 Ag F,0,OP PRODUÇÃO,0,000,CLASSIFICAR MODELO/FAMILIA,,,0097,GERAL,PRD,PRD - FASE PRODUTO,,,Agu retor Feira / pos fei,,00/01/1900,23/06/2021,149,SEM LICENÇA HERING,CONFECCOES ONEDA LTDA,13.15.00.0646,TOP CURTO / HKF254,CO,COR,N,HXV,HXV - HERING VERÃO 2027,50,A DEFINIR,6,14,4,0,0,0,0,13/07/2026,7/13/2026,D41,FLUXO DE PENDENCIA DE COR,D01,,PENDENTE COR NOVA,0,PC,PENDENTE DESENVOLVIMENTO,,,,,,00/01/1900,,,(47) 3332-5004,0,,,,,,0,-64,64,4,,,0,0,0,0,0,A,H02,T53 - HERING KIDS A,05,CAIXA - LR,N,N,SSNN,0,,B32,0,0,T00,TOP CURTO (TOP),"Rot 5 cores PIG R$ 23, processo completo",,34,00/01/1900,0,0,GASPAR,AVENIDA DEPUTADO FRANCISCO MASTELLA,3955,SETE DE SETEMBRO,,0,13/07/2026,8/13/2026,,1,,,,0,,0,00.577.158/0001-29,
077422,0,834,,,0,AMOSTRA,0,03/08,1 Ag F,0,OP PRODUÇÃO,0,000,CLASSIFICAR MODELO/FAMILIA,,,0097,GERAL,PRD,PRD - FASE PRODUTO,,,Agu retor Feira / pos fei,,00/01/1900,23/06/2021,149,SEM LICENÇA HERING,CONFECCOES ONEDA LTDA,13.15.00.0647,POLO CURTO / HKF257,CO,COR,N,HXV,HXV - HERING VERÃO 2027,50,A DEFINIR,6,14,4,0,0,0,0,13/07/2026,7/13/2026,D41,FLUXO DE PENDENCIA DE COR,D01,,PENDENTE COR NOVA,0,PC,PENDENTE DESENVOLVIMENTO,,,,,,00/01/1900,,,(47) 3332-5004,0,,,,,,0,-64,64,4,,,0,0,0,0,0,A,H02,T53 - HERING KIDS A,05,CAIXA - LR,N,N,SSNN,0,,B32,0,0,T13,POLO CURTO (TOP),,,34,00/01/1900,0,0,GASPAR,AVENIDA DEPUTADO FRANCISCO MASTELLA,3955,SETE DE SETEMBRO,,0,13/07/2026,8/13/2026,,1,,,,0,,0,00.577.158/0001-29,
077423,0,834,,,0,AMOSTRA,0,31/07,1 Ag F,0,OP PRODUÇÃO,0,000,CLASSIFICAR MODELO/FAMILIA,,,0097,GERAL,PRD,PRD - FASE PRODUTO,,,Agu retor Feira / pos fei,,00/01/1900,23/06/2021,149,SEM LICENÇA HERING,CONFECCOES ONEDA LTDA,13.15.00.0648,CALÇA / HKF267,CO,COR,N,HXV,HXV - HERING VERÃO 2027,50,A DEFINIR,6,14,4,0,0,0,0,13/07/2026,7/13/2026,D41,FLUXO DE PENDENCIA DE COR,D01,,PENDENTE COR NOVA,0,PC,PENDENTE DESENVOLVIMENTO,,,,,,00/01/1900,,,(47) 3332-5004,0,,,,,,0,-64,64,4,,,0,0,0,0,0,A,H02,T53 - HERING KIDS A,05,CAIXA - LR,N,N,SSNN,0,,B31,0,0,B01,CALÇA (BOTTON),,,34,00/01/1900,0,0,GASPAR,AVENIDA DEPUTADO FRANCISCO MASTELLA,3955,SETE DE SETEMBRO,,0,13/07/2026,8/13/2026,,1,,,,0,,0,00.577.158/0001-29,
077424,0,834,,,0,AMOSTRA,0,07/08,1 Ag F,0,OP PRODUÇÃO,0,000,CLASSIFICAR MODELO/FAMILIA,,,0097,GERAL,PRD,PRD - FASE PRODUTO,,,Agu retor Feira / pos fei,,00/01/1900,23/06/2021,149,SEM LICENÇA HERING,CONFECCOES ONEDA LTDA,13.15.00.0649,TOP CURTO / HKF270,CO,COR,N,HXV,HXV - HERING VERÃO 2027,50,A DEFINIR,6,14,4,0,0,0,0,13/07/2026,7/13/2026,D41,FLUXO DE PENDENCIA DE COR,D01,,PENDENTE COR NOVA,0,PC,PENDENTE DESENVOLVIMENTO,,,,,,00/01/1900,,,(47) 3332-5004,0,,,,,,0,-64,64,4,,,0,0,0,0,0,A,H02,T53 - HERING KIDS A,05,CAIXA - LR,N,N,SSNN,0,,B32,0,0,T00,TOP CURTO (TOP),"Rot 3 cores PIG R$ 21, processo completo",,34,00/01/1900,0,0,GASPAR,AVENIDA DEPUTADO FRANCISCO MASTELLA,3955,SETE DE SETEMBRO,,0,13/07/2026,8/13/2026,,1,,,,0,,0,00.577.158/0001-29,
077425,0,834,,,0,AMOSTRA,0,31/07,1 Ag F,0,OP PRODUÇÃO,0,000,CLASSIFICAR MODELO/FAMILIA,,,0097,GERAL,PRD,PRD - FASE PRODUTO,,,Agu retor Feira / pos fei,,00/01/1900,23/06/2021,149,SEM LICENÇA HERING,CONFECCOES ONEDA LTDA,13.15.00.0650,TOP CURTO / HKF272,CO,COR,N,HXV,HXV - HERING VERÃO 2027,50,A DEFINIR,6,14,4,0,0,0,0,13/07/2026,7/13/2026,D41,FLUXO DE PENDENCIA DE COR,D01,,PENDENTE COR NOVA,0,PC,PENDENTE DESENVOLVIMENTO,,,,,,00/01/1900,,,(47) 3332-5004,0,,,,,,0,-64,64,4,,,0,0,0,0,0,A,H02,T53 - HERING KIDS A,05,CAIXA - LR,N,N,SSNN,0,,B31,0,0,T00,TOP CURTO (TOP),"Rot 5 cores PIG R$ 23, processo completo",,34,00/01/1900,0,0,GASPAR,AVENIDA DEPUTADO FRANCISCO MASTELLA,3955,SETE DE SETEMBRO,,0,13/07/2026,8/13/2026,,1,,,,0,,0,00.577.158/0001-29,
077426,0,834,,,0,AMOSTRA,0,31/07,1 Ag F,0,OP PRODUÇÃO,0,000,CLASSIFICAR MODELO/FAMILIA,,,0097,GERAL,PRD,PRD - FASE PRODUTO,,,Agu retor Feira / pos fei,,00/01/1900,23/06/2021,149,SEM LICENÇA HERING,CONFECCOES ONEDA LTDA,13.15.00.0651,VESTIDO / HKF276,CO,COR,N,HXV,HXV - HERING VERÃO 2027,50,A DEFINIR,6,14,4,0,0,0,0,13/07/2026,7/13/2026,D41,FLUXO DE PENDENCIA DE COR,D01,,PENDENTE COR NOVA,0,PC,PENDENTE DESENVOLVIMENTO,,,,,,00/01/1900,,,(47) 3332-5004,0,,,,,,0,-64,64,4,,,0,0,0,0,0,A,H02,T53 - HERING KIDS A,05,CAIXA - LR,N,N,SSNN,0,,B32,0,0,T21,VESTIDO (TOP),,,34,00/01/1900,0,0,GASPAR,AVENIDA DEPUTADO FRANCISCO MASTELLA,3955,SETE DE SETEMBRO,,0,13/07/2026,8/13/2026,,1,,,,0,,0,00.577.158/0001-29,
077427,0,834,,,0,AMOSTRA,0,31/07,1 Ag F,0,OP PRODUÇÃO,0,000,CLASSIFICAR MODELO/FAMILIA,,,0097,GERAL,PRD,PRD - FASE PRODUTO,,,Agu retor Feira / pos fei,,00/01/1900,23/06/2021,149,SEM LICENÇA HERING,CONFECCOES ONEDA LTDA,13.15.00.0652,CONJUNTO CURTO / HKF283,CO,COR,N,HXV,HXV - HERING VERÃO 2027,50,A DEFINIR,6,14,4,0,0,0,0,13/07/2026,7/13/2026,D41,FLUXO DE PENDENCIA DE COR,D01,,PENDENTE COR NOVA,0,PC,PENDENTE DESENVOLVIMENTO,,,,,,00/01/1900,,,(47) 3332-5004,0,,,,,,0,-64,64,4,,,0,0,0,0,0,A,H02,T53 - HERING KIDS A,05,CAIXA - LR,N,N,SSNN,0,,B31,0,0,C00,CONJUNTO CURTO (TOP/BOTTON),"Rot 4 cores PIG R$ 22, processo completo","Etq decorativa, custo alternativo da etiqueta do produto 13.15.00.0414",34,00/01/1900,0,0,GASPAR,AVENIDA DEPUTADO FRANCISCO MASTELLA,3955,SETE DE SETEMBRO,,0,13/07/2026,8/13/2026,,1,,,,0,,0,00.577.158/0001-29,
077428,0,834,,,0,AMOSTRA,0,31/07,1 Ag F,0,OP PRODUÇÃO,0,000,CLASSIFICAR MODELO/FAMILIA,,,0097,GERAL,PRD,PRD - FASE PRODUTO,,,Agu retor Feira / pos fei,,00/01/1900,23/06/2021,149,SEM LICENÇA HERING,CONFECCOES ONEDA LTDA,13.15.00.0653,CONJUNTO CURTO / HKF284,CO,COR,N,HXV,HXV - HERING VERÃO 2027,50,A DEFINIR,6,14,4,0,0,0,0,13/07/2026,7/13/2026,D41,FLUXO DE PENDENCIA DE COR,D01,,PENDENTE COR NOVA,0,PC,PENDENTE DESENVOLVIMENTO,,,,,,00/01/1900,,,(47) 3332-5004,0,,,,,,0,-64,64,4,,,0,0,0,0,0,A,H02,T53 - HERING KIDS A,05,CAIXA - LR,N,N,SSNN,0,,B31,0,0,C00,CONJUNTO CURTO (TOP/BOTTON),,,34,00/01/1900,0,0,GASPAR,AVENIDA DEPUTADO FRANCISCO MASTELLA,3955,SETE DE SETEMBRO,,0,13/07/2026,8/13/2026,,1,,,,0,,0,00.577.158/0001-29,
077429,0,834,,,0,AMOSTRA,0,31/07,1 Ag F,0,OP PRODUÇÃO,0,000,CLASSIFICAR MODELO/FAMILIA,,,0097,GERAL,PRD,PRD - FASE PRODUTO,,,Agu retor Feira / pos fei,,00/01/1900,23/06/2021,149,SEM LICENÇA HERING,CONFECCOES ONEDA LTDA,13.15.00.0654,CONJUNTO CURTO / HKF285-1,CO,COR,N,HXV,HXV - HERING VERÃO 2027,50,A DEFINIR,6,14,4,0,0,0,0,13/07/2026,7/13/2026,D41,FLUXO DE PENDENCIA DE COR,D01,,PENDENTE COR NOVA,0,PC,PENDENTE DESENVOLVIMENTO,,,,,,00/01/1900,,,(47) 3332-5004,0,,,,,,0,-64,64,4,,,0,0,0,0,0,A,H02,T53 - HERING KIDS A,05,CAIXA - LR,N,N,SSNN,0,,B31,0,0,C00,CONJUNTO CURTO (TOP/BOTTON),,,34,00/01/1900,0,0,GASPAR,AVENIDA DEPUTADO FRANCISCO MASTELLA,3955,SETE DE SETEMBRO,,0,13/07/2026,8/13/2026,,1,,,,0,,0,00.577.158/0001-29,
077430,0,834,,,0,AMOSTRA,0,05/08,1 Ag F,0,OP PRODUÇÃO,0,000,CLASSIFICAR MODELO/FAMILIA,,,0097,GERAL,PRD,PRD - FASE PRODUTO,,,Agu retor Feira / pos fei,,00/01/1900,23/06/2021,149,SEM LICENÇA HERING,CONFECCOES ONEDA LTDA,13.15.00.0655,CONJUNTO CURTO / HKF286-1,CO,COR,N,HXV,HXV - HERING VERÃO 2027,50,A DEFINIR,6,14,4,0,0,0,0,13/07/2026,7/13/2026,D41,FLUXO DE PENDENCIA DE COR,D01,,PENDENTE COR NOVA,0,PC,PENDENTE DESENVOLVIMENTO,,,,,,00/01/1900,,,(47) 3332-5004,0,,,,,,0,-64,64,4,,,0,0,0,0,0,A,H02,T53 - HERING KIDS A,05,CAIXA - LR,N,N,SSNN,0,,B32,0,0,C00,CONJUNTO CURTO (TOP/BOTTON),"Rot 2 cores PIG R$ 20, processo completo","R$: 4,65 COM PROTEÇÃO",34,00/01/1900,0,0,GASPAR,AVENIDA DEPUTADO FRANCISCO MASTELLA,3955,SETE DE SETEMBRO,,0,13/07/2026,8/13/2026,,1,,,,0,,0,00.577.158/0001-29,
077431,0,834,,,0,AMOSTRA,0,31/07,1 Ag F,0,OP PRODUÇÃO,0,000,CLASSIFICAR MODELO/FAMILIA,,,0097,GERAL,PRD,PRD - FASE PRODUTO,,,Agu retor Feira / pos fei,,00/01/1900,23/06/2021,149,SEM LICENÇA HERING,CONFECCOES ONEDA LTDA,13.15.00.0656,SHORTS / HKF260,CO,COR,N,HXV,HXV - HERING VERÃO 2027,50,A DEFINIR,6,14,4,0,0,0,0,13/07/2026,7/13/2026,D41,FLUXO DE PENDENCIA DE COR,D01,,PENDENTE COR NOVA,0,PC,PENDENTE DESENVOLVIMENTO,,,,,,00/01/1900,,,(47) 3332-5004,0,,,,,,0,-64,64,4,,,0,0,0,0,0,A,H02,T53 - HERING KIDS A,05,CAIXA - LR,N,N,SSNN,0,,B31,0,0,B00,SHORTS (BOTTON),"Rot 5 cores PIG R$ 23, processo completo",,34,00/01/1900,0,0,GASPAR,AVENIDA DEPUTADO FRANCISCO MASTELLA,3955,SETE DE SETEMBRO,,0,13/07/2026,8/13/2026,,1,,,,0,,0,00.577.158/0001-29,
077432,0,834,,,0,AMOSTRA,0,31/07,1 Ag F,0,OP PRODUÇÃO,0,000,CLASSIFICAR MODELO/FAMILIA,,,0097,GERAL,PRD,PRD - FASE PRODUTO,,,Agu retor Feira / pos fei,,00/01/1900,23/06/2021,149,SEM LICENÇA HERING,CONFECCOES ONEDA LTDA,13.15.00.0657,SAIA / HKF264,CO,COR,N,HXV,HXV - HERING VERÃO 2027,50,A DEFINIR,6,14,4,0,0,0,0,13/07/2026,7/13/2026,D41,FLUXO DE PENDENCIA DE COR,D01,,PENDENTE COR NOVA,0,PC,PENDENTE DESENVOLVIMENTO,,,,,,00/01/1900,,,(47) 3332-5004,0,,,,,,0,-64,64,4,,,0,0,0,0,0,A,H02,T53 - HERING KIDS A,05,CAIXA - LR,N,N,SSNN,0,,B31,0,0,B02,SAIA (BOTTON),"Rot 4 cores PIG R$ 22, processo completo",,34,00/01/1900,0,0,GASPAR,AVENIDA DEPUTADO FRANCISCO MASTELLA,3955,SETE DE SETEMBRO,,0,13/07/2026,8/13/2026,,1,,,,0,,0,00.577.158/0001-29,
077457,0,834,,,0,AMOSTRA,0,31/07,1 Ag F,0,OP PRODUÇÃO,0,000,CLASSIFICAR MODELO/FAMILIA,,,0097,GERAL,PRD,PRD - FASE PRODUTO,,,Agu retor Feira / pos fei,,00/01/1900,23/06/2021,149,SEM LICENÇA HERING,CONFECCOES ONEDA LTDA,13.16.00.0641,CONJUNTO CURTO / HKM218,CO,COR,N,HXV,HXV - HERING VERÃO 2027,50,A DEFINIR,6,14,4,0,0,0,0,13/07/2026,7/13/2026,D41,FLUXO DE PENDENCIA DE COR,D01,,PENDENTE COR NOVA,0,PC,PENDENTE DESENVOLVIMENTO,,,,,,00/01/1900,,,(47) 3332-5004,0,,,,,,0,-64,64,4,,,0,0,0,0,0,A,H01,T54 - HERING KIDS O,05,CAIXA - LR,N,N,SSNN,0,,B31,0,0,C00,CONJUNTO CURTO (TOP/BOTTON),,,0,00/01/1900,0,0,GASPAR,AVENIDA DEPUTADO FRANCISCO MASTELLA,3955,SETE DE SETEMBRO,,0,13/07/2026,8/13/2026,,1,,,,0,,0,00.577.158/0001-29,
077458,0,834,,,0,AMOSTRA,0,31/07,1 Ag F,0,OP PRODUÇÃO,0,000,CLASSIFICAR MODELO/FAMILIA,,,0097,GERAL,PRD,PRD - FASE PRODUTO,,,Agu retor Feira / pos fei,,00/01/1900,23/06/2021,149,SEM LICENÇA HERING,CONFECCOES ONEDA LTDA,13.16.00.0642,CONJUNTO CURTO / HKM219,CO,COR,N,HXV,HXV - HERING VERÃO 2027,50,A DEFINIR,6,14,4,0,0,0,0,13/07/2026,7/13/2026,D41,FLUXO DE PENDENCIA DE COR,D01,,PENDENTE COR NOVA,0,PC,PENDENTE DESENVOLVIMENTO,,,,,,00/01/1900,,,(47) 3332-5004,0,,,,,,0,-64,64,4,,,0,0,0,0,0,A,H01,T54 - HERING KIDS O,05,CAIXA - LR,N,N,SSNN,0,,B31,0,0,C00,CONJUNTO CURTO (TOP/BOTTON),,,0,00/01/1900,0,0,GASPAR,AVENIDA DEPUTADO FRANCISCO MASTELLA,3955,SETE DE SETEMBRO,,0,13/07/2026,8/13/2026,,1,,,,0,,0,00.577.158/0001-29,
077459,0,834,,,0,AMOSTRA,0,31/07,1 Ag F,0,OP PRODUÇÃO,0,000,CLASSIFICAR MODELO/FAMILIA,,,0097,GERAL,PRD,PRD - FASE PRODUTO,,,Agu retor Feira / pos fei,,00/01/1900,23/06/2021,149,SEM LICENÇA HERING,CONFECCOES ONEDA LTDA,13.16.00.0643,CONJUNTO CURTO / HKM220,CO,COR,N,HXV,HXV - HERING VERÃO 2027,50,A DEFINIR,6,14,4,0,0,0,0,13/07/2026,7/13/2026,D41,FLUXO DE PENDENCIA DE COR,D01,,PENDENTE COR NOVA,0,PC,PENDENTE DESENVOLVIMENTO,,,,,,00/01/1900,,,(47) 3332-5004,0,,,,,,0,-64,64,4,,,0,0,0,0,0,A,H01,T54 - HERING KIDS O,05,CAIXA - LR,N,N,SSNN,0,,B31,0,0,C00,CONJUNTO CURTO (TOP/BOTTON),,,0,00/01/1900,0,0,GASPAR,AVENIDA DEPUTADO FRANCISCO MASTELLA,3955,SETE DE SETEMBRO,,0,13/07/2026,8/13/2026,,1,,,,0,,0,00.577.158/0001-29,
077460,0,834,,,0,AMOSTRA,0,31/07,1 Ag F,0,OP PRODUÇÃO,0,000,CLASSIFICAR MODELO/FAMILIA,,,0097,GERAL,PRD,PRD - FASE PRODUTO,,,Agu retor Feira / pos fei,,00/01/1900,23/06/2021,149,SEM LICENÇA HERING,CONFECCOES ONEDA LTDA,13.16.00.0644,CONJUNTO CURTO / HKM221,CO,COR,N,HXV,HXV - HERING VERÃO 2027,50,A DEFINIR,6,14,4,0,0,0,0,13/07/2026,7/13/2026,D41,FLUXO DE PENDENCIA DE COR,D01,,PENDENTE COR NOVA,0,PC,PENDENTE DESENVOLVIMENTO,,,,,,00/01/1900,,,(47) 3332-5004,0,,,,,,0,-64,64,4,,,0,0,0,0,0,A,H01,T54 - HERING KIDS O,05,CAIXA - LR,N,N,SSNN,0,,B31,0,0,C00,CONJUNTO CURTO (TOP/BOTTON),,,0,00/01/1900,0,0,GASPAR,AVENIDA DEPUTADO FRANCISCO MASTELLA,3955,SETE DE SETEMBRO,,0,13/07/2026,8/13/2026,,1,,,,0,,0,00.577.158/0001-29,
077461,0,834,,,0,AMOSTRA,0,24/07,1 Ag F,0,OP PRODUÇÃO,0,000,CLASSIFICAR MODELO/FAMILIA,,,0097,GERAL,PRD,PRD - FASE PRODUTO,,,Agu retor Feira / pos fei,,00/01/1900,23/06/2021,149,SEM LICENÇA HERING,CONFECCOES ONEDA LTDA,13.19.00.0658,TOP LONGO / 4HEU,CO,COR,N,HXI,HXI - HERING INVERNO 27,50,A DEFINIR,P,21,4,0,0,0,0,16/07/2026,7/16/2026,D41,FLUXO DE PENDENCIA DE COR,D01,,PENDENTE COR NOVA,0,PC,PENDENTE DESENVOLVIMENTO,,,,,,00/01/1900,,,(47) 3332-5004,0,,,,,,0,-61,61,4,,,0,0,0,0,0,A,62,ADULTO,05,CAIXA - LR,N,N,SSNN,0,,B30,0,0,T02,TOP LONGO (TOP),,,0,00/01/1900,0,0,GASPAR,AVENIDA DEPUTADO FRANCISCO MASTELLA,3955,SETE DE SETEMBRO,,0,16/07/2026,8/16/2026,,1,,,,0,,0,00.577.158/0001-29,
077462,0,834,,,0,AMOSTRA,0,,1 Ag F,0,OP PRODUÇÃO,0,000,CLASSIFICAR MODELO/FAMILIA,,,0097,GERAL,PRD,PRD - FASE PRODUTO,,,Agu retor Feira / pos fei,,00/01/1900,23/06/2021,149,SEM LICENÇA HERING,CONFECCOES ONEDA LTDA,13.19.00.0658A,TOP LONGO,CO,COR,N,HXI,HXI - HERING INVERNO 27,50,A DEFINIR,P,21,4,0,0,0,0,16/07/2026,7/16/2026,D41,FLUXO DE PENDENCIA DE COR,D01,,PENDENTE COR NOVA,0,PC,PENDENTE DESENVOLVIMENTO,,,,,,00/01/1900,,,(47) 3332-5004,0,,,,,,0,-61,61,4,,,0,0,0,0,0,A,62,ADULTO,05,CAIXA - LR,N,N,SSNN,0,,B30,0,0,T02,TOP LONGO (TOP),,,0,00/01/1900,0,0,GASPAR,AVENIDA DEPUTADO FRANCISCO MASTELLA,3955,SETE DE SETEMBRO,,0,16/07/2026,8/16/2026,,1,,,,0,,0,00.577.158/0001-29,
077534,0,834,,,0,AMOSTRA,0,02/10,1 Ag F,0,OP PRODUÇÃO,0,000,CLASSIFICAR MODELO/FAMILIA,,,0097,GERAL,PRD,PRD - FASE PRODUTO,,,Agu retor Feira / pos fei,,00/01/1900,23/06/2021,149,SEM LICENÇA HERING,CONFECCOES ONEDA LTDA,13.14.00.0624E,TOP CURTO,CO,COR,N,HXV,HXV - HERING VERÃO 2027,50,A DEFINIR,2,11,4,0,0,0,0,27/07/2026,7/27/2026,D41,FLUXO DE PENDENCIA DE COR,D01,,PENDENTE COR NOVA,0,PC,PENDENTE DESENVOLVIMENTO,,,,,,00/01/1900,,,(47) 3332-5004,0,,,,,,0,-50,50,4,,,0,0,100,0,0,A,H03,T52 - HERING BB0,11,MASCULINO,N,N,SSNN,0,,,0,0,T00,TOP CURTO (TOP),"Rot 5 cores PIG R$ 24 kg, processo completo. (Não considerar cilindro no custo)",,0,00/01/1900,0,0,GASPAR,AVENIDA DEPUTADO FRANCISCO MASTELLA,3955,SETE DE SETEMBRO,,0,27/07/2026,8/27/2026,,1,,,,0,,0,00.577.158/0001-29,
077535,0,834,,,0,AMOSTRA,0,02/10,1 Ag F,0,OP PRODUÇÃO,0,000,CLASSIFICAR MODELO/FAMILIA,,,0097,GERAL,PRD,PRD - FASE PRODUTO,,,Agu retor Feira / pos fei,,00/01/1900,23/06/2021,149,SEM LICENÇA HERING,CONFECCOES ONEDA LTDA,13.14.00.0624F,TOP CURTO,CO,COR,N,HXV,HXV - HERING VERÃO 2027,50,A DEFINIR,2,11,4,0,0,0,0,27/07/2026,7/27/2026,D41,FLUXO DE PENDENCIA DE COR,D01,,PENDENTE COR NOVA,0,PC,PENDENTE DESENVOLVIMENTO,,,,,,00/01/1900,,,(47) 3332-5004,0,,,,,,0,-50,50,4,,,0,0,100,0,0,A,H03,T52 - HERING BB0,11,MASCULINO,N,N,SSNN,0,,,0,0,T00,TOP CURTO (TOP),"Rot 6 cores PIG R$ 24 kg, processo completo. (Não considerar cilindro no custo)",,0,00/01/1900,0,0,GASPAR,AVENIDA DEPUTADO FRANCISCO MASTELLA,3955,SETE DE SETEMBRO,,0,27/07/2026,8/27/2026,,1,,,,0,,0,00.577.158/0001-29,
077536,0,834,,,0,AMOSTRA,0,02/10,1 Ag F,0,OP PRODUÇÃO,0,000,CLASSIFICAR MODELO/FAMILIA,,,0097,GERAL,PRD,PRD - FASE PRODUTO,,,Agu retor Feira / pos fei,,00/01/1900,23/06/2021,149,SEM LICENÇA HERING,CONFECCOES ONEDA LTDA,13.14.00.0624G,TOP CURTO,CO,COR,N,HXV,HXV - HERING VERÃO 2027,50,A DEFINIR,2,11,4,0,0,0,0,27/07/2026,7/27/2026,D41,FLUXO DE PENDENCIA DE COR,D01,,PENDENTE COR NOVA,0,PC,PENDENTE DESENVOLVIMENTO,,,,,,00/01/1900,,,(47) 3332-5004,0,,,,,,0,-50,50,4,,,0,0,100,0,0,A,H03,T52 - HERING BB0,11,MASCULINO,N,N,SSNN,0,,,0,0,T00,TOP CURTO (TOP),"Rot 6 cores PIG R$ 24 kg, processo completo. (Não considerar cilindro no custo)",,0,00/01/1900,0,0,GASPAR,AVENIDA DEPUTADO FRANCISCO MASTELLA,3955,SETE DE SETEMBRO,,0,27/07/2026,8/27/2026,,1,,,,0,,0,00.577.158/0001-29,
077537,0,834,,,0,AMOSTRA,0,02/10,1 Ag F,0,OP PRODUÇÃO,0,000,CLASSIFICAR MODELO/FAMILIA,,,0097,GERAL,PRD,PRD - FASE PRODUTO,,,Agu retor Feira / pos fei,,00/01/1900,23/06/2021,149,SEM LICENÇA HERING,CONFECCOES ONEDA LTDA,13.14.00.0625E,SHORTS,CO,COR,N,HXV,HXV - HERING VERÃO 2027,50,A DEFINIR,2,11,4,0,0,0,0,27/07/2026,7/27/2026,D41,FLUXO DE PENDENCIA DE COR,D01,,PENDENTE COR NOVA,0,PC,PENDENTE DESENVOLVIMENTO,,,,,,00/01/1900,,,(47) 3332-5004,0,,,,,,0,-50,50,4,,,0,0,100,0,0,A,H03,T52 - HERING BB0,11,MASCULINO,N,N,SSNN,0,,,0,0,B00,SHORTS (BOTTON),"Rot 5 cores PIG R$ 24 kg, processo completo. (Não considerar cilindro no custo)",,0,00/01/1900,0,0,GASPAR,AVENIDA DEPUTADO FRANCISCO MASTELLA,3955,SETE DE SETEMBRO,,0,27/07/2026,8/27/2026,,1,,,,0,,0,00.577.158/0001-29,
077538,0,834,,,0,AMOSTRA,0,02/10,1 Ag F,0,OP PRODUÇÃO,0,000,CLASSIFICAR MODELO/FAMILIA,,,0097,GERAL,PRD,PRD - FASE PRODUTO,,,Agu retor Feira / pos fei,,00/01/1900,23/06/2021,149,SEM LICENÇA HERING,CONFECCOES ONEDA LTDA,13.14.00.0625F,SHORTS,CO,COR,N,HXV,HXV - HERING VERÃO 2027,50,A DEFINIR,2,11,4,0,0,0,0,27/07/2026,7/27/2026,D41,FLUXO DE PENDENCIA DE COR,D01,,PENDENTE COR NOVA,0,PC,PENDENTE DESENVOLVIMENTO,,,,,,00/01/1900,,,(47) 3332-5004,0,,,,,,0,-50,50,4,,,0,0,100,0,0,A,H03,T52 - HERING BB0,11,MASCULINO,N,N,SSNN,0,,,0,0,B00,SHORTS (BOTTON),"Rot 6 cores PIG R$ 24 kg, processo completo. (Não considerar cilindro no custo)",,0,00/01/1900,0,0,GASPAR,AVENIDA DEPUTADO FRANCISCO MASTELLA,3955,SETE DE SETEMBRO,,0,27/07/2026,8/27/2026,,1,,,,0,,0,00.577.158/0001-29,
077539,0,834,,,0,AMOSTRA,0,02/10,1 Ag F,0,OP PRODUÇÃO,0,000,CLASSIFICAR MODELO/FAMILIA,,,0097,GERAL,PRD,PRD - FASE PRODUTO,,,Agu retor Feira / pos fei,,00/01/1900,23/06/2021,149,SEM LICENÇA HERING,CONFECCOES ONEDA LTDA,13.14.00.0625G,SHORTS,CO,COR,N,HXV,HXV - HERING VERÃO 2027,50,A DEFINIR,2,11,4,0,0,0,0,27/07/2026,7/27/2026,D41,FLUXO DE PENDENCIA DE COR,D01,,PENDENTE COR NOVA,0,PC,PENDENTE DESENVOLVIMENTO,,,,,,00/01/1900,,,(47) 3332-5004,0,,,,,,0,-50,50,4,,,0,0,100,0,0,A,H03,T52 - HERING BB0,11,MASCULINO,N,N,SSNN,0,,,0,0,B00,SHORTS (BOTTON),"Rot 6 cores PIG R$ 24 kg, processo completo. (Não considerar cilindro no custo)",,0,00/01/1900,0,0,GASPAR,AVENIDA DEPUTADO FRANCISCO MASTELLA,3955,SETE DE SETEMBRO,,0,27/07/2026,8/27/2026,,1,,,,0,,0,00.577.158/0001-29,
077540,0,834,,,0,AMOSTRA,0,02/10,1 Ag F,0,OP PRODUÇÃO,0,000,CLASSIFICAR MODELO/FAMILIA,,,0097,GERAL,PRD,PRD - FASE PRODUTO,,,Agu retor Feira / pos fei,,00/01/1900,23/06/2021,149,SEM LICENÇA HERING,CONFECCOES ONEDA LTDA,13.13.00.0622F,CALÇA,CO,COR,N,HXV,HXV - HERING VERÃO 2027,50,A DEFINIR,2,11,4,0,0,0,0,27/07/2026,7/27/2026,D41,FLUXO DE PENDENCIA DE COR,D01,,PENDENTE COR NOVA,0,PC,PENDENTE DESENVOLVIMENTO,,,,,,00/01/1900,,,(47) 3332-5004,0,,,,,,0,-50,50,4,,,0,0,0,0,0,A,H04,T58 - HERING BBA,12,FEMININO,N,N,SSNN,0,,,0,0,B01,CALÇA (BOTTON),LACRES: [ ] MODELAGEM-[ ] ESTAMP - [ ] COR -[ ] AVIAMENTOS,"Rot 2 cores PIG R$ 25kg, processo completo.(Não considerar cilindro no custo)",0,00/01/1900,0,0,GASPAR,AVENIDA DEPUTADO FRANCISCO MASTELLA,3955,SETE DE SETEMBRO,,0,27/07/2026,8/27/2026,,1,,,,0,,0,00.577.158/0001-29,
077541,0,834,,,0,AMOSTRA,0,02/10,1 Ag F,0,OP PRODUÇÃO,0,000,CLASSIFICAR MODELO/FAMILIA,,,0097,GERAL,PRD,PRD - FASE PRODUTO,,,Agu retor Feira / pos fei,,00/01/1900,23/06/2021,149,SEM LICENÇA HERING,CONFECCOES ONEDA LTDA,13.13.00.0622G,CALÇA,CO,COR,N,HXV,HXV - HERING VERÃO 2027,50,A DEFINIR,2,11,4,0,0,0,0,27/07/2026,7/27/2026,D41,FLUXO DE PENDENCIA DE COR,D01,,PENDENTE COR NOVA,0,PC,PENDENTE DESENVOLVIMENTO,,,,,,00/01/1900,,,(47) 3332-5004,0,,,,,,0,-50,50,4,,,0,0,0,0,0,A,H04,T58 - HERING BBA,12,FEMININO,N,N,SSNN,0,,,0,0,B01,CALÇA (BOTTON),LACRES: [ ] MODELAGEM-[ ] ESTAMP - [ ] COR -[ ] AVIAMENTOS,"Rot 4 cores PIG R$ 25kg, processo completo.(Não considerar cilindro no custo)",0,00/01/1900,0,0,GASPAR,AVENIDA DEPUTADO FRANCISCO MASTELLA,3955,SETE DE SETEMBRO,,0,27/07/2026,8/27/2026,,1,,,,0,,0,00.577.158/0001-29,
077542,0,834,,,0,AMOSTRA,0,02/10,1 Ag F,0,OP PRODUÇÃO,0,000,CLASSIFICAR MODELO/FAMILIA,,,0097,GERAL,PRD,PRD - FASE PRODUTO,,,Agu retor Feira / pos fei,,00/01/1900,23/06/2021,149,SEM LICENÇA HERING,CONFECCOES ONEDA LTDA,13.13.00.0622H,CALÇA,CO,COR,N,HXV,HXV - HERING VERÃO 2027,50,A DEFINIR,2,11,4,0,0,0,0,27/07/2026,7/27/2026,D41,FLUXO DE PENDENCIA DE COR,D01,,PENDENTE COR NOVA,0,PC,PENDENTE DESENVOLVIMENTO,,,,,,00/01/1900,,,(47) 3332-5004,0,,,,,,0,-50,50,4,,,0,0,0,0,0,A,H04,T58 - HERING BBA,12,FEMININO,N,N,SSNN,0,,,0,0,B01,CALÇA (BOTTON),"Rot 6 cores PIG R$ 25kg, processo completo.(Não considerar cilindro no custo)",,0,00/01/1900,0,0,GASPAR,AVENIDA DEPUTADO FRANCISCO MASTELLA,3955,SETE DE SETEMBRO,,0,27/07/2026,8/27/2026,,1,,,,0,,0,00.577.158/0001-29,
077543,0,834,,,0,AMOSTRA,0,02/10,1 Ag F,0,OP PRODUÇÃO,0,000,CLASSIFICAR MODELO/FAMILIA,,,0097,GERAL,PRD,PRD - FASE PRODUTO,,,Agu retor Feira / pos fei,,00/01/1900,23/06/2021,149,SEM LICENÇA HERING,CONFECCOES ONEDA LTDA,13.13.00.0623E,CONJUNTO CURTO,CO,COR,N,HXV,HXV - HERING VERÃO 2027,50,A DEFINIR,2,11,4,0,0,0,0,27/07/2026,7/27/2026,D41,FLUXO DE PENDENCIA DE COR,D01,,PENDENTE COR NOVA,0,PC,PENDENTE DESENVOLVIMENTO,,,,,,00/01/1900,,,(47) 3332-5004,0,,,,,,0,-50,50,4,,,0,0,0,0,0,A,H04,T58 - HERING BBA,12,FEMININO,N,N,SSNN,0,,,0,0,C00,CONJUNTO CURTO (TOP/BOTTON),LACRES: [ ] MODELAGEM-[ ] ESTAMP - [ ] COR -[ ] AVIAMENTOS,"Rot 2 cores PIG R$ 25kg, processo completo.(Não considerar cilindro no custo)",0,00/01/1900,0,0,GASPAR,AVENIDA DEPUTADO FRANCISCO MASTELLA,3955,SETE DE SETEMBRO,,0,27/07/2026,8/27/2026,,1,,,,0,,0,00.577.158/0001-29,
077544,0,834,,,0,AMOSTRA,0,02/10,1 Ag F,0,OP PRODUÇÃO,0,000,CLASSIFICAR MODELO/FAMILIA,,,0097,GERAL,PRD,PRD - FASE PRODUTO,,,Agu retor Feira / pos fei,,00/01/1900,23/06/2021,149,SEM LICENÇA HERING,CONFECCOES ONEDA LTDA,13.13.00.0623F,CONJUNTO CURTO,CO,COR,N,HXV,HXV - HERING VERÃO 2027,50,A DEFINIR,2,11,4,0,0,0,0,27/07/2026,7/27/2026,D41,FLUXO DE PENDENCIA DE COR,D01,,PENDENTE COR NOVA,0,PC,PENDENTE DESENVOLVIMENTO,,,,,,00/01/1900,,,(47) 3332-5004,0,,,,,,0,-50,50,4,,,0,0,100,0,0,A,H04,T58 - HERING BBA,12,FEMININO,N,N,SSNN,0,,,0,0,C00,CONJUNTO CURTO (TOP/BOTTON),LACRES: [ ] MODELAGEM-[ ] ESTAMP - [ ] COR -[ ] AVIAMENTOS,"Rot 4 cores PIG R$ 25kg, processo completo.(Não considerar cilindro no custo)",0,00/01/1900,0,0,GASPAR,AVENIDA DEPUTADO FRANCISCO MASTELLA,3955,SETE DE SETEMBRO,,0,27/07/2026,8/27/2026,,1,,,,0,,0,00.577.158/0001-29,
077545,0,834,,,0,AMOSTRA,0,02/10,1 Ag F,0,OP PRODUÇÃO,0,000,CLASSIFICAR MODELO/FAMILIA,,,0097,GERAL,PRD,PRD - FASE PRODUTO,,,Agu retor Feira / pos fei,,00/01/1900,23/06/2021,149,SEM LICENÇA HERING,CONFECCOES ONEDA LTDA,13.13.00.0623G,CONJUNTO CURTO,CO,COR,N,HXV,HXV - HERING VERÃO 2027,50,A DEFINIR,2,11,4,0,0,0,0,27/07/2026,7/27/2026,D41,FLUXO DE PENDENCIA DE COR,D01,,PENDENTE COR NOVA,0,PC,PENDENTE DESENVOLVIMENTO,,,,,,00/01/1900,,,(47) 3332-5004,0,,,,,,0,-50,50,4,,,0,0,100,0,0,A,H04,T58 - HERING BBA,12,FEMININO,N,N,SSNN,0,,,0,0,C00,CONJUNTO CURTO (TOP/BOTTON),LACRES: [ ] MODELAGEM-[ ] ESTAMP - [ ] COR -[ ] AVIAMENTOS,"Rot 6 cores PIG R$ 25kg, processo completo.(Não considerar cilindro no custo)",0,00/01/1900,0,0,GASPAR,AVENIDA DEPUTADO FRANCISCO MASTELLA,3955,SETE DE SETEMBRO,,0,27/07/2026,8/27/2026,,1,,,,0,,0,00.577.158/0001-29,
077649,0,834,,,0,AMOSTRA,0,04/09,,0,OP PRODUÇÃO,0,000,CLASSIFICAR MODELO/FAMILIA,,,0097,GERAL,PRD,PRD - FASE PRODUTO,,,,,00/01/1900,23/06/2021,85,SEM LICENSA C&A,CONFECCOES ONEDA LTDA,01.12.00.7867,CONJUNTO POLO CURTO / 2027-1-4741,CO,COR,N,CFC,CFC - FEIRA WINTER I 2027 (PROD CS),50,A DEFINIR,3-6,32,4,0,0,0,0,06/08/2026,8/6/2026,D41,FLUXO DE PENDENCIA DE COR,D01,,PENDENTE COR NOVA,0,PC,PENDENTE DESENVOLVIMENTO,,,,,,00/01/1900,,,(47) 3332-5004,0,,,,,,0,-40,40,4,,,0,0,0,0,0,A,004,T51A - RNO,11,MASCULINO,N,N,SSNN,0,,B35,0,0,C09,CONJUNTO POLO CURTO (TOP/BOTTON),,"GS39537 R$ 2,57 c/ proteção",0,00/01/1900,2,0,GASPAR,AVENIDA DEPUTADO FRANCISCO MASTELLA,3955,SETE DE SETEMBRO,,0,06/08/2026,9/6/2026,,1,,,,0,,0,00.577.158/0001-29,
077651,0,834,,,0,AMOSTRA,0,04/09,,0,OP PRODUÇÃO,0,000,CLASSIFICAR MODELO/FAMILIA,,,0097,GERAL,PRD,PRD - FASE PRODUTO,,,,,00/01/1900,23/06/2021,85,SEM LICENSA C&A,CONFECCOES ONEDA LTDA,01.12.00.7869,CONJUNTO MOLETOM / 2027-1-4736,CO,COR,N,CFC,CFC - FEIRA WINTER I 2027 (PROD CS),50,A DEFINIR,3-6,32,4,0,0,0,0,06/08/2026,8/6/2026,D41,FLUXO DE PENDENCIA DE COR,D01,,PENDENTE COR NOVA,0,PC,PENDENTE DESENVOLVIMENTO,,,,,,00/01/1900,,,(47) 3332-5004,0,,,,,,0,-40,40,4,,,0,0,0,0,0,A,004,T51A - RNO,11,MASCULINO,N,N,SSNN,0,,B34,0,0,C04,CONJUNTO MOLETOM (TOP/BOTTON),"Rot 1 cor PIG R$ 19, processo completo","GS39534 R$ 1,62",0,00/01/1900,1,0,GASPAR,AVENIDA DEPUTADO FRANCISCO MASTELLA,3955,SETE DE SETEMBRO,,0,06/08/2026,9/6/2026,,1,,,,0,,0,00.577.158/0001-29,
077652,0,834,,,0,AMOSTRA,0,04/09,,0,OP PRODUÇÃO,0,000,CLASSIFICAR MODELO/FAMILIA,,,0097,GERAL,PRD,PRD - FASE PRODUTO,,,,,00/01/1900,23/06/2021,85,SEM LICENSA C&A,CONFECCOES ONEDA LTDA,01.12.00.7870,CONJUNTO MOLETOM / 2027-1-4735,CO,COR,N,CFC,CFC - FEIRA WINTER I 2027 (PROD CS),50,A DEFINIR,3-6,32,4,0,0,0,0,06/08/2026,8/6/2026,D41,FLUXO DE PENDENCIA DE COR,D01,,PENDENTE COR NOVA,0,PC,PENDENTE DESENVOLVIMENTO,,,,,,00/01/1900,,,(47) 3332-5004,0,,,,,,0,-40,40,4,,,0,0,0,0,0,A,004,T51A - RNO,11,MASCULINO,N,N,SSNN,0,,B36,0,0,C04,CONJUNTO MOLETOM (TOP/BOTTON),EST 1 COR,"GS39532 - R$ 2,35 c/ proteção",0,00/01/1900,1,0,GASPAR,AVENIDA DEPUTADO FRANCISCO MASTELLA,3955,SETE DE SETEMBRO,,0,06/08/2026,9/6/2026,,1,,,,0,,0,00.577.158/0001-29,
077655,0,834,,,0,AMOSTRA,0,04/09,,0,OP PRODUÇÃO,0,000,CLASSIFICAR MODELO/FAMILIA,,,0097,GERAL,PRD,PRD - FASE PRODUTO,,,,,00/01/1900,23/06/2021,85,SEM LICENSA C&A,CONFECCOES ONEDA LTDA,01.12.00.7873,BODY CURTO / 2027-1-4750,CO,COR,N,CFC,CFC - FEIRA WINTER I 2027 (PROD CS),50,A DEFINIR,3-6,32,4,0,0,0,0,06/08/2026,8/6/2026,D41,FLUXO DE PENDENCIA DE COR,D01,,PENDENTE COR NOVA,0,PC,PENDENTE DESENVOLVIMENTO,,,,,,00/01/1900,,,(47) 3332-5004,0,,,,,,0,-40,40,4,,,0,0,0,0,0,A,004,T51A - RNO,11,MASCULINO,N,N,SSNN,0,,B35,0,0,T15,BODY CURTO (TOP),"Rot 1 cor ECOWAY R$ 24, processo completo",,0,00/01/1900,2,0,GASPAR,AVENIDA DEPUTADO FRANCISCO MASTELLA,3955,SETE DE SETEMBRO,,0,06/08/2026,9/6/2026,,1,,,,0,,0,00.577.158/0001-29,
077656,0,834,,,0,AMOSTRA,0,04/09,,0,OP PRODUÇÃO,0,000,CLASSIFICAR MODELO/FAMILIA,,,0097,GERAL,PRD,PRD - FASE PRODUTO,,,,,00/01/1900,23/06/2021,85,SEM LICENSA C&A,CONFECCOES ONEDA LTDA,01.12.00.7874,CONJUNTO LONGO / 2027-1-4748,CO,COR,N,CFC,CFC - FEIRA WINTER I 2027 (PROD CS),50,A DEFINIR,3-6,32,4,0,0,0,0,06/08/2026,8/6/2026,D41,FLUXO DE PENDENCIA DE COR,D01,,PENDENTE COR NOVA,0,PC,PENDENTE DESENVOLVIMENTO,,,,,,00/01/1900,,,(47) 3332-5004,0,,,,,,0,-40,40,4,,,0,0,0,0,0,A,004,T51A - RNO,11,MASCULINO,N,N,SSNN,0,,B36,0,0,C01,CONJUNTO LONGO (TOP/BOTTON),,,0,00/01/1900,0,0,GASPAR,AVENIDA DEPUTADO FRANCISCO MASTELLA,3955,SETE DE SETEMBRO,,0,06/08/2026,9/6/2026,,1,,,,0,,0,00.577.158/0001-29,
077658,0,834,,,0,AMOSTRA,0,04/09,,0,OP PRODUÇÃO,0,000,CLASSIFICAR MODELO/FAMILIA,,,0097,GERAL,PRD,PRD - FASE PRODUTO,,,,,00/01/1900,23/06/2021,85,SEM LICENSA C&A,CONFECCOES ONEDA LTDA,01.11.00.7876,CONJUNTO JARDINEIRA / 2027-1-4720,CO,COR,N,CFC,CFC - FEIRA WINTER I 2027 (PROD CS),50,A DEFINIR,3-6,32,8,0,0,0,0,06/08/2026,8/6/2026,D41,FLUXO DE PENDENCIA DE COR,D01,,PENDENTE COR NOVA,0,CJ,PENDENTE DESENVOLVIMENTO,,,,,,00/01/1900,,,(47) 3332-5004,0,,,,,,0,-40,40,8,,,0,0,0,0,0,A,006,T51A - RNA,12,FEMININO,N,N,SSNN,0,,B35,0,0,C11,CONJUNTO JARDINEIRA (TOP/BOTTON),"Rot 1 cor ECOWAY R$ 24, processo completo",,0,00/01/1900,2,0,GASPAR,AVENIDA DEPUTADO FRANCISCO MASTELLA,3955,SETE DE SETEMBRO,,0,06/08/2026,9/6/2026,,1,,,,0,,0,00.577.158/0001-29,
077659,0,834,,,0,AMOSTRA,0,04/09,,0,OP PRODUÇÃO,0,000,CLASSIFICAR MODELO/FAMILIA,,,0097,GERAL,PRD,PRD - FASE PRODUTO,,,,,00/01/1900,23/06/2021,85,SEM LICENSA C&A,CONFECCOES ONEDA LTDA,01.11.00.7877,SHORTS / VPN-DEFINIR,CO,COR,N,CFC,CFC - FEIRA WINTER I 2027 (PROD CS),50,A DEFINIR,3-6,32,8,0,0,0,0,06/08/2026,8/6/2026,D41,FLUXO DE PENDENCIA DE COR,D01,,PENDENTE COR NOVA,0,CJ,PENDENTE DESENVOLVIMENTO,,,,,,00/01/1900,,,(47) 3332-5004,0,,,,,,0,-40,40,8,,,0,0,0,0,0,A,006,T51A - RNA,12,FEMININO,N,N,SSNN,0,,B36,0,0,B00,SHORTS (BOTTON),,,0,00/01/1900,0,0,GASPAR,AVENIDA DEPUTADO FRANCISCO MASTELLA,3955,SETE DE SETEMBRO,,0,06/08/2026,9/6/2026,,1,,,,0,,0,00.577.158/0001-29,
077691,0,834,,,0,AMOSTRA,0,04/09,,0,OP PRODUÇÃO,0,000,CLASSIFICAR MODELO/FAMILIA,,,0097,GERAL,PRD,PRD - FASE PRODUTO,,,,,00/01/1900,23/06/2021,85,SEM LICENSA C&A,CONFECCOES ONEDA LTDA,01.12.00.7879,CONJUNTO CURTO / 2027-1-4465,CO,COR,N,CFC,CFC - FEIRA WINTER I 2027 (PROD CS),50,A DEFINIR,3-6,32,4,0,0,0,0,07/08/2026,8/7/2026,D41,FLUXO DE PENDENCIA DE COR,D01,,PENDENTE COR NOVA,0,PC,PENDENTE DESENVOLVIMENTO,,,,,,00/01/1900,,,(47) 3332-5004,0,,,,,,0,-39,39,4,,,0,0,0,0,0,A,004,T51A - RNO,11,MASCULINO,N,N,SSNN,0,,B35,0,0,C00,CONJUNTO CURTO (TOP/BOTTON),,"ET. R$ 326,00 / milheiro",0,00/01/1900,1,0,GASPAR,AVENIDA DEPUTADO FRANCISCO MASTELLA,3955,SETE DE SETEMBRO,,0,07/08/2026,9/7/2026,,1,,,,0,,0,00.577.158/0001-29,
077694,0,834,,,0,AMOSTRA,0,04/09,,0,OP PRODUÇÃO,0,000,CLASSIFICAR MODELO/FAMILIA,,,0097,GERAL,PRD,PRD - FASE PRODUTO,,,,,00/01/1900,23/06/2021,85,SEM LICENSA C&A,CONFECCOES ONEDA LTDA,01.11.00.7876-1,CONJUNTO JARDINEIRA / 2027-1-4720,CO,COR,N,CFC,CFC - FEIRA WINTER I 2027 (PROD CS),50,A DEFINIR,3-6,32,8,0,0,0,0,07/08/2026,8/7/2026,D41,FLUXO DE PENDENCIA DE COR,D01,,PENDENTE COR NOVA,0,CJ,PENDENTE DESENVOLVIMENTO,,,,,,00/01/1900,,,(47) 3332-5004,0,,,,,,0,-39,39,8,,,0,0,0,0,0,A,006,T51A - RNA,12,FEMININO,N,N,SSNN,0,,B35,0,0,C11,CONJUNTO JARDINEIRA (TOP/BOTTON),"Rot 1 cor ECOWAY R$ 24, processo completo",,0,00/01/1900,0,0,GASPAR,AVENIDA DEPUTADO FRANCISCO MASTELLA,3955,SETE DE SETEMBRO,,0,07/08/2026,9/7/2026,,1,,,,0,,0,00.577.158/0001-29,
077769,0,834,,,0,AMOSTRA,0,04/09,1 Ag F,0,OP PRODUÇÃO,0,000,CLASSIFICAR MODELO/FAMILIA,,,0097,GERAL,PRD,PRD - FASE PRODUTO,,,Agu retor Feira / pos fei,,00/01/1900,23/06/2021,85,SEM LICENSA C&A,CONFECCOES ONEDA LTDA,01.14.00.7881B,CALÇA / 2027-1-5599,CO,COR,N,CFA,CFA - FEIRA WINTER I 2027 (PROD AS BS),50,A DEFINIR,2,11,4,0,0,0,0,10/08/2026,8/10/2026,D41,FLUXO DE PENDENCIA DE COR,D01,,PENDENTE COR NOVA,0,PC,PENDENTE DESENVOLVIMENTO,,,,,,00/01/1900,,,(47) 3332-5004,0,,,,,,0,-36,36,4,,,0,0,0,0,0,A,003,T52A - BBO,11,MASCULINO,N,N,SSNN,0,,B35,0,0,B01,CALÇA (BOTTON),,,0,00/01/1900,0,0,GASPAR,AVENIDA DEPUTADO FRANCISCO MASTELLA,3955,SETE DE SETEMBRO,,0,10/08/2026,9/10/2026,,1,,,,0,,0,00.577.158/0001-29,
077771,0,834,,,0,AMOSTRA,0,04/09,1 Ag F,0,OP PRODUÇÃO,0,000,CLASSIFICAR MODELO/FAMILIA,,,0097,GERAL,PRD,PRD - FASE PRODUTO,,,Agu retor Feira / pos fei,,00/01/1900,23/06/2021,85,SEM LICENSA C&A,CONFECCOES ONEDA LTDA,01.14.00.7268G,TOP MOLETOM / 2025-1-1809,CO,COR,N,CFA,CFA - FEIRA WINTER I 2027 (PROD AS BS),50,A DEFINIR,2,11,4,0,0,0,0,10/08/2026,8/10/2026,D41,FLUXO DE PENDENCIA DE COR,D01,,PENDENTE COR NOVA,0,PC,PENDENTE DESENVOLVIMENTO,,,,,,00/01/1900,,,(47) 3332-5004,0,,,,,,0,-36,36,4,,,0,0,0,0,0,A,003,T52A - BBO,11,MASCULINO,N,N,SSNN,0,,B36,0,0,T11,TOP MOLETOM (TOP),,,0,00/01/1900,0,0,GASPAR,AVENIDA DEPUTADO FRANCISCO MASTELLA,3955,SETE DE SETEMBRO,,0,10/08/2026,9/10/2026,,1,,,,0,,0,00.577.158/0001-29,
077778,0,834,,,0,AMOSTRA,0,04/09,1 Ag F,0,OP PRODUÇÃO,0,000,CLASSIFICAR MODELO/FAMILIA,,,0097,GERAL,PRD,PRD - FASE PRODUTO,,,Agu retor Feira / pos fei,,00/01/1900,23/06/2021,85,SEM LICENSA C&A,CONFECCOES ONEDA LTDA,01.14.00.7882,CALÇA / 2027-1-2601,CO,COR,N,CFA,CFA - FEIRA WINTER I 2027 (PROD AS BS),50,A DEFINIR,2,11,4,0,0,0,0,10/08/2026,8/10/2026,D41,FLUXO DE PENDENCIA DE COR,D01,,PENDENTE COR NOVA,0,PC,PENDENTE DESENVOLVIMENTO,,,,,,00/01/1900,,,(47) 3332-5004,0,,,,,,0,-36,36,4,,,0,0,0,0,0,A,003,T52A - BBO,11,MASCULINO,N,N,SSNN,0,,B35,0,0,B01,CALÇA (BOTTON),,"GS39558 R$ 1,90 c/ proteção",0,00/01/1900,1,0,GASPAR,AVENIDA DEPUTADO FRANCISCO MASTELLA,3955,SETE DE SETEMBRO,,0,10/08/2026,9/10/2026,,1,,,,0,,0,00.577.158/0001-29,
077779,0,834,,,0,AMOSTRA,0,04/09,1 Ag F,0,OP PRODUÇÃO,0,000,CLASSIFICAR MODELO/FAMILIA,,,0097,GERAL,PRD,PRD - FASE PRODUTO,,,Agu retor Feira / pos fei,,00/01/1900,23/06/2021,85,SEM LICENSA C&A,CONFECCOES ONEDA LTDA,01.14.00.7883,CALÇA / 2027-1-5602,CO,COR,N,CFA,CFA - FEIRA WINTER I 2027 (PROD AS BS),50,A DEFINIR,2,11,4,0,0,0,0,10/08/2026,8/10/2026,D41,FLUXO DE PENDENCIA DE COR,D01,,PENDENTE COR NOVA,0,PC,PENDENTE DESENVOLVIMENTO,,,,,,00/01/1900,,,(47) 3332-5004,0,,,,,,0,-36,36,4,,,0,0,0,0,0,A,003,T52A - BBO,11,MASCULINO,N,N,SSNN,0,,B36,0,0,B01,CALÇA (BOTTON),,"GS39559 R$ 1,90 c/ proteção",0,00/01/1900,1,0,GASPAR,AVENIDA DEPUTADO FRANCISCO MASTELLA,3955,SETE DE SETEMBRO,,0,10/08/2026,9/10/2026,,1,,,,0,,0,00.577.158/0001-29,
077780,0,834,,,0,AMOSTRA,0,04/09,1 Ag F,0,OP PRODUÇÃO,0,000,CLASSIFICAR MODELO/FAMILIA,,,0097,GERAL,PRD,PRD - FASE PRODUTO,,,Agu retor Feira / pos fei,,00/01/1900,23/06/2021,85,SEM LICENSA C&A,CONFECCOES ONEDA LTDA,01.14.00.7884,CALÇA / 2027-1-5603,CO,COR,N,CFA,CFA - FEIRA WINTER I 2027 (PROD AS BS),50,A DEFINIR,2,11,4,0,0,0,0,10/08/2026,8/10/2026,D41,FLUXO DE PENDENCIA DE COR,D01,,PENDENTE COR NOVA,0,PC,PENDENTE DESENVOLVIMENTO,,,,,,00/01/1900,,,(47) 3332-5004,0,,,,,,0,-36,36,4,,,0,0,0,0,0,A,003,T52A - BBO,11,MASCULINO,N,N,SSNN,0,,B36,0,0,B01,CALÇA (BOTTON),,"GS39557 R$ 1,90 c/ proteção",0,00/01/1900,1,0,GASPAR,AVENIDA DEPUTADO FRANCISCO MASTELLA,3955,SETE DE SETEMBRO,,0,10/08/2026,9/10/2026,,1,,,,0,,0,00.577.158/0001-29,
077781,0,834,,,0,AMOSTRA,0,04/09,1 Ag F,0,OP PRODUÇÃO,0,000,CLASSIFICAR MODELO/FAMILIA,,,0097,GERAL,PRD,PRD - FASE PRODUTO,,,Agu retor Feira / pos fei,,00/01/1900,23/06/2021,85,SEM LICENSA C&A,CONFECCOES ONEDA LTDA,01.14.00.7885,CALÇA 2027-1-5604,CO,COR,N,CFA,CFA - FEIRA WINTER I 2027 (PROD AS BS),50,A DEFINIR,2,11,4,0,0,0,0,10/08/2026,8/10/2026,D41,FLUXO DE PENDENCIA DE COR,D01,,PENDENTE COR NOVA,0,PC,PENDENTE DESENVOLVIMENTO,,,,,,00/01/1900,,,(47) 3332-5004,0,,,,,,0,-36,36,4,,,0,0,100,0,0,A,003,T52A - BBO,11,MASCULINO,N,N,SSNN,0,,B35,0,0,B01,CALÇA (BOTTON),,,0,00/01/1900,0,0,GASPAR,AVENIDA DEPUTADO FRANCISCO MASTELLA,3955,SETE DE SETEMBRO,,0,10/08/2026,9/10/2026,,1,,,,0,,0,00.577.158/0001-29,
077782,0,834,,,0,AMOSTRA,0,04/09,,0,OP PRODUÇÃO,0,000,CLASSIFICAR MODELO/FAMILIA,,,0097,GERAL,PRD,PRD - FASE PRODUTO,,,,,00/01/1900,23/06/2021,85,SEM LICENSA C&A,CONFECCOES ONEDA LTDA,01.14.00.7886,CALÇA / 2027-1-5605,CO,COR,N,CFA,CFA - FEIRA WINTER I 2027 (PROD AS BS),50,A DEFINIR,2,11,4,0,0,0,0,10/08/2026,8/10/2026,D41,FLUXO DE PENDENCIA DE COR,D01,,PENDENTE COR NOVA,0,PC,PENDENTE DESENVOLVIMENTO,,,,,,00/01/1900,,,(47) 3332-5004,0,,,,,,0,-36,36,4,,,0,0,0,0,0,A,003,T52A - BBO,11,MASCULINO,N,N,SSNN,0,,B35,0,0,B01,CALÇA (BOTTON),,,0,00/01/1900,0,0,GASPAR,AVENIDA DEPUTADO FRANCISCO MASTELLA,3955,SETE DE SETEMBRO,,0,10/08/2026,9/10/2026,,1,,,,0,,0,00.577.158/0001-29,
077783,0,834,,,0,AMOSTRA,0,04/09,1 Ag F,0,OP PRODUÇÃO,0,000,CLASSIFICAR MODELO/FAMILIA,,,0097,GERAL,PRD,PRD - FASE PRODUTO,,,Agu retor Feira / pos fei,,00/01/1900,23/06/2021,58,NICKELODEON C&A,CONFECCOES ONEDA LTDA,01.14.03.0276,CONJUNTO MOLETOM / 2027-1-5606,CO,COR,N,CFA,CFA - FEIRA WINTER I 2027 (PROD AS BS),50,A DEFINIR,2,11,4,0,0,0,0,10/08/2026,8/10/2026,D41,FLUXO DE PENDENCIA DE COR,D01,,PENDENTE COR NOVA,0,PC,AGUAR. APROV. LIC./ PP SAMPLE,,,,,,00/01/1900,,,(47) 3332-5004,0,,,,,,0,-36,36,4,,,0,0,0,0,0,A,003,T52A - BBO,11,MASCULINO,N,N,SSNN,0,,B35,0,0,C04,CONJUNTO MOLETOM (TOP/BOTTON),"Rot 1 cor PIG R$ 19, processo completo",EST 10 CORES,0,00/01/1900,2,0,GASPAR,AVENIDA DEPUTADO FRANCISCO MASTELLA,3955,SETE DE SETEMBRO,,0,10/08/2026,9/10/2026,,1,,,,0,,0,00.577.158/0001-29,
077788,0,834,,,0,AMOSTRA,0,04/09,1 Ag F,0,OP PRODUÇÃO,0,000,CLASSIFICAR MODELO/FAMILIA,,,0097,GERAL,PRD,PRD - FASE PRODUTO,,,Agu retor Feira / pos fei,,00/01/1900,23/06/2021,86,DISNEY C&A,CONFECCOES ONEDA LTDA,01.14.01.3262,CONJUNTO MOLETOM / 2027-1-5611,CO,COR,N,CFA,CFA - FEIRA WINTER I 2027 (PROD AS BS),50,A DEFINIR,2,11,4,0,0,0,0,10/08/2026,8/10/2026,D41,FLUXO DE PENDENCIA DE COR,D01,,PENDENTE COR NOVA,0,PC,AGUAR. APROV. LIC. / CONCEITO,,,,,,00/01/1900,,,(47) 3332-5004,0,,,,,,0,-36,36,4,,,0,0,0,0,0,A,003,T52A - BBO,11,MASCULINO,N,N,SSNN,0,,B35,0,0,C04,CONJUNTO MOLETOM (TOP/BOTTON),"Rot 1 cor PIG R$ 19, processo completo",EST 6 CORES + PUFF,0,00/01/1900,3,0,GASPAR,AVENIDA DEPUTADO FRANCISCO MASTELLA,3955,SETE DE SETEMBRO,,0,10/08/2026,9/10/2026,,1,,,,0,,0,00.577.158/0001-29,
077790,0,834,,,0,AMOSTRA,0,04/09,1 Ag F,0,OP PRODUÇÃO,0,000,CLASSIFICAR MODELO/FAMILIA,,,0097,GERAL,PRD,PRD - FASE PRODUTO,,,Agu retor Feira / pos fei,,00/01/1900,23/06/2021,85,SEM LICENSA C&A,CONFECCOES ONEDA LTDA,01.14.00.7736E,TOP REGATA / 2026-2-3571,CO,COR,N,CFA,CFA - FEIRA WINTER I 2027 (PROD AS BS),50,A DEFINIR,2,11,4,0,0,0,0,10/08/2026,8/10/2026,D41,FLUXO DE PENDENCIA DE COR,D01,,PENDENTE COR NOVA,0,PC,PENDENTE DESENVOLVIMENTO,,,,,,00/01/1900,,,(47) 3332-5004,0,,,,,,0,-36,36,4,,,0,0,0,0,0,A,003,T52A - BBO,11,MASCULINO,N,N,SSNN,0,,B34,0,0,T06,TOP REGATA (TOP),,,0,00/01/1900,1,0,GASPAR,AVENIDA DEPUTADO FRANCISCO MASTELLA,3955,SETE DE SETEMBRO,,0,10/08/2026,9/10/2026,,1,,,,0,,0,00.577.158/0001-29,
077792,0,834,,,0,AMOSTRA,0,04/09,1 Ag F,0,OP PRODUÇÃO,0,000,CLASSIFICAR MODELO/FAMILIA,,,0097,GERAL,PRD,PRD - FASE PRODUTO,,,Agu retor Feira / pos fei,,00/01/1900,23/06/2021,86,DISNEY C&A,CONFECCOES ONEDA LTDA,01.14.01.3263,TOP CURTO / 2027-1-5616,CO,COR,N,CFA,CFA - FEIRA WINTER I 2027 (PROD AS BS),50,A DEFINIR,2,11,4,0,0,0,0,10/08/2026,8/10/2026,D41,FLUXO DE PENDENCIA DE COR,D01,,PENDENTE COR NOVA,0,PC,AGUAR. APROV. LIC. / CONCEITO,,,,,,00/01/1900,,,(47) 3332-5004,0,,,,,,0,-36,36,4,,,0,0,0,0,0,A,003,T52A - BBO,11,MASCULINO,N,N,SSNN,0,,B36,0,0,T00,TOP CURTO (TOP),"ETIQUETA R$ 220,00 / milheiro","GS39553 R$ 2,20 c/ proteção",0,00/01/1900,2,0,GASPAR,AVENIDA DEPUTADO FRANCISCO MASTELLA,3955,SETE DE SETEMBRO,,0,10/08/2026,9/10/2026,,1,,,,0,,0,00.577.158/0001-29,
077793,0,834,,,0,AMOSTRA,0,04/09,1 Ag F,0,OP PRODUÇÃO,0,000,CLASSIFICAR MODELO/FAMILIA,,,0097,GERAL,PRD,PRD - FASE PRODUTO,,,Agu retor Feira / pos fei,,00/01/1900,23/06/2021,119,PEANUTS C&A,CONFECCOES ONEDA LTDA,01.14.28.0152,TOP CURTO / 2027-1-5622,CO,COR,N,CFA,CFA - FEIRA WINTER I 2027 (PROD AS BS),50,A DEFINIR,2,11,4,0,0,0,0,10/08/2026,8/10/2026,D41,FLUXO DE PENDENCIA DE COR,D01,,PENDENTE COR NOVA,0,PC,AGUAR. APROV. LIC. / CONCEITO,,,,,,00/01/1900,,,(47) 3332-5004,0,,,,,,0,-36,36,4,,,0,0,0,0,0,A,003,T52A - BBO,11,MASCULINO,N,N,SSNN,0,,B36,0,0,T00,TOP CURTO (TOP),"ETIQUETA R$ 270,00 / milheiro","GS39551 R$ 2,20 c/ proteção",0,00/01/1900,2,0,GASPAR,AVENIDA DEPUTADO FRANCISCO MASTELLA,3955,SETE DE SETEMBRO,,0,10/08/2026,9/10/2026,,1,,,,0,,0,00.577.158/0001-29,
077794,0,834,,,0,AMOSTRA,0,04/09,1 Ag F,0,OP PRODUÇÃO,0,000,CLASSIFICAR MODELO/FAMILIA,,,0097,GERAL,PRD,PRD - FASE PRODUTO,,,Agu retor Feira / pos fei,,00/01/1900,23/06/2021,85,SEM LICENSA C&A,CONFECCOES ONEDA LTDA,01.14.00.7888,TOP CURTO / 2027-1-5623,CO,COR,N,CFC,CFC - FEIRA WINTER I 2027 (PROD CS),50,A DEFINIR,2,11,4,0,0,0,0,10/08/2026,8/10/2026,D41,FLUXO DE PENDENCIA DE COR,D01,,PENDENTE COR NOVA,0,PC,PENDENTE DESENVOLVIMENTO,,,,,,00/01/1900,,,(47) 3332-5004,0,,,,,,0,-36,36,4,,,0,0,0,0,0,A,003,T52A - BBO,11,MASCULINO,N,N,SSNN,0,,B36,0,0,T00,TOP CURTO (TOP),,"GS39555A R$ 0,55",0,00/01/1900,4,0,GASPAR,AVENIDA DEPUTADO FRANCISCO MASTELLA,3955,SETE DE SETEMBRO,,0,10/08/2026,9/10/2026,,1,,,,0,,0,00.577.158/0001-29,
077797,0,834,,,0,AMOSTRA,0,04/09,,0,OP PRODUÇÃO,0,000,CLASSIFICAR MODELO/FAMILIA,,,0097,GERAL,PRD,PRD - FASE PRODUTO,,,,,00/01/1900,23/06/2021,85,SEM LICENSA C&A,CONFECCOES ONEDA LTDA,01.14.00.7891,POLO CURTO / 2027-1-5626,CO,COR,N,CFC,CFC - FEIRA WINTER I 2027 (PROD CS),50,A DEFINIR,2,11,4,0,0,0,0,10/08/2026,8/10/2026,D41,FLUXO DE PENDENCIA DE COR,D01,,PENDENTE COR NOVA,0,PC,PENDENTE DESENVOLVIMENTO,,,,,,00/01/1900,,,(47) 3332-5004,0,,,,,,0,-36,36,4,,,0,0,0,0,0,A,003,T52A - BBO,11,MASCULINO,N,N,SSNN,0,,B36,0,0,T13,POLO CURTO (TOP),,"GS39552 R$ 1,65 c/ proteção",0,00/01/1900,1,0,GASPAR,AVENIDA DEPUTADO FRANCISCO MASTELLA,3955,SETE DE SETEMBRO,,0,10/08/2026,9/10/2026,,1,,,,0,,0,00.577.158/0001-29,
077801,0,834,,,0,AMOSTRA,0,04/09,,0,OP PRODUÇÃO,0,000,CLASSIFICAR MODELO/FAMILIA,,,0097,GERAL,PRD,PRD - FASE PRODUTO,,,,,00/01/1900,23/06/2021,85,SEM LICENSA C&A,CONFECCOES ONEDA LTDA,01.12.00.7875A,SHORTS / VPN-DEFINIR,CO,COR,N,CFC,CFC - FEIRA WINTER I 2027 (PROD CS),50,A DEFINIR,3-6,32,4,0,0,0,0,10/08/2026,8/10/2026,D41,FLUXO DE PENDENCIA DE COR,D01,,PENDENTE COR NOVA,0,PC,PENDENTE DESENVOLVIMENTO,,,,,,00/01/1900,,,(47) 3332-5004,0,,,,,,0,-36,36,4,,,0,0,0,0,0,A,004,T51A - RNO,11,MASCULINO,N,N,SSNN,0,,B34,0,0,B00,SHORTS (BOTTON),,"GS39533 R$ 1,60 c/ proteção",0,00/01/1900,0,0,GASPAR,AVENIDA DEPUTADO FRANCISCO MASTELLA,3955,SETE DE SETEMBRO,,0,10/08/2026,9/10/2026,,1,,,,0,,0,00.577.158/0001-29,
077802,0,834,,,0,AMOSTRA,0,04/09,1 Ag F,0,OP PRODUÇÃO,0,000,CLASSIFICAR MODELO/FAMILIA,,,0097,GERAL,PRD,PRD - FASE PRODUTO,,,Agu retor Feira / pos fei,,00/01/1900,23/06/2021,97,MOJANG C&A,CONFECCOES ONEDA LTDA,01.16.11.0363,TOP CURTO / 2027-1-5218,CO,COR,N,CFA,CFA - FEIRA WINTER I 2027 (PROD AS BS),50,A DEFINIR,6,14,4,0,0,0,0,10/08/2026,8/10/2026,D41,FLUXO DE PENDENCIA DE COR,D01,,PENDENTE COR NOVA,0,PC,AGUAR. APROV. LIC. / CONCEITO,,,,,,00/01/1900,,,(47) 3332-5004,0,,,,,,0,-36,36,4,,,0,0,0,0,0,A,001,T54A - LICENSE MASC.,11,MASCULINO,N,N,SSNN,0,,B35,0,0,T00,TOP CURTO (TOP),,EST FR 6 CORES / EST COST 10 CORES,0,00/01/1900,2,0,GASPAR,AVENIDA DEPUTADO FRANCISCO MASTELLA,3955,SETE DE SETEMBRO,,0,10/08/2026,9/10/2026,,1,,,,0,,0,00.577.158/0001-29,
077805,0,834,,,0,AMOSTRA,0,04/09,1 Ag F,0,OP PRODUÇÃO,0,000,CLASSIFICAR MODELO/FAMILIA,,,0097,GERAL,PRD,PRD - FASE PRODUTO,,,Agu retor Feira / pos fei,,00/01/1900,23/06/2021,146,LICENÇAS VARIADAS,CONFECCOES ONEDA LTDA,01.16.42.0551,TOP LONGO / 2027-1-5127,CO,COR,N,CFA,CFA - FEIRA WINTER I 2027 (PROD AS BS),50,A DEFINIR,6,14,4,0,0,0,0,10/08/2026,8/10/2026,D41,FLUXO DE PENDENCIA DE COR,D01,,PENDENTE COR NOVA,0,PC,AGUAR. APROV. LIC. / CONCEITO,,,,,,00/01/1900,,,(47) 3332-5004,0,,,,,,0,-36,36,4,,,0,0,0,0,0,A,001,T54A - LICENSE MASC.,11,MASCULINO,N,N,SSNN,0,,B35,0,0,T02,TOP LONGO (TOP),,EST 3 CORES,0,00/01/1900,2,0,GASPAR,AVENIDA DEPUTADO FRANCISCO MASTELLA,3955,SETE DE SETEMBRO,,0,10/08/2026,9/10/2026,,1,,,,0,T21A,0,00.577.158/0001-29,
077817,0,834,,,0,AMOSTRA,0,04/09,,0,OP PRODUÇÃO,0,000,CLASSIFICAR MODELO/FAMILIA,,,0097,GERAL,PRD,PRD - FASE PRODUTO,,,,,00/01/1900,23/06/2021,85,SEM LICENSA C&A,CONFECCOES ONEDA LTDA,01.16.00.7896,CONJUNTO CURTO / 2027-1-5196,CO,COR,N,CFA,CFA - FEIRA WINTER I 2027 (PROD AS BS),50,A DEFINIR,6,14,4,0,0,0,0,10/08/2026,8/10/2026,D41,FLUXO DE PENDENCIA DE COR,D01,,PENDENTE COR NOVA,0,PC,PENDENTE DESENVOLVIMENTO,,,,,,00/01/1900,,,(47) 3332-5004,0,,,,,,0,-36,36,4,,,0,0,0,0,0,A,007,T54A - PALOMINO,11,MASCULINO,N,N,SSNN,0,,B35,0,0,C00,CONJUNTO CURTO (TOP/BOTTON),,EST 1 COR,0,00/01/1900,2,0,GASPAR,AVENIDA DEPUTADO FRANCISCO MASTELLA,3955,SETE DE SETEMBRO,,0,10/08/2026,9/10/2026,,1,,,,0,,0,00.577.158/0001-29,
077818,0,834,,,0,AMOSTRA,0,04/09,1 Ag F,0,OP PRODUÇÃO,0,000,CLASSIFICAR MODELO/FAMILIA,,,0097,GERAL,PRD,PRD - FASE PRODUTO,,,Agu retor Feira / pos fei,,00/01/1900,23/06/2021,85,SEM LICENSA C&A,CONFECCOES ONEDA LTDA,01.16.00.7897,TOP MOLETOM / 2027-1-5195,CO,COR,N,CFA,CFA - FEIRA WINTER I 2027 (PROD AS BS),50,A DEFINIR,6,14,4,0,0,0,0,10/08/2026,8/10/2026,D41,FLUXO DE PENDENCIA DE COR,D01,,PENDENTE COR NOVA,0,PC,PENDENTE DESENVOLVIMENTO,,,,,,00/01/1900,,,(47) 3332-5004,0,,,,,,0,-36,36,4,,,0,0,0,0,0,A,007,T54A - PALOMINO,11,MASCULINO,N,N,SSNN,0,,B36,0,0,T11,TOP MOLETOM (TOP),,,0,00/01/1900,1,0,GASPAR,AVENIDA DEPUTADO FRANCISCO MASTELLA,3955,SETE DE SETEMBRO,,0,10/08/2026,9/10/2026,,1,,,,0,,0,00.577.158/0001-29,
077819,0,834,,,0,AMOSTRA,0,04/09,1 Ag F,0,OP PRODUÇÃO,0,000,CLASSIFICAR MODELO/FAMILIA,,,0097,GERAL,PRD,PRD - FASE PRODUTO,,,Agu retor Feira / pos fei,,00/01/1900,23/06/2021,85,SEM LICENSA C&A,CONFECCOES ONEDA LTDA,01.16.00.7898,TOP CURTO / 2027-1-5190,CO,COR,N,CFA,CFA - FEIRA WINTER I 2027 (PROD AS BS),50,A DEFINIR,6,14,4,0,0,0,0,10/08/2026,8/10/2026,D41,FLUXO DE PENDENCIA DE COR,D01,,PENDENTE COR NOVA,0,PC,PENDENTE DESENVOLVIMENTO,,,,,,00/01/1900,,,(47) 3332-5004,0,,,,,,0,-36,36,4,,,0,0,0,0,0,A,007,T54A - PALOMINO,11,MASCULINO,N,N,SSNN,0,,B34,0,0,T00,TOP CURTO (TOP),,,0,00/01/1900,2,0,GASPAR,AVENIDA DEPUTADO FRANCISCO MASTELLA,3955,SETE DE SETEMBRO,,0,10/08/2026,9/10/2026,,1,,,,0,,0,00.577.158/0001-29,
077822,0,834,,,0,AMOSTRA,0,04/09,1 Ag F,0,OP PRODUÇÃO,0,000,CLASSIFICAR MODELO/FAMILIA,,,0097,GERAL,PRD,PRD - FASE PRODUTO,,,Agu retor Feira / pos fei,,00/01/1900,23/06/2021,85,SEM LICENSA C&A,CONFECCOES ONEDA LTDA,01.16.00.7901,TOP LONGO COM CAPUZ / 2027-1-5152,CO,COR,N,CFA,CFA - FEIRA WINTER I 2027 (PROD AS BS),50,A DEFINIR,6,14,4,0,0,0,0,10/08/2026,8/10/2026,D41,FLUXO DE PENDENCIA DE COR,D01,,PENDENTE COR NOVA,0,PC,PENDENTE DESENVOLVIMENTO,,,,,,00/01/1900,,,(47) 3332-5004,0,,,,,,0,-36,36,4,,,0,0,0,0,0,A,007,T54A - PALOMINO,11,MASCULINO,N,N,SSNN,0,,B36,0,0,T03,TOP LONGO COM CAPUZ (TOP),,EST FR 3 CORES / EST COST FLOCADO + 3 CORES,0,00/01/1900,3,0,GASPAR,AVENIDA DEPUTADO FRANCISCO MASTELLA,3955,SETE DE SETEMBRO,,0,10/08/2026,9/10/2026,,1,,,,0,,0,00.577.158/0001-29,
077825,0,834,,,0,AMOSTRA,0,04/09,1 Ag F,0,OP PRODUÇÃO,0,000,CLASSIFICAR MODELO/FAMILIA,,,0097,GERAL,PRD,PRD - FASE PRODUTO,,,Agu retor Feira / pos fei,,00/01/1900,23/06/2021,85,SEM LICENSA C&A,CONFECCOES ONEDA LTDA,01.16.00.7903A,TOP CURTO / 2027-1-5101,CO,COR,N,CFA,CFA - FEIRA WINTER I 2027 (PROD AS BS),50,A DEFINIR,6,14,4,0,0,0,0,10/08/2026,8/10/2026,D41,FLUXO DE PENDENCIA DE COR,D01,,PENDENTE COR NOVA,0,PC,PENDENTE DESENVOLVIMENTO,,,,,,00/01/1900,,,(47) 3332-5004,0,,,,,,0,-36,36,4,,,0,0,0,0,0,A,007,T54A - PALOMINO,11,MASCULINO,N,N,SSNN,0,,B34,0,0,T00,TOP CURTO (TOP),,,0,00/01/1900,1,0,GASPAR,AVENIDA DEPUTADO FRANCISCO MASTELLA,3955,SETE DE SETEMBRO,,0,10/08/2026,9/10/2026,,1,,,,0,,0,00.577.158/0001-29,
077826,0,834,,,0,AMOSTRA,0,04/09,,0,OP PRODUÇÃO,0,000,CLASSIFICAR MODELO/FAMILIA,,,0097,GERAL,PRD,PRD - FASE PRODUTO,,,,,00/01/1900,23/06/2021,85,SEM LICENSA C&A,CONFECCOES ONEDA LTDA,01.11.00.7904,SHORTS / VPN-DEFINIR,CO,COR,N,CFC,CFC - FEIRA WINTER I 2027 (PROD CS),50,A DEFINIR,3-6,32,8,0,0,0,0,10/08/2026,8/10/2026,D41,FLUXO DE PENDENCIA DE COR,D01,,PENDENTE COR NOVA,0,CJ,PENDENTE DESENVOLVIMENTO,,,,,,00/01/1900,,,(47) 3332-5004,0,,,,,,0,-36,36,8,,,0,0,0,0,0,A,006,T51A - RNA,12,FEMININO,N,N,SSNN,0,,B35,0,0,B00,SHORTS (BOTTON),"Rot 1 cor ECOWAY R$ 24, processo completo",,0,00/01/1900,1,0,GASPAR,AVENIDA DEPUTADO FRANCISCO MASTELLA,3955,SETE DE SETEMBRO,,0,10/08/2026,9/10/2026,,1,,,,0,,0,00.577.158/0001-29,
077842,0,834,,,0,AMOSTRA,0,04/09,1 Ag F,0,OP PRODUÇÃO,0,000,CLASSIFICAR MODELO/FAMILIA,,,0097,GERAL,PRD,PRD - FASE PRODUTO,,,Agu retor Feira / pos fei,,00/01/1900,23/06/2021,97,MOJANG C&A,CONFECCOES ONEDA LTDA,01.16.11.0364,TOP LONGO / 2027-1-5218,CO,COR,N,CFA,CFA - FEIRA WINTER I 2027 (PROD AS BS),50,A DEFINIR,6,14,4,0,0,0,0,11/08/2026,8/11/2026,D41,FLUXO DE PENDENCIA DE COR,D01,,PENDENTE COR NOVA,0,PC,AGUAR. APROV. LIC. / CONCEITO,,,,,,00/01/1900,,,(47) 3332-5004,0,,,,,,0,-35,35,4,,,0,0,0,0,0,A,001,T54A - LICENSE MASC.,11,MASCULINO,N,N,SSNN,0,,B35,0,0,T02,TOP LONGO (TOP),,EST FR 6 CORES / EST COST 10 CORES,0,00/01/1900,2,0,GASPAR,AVENIDA DEPUTADO FRANCISCO MASTELLA,3955,SETE DE SETEMBRO,,0,11/08/2026,9/11/2026,,1,,,,0,,0,00.577.158/0001-29,
077847,0,834,,,0,AMOSTRA,0,04/09,,0,OP PRODUÇÃO,0,000,CLASSIFICAR MODELO/FAMILIA,,,0097,GERAL,PRD,PRD - FASE PRODUTO,,,,,00/01/1900,23/06/2021,83,UNIVERSAL C&A,CONFECCOES ONEDA LTDA,01.13.08.0212,TOP CURTO / 2027-1-5071,CO,COR,N,CFA,CFA - FEIRA WINTER I 2027 (PROD AS BS),50,A DEFINIR,2,11,4,0,0,0,0,12/08/2026,8/12/2026,D41,FLUXO DE PENDENCIA DE COR,D01,,PENDENTE COR NOVA,0,PC,AGUAR. APROV. LIC. / CONCEITO,,,,,,00/01/1900,,,(47) 3332-5004,0,,,,,,0,-34,34,4,,,0,0,0,0,0,A,005,T58A - BBA,12,FEMININO,N,N,SSNN,0,,B34,0,0,T00,TOP CURTO (TOP),,,0,00/01/1900,2,0,GASPAR,AVENIDA DEPUTADO FRANCISCO MASTELLA,3955,SETE DE SETEMBRO,,0,12/08/2026,9/12/2026,,1,,,,0,,0,00.577.158/0001-29,
077853,0,834,,,0,AMOSTRA,0,04/09,,0,OP PRODUÇÃO,0,000,CLASSIFICAR MODELO/FAMILIA,,,0097,GERAL,PRD,PRD - FASE PRODUTO,,,,,00/01/1900,23/06/2021,146,LICENÇAS VARIADAS,CONFECCOES ONEDA LTDA,01.13.42.0563,TOP LONGO / 2027-1-5321,CO,COR,N,CFA,CFA - FEIRA WINTER I 2027 (PROD AS BS),50,A DEFINIR,2,11,4,0,0,0,0,12/08/2026,8/12/2026,D41,FLUXO DE PENDENCIA DE COR,D01,,PENDENTE COR NOVA,0,PC,AGUAR. APROV. LIC. / CONCEITO,,,,,,00/01/1900,,,(47) 3332-5004,0,,,,,,0,-34,34,4,,,0,0,0,0,0,A,005,T58A - BBA,12,FEMININO,N,N,SSNN,0,,B34,0,0,T02,TOP LONGO (TOP),,,0,00/01/1900,2,0,GASPAR,AVENIDA DEPUTADO FRANCISCO MASTELLA,3955,SETE DE SETEMBRO,,0,12/08/2026,9/12/2026,,1,,,,0,,0,00.577.158/0001-29,
077855,0,834,,,0,AMOSTRA,0,04/09,,0,OP PRODUÇÃO,0,000,CLASSIFICAR MODELO/FAMILIA,,,0097,GERAL,PRD,PRD - FASE PRODUTO,,,,,00/01/1900,23/06/2021,86,DISNEY C&A,CONFECCOES ONEDA LTDA,01.13.01.3269,TOP LONGO / 2027-1-5056,CO,COR,N,CFA,CFA - FEIRA WINTER I 2027 (PROD AS BS),50,A DEFINIR,2,11,4,0,0,0,0,12/08/2026,8/12/2026,D41,FLUXO DE PENDENCIA DE COR,D01,,PENDENTE COR NOVA,0,PC,AGUAR. APROV. LIC. / CONCEITO,,,,,,00/01/1900,,,(47) 3332-5004,0,,,,,,0,-34,34,4,,,0,0,0,0,0,A,005,T58A - BBA,12,FEMININO,N,N,SSNN,0,,B35,0,0,T02,TOP LONGO (TOP),,EST 6 CORES + GLITTER,0,00/01/1900,2,0,GASPAR,AVENIDA DEPUTADO FRANCISCO MASTELLA,3955,SETE DE SETEMBRO,,0,12/08/2026,9/12/2026,,1,,,,0,,0,00.577.158/0001-29,
077858,0,834,,,0,AMOSTRA,0,04/09,,0,OP PRODUÇÃO,0,000,CLASSIFICAR MODELO/FAMILIA,,,0097,GERAL,PRD,PRD - FASE PRODUTO,,,,,00/01/1900,23/06/2021,58,NICKELODEON C&A,CONFECCOES ONEDA LTDA,01.13.03.0278,TOP LONGO / 2027-1-4424,CO,COR,N,CFA,CFA - FEIRA WINTER I 2027 (PROD AS BS),50,A DEFINIR,2,11,4,0,0,0,0,12/08/2026,8/12/2026,D41,FLUXO DE PENDENCIA DE COR,D01,,PENDENTE COR NOVA,0,PC,AGUAR. APROV. LIC. / CONCEITO,,,,,,00/01/1900,,,(47) 3332-5004,0,,,,,,0,-34,34,4,,,0,0,0,0,0,A,005,T58A - BBA,12,FEMININO,N,N,SSNN,0,,B34,0,0,T02,TOP LONGO (TOP),,EST. 9 CORES + GLITTER,0,00/01/1900,2,0,GASPAR,AVENIDA DEPUTADO FRANCISCO MASTELLA,3955,SETE DE SETEMBRO,,0,12/08/2026,9/12/2026,,1,,,,0,,0,00.577.158/0001-29,
077859,0,834,,,0,AMOSTRA,0,04/09,,0,OP PRODUÇÃO,0,000,CLASSIFICAR MODELO/FAMILIA,,,0097,GERAL,PRD,PRD - FASE PRODUTO,,,,,00/01/1900,23/06/2021,36,WARNER C&A,CONFECCOES ONEDA LTDA,01.13.07.0690,TOP LONGO / 2027-1-5322,CO,COR,N,CFA,CFA - FEIRA WINTER I 2027 (PROD AS BS),50,A DEFINIR,2,11,4,0,0,0,0,12/08/2026,8/12/2026,D41,FLUXO DE PENDENCIA DE COR,D01,,PENDENTE COR NOVA,0,PC,AGUAR. APROV. LIC. / CONCEITO,,,,,,00/01/1900,,,(47) 3332-5004,0,,,,,,0,-34,34,4,,,0,0,0,0,0,A,005,T58A - BBA,12,FEMININO,N,N,SSNN,0,,B34,0,0,T00,TOP CURTO (TOP),,EST. 9 CORES + GLITTER,0,00/01/1900,1,0,GASPAR,AVENIDA DEPUTADO FRANCISCO MASTELLA,3955,SETE DE SETEMBRO,,0,12/08/2026,9/12/2026,,1,,,,0,,0,00.577.158/0001-29,
077860,0,834,,,0,AMOSTRA,0,10/09,,0,OP PRODUÇÃO,0,000,CLASSIFICAR MODELO/FAMILIA,,,0097,GERAL,PRD,PRD - FASE PRODUTO,,,,,00/01/1900,6/23/2021,85,SEM LICENSA C&A,CONFECCOES ONEDA LTDA,01.17.00.7905,TOP LONGO / 2026-1-15651,CO,COR,N,CFA,CFA - FEIRA WINTER I 2027 (PROD AS BS),50,A DEFINIR,12,17,4,0,0,0,0,13/08/2026,8/13/2026,D41,FLUXO DE PENDENCIA DE COR,D01,,PENDENTE COR NOVA,0,PC,PENDENTE DESENVOLVIMENTO,,,,,,00/01/1900,,,(47) 3332-5004,0,,,,,,0,-33,33,4,,,0,0,0,0,0,A,013,T59A - FIFTEEN MP,12,FEMININO,N,N,SSNN,0,,B35,0,0,T02,TOP LONGO (TOP),,,0,00/01/1900,1,0,GASPAR,AVENIDA DEPUTADO FRANCISCO MASTELLA,3955,SETE DE SETEMBRO,,0,13/08/2026,9/13/2026,,1,,,,0,,0,00.577.158/0001-29,
077862,0,834,,,0,AMOSTRA,0,10/09,,0,OP PRODUÇÃO,0,000,CLASSIFICAR MODELO/FAMILIA,,,0097,GERAL,PRD,PRD - FASE PRODUTO,,,,,00/01/1900,6/23/2021,85,SEM LICENSA C&A,CONFECCOES ONEDA LTDA,01.17.00.7906,TOP CURTO / 2026-1-15652,CO,COR,N,CFA,CFA - FEIRA WINTER I 2027 (PROD AS BS),50,A DEFINIR,12,17,4,0,0,0,0,13/08/2026,8/13/2026,D41,FLUXO DE PENDENCIA DE COR,D01,,PENDENTE COR NOVA,0,PC,PENDENTE DESENVOLVIMENTO,,,,,,00/01/1900,,,(47) 3332-5004,0,,,,,,0,-33,33,4,,,0,0,0,0,0,A,013,T59A - FIFTEEN MP,12,FEMININO,N,N,SSNN,0,,B35,0,0,T00,TOP CURTO (TOP),,,0,00/01/1900,1,0,GASPAR,AVENIDA DEPUTADO FRANCISCO MASTELLA,3955,SETE DE SETEMBRO,,0,13/08/2026,9/13/2026,,1,,,,0,,0,00.577.158/0001-29,
077867,0,834,,,0,AMOSTRA,0,10/09,,0,OP PRODUÇÃO,0,000,CLASSIFICAR MODELO/FAMILIA,,,0097,GERAL,PRD,PRD - FASE PRODUTO,,,,,00/01/1900,23/06/2021,146,LICENÇAS VARIADAS,CONFECCOES ONEDA LTDA,01.18.42.0567,TOP CURTO / VPN-DEFINIR,CO,COR,N,CFA,CFA - FEIRA WINTER I 2027 (PROD AS BS),50,A DEFINIR,12,17,4,0,0,0,0,13/08/2026,8/13/2026,D41,FLUXO DE PENDENCIA DE COR,D01,,PENDENTE COR NOVA,0,PC,AGUAR. APROV. LIC. / CONCEITO,,,,,,00/01/1900,,,(47) 3332-5004,0,,,,,,0,-33,33,4,,,0,0,0,0,0,A,013,T59A - FIFTEEN MP,11,MASCULINO,N,N,SSNN,0,,B38,0,0,T00,TOP CURTO (TOP),,,0,00/01/1900,0,0,GASPAR,AVENIDA DEPUTADO FRANCISCO MASTELLA,3955,SETE DE SETEMBRO,,0,13/08/2026,9/13/2026,,1,,,,0,,0,00.577.158/0001-29,
077868,0,834,,,0,AMOSTRA,0,10/09,,0,OP PRODUÇÃO,0,000,CLASSIFICAR MODELO/FAMILIA,,,0097,GERAL,PRD,PRD - FASE PRODUTO,,,,,00/01/1900,23/06/2021,146,LICENÇAS VARIADAS,CONFECCOES ONEDA LTDA,01.18.42.0568,TOP CURTO / 2027-1-5824,CO,COR,N,CFA,CFA - FEIRA WINTER I 2027 (PROD AS BS),50,A DEFINIR,12,17,4,0,0,0,0,13/08/2026,8/13/2026,D41,FLUXO DE PENDENCIA DE COR,D01,,PENDENTE COR NOVA,0,PC,AGUAR. APROV. LIC. / CONCEITO,,,,,,00/01/1900,,,(47) 3332-5004,0,,,,,,0,-33,33,4,,,0,0,0,0,0,A,013,T59A - FIFTEEN MP,11,MASCULINO,N,N,SSNN,0,,B37,0,0,T00,TOP CURTO (TOP),,,0,00/01/1900,2,0,GASPAR,AVENIDA DEPUTADO FRANCISCO MASTELLA,3955,SETE DE SETEMBRO,,0,13/08/2026,9/13/2026,,1,,,,0,,0,00.577.158/0001-29,
077871,0,834,,,0,AMOSTRA,0,10/09,,0,OP PRODUÇÃO,0,000,CLASSIFICAR MODELO/FAMILIA,,,0097,GERAL,PRD,PRD - FASE PRODUTO,,,,,00/01/1900,23/06/2021,85,SEM LICENSA C&A,CONFECCOES ONEDA LTDA,01.18.00.7908,POLO CURTO / 2027-1-5816,CO,COR,N,CFA,CFA - FEIRA WINTER I 2027 (PROD AS BS),50,A DEFINIR,12,17,4,0,0,0,0,13/08/2026,8/13/2026,D41,FLUXO DE PENDENCIA DE COR,D01,,PENDENTE COR NOVA,0,PC,PENDENTE DESENVOLVIMENTO,,,,,,00/01/1900,,,(47) 3332-5004,0,,,,,,0,-33,33,4,,,0,0,0,0,0,A,013,T59A - FIFTEEN MP,11,MASCULINO,N,N,SSNN,0,,B37,0,0,T13,POLO CURTO (TOP),,,0,00/01/1900,3,0,GASPAR,AVENIDA DEPUTADO FRANCISCO MASTELLA,3955,SETE DE SETEMBRO,,0,13/08/2026,9/13/2026,,1,,,,0,,0,00.577.158/0001-29,
077872,0,834,,,0,AMOSTRA,0,10/09,,0,OP PRODUÇÃO,0,000,CLASSIFICAR MODELO/FAMILIA,,,0097,GERAL,PRD,PRD - FASE PRODUTO,,,,,00/01/1900,23/06/2021,85,SEM LICENSA C&A,CONFECCOES ONEDA LTDA,01.18.00.7909,TOP LONGO / 2027-1-5819,CO,COR,N,CFA,CFA - FEIRA WINTER I 2027 (PROD AS BS),50,A DEFINIR,12,17,4,0,0,0,0,13/08/2026,8/13/2026,D41,FLUXO DE PENDENCIA DE COR,D01,,PENDENTE COR NOVA,0,PC,PENDENTE DESENVOLVIMENTO,,,,,,00/01/1900,,,(47) 3332-5004,0,,,,,,0,-33,33,4,,,0,0,0,0,0,A,013,T59A - FIFTEEN MP,11,MASCULINO,N,N,SSNN,0,,B36,0,0,T02,TOP LONGO (TOP),,,0,00/01/1900,3,0,GASPAR,AVENIDA DEPUTADO FRANCISCO MASTELLA,3955,SETE DE SETEMBRO,,0,13/08/2026,9/13/2026,,1,,,,0,,0,00.577.158/0001-29,
077873,0,834,,,0,AMOSTRA,0,10/09,,0,OP PRODUÇÃO,0,000,CLASSIFICAR MODELO/FAMILIA,,,0097,GERAL,PRD,PRD - FASE PRODUTO,,,,,00/01/1900,6/23/2021,85,SEM LICENSA C&A,CONFECCOES ONEDA LTDA,01.18.00.7909-1,TOP LONGO / 2027-1-5819,CO,COR,N,CFA,CFA - FEIRA WINTER I 2027 (PROD AS BS),50,A DEFINIR,12,17,4,0,0,0,0,13/08/2026,8/13/2026,D41,FLUXO DE PENDENCIA DE COR,D01,,PENDENTE COR NOVA,0,PC,PENDENTE DESENVOLVIMENTO,,,,,,00/01/1900,,,(47) 3332-5004,0,,,,,,0,-33,33,4,,,0,0,0,0,0,A,013,T59A - FIFTEEN MP,11,MASCULINO,N,N,SSNN,0,,B36,0,0,T02,TOP LONGO (TOP),,,0,00/01/1900,2,0,GASPAR,AVENIDA DEPUTADO FRANCISCO MASTELLA,3955,SETE DE SETEMBRO,,0,13/08/2026,9/13/2026,,1,,,,0,,0,00.577.158/0001-29,
077877,0,834,,,0,AMOSTRA,0,10/09,,0,OP PRODUÇÃO,0,000,CLASSIFICAR MODELO/FAMILIA,,,0097,GERAL,PRD,PRD - FASE PRODUTO,,,,,00/01/1900,23/06/2021,85,SEM LICENSA C&A,CONFECCOES ONEDA LTDA,01.18.00.7912,TOP CURTO / VPN-DEFINIR,CO,COR,N,CFB,CFB - FEIRA WINTER I 2027 (BUFFER),50,A DEFINIR,12,17,4,0,0,0,0,13/08/2026,8/13/2026,D41,FLUXO DE PENDENCIA DE COR,D01,,PENDENTE COR NOVA,0,PC,PENDENTE DESENVOLVIMENTO,,,,,,00/01/1900,,,(47) 3332-5004,0,,,,,,0,-33,33,4,,,0,0,0,0,0,A,013,T59A - FIFTEEN MP,11,MASCULINO,N,N,SSNN,0,,B34,0,0,T00,TOP CURTO (TOP),,,0,00/01/1900,1,0,GASPAR,AVENIDA DEPUTADO FRANCISCO MASTELLA,3955,SETE DE SETEMBRO,,0,13/08/2026,9/13/2026,,1,,,,0,,0,00.577.158/0001-29,
077879,0,834,,,0,AMOSTRA,0,10/09,,0,OP PRODUÇÃO,0,000,CLASSIFICAR MODELO/FAMILIA,,,0097,GERAL,PRD,PRD - FASE PRODUTO,,,,,00/01/1900,23/06/2021,85,SEM LICENSA C&A,CONFECCOES ONEDA LTDA,01.18.00.7914,TOP CURTO / VPN-DEFINIR,CO,COR,N,CFB,CFB - FEIRA WINTER I 2027 (BUFFER),50,A DEFINIR,12,17,4,0,0,0,0,13/08/2026,8/13/2026,D41,FLUXO DE PENDENCIA DE COR,D01,,PENDENTE COR NOVA,0,PC,PENDENTE DESENVOLVIMENTO,,,,,,00/01/1900,,,(47) 3332-5004,0,,,,,,0,-33,33,4,,,0,0,0,0,0,A,013,T59A - FIFTEEN MP,11,MASCULINO,N,N,SSNN,0,,B34,0,0,T00,TOP CURTO (TOP),,,0,00/01/1900,1,0,GASPAR,AVENIDA DEPUTADO FRANCISCO MASTELLA,3955,SETE DE SETEMBRO,,0,13/08/2026,9/13/2026,,1,,,,0,,0,00.577.158/0001-29,
077881,0,834,,,0,AMOSTRA,0,10/09,,0,OP PRODUÇÃO,0,000,CLASSIFICAR MODELO/FAMILIA,,,0097,GERAL,PRD,PRD - FASE PRODUTO,,,,,00/01/1900,23/06/2021,85,SEM LICENSA C&A,CONFECCOES ONEDA LTDA,01.18.00.7916,TOP CURTO / VPN-DEFINIR,CO,COR,N,CFB,CFB - FEIRA WINTER I 2027 (BUFFER),50,A DEFINIR,12,17,4,0,0,0,0,13/08/2026,8/13/2026,D41,FLUXO DE PENDENCIA DE COR,D01,,PENDENTE COR NOVA,0,PC,PENDENTE DESENVOLVIMENTO,,,,,,00/01/1900,,,(47) 3332-5004,0,,,,,,0,-33,33,4,,,0,0,0,0,0,A,013,T59A - FIFTEEN MP,11,MASCULINO,N,N,SSNN,0,,B36,0,0,T00,TOP CURTO (TOP),,,0,00/01/1900,1,0,GASPAR,AVENIDA DEPUTADO FRANCISCO MASTELLA,3955,SETE DE SETEMBRO,,0,13/08/2026,9/13/2026,,1,,,,0,,0,00.577.158/0001-29,
077898,0,834,,,0,AMOSTRA,0,,1 Ag F,0,OP PRODUÇÃO,0,000,CLASSIFICAR MODELO/FAMILIA,,,0097,GERAL,PRD,PRD - FASE PRODUTO,,,Agu retor Feira / pos fei,,00/01/1900,23/06/2021,207,SANTA MARCA,CONFECCOES ONEDA LTDA,21.19.00.0001,BLAZER FEMININO,CO,COR,N,SM1,SANTA MARCA - VERÃO 1 CRIATIFF,50,A DEFINIR,M,22,4,0,0,0,0,14/08/2026,8/14/2026,D41,FLUXO DE PENDENCIA DE COR,D01,,PENDENTE COR NOVA,0,PC,PENDENTE DESENVOLVIMENTO,,,,,,00/01/1900,,,(47) 3332-5004,0,,,,,,0,-32,32,4,,,0,0,0,0,0,A,62,ADULTO,12,FEMININO,N,N,SSNN,0,,,0,0,T26,BLAZER FEMININO (TOP),,,37,00/01/1900,0,0,GASPAR,AVENIDA DEPUTADO FRANCISCO MASTELLA,3955,SETE DE SETEMBRO,,0,14/08/2026,9/14/2026,,1,,,,0,,0,00.577.158/0001-29,
077899,0,834,,,0,AMOSTRA,0,,1 Ag F,0,OP PRODUÇÃO,0,000,CLASSIFICAR MODELO/FAMILIA,,,0097,GERAL,PRD,PRD - FASE PRODUTO,,,Agu retor Feira / pos fei,,00/01/1900,23/06/2021,207,SANTA MARCA,CONFECCOES ONEDA LTDA,21.19.00.0002,TOP LONGO,CO,COR,N,SM1,SANTA MARCA - VERÃO 1 CRIATIFF,50,A DEFINIR,M,22,4,0,0,0,0,14/08/2026,8/14/2026,D41,FLUXO DE PENDENCIA DE COR,D01,,PENDENTE COR NOVA,0,PC,PENDENTE DESENVOLVIMENTO,,,,,,00/01/1900,,,(47) 3332-5004,0,,,,,,0,-32,32,4,,,0,0,0,0,0,A,62,ADULTO,12,FEMININO,N,N,SSNN,0,,,0,0,T02,TOP LONGO (TOP),,,30,00/01/1900,0,0,GASPAR,AVENIDA DEPUTADO FRANCISCO MASTELLA,3955,SETE DE SETEMBRO,,0,14/08/2026,9/14/2026,,1,,,,0,,0,00.577.158/0001-29,
077906,0,834,,,0,AMOSTRA,0,04/09,1 Ag F,0,OP PRODUÇÃO,0,000,CLASSIFICAR MODELO/FAMILIA,,,0097,GERAL,PRD,PRD - FASE PRODUTO,,,Agu retor Feira / pos fei,,00/01/1900,23/06/2021,85,SEM LICENSA C&A,CONFECCOES ONEDA LTDA,01.14.00.7917,TOP CURTO / VPN-DEFINIR,CO,COR,N,CFB,CFB - FEIRA WINTER I 2027 (BUFFER),50,A DEFINIR,2,11,4,0,0,0,0,14/08/2026,8/14/2026,D41,FLUXO DE PENDENCIA DE COR,D01,,PENDENTE COR NOVA,0,PC,PENDENTE DESENVOLVIMENTO,,,,,,00/01/1900,,,(47) 3332-5004,0,,,,,,0,-32,32,4,,,0,0,0,0,0,A,003,T52A - BBO,11,MASCULINO,N,N,SSNN,0,,B35,0,0,T00,TOP CURTO (TOP),,"R$ 326,00 / milheiro",0,00/01/1900,1,0,GASPAR,AVENIDA DEPUTADO FRANCISCO MASTELLA,3955,SETE DE SETEMBRO,,0,14/08/2026,9/14/2026,,1,,,,0,,0,00.577.158/0001-29,
077908,0,834,,,0,AMOSTRA,0,04/09,1 Ag F,0,OP PRODUÇÃO,0,000,CLASSIFICAR MODELO/FAMILIA,,,0097,GERAL,PRD,PRD - FASE PRODUTO,,,Agu retor Feira / pos fei,,00/01/1900,23/06/2021,85,SEM LICENSA C&A,CONFECCOES ONEDA LTDA,01.14.00.7923,POLO LONGO / VPN-DEFINIR,CO,COR,N,CFB,CFB - FEIRA WINTER I 2027 (BUFFER),50,A DEFINIR,2,11,4,0,0,0,0,14/08/2026,8/14/2026,D41,FLUXO DE PENDENCIA DE COR,D01,,PENDENTE COR NOVA,0,PC,PENDENTE DESENVOLVIMENTO,,,,,,00/01/1900,,,(47) 3332-5004,0,,,,,,0,-32,32,4,,,0,0,0,0,0,A,003,T52A - BBO,11,MASCULINO,N,N,SSNN,0,,B35,0,0,T14,POLO LONGO (TOP),,,0,00/01/1900,1,0,GASPAR,AVENIDA DEPUTADO FRANCISCO MASTELLA,3955,SETE DE SETEMBRO,,0,14/08/2026,9/14/2026,,1,,,,0,,0,00.577.158/0001-29,
077914,0,834,,,0,LIBERAÇÃO DE PRODUTO,0,04/09,1 Ag F,0,OP PRODUÇÃO,0,000,CLASSIFICAR MODELO/FAMILIA,,,0097,GERAL,PRD,PRD - FASE PRODUTO,,,Agu retor Feira / pos fei,,00/01/1900,23/06/2021,207,SANTA MARCA,CONFECCOES ONEDA LTDA,21.19.00.0003,Top Regata,CO,COR,N,SM1,SANTA MARCA - VERÃO 1 CRIATIFF,1006,MARINHO,P,21,2,0,0,0,0,17/08/2026,8/17/2026,D41,FLUXO DE PENDENCIA DE COR,D01,,PENDENTE COR NOVA,0,PC,PENDENTE DESENVOLVIMENTO,,,,,,00/01/1900,,,(47) 3332-5004,0,,,,,,0,-29,29,2,,,0,0,0,0,0,E043,62,ADULTO,12,FEMININO,N,N,SSNN,0,,B37,0,0,T06,TOP REGATA (TOP),,,"33,09",00/01/1900,0,0,GASPAR,AVENIDA DEPUTADO FRANCISCO MASTELLA,3955,SETE DE SETEMBRO,,0,21/08/2026,8/28/2026,,1,,,,0,,0,00.577.158/0001-29,
077915,0,834,,,0,LIBERAÇÃO DE PRODUTO,0,04/09,1 Ag F,0,OP PRODUÇÃO,0,000,CLASSIFICAR MODELO/FAMILIA,,,0097,GERAL,PRD,PRD - FASE PRODUTO,,,Agu retor Feira / pos fei,,00/01/1900,23/06/2021,207,SANTA MARCA,CONFECCOES ONEDA LTDA,21.19.00.0004,Shorts,CO,COR,N,SM1,SANTA MARCA - VERÃO 1 CRIATIFF,1006,MARINHO,P,21,2,0,0,0,0,17/08/2026,8/17/2026,D41,FLUXO DE PENDENCIA DE COR,D01,,PENDENTE COR NOVA,0,PC,PENDENTE DESENVOLVIMENTO,,,,,,00/01/1900,,,(47) 3332-5004,0,,,,,,0,-29,29,2,,,0,0,0,0,0,E043,62,ADULTO,12,FEMININO,N,N,SSNN,0,,B37,0,0,B00,SHORTS (BOTTON),,,"47,29",00/01/1900,0,0,GASPAR,AVENIDA DEPUTADO FRANCISCO MASTELLA,3955,SETE DE SETEMBRO,,0,21/08/2026,8/28/2026,,1,,,,0,,0,00.577.158/0001-29,
077922,0,834,,,0,AMOSTRA,0,,,0,OP PRODUÇÃO,0,000,CLASSIFICAR MODELO/FAMILIA,,,0097,GERAL,PRD,PRD - FASE PRODUTO,,,,,00/01/1900,23/06/2021,73,BARCELONA,CONFECCOES ONEDA LTDA,02.16.42.0057,TOP CURTO,CO,COR,N,RRB,RRB - RENNER BUFFER,50,A DEFINIR,7-8,53,4,0,0,0,0,19/08/2026,8/19/2026,D41,FLUXO DE PENDENCIA DE COR,D01,,PENDENTE COR NOVA,0,PC,PENDENT DESENV/ APROV ESTILO,,,,,,00/01/1900,,,(47) 3332-5004,0,,,,,,0,-27,27,4,,,0,0,0,0,0,A,R8,LICENSE MENINO RENNER,17,CABIDE,N,N,SSNN,0,,,0,0,T00,TOP CURTO (TOP),,,0,00/01/1900,0,0,GASPAR,AVENIDA DEPUTADO FRANCISCO MASTELLA,3955,SETE DE SETEMBRO,,0,19/08/2026,9/19/2026,,1,,,,0,,0,00.577.158/0001-29,
078007,0,834,,,0,AMOSTRA,0,,,0,OP PRODUÇÃO,0,000,CLASSIFICAR MODELO/FAMILIA,,,0097,GERAL,PRD,PRD - FASE PRODUTO,,,,,00/01/1900,23/06/2021,73,BARCELONA,CONFECCOES ONEDA LTDA,02.16.42.0058,SHORTS,CO,COR,N,RRB,RRB - RENNER BUFFER,50,A DEFINIR,7-8,53,4,0,0,0,0,25/08/2026,8/25/2026,D41,FLUXO DE PENDENCIA DE COR,D01,,PENDENTE COR NOVA,0,PC,PENDENT DESENV/ APROV ESTILO,,,,,,00/01/1900,,,(47) 3332-5004,0,,,,,,0,-21,21,4,,,0,0,0,0,0,A,R8,LICENSE MENINO RENNER,17,CABIDE,N,N,SSNN,0,,,0,0,B00,SHORTS (BOTTON),,,0,00/01/1900,0,0,GASPAR,AVENIDA DEPUTADO FRANCISCO MASTELLA,3955,SETE DE SETEMBRO,,0,25/08/2026,9/25/2026,,1,,,,0,,0,00.577.158/0001-29,
078008,0,834,,,0,AMOSTRA,0,,,0,OP PRODUÇÃO,0,000,CLASSIFICAR MODELO/FAMILIA,,,0097,GERAL,PRD,PRD - FASE PRODUTO,,,,,00/01/1900,23/06/2021,73,BARCELONA,CONFECCOES ONEDA LTDA,02.16.42.0057-1,TOP CURTO,CO,COR,N,RRB,RRB - RENNER BUFFER,50,A DEFINIR,7-8,53,4,0,0,0,0,25/08/2026,8/25/2026,D41,FLUXO DE PENDENCIA DE COR,D01,,PENDENTE COR NOVA,0,PC,PENDENT DESENV/ APROV ESTILO,,,,,,00/01/1900,,,(47) 3332-5004,0,,,,,,0,-21,21,4,,,0,0,0,0,0,A,R8,LICENSE MENINO RENNER,17,CABIDE,N,N,SSNN,0,,,0,0,T00,TOP CURTO (TOP),,,0,00/01/1900,0,0,GASPAR,AVENIDA DEPUTADO FRANCISCO MASTELLA,3955,SETE DE SETEMBRO,,0,25/08/2026,9/25/2026,,1,,,,0,,0,00.577.158/0001-29,
078038,0,834,,,0,AMOSTRA,0,10/09,,0,OP PRODUÇÃO,0,000,CLASSIFICAR MODELO/FAMILIA,,,0097,GERAL,PRD,PRD - FASE PRODUTO,,,,,00/01/1900,23/06/2021,85,SEM LICENSA C&A,CONFECCOES ONEDA LTDA,01.18.00.7908-1,POLO CURTO / 2027-1-5816,CO,COR,N,CFA,CFA - FEIRA WINTER I 2027 (PROD AS BS),50,A DEFINIR,12,17,4,0,0,0,0,26/08/2026,8/26/2026,D41,FLUXO DE PENDENCIA DE COR,D01,,PENDENTE COR NOVA,0,PC,PENDENTE DESENVOLVIMENTO,,,,,,00/01/1900,,,(47) 3332-5004,0,,,,,,0,-20,20,4,,,0,0,0,0,0,A,013,T59A - FIFTEEN MP,11,MASCULINO,N,N,SSNN,0,,B36,0,0,T13,POLO CURTO (TOP),,,0,00/01/1900,1,0,GASPAR,AVENIDA DEPUTADO FRANCISCO MASTELLA,3955,SETE DE SETEMBRO,,0,26/08/2026,9/26/2026,,1,,,,0,,0,00.577.158/0001-29,
078047,0,834,,,0,LIBERAÇÃO DE PRODUTO,0,25/09,,0,OP PRODUÇÃO,0,000,CLASSIFICAR MODELO/FAMILIA,,,0097,GERAL,PRD,PRD - FASE PRODUTO,,,,,00/01/1900,23/06/2021,139,CENTAURO,CONFECCOES ONEDA LTDA,05.19.00.0135E,TOP CURTO,CO,COR,N,58A,58A - AW27 CENTAURO - INVERNO 27 - ASICS,50,A DEFINIR,P,21,4,0,0,0,0,27/08/2026,8/27/2026,D41,FLUXO DE PENDENCIA DE COR,D01,,PENDENTE COR NOVA,0,PC,PENDENTE DESENVOLVIMENTO,,,,,,00/01/1900,,,(47) 3332-5004,0,,,,,,0,-19,19,4,,,0,0,0,0,0,E044,51,CENTAURO,05,CAIXA - LR,N,N,SSNN,0,,B38,0,0,T00,TOP CURTO (TOP),,,0,00/01/1900,1,0,GASPAR,AVENIDA DEPUTADO FRANCISCO MASTELLA,3955,SETE DE SETEMBRO,,0,31/08/2026,9/4/2026,,1,,,,0,,0,00.577.158/0001-29,
078052,0,834,,,0,AMOSTRA,0,02/10,1 Ag F,0,OP PRODUÇÃO,0,000,CLASSIFICAR MODELO/FAMILIA,,,0097,GERAL,PRD,PRD - FASE PRODUTO,,,Agu retor Feira / pos fei,,00/01/1900,23/06/2021,149,SEM LICENÇA HERING,CONFECCOES ONEDA LTDA,13.16.00.0578F,CONJUNTO CURTO,CO,COR,N,HXV,HXV - HERING VERÃO 2027,50,A DEFINIR,4,13,4,0,0,0,0,31/08/2026,8/31/2026,D41,FLUXO DE PENDENCIA DE COR,D01,,PENDENTE COR NOVA,0,PC,PENDENTE DESENVOLVIMENTO,,,,,,00/01/1900,,,(47) 3332-5004,0,,,,,,0,-15,15,4,,,0,0,0,0,0,A,H01,T54 - HERING KIDS O,05,CAIXA - LR,N,N,SSNN,0,,,0,0,C00,CONJUNTO CURTO (TOP/BOTTON),LACRES: [ ] MODELAGEM-[ ] ESTAMP - [ ] COR -[ ] AVIAMENTOS,,0,00/01/1900,1,0,GASPAR,AVENIDA DEPUTADO FRANCISCO MASTELLA,3955,SETE DE SETEMBRO,,0,31/08/2026,9/30/2026,,1,,,,0,,0,00.577.158/0001-29,
078053,0,834,,,0,AMOSTRA,0,02/10,1 Ag F,0,OP PRODUÇÃO,0,000,CLASSIFICAR MODELO/FAMILIA,,,0097,GERAL,PRD,PRD - FASE PRODUTO,,,Agu retor Feira / pos fei,,00/01/1900,6/23/2021,149,SEM LICENÇA HERING,CONFECCOES ONEDA LTDA,13.16.00.0578G,CONJUNTO CURTO,CO,COR,N,HXV,HXV - HERING VERÃO 2027,50,A DEFINIR,4,13,4,0,0,0,0,31/08/2026,8/31/2026,D41,FLUXO DE PENDENCIA DE COR,D01,,PENDENTE COR NOVA,0,PC,PENDENTE DESENVOLVIMENTO,,,,,,00/01/1900,,,(47) 3332-5004,0,,,,,,0,-15,15,4,,,0,0,0,0,0,A,H01,T54 - HERING KIDS O,05,CAIXA - LR,N,N,SSNN,0,,,0,0,C00,CONJUNTO CURTO (TOP/BOTTON),LACRES: [ ] MODELAGEM-[ ] ESTAMP - [ ] COR -[ ] AVIAMENTOS,,0,00/01/1900,1,0,GASPAR,AVENIDA DEPUTADO FRANCISCO MASTELLA,3955,SETE DE SETEMBRO,,0,31/08/2026,9/30/2026,,1,,,,0,,0,00.577.158/0001-29,
078054,0,834,,,0,AMOSTRA,0,02/10,1 Ag F,0,OP PRODUÇÃO,0,000,CLASSIFICAR MODELO/FAMILIA,,,0097,GERAL,PRD,PRD - FASE PRODUTO,,,Agu retor Feira / pos fei,,00/01/1900,23/06/2021,149,SEM LICENÇA HERING,CONFECCOES ONEDA LTDA,13.16.00.0578H,CONJUNTO CURTO,CO,COR,N,HXV,HXV - HERING VERÃO 2027,50,A DEFINIR,4,13,4,0,0,0,0,31/08/2026,8/31/2026,D41,FLUXO DE PENDENCIA DE COR,D01,,PENDENTE COR NOVA,0,PC,PENDENTE DESENVOLVIMENTO,,,,,,00/01/1900,,,(47) 3332-5004,0,,,,,,0,-15,15,4,,,0,0,0,0,0,A,H01,T54 - HERING KIDS O,05,CAIXA - LR,N,N,SSNN,0,,,0,0,C00,CONJUNTO CURTO (TOP/BOTTON),LACRES: [ ] MODELAGEM-[ ] ESTAMP - [ ] COR -[ ] AVIAMENTOS,,0,00/01/1900,1,0,GASPAR,AVENIDA DEPUTADO FRANCISCO MASTELLA,3955,SETE DE SETEMBRO,,0,31/08/2026,9/30/2026,,1,,,,0,,0,00.577.158/0001-29,
078055,0,834,,,0,AMOSTRA,0,02/10,1 Ag F,0,OP PRODUÇÃO,0,000,CLASSIFICAR MODELO/FAMILIA,,,0097,GERAL,PRD,PRD - FASE PRODUTO,,,Agu retor Feira / pos fei,,00/01/1900,23/06/2021,149,SEM LICENÇA HERING,CONFECCOES ONEDA LTDA,13.16.00.0439H,CONJUNTO CURTO,CO,COR,N,HXV,HXV - HERING VERÃO 2027,50,A DEFINIR,4,13,4,0,0,0,0,31/08/2026,8/31/2026,D41,FLUXO DE PENDENCIA DE COR,D01,,PENDENTE COR NOVA,0,PC,PENDENTE DESENVOLVIMENTO,,,,,,00/01/1900,,,(47) 3332-5004,0,,,,,,0,-15,15,4,,,0,0,0,0,0,A,H01,T54 - HERING KIDS O,05,CAIXA - LR,N,N,SSNN,0,,,0,0,C00,CONJUNTO CURTO (TOP/BOTTON),LACRES: [ ] MODELAGEM-[ ] ESTAMP - [ ] COR -[ ] AVIAMENTOS,,0,00/01/1900,1,0,GASPAR,AVENIDA DEPUTADO FRANCISCO MASTELLA,3955,SETE DE SETEMBRO,,0,31/08/2026,9/30/2026,,1,,,,0,,0,00.577.158/0001-29,
078056,0,834,,,0,AMOSTRA,0,02/10,1 Ag F,0,OP PRODUÇÃO,0,000,CLASSIFICAR MODELO/FAMILIA,,,0097,GERAL,PRD,PRD - FASE PRODUTO,,,Agu retor Feira / pos fei,,00/01/1900,23/06/2021,149,SEM LICENÇA HERING,CONFECCOES ONEDA LTDA,13.16.00.0439I,CONJUNTO CURTO,CO,COR,N,HXV,HXV - HERING VERÃO 2027,50,A DEFINIR,4,13,4,0,0,0,0,31/08/2026,8/31/2026,D41,FLUXO DE PENDENCIA DE COR,D01,,PENDENTE COR NOVA,0,PC,PENDENTE DESENVOLVIMENTO,,,,,,00/01/1900,,,(47) 3332-5004,0,,,,,,0,-15,15,4,,,0,0,0,0,0,A,H01,T54 - HERING KIDS O,05,CAIXA - LR,N,N,SSNN,0,,,0,0,C00,CONJUNTO CURTO (TOP/BOTTON),LACRES: [ ] MODELAGEM-[ ] ESTAMP - [ ] COR -[ ] AVIAMENTOS,,0,00/01/1900,1,0,GASPAR,AVENIDA DEPUTADO FRANCISCO MASTELLA,3955,SETE DE SETEMBRO,,0,31/08/2026,9/30/2026,,1,,,,0,,0,00.577.158/0001-29,
078057,0,834,,,0,AMOSTRA,0,11/09,,0,OP PRODUÇÃO,0,000,CLASSIFICAR MODELO/FAMILIA,,,0097,GERAL,PRD,PRD - FASE PRODUTO,,,,,00/01/1900,23/06/2021,111,SEM LICENÇA RENNER,CONFECCOES ONEDA LTDA,02.19.00.1024,TOP CURTO,CO,COR,N,RRB,RRB - RENNER BUFFER,50,A DEFINIR,M,22,4,0,0,0,0,31/08/2026,8/31/2026,D41,FLUXO DE PENDENCIA DE COR,D01,,PENDENTE COR NOVA,0,PC,PENDENTE DESENVOLVIMENTO,,,,,,00/01/1900,,,(47) 3332-5004,0,,,,,,0,-15,15,4,,,0,0,0,0,0,A,12,ADULTO RENNER,12,FEMININO,N,N,SSNN,0,,B36,0,0,T00,TOP CURTO (TOP),,,0,00/01/1900,0,0,GASPAR,AVENIDA DEPUTADO FRANCISCO MASTELLA,3955,SETE DE SETEMBRO,,0,31/08/2026,9/30/2026,,1,,,,0,,0,00.577.158/0001-29,
078058,0,834,,,0,AMOSTRA,0,11/09,,0,OP PRODUÇÃO,0,000,CLASSIFICAR MODELO/FAMILIA,,,0097,GERAL,PRD,PRD - FASE PRODUTO,,,,,00/01/1900,23/06/2021,111,SEM LICENÇA RENNER,CONFECCOES ONEDA LTDA,02.19.00.1025,TOP CURTO,CO,COR,N,RRB,RRB - RENNER BUFFER,50,A DEFINIR,M,22,4,0,0,0,0,31/08/2026,8/31/2026,D41,FLUXO DE PENDENCIA DE COR,D01,,PENDENTE COR NOVA,0,PC,PENDENTE DESENVOLVIMENTO,,,,,,00/01/1900,,,(47) 3332-5004,0,,,,,,0,-15,15,4,,,0,0,0,0,0,A,12,ADULTO RENNER,12,FEMININO,N,N,SSNN,0,,B37,0,0,T00,TOP CURTO (TOP),,,0,00/01/1900,2,0,GASPAR,AVENIDA DEPUTADO FRANCISCO MASTELLA,3955,SETE DE SETEMBRO,,0,31/08/2026,9/30/2026,,1,,,,0,,0,00.577.158/0001-29,
078059,0,834,,,0,AMOSTRA,0,11/09,,0,OP PRODUÇÃO,0,000,CLASSIFICAR MODELO/FAMILIA,,,0097,GERAL,PRD,PRD - FASE PRODUTO,,,,,00/01/1900,23/06/2021,146,LICENÇAS VARIADAS,CONFECCOES ONEDA LTDA,02.19.42.0059,TOP CURTO,CO,COR,N,RRB,RRB - RENNER BUFFER,50,A DEFINIR,M,22,4,0,0,0,0,31/08/2026,8/31/2026,D41,FLUXO DE PENDENCIA DE COR,D01,,PENDENTE COR NOVA,0,PC,PENDENT DESENV/ APROV ESTILO,,,,,,00/01/1900,,,(47) 3332-5004,0,,,,,,0,-15,15,4,,,0,0,0,0,0,A,12,ADULTO RENNER,12,FEMININO,N,N,SSNN,0,,B37,0,0,T00,TOP CURTO (TOP),,,0,00/01/1900,3,0,GASPAR,AVENIDA DEPUTADO FRANCISCO MASTELLA,3955,SETE DE SETEMBRO,,0,31/08/2026,9/30/2026,,1,,,,0,,0,00.577.158/0001-29,
078060,0,834,,,0,AMOSTRA,0,11/09,,0,OP PRODUÇÃO,0,000,CLASSIFICAR MODELO/FAMILIA,,,0097,GERAL,PRD,PRD - FASE PRODUTO,,,,,00/01/1900,23/06/2021,146,LICENÇAS VARIADAS,CONFECCOES ONEDA LTDA,02.19.42.0060,TOP CURTO,CO,COR,N,RRB,RRB - RENNER BUFFER,50,A DEFINIR,M,22,4,0,0,0,0,31/08/2026,8/31/2026,D41,FLUXO DE PENDENCIA DE COR,D01,,PENDENTE COR NOVA,0,PC,PENDENT DESENV/ APROV ESTILO,,,,,,00/01/1900,,,(47) 3332-5004,0,,,,,,0,-15,15,4,,,0,0,0,0,0,A,12,ADULTO RENNER,12,FEMININO,N,N,SSNN,0,,B37,0,0,T00,TOP CURTO (TOP),,,0,00/01/1900,2,0,GASPAR,AVENIDA DEPUTADO FRANCISCO MASTELLA,3955,SETE DE SETEMBRO,,0,31/08/2026,9/30/2026,,1,,,,0,,0,00.577.158/0001-29,
078061,0,834,,,0,AMOSTRA,0,11/09,,0,OP PRODUÇÃO,0,000,CLASSIFICAR MODELO/FAMILIA,,,0097,GERAL,PRD,PRD - FASE PRODUTO,,,,,00/01/1900,23/06/2021,146,LICENÇAS VARIADAS,CONFECCOES ONEDA LTDA,02.19.42.0061,TOP CURTO,CO,COR,N,RRB,RRB - RENNER BUFFER,50,A DEFINIR,M,22,4,0,0,0,0,31/08/2026,8/31/2026,D41,FLUXO DE PENDENCIA DE COR,D01,,PENDENTE COR NOVA,0,PC,PENDENT DESENV/ APROV ESTILO,,,,,,00/01/1900,,,(47) 3332-5004,0,,,,,,0,-15,15,4,,,0,0,0,0,0,A,12,ADULTO RENNER,12,FEMININO,N,N,SSNN,0,,B37,0,0,T00,TOP CURTO (TOP),,,0,00/01/1900,2,0,GASPAR,AVENIDA DEPUTADO FRANCISCO MASTELLA,3955,SETE DE SETEMBRO,,0,31/08/2026,9/30/2026,,1,,,,0,,0,00.577.158/0001-29,
078062,0,834,,,0,AMOSTRA,0,11/09,,0,OP PRODUÇÃO,0,000,CLASSIFICAR MODELO/FAMILIA,,,0097,GERAL,PRD,PRD - FASE PRODUTO,,,,,00/01/1900,23/06/2021,152,PEANUTS RENNER,CONFECCOES ONEDA LTDA,02.19.28.0003,TOP CURTO,CO,COR,N,RRB,RRB - RENNER BUFFER,50,A DEFINIR,M,22,4,0,0,0,0,31/08/2026,8/31/2026,D41,FLUXO DE PENDENCIA DE COR,D01,,PENDENTE COR NOVA,0,PC,PENDENT DESENV/ APROV ESTILO,,,,,,00/01/1900,,,(47) 3332-5004,0,,,,,,0,-15,15,4,,,0,0,0,0,0,A,12,ADULTO RENNER,12,FEMININO,N,N,SSNN,0,,B37,0,0,T00,TOP CURTO (TOP),,,0,00/01/1900,2,0,GASPAR,AVENIDA DEPUTADO FRANCISCO MASTELLA,3955,SETE DE SETEMBRO,,0,31/08/2026,9/30/2026,,1,,,,0,,0,00.577.158/0001-29,
078063,0,834,,,0,AMOSTRA,0,11/09,,0,OP PRODUÇÃO,0,000,CLASSIFICAR MODELO/FAMILIA,,,0097,GERAL,PRD,PRD - FASE PRODUTO,,,,,00/01/1900,6/23/2021,152,PEANUTS RENNER,CONFECCOES ONEDA LTDA,02.19.28.0004,TOP CURTO,CO,COR,N,RRB,RRB - RENNER BUFFER,50,A DEFINIR,M,22,4,0,0,0,0,31/08/2026,8/31/2026,D41,FLUXO DE PENDENCIA DE COR,D01,,PENDENTE COR NOVA,0,PC,PENDENT DESENV/ APROV ESTILO,,,,,,00/01/1900,,,(47) 3332-5004,0,,,,,,0,-15,15,4,,,0,0,0,0,0,A,12,ADULTO RENNER,12,FEMININO,N,N,SSNN,0,,B37,0,0,T00,TOP CURTO (TOP),,,0,00/01/1900,2,0,GASPAR,AVENIDA DEPUTADO FRANCISCO MASTELLA,3955,SETE DE SETEMBRO,,0,31/08/2026,9/30/2026,,1,,,,0,,0,00.577.158/0001-29,
078064,0,834,,,0,AMOSTRA,0,11/09,,0,OP PRODUÇÃO,0,000,CLASSIFICAR MODELO/FAMILIA,,,0097,GERAL,PRD,PRD - FASE PRODUTO,,,,,00/01/1900,23/06/2021,87,DISNEY RENNER,CONFECCOES ONEDA LTDA,02.19.01.0327,TOP CURTO,CO,COR,N,RRB,RRB - RENNER BUFFER,50,A DEFINIR,M,22,4,0,0,0,0,31/08/2026,8/31/2026,D41,FLUXO DE PENDENCIA DE COR,D01,,PENDENTE COR NOVA,0,PC,PENDENT DESENV/ APROV ESTILO,,,,,,00/01/1900,,,(47) 3332-5004,0,,,,,,0,-15,15,4,,,0,0,0,0,0,A,12,ADULTO RENNER,12,FEMININO,N,N,SSNN,0,,B37,0,0,T00,TOP CURTO (TOP),,,0,00/01/1900,2,0,GASPAR,AVENIDA DEPUTADO FRANCISCO MASTELLA,3955,SETE DE SETEMBRO,,0,31/08/2026,9/30/2026,,1,,,,0,,0,00.577.158/0001-29,
078070,0,834,,,0,AMOSTRA,0,18/09,1 Ag F,0,OP PRODUÇÃO,0,000,CLASSIFICAR MODELO/FAMILIA,,,0097,GERAL,PRD,PRD - FASE PRODUTO,,,Agu retor Feira / pos fei,,00/01/1900,23/06/2021,36,WARNER C&A,CONFECCOES ONEDA LTDA,01.16.07.0694,TOP CURTO,CO,COR,N,CGB,CGB - FEIRA WINTER II 2027 (BUFFER),50,A DEFINIR,6,14,4,0,0,0,0,01/09/2026,9/1/2026,D41,FLUXO DE PENDENCIA DE COR,D01,,PENDENTE COR NOVA,0,PC,AGUAR. APROV. LIC. / CONCEITO,,,,,,00/01/1900,,,(47) 3332-5004,0,,,,,,0,-14,14,4,,,0,0,0,0,0,A,001,T54A - LICENSE MASC.,11,MASCULINO,N,N,SSNN,0,,B38,0,0,T00,TOP CURTO (TOP),,,0,00/01/1900,0,0,GASPAR,AVENIDA DEPUTADO FRANCISCO MASTELLA,3955,SETE DE SETEMBRO,,0,01/09/2026,10/1/2026,,1,,,,0,,0,00.577.158/0001-29,
078071,0,834,,,0,AMOSTRA,0,18/09,1 Ag F,0,OP PRODUÇÃO,0,000,CLASSIFICAR MODELO/FAMILIA,,,0097,GERAL,PRD,PRD - FASE PRODUTO,,,Agu retor Feira / pos fei,,00/01/1900,23/06/2021,85,SEM LICENSA C&A,CONFECCOES ONEDA LTDA,01.16.00.7926,POLO CURTO,CO,COR,N,CGB,CGB - FEIRA WINTER II 2027 (BUFFER),50,A DEFINIR,6,14,4,0,0,0,0,01/09/2026,9/1/2026,D41,FLUXO DE PENDENCIA DE COR,D01,,PENDENTE COR NOVA,0,PC,PENDENTE DESENVOLVIMENTO,,,,,,00/01/1900,,,(47) 3332-5004,0,,,,,,0,-14,14,4,,,0,0,0,0,0,A,007,T54A - PALOMINO,11,MASCULINO,N,N,SSNN,0,,B38,0,0,T13,POLO CURTO (TOP),,,0,00/01/1900,0,0,GASPAR,AVENIDA DEPUTADO FRANCISCO MASTELLA,3955,SETE DE SETEMBRO,,0,01/09/2026,10/1/2026,,1,,,,0,,0,00.577.158/0001-29,
078074,0,834,,,0,AMOSTRA,0,02/10,1 Ag F,0,OP PRODUÇÃO,0,000,CLASSIFICAR MODELO/FAMILIA,,,0097,GERAL,PRD,PRD - FASE PRODUTO,,,Agu retor Feira / pos fei,,00/01/1900,23/06/2021,149,SEM LICENÇA HERING,CONFECCOES ONEDA LTDA,13.20.00.0675,CONJUNTO CURTO,CO,COR,N,HXH,DROP HALLOWEEN HERING,50,A DEFINIR,M,22,4,0,0,0,0,01/09/2026,9/1/2026,D41,FLUXO DE PENDENCIA DE COR,D01,,PENDENTE COR NOVA,0,PC,PENDENTE DESENVOLVIMENTO,,,,,,00/01/1900,,,(47) 3332-5004,0,,,,,,0,-14,14,4,,,0,0,0,0,0,A,62,ADULTO,05,CAIXA - LR,N,N,SSNN,0,,B37,0,0,C00,CONJUNTO CURTO (TOP/BOTTON),,ET. LATERAL = MUH12.1,0,00/01/1900,0,0,GASPAR,AVENIDA DEPUTADO FRANCISCO MASTELLA,3955,SETE DE SETEMBRO,,0,01/09/2026,10/1/2026,,1,,,,0,,0,00.577.158/0001-29,
078075,0,834,,,0,AMOSTRA,0,02/10,1 Ag F,0,OP PRODUÇÃO,0,000,CLASSIFICAR MODELO/FAMILIA,,,0097,GERAL,PRD,PRD - FASE PRODUTO,,,Agu retor Feira / pos fei,,00/01/1900,23/06/2021,149,SEM LICENÇA HERING,CONFECCOES ONEDA LTDA,13.16.00.0671,TOP CURTO,CO,COR,N,HXH,DROP HALLOWEEN HERING,50,A DEFINIR,4,13,4,0,0,0,0,01/09/2026,9/1/2026,D41,FLUXO DE PENDENCIA DE COR,D01,,PENDENTE COR NOVA,0,PC,PENDENTE DESENVOLVIMENTO,,,,,,00/01/1900,,,(47) 3332-5004,0,,,,,,0,-14,14,4,,,0,0,0,0,0,A,H01,T54 - HERING KIDS O,05,CAIXA - LR,N,N,SSNN,0,,B37,0,0,T00,TOP CURTO (TOP),,ET. LATERAL = MUH12.1,0,00/01/1900,0,0,GASPAR,AVENIDA DEPUTADO FRANCISCO MASTELLA,3955,SETE DE SETEMBRO,,0,01/09/2026,10/1/2026,,1,,,,0,,0,00.577.158/0001-29,
078076,0,834,,,0,AMOSTRA,0,02/10,1 Ag F,0,OP PRODUÇÃO,0,000,CLASSIFICAR MODELO/FAMILIA,,,0097,GERAL,PRD,PRD - FASE PRODUTO,,,Agu retor Feira / pos fei,,00/01/1900,6/23/2021,149,SEM LICENÇA HERING,CONFECCOES ONEDA LTDA,13.16.00.0672,CONJUNTO LONGO,CO,COR,N,HXH,DROP HALLOWEEN HERING,50,A DEFINIR,4,13,4,0,0,0,0,01/09/2026,9/1/2026,D41,FLUXO DE PENDENCIA DE COR,D01,,PENDENTE COR NOVA,0,PC,PENDENTE DESENVOLVIMENTO,,,,,,00/01/1900,,,(47) 3332-5004,0,,,,,,0,-14,14,4,,,0,0,0,0,0,A,H01,T54 - HERING KIDS O,05,CAIXA - LR,N,N,SSNN,0,,B37,0,0,C01,CONJUNTO LONGO (TOP/BOTTON),,ET. LATERAL = MUH12.1,0,00/01/1900,0,0,GASPAR,AVENIDA DEPUTADO FRANCISCO MASTELLA,3955,SETE DE SETEMBRO,,0,01/09/2026,10/1/2026,,1,,,,0,,0,00.577.158/0001-29,
078077,0,834,,,0,AMOSTRA,0,02/10,1 Ag F,0,OP PRODUÇÃO,0,000,CLASSIFICAR MODELO/FAMILIA,,,0097,GERAL,PRD,PRD - FASE PRODUTO,,,Agu retor Feira / pos fei,,00/01/1900,23/06/2021,149,SEM LICENÇA HERING,CONFECCOES ONEDA LTDA,13.16.00.0673,TOP CURTO,CO,COR,N,HXH,DROP HALLOWEEN HERING,50,A DEFINIR,4,13,4,0,0,0,0,01/09/2026,9/1/2026,D41,FLUXO DE PENDENCIA DE COR,D01,,PENDENTE COR NOVA,0,PC,PENDENTE DESENVOLVIMENTO,,,,,,00/01/1900,,,(47) 3332-5004,0,,,,,,0,-14,14,4,,,0,0,0,0,0,A,H01,T54 - HERING KIDS O,05,CAIXA - LR,N,N,SSNN,0,,B37,0,0,T00,TOP CURTO (TOP),,ET. LATERAL = MUH12.1,0,00/01/1900,0,0,GASPAR,AVENIDA DEPUTADO FRANCISCO MASTELLA,3955,SETE DE SETEMBRO,,0,01/09/2026,10/1/2026,,1,,,,0,,0,00.577.158/0001-29,
078078,0,834,,,0,AMOSTRA,0,02/10,1 Ag F,0,OP PRODUÇÃO,0,000,CLASSIFICAR MODELO/FAMILIA,,,0097,GERAL,PRD,PRD - FASE PRODUTO,,,Agu retor Feira / pos fei,,00/01/1900,23/06/2021,149,SEM LICENÇA HERING,CONFECCOES ONEDA LTDA,13.16.00.0674,TOP CURTO,CO,COR,N,HXH,DROP HALLOWEEN HERING,50,A DEFINIR,4,13,4,0,0,0,0,01/09/2026,9/1/2026,D41,FLUXO DE PENDENCIA DE COR,D01,,PENDENTE COR NOVA,0,PC,PENDENTE DESENVOLVIMENTO,,,,,,00/01/1900,,,(47) 3332-5004,0,,,,,,0,-14,14,4,,,0,0,0,0,0,A,H01,T54 - HERING KIDS O,05,CAIXA - LR,N,N,SSNN,0,,B38,0,0,T00,TOP CURTO (TOP),,,0,00/01/1900,0,0,GASPAR,AVENIDA DEPUTADO FRANCISCO MASTELLA,3955,SETE DE SETEMBRO,,0,01/09/2026,10/1/2026,,1,,,,0,,0,00.577.158/0001-29,
078079,0,834,,,0,AMOSTRA,0,11/09,1 Ag F,0,OP PRODUÇÃO,0,000,CLASSIFICAR MODELO/FAMILIA,,,0097,GERAL,PRD,PRD - FASE PRODUTO,,,Agu retor Feira / pos fei,,00/01/1900,23/06/2021,149,SEM LICENÇA HERING,CONFECCOES ONEDA LTDA,13.16.00.0676,CONJUNTO CURTO,CO,COR,N,HXH,DROP HALLOWEEN HERING,50,A DEFINIR,4,13,4,0,0,0,0,01/09/2026,9/1/2026,D41,FLUXO DE PENDENCIA DE COR,D01,,PENDENTE COR NOVA,0,PC,PENDENTE DESENVOLVIMENTO,,,,,,00/01/1900,,,(47) 3332-5004,0,,,,,,0,-14,14,4,,,0,0,0,0,0,A,H01,T54 - HERING KIDS O,05,CAIXA - LR,N,N,SSNN,0,,B37,0,0,C00,CONJUNTO CURTO (TOP/BOTTON),,PATCH EMBORRACHADO USAR CUSTO DO 01.18.00.7861,0,00/01/1900,0,0,GASPAR,AVENIDA DEPUTADO FRANCISCO MASTELLA,3955,SETE DE SETEMBRO,,0,01/09/2026,10/1/2026,,1,,,,0,,0,00.577.158/0001-29,
078080,0,834,,,0,AMOSTRA,0,11/09,1 Ag F,0,OP PRODUÇÃO,0,000,CLASSIFICAR MODELO/FAMILIA,,,0097,GERAL,PRD,PRD - FASE PRODUTO,,,Agu retor Feira / pos fei,,00/01/1900,23/06/2021,149,SEM LICENÇA HERING,CONFECCOES ONEDA LTDA,13.15.00.0665,TOP CURTO,CO,COR,N,HXH,DROP HALLOWEEN HERING,50,A DEFINIR,4,13,4,0,0,0,0,01/09/2026,9/1/2026,D41,FLUXO DE PENDENCIA DE COR,D01,,PENDENTE COR NOVA,0,PC,PENDENTE DESENVOLVIMENTO,,,,,,00/01/1900,,,(47) 3332-5004,0,,,,,,0,-14,14,4,,,0,0,0,0,0,A,H02,T53 - HERING KIDS A,05,CAIXA - LR,N,N,SSNN,0,,B37,0,0,T00,TOP CURTO (TOP),"Rot 3 cores PIG R$ 21, processo completo",,0,00/01/1900,0,0,GASPAR,AVENIDA DEPUTADO FRANCISCO MASTELLA,3955,SETE DE SETEMBRO,,0,01/09/2026,10/1/2026,,1,,,,0,,0,00.577.158/0001-29,
078081,0,834,,,0,AMOSTRA,0,11/09,1 Ag F,0,OP PRODUÇÃO,0,000,CLASSIFICAR MODELO/FAMILIA,,,0097,GERAL,PRD,PRD - FASE PRODUTO,,,Agu retor Feira / pos fei,,00/01/1900,23/06/2021,149,SEM LICENÇA HERING,CONFECCOES ONEDA LTDA,13.15.00.0666,VESTIDO,CO,COR,N,HXH,DROP HALLOWEEN HERING,50,A DEFINIR,4,13,4,0,0,0,0,01/09/2026,9/1/2026,D41,FLUXO DE PENDENCIA DE COR,D01,,PENDENTE COR NOVA,0,PC,PENDENTE DESENVOLVIMENTO,,,,,,00/01/1900,,,(47) 3332-5004,0,,,,,,0,-14,14,4,,,0,0,0,0,0,A,H02,T53 - HERING KIDS A,05,CAIXA - LR,N,N,SSNN,0,,B37,0,0,T21,VESTIDO (TOP),,ET. ALTERNATIVA = MUH12.1,0,00/01/1900,0,0,GASPAR,AVENIDA DEPUTADO FRANCISCO MASTELLA,3955,SETE DE SETEMBRO,,0,01/09/2026,10/1/2026,,1,,,,0,,0,00.577.158/0001-29,
078082,0,834,,,0,AMOSTRA,0,11/09,1 Ag F,0,OP PRODUÇÃO,0,000,CLASSIFICAR MODELO/FAMILIA,,,0097,GERAL,PRD,PRD - FASE PRODUTO,,,Agu retor Feira / pos fei,,00/01/1900,23/06/2021,149,SEM LICENÇA HERING,CONFECCOES ONEDA LTDA,13.15.00.0667,TOP LONGO,CO,COR,N,HXH,DROP HALLOWEEN HERING,50,A DEFINIR,4,13,4,0,0,0,0,01/09/2026,9/1/2026,D41,FLUXO DE PENDENCIA DE COR,D01,,PENDENTE COR NOVA,0,PC,PENDENTE DESENVOLVIMENTO,,,,,,00/01/1900,,,(47) 3332-5004,0,,,,,,0,-14,14,4,,,0,0,0,0,0,A,H02,T53 - HERING KIDS A,05,CAIXA - LR,N,N,SSNN,0,,B37,0,0,T02,TOP LONGO (TOP),,,0,00/01/1900,0,0,GASPAR,AVENIDA DEPUTADO FRANCISCO MASTELLA,3955,SETE DE SETEMBRO,,0,01/09/2026,10/1/2026,,1,,,,0,,0,00.577.158/0001-29,
078083,0,834,,,0,AMOSTRA,0,11/09,1 Ag F,0,OP PRODUÇÃO,0,000,CLASSIFICAR MODELO/FAMILIA,,,0097,GERAL,PRD,PRD - FASE PRODUTO,,,Agu retor Feira / pos fei,,00/01/1900,23/06/2021,149,SEM LICENÇA HERING,CONFECCOES ONEDA LTDA,13.15.00.0668,CALÇA,CO,COR,N,HXH,DROP HALLOWEEN HERING,50,A DEFINIR,4,13,4,0,0,0,0,01/09/2026,9/1/2026,D41,FLUXO DE PENDENCIA DE COR,D01,,PENDENTE COR NOVA,0,PC,PENDENTE DESENVOLVIMENTO,,,,,,00/01/1900,,,(47) 3332-5004,0,,,,,,0,-14,14,4,,,0,0,0,0,0,A,H02,T53 - HERING KIDS A,05,CAIXA - LR,N,N,SSNN,0,,B37,0,0,B01,CALÇA (BOTTON),,,0,00/01/1900,0,0,GASPAR,AVENIDA DEPUTADO FRANCISCO MASTELLA,3955,SETE DE SETEMBRO,,0,01/09/2026,10/1/2026,,1,,,,0,,0,00.577.158/0001-29,
078084,0,834,,,0,AMOSTRA,0,02/10,1 Ag F,0,OP PRODUÇÃO,0,000,CLASSIFICAR MODELO/FAMILIA,,,0097,GERAL,PRD,PRD - FASE PRODUTO,,,Agu retor Feira / pos fei,,00/01/1900,23/06/2021,149,SEM LICENÇA HERING,CONFECCOES ONEDA LTDA,13.15.00.0669,SAIA,CO,COR,N,HXH,DROP HALLOWEEN HERING,50,A DEFINIR,4,13,4,0,0,0,0,01/09/2026,9/1/2026,D41,FLUXO DE PENDENCIA DE COR,D01,,PENDENTE COR NOVA,0,PC,PENDENTE DESENVOLVIMENTO,,,,,,00/01/1900,,,(47) 3332-5004,0,,,,,,0,-14,14,4,,,0,0,0,0,0,A,H02,T53 - HERING KIDS A,05,CAIXA - LR,N,N,SSNN,0,,B37,0,0,B02,SAIA (BOTTON),,,0,00/01/1900,0,0,GASPAR,AVENIDA DEPUTADO FRANCISCO MASTELLA,3955,SETE DE SETEMBRO,,0,01/09/2026,10/1/2026,,1,,,,0,,0,00.577.158/0001-29,
078085,0,834,,,0,AMOSTRA,0,02/10,1 Ag F,0,OP PRODUÇÃO,0,000,CLASSIFICAR MODELO/FAMILIA,,,0097,GERAL,PRD,PRD - FASE PRODUTO,,,Agu retor Feira / pos fei,,00/01/1900,23/06/2021,149,SEM LICENÇA HERING,CONFECCOES ONEDA LTDA,13.15.00.0670,VESTIDO,CO,COR,N,HXH,DROP HALLOWEEN HERING,50,A DEFINIR,4,13,4,0,0,0,0,01/09/2026,9/1/2026,D41,FLUXO DE PENDENCIA DE COR,D01,,PENDENTE COR NOVA,0,PC,PENDENTE DESENVOLVIMENTO,,,,,,00/01/1900,,,(47) 3332-5004,0,,,,,,0,-14,14,4,,,0,0,0,0,0,A,H02,T53 - HERING KIDS A,05,CAIXA - LR,N,N,SSNN,0,,B38,0,0,T21,VESTIDO (TOP),,,0,00/01/1900,0,0,GASPAR,AVENIDA DEPUTADO FRANCISCO MASTELLA,3955,SETE DE SETEMBRO,,0,01/09/2026,10/1/2026,,1,,,,0,,0,00.577.158/0001-29,
078086,0,834,,,0,AMOSTRA,0,11/09,,0,OP PRODUÇÃO,0,000,CLASSIFICAR MODELO/FAMILIA,,,0097,GERAL,PRD,PRD - FASE PRODUTO,,,,,00/01/1900,23/06/2021,146,LICENÇAS VARIADAS,CONFECCOES ONEDA LTDA,02.19.42.0062,TOP CURTO,CO,COR,N,RRB,RRB - RENNER BUFFER,50,A DEFINIR,M,22,4,0,0,0,0,02/09/2026,9/2/2026,D41,FLUXO DE PENDENCIA DE COR,D01,,PENDENTE COR NOVA,0,PC,PENDENT DESENV/ APROV ESTILO,,,,,,00/01/1900,,,(47) 3332-5004,0,,,,,,0,-13,13,4,,,0,0,0,0,0,A,12,ADULTO RENNER,12,FEMININO,N,N,SSNN,0,,B37,0,0,T00,TOP CURTO (TOP),,,0,00/01/1900,2,0,GASPAR,AVENIDA DEPUTADO FRANCISCO MASTELLA,3955,SETE DE SETEMBRO,,0,02/09/2026,10/2/2026,,1,,,,0,,0,00.577.158/0001-29,
078107,0,834,,,0,AMOSTRA,0,18/09,1 Ag F,0,OP PRODUÇÃO,0,000,CLASSIFICAR MODELO/FAMILIA,,,0097,GERAL,PRD,PRD - FASE PRODUTO,,,Agu retor Feira / pos fei,,00/01/1900,23/06/2021,207,SANTA MARCA,CONFECCOES ONEDA LTDA,21.19.00.0005,TOP CURTO,CO,COR,N,SM1,SANTA MARCA - VERÃO 1 CRIATIFF,1006,MARINHO,M,22,4,0,0,0,0,04/09/2026,9/4/2026,D41,FLUXO DE PENDENCIA DE COR,D01,,PENDENTE COR NOVA,0,PC,PENDENTE DESENVOLVIMENTO,,,,,,00/01/1900,,,(47) 3332-5004,0,,,,,,0,-11,11,4,,,0,0,0,0,0,A,62,ADULTO,12,FEMININO,N,N,SSNN,0,,B38,0,0,T00,TOP CURTO (TOP),,,0,00/01/1900,0,0,GASPAR,AVENIDA DEPUTADO FRANCISCO MASTELLA,3955,SETE DE SETEMBRO,,0,04/09/2026,10/4/2026,,1,,,,0,,0,00.577.158/0001-29,
078108,0,834,,,0,AMOSTRA,0,18/09,1 Ag F,0,OP PRODUÇÃO,0,000,CLASSIFICAR MODELO/FAMILIA,,,0097,GERAL,PRD,PRD - FASE PRODUTO,,,Agu retor Feira / pos fei,,00/01/1900,23/06/2021,207,SANTA MARCA,CONFECCOES ONEDA LTDA,21.19.00.0006,CALÇA,CO,COR,N,SM1,SANTA MARCA - VERÃO 1 CRIATIFF,1006,MARINHO,M,22,4,0,0,0,0,04/09/2026,9/4/2026,D41,FLUXO DE PENDENCIA DE COR,D01,,PENDENTE COR NOVA,0,PC,PENDENTE DESENVOLVIMENTO,,,,,,00/01/1900,,,(47) 3332-5004,0,,,,,,0,-11,11,4,,,0,0,0,0,0,A,62,ADULTO,12,FEMININO,N,N,SSNN,0,,B38,0,0,B01,CALÇA (BOTTON),,,0,00/01/1900,0,0,GASPAR,AVENIDA DEPUTADO FRANCISCO MASTELLA,3955,SETE DE SETEMBRO,,0,04/09/2026,10/4/2026,,1,,,,0,,0,00.577.158/0001-29,
078112,0,834,,,0,AMOSTRA,0,16/09,1 Ag F,0,OP PRODUÇÃO,0,000,CLASSIFICAR MODELO/FAMILIA,,,0097,GERAL,PRD,PRD - FASE PRODUTO,,,Agu retor Feira / pos fei,,00/01/1900,23/06/2021,85,SEM LICENSA C&A,CONFECCOES ONEDA LTDA,01.14.00.7928,CONJUNTO CURTO / 2027-1-6329,CO,COR,N,CFI,CFI - FEIRA WINTER I 2027 (PROD AS BS) INCLUSÃO,50,A DEFINIR,2,11,4,0,0,0,0,04/09/2026,9/4/2026,D41,FLUXO DE PENDENCIA DE COR,D01,,PENDENTE COR NOVA,0,PC,PENDENTE DESENVOLVIMENTO,,,,,,00/01/1900,,,(47) 3332-5004,0,,,,,,0,-11,11,4,,,0,0,0,0,0,A,003,T52A - BBO,11,MASCULINO,N,N,SSNN,0,,B38,0,0,C00,CONJUNTO CURTO (TOP/BOTTON),,,0,00/01/1900,4,0,GASPAR,AVENIDA DEPUTADO FRANCISCO MASTELLA,3955,SETE DE SETEMBRO,,0,04/09/2026,10/4/2026,,1,,,,0,,0,00.577.158/0001-29,
078113,0,834,,,0,AMOSTRA,0,16/09,1 Ag F,0,OP PRODUÇÃO,0,000,CLASSIFICAR MODELO/FAMILIA,,,0097,GERAL,PRD,PRD - FASE PRODUTO,,,Agu retor Feira / pos fei,,00/01/1900,23/06/2021,85,SEM LICENSA C&A,CONFECCOES ONEDA LTDA,01.14.00.7929,CONJUNTO CURTO / 2027-1-4984,CO,COR,N,CFI,CFI - FEIRA WINTER I 2027 (PROD AS BS) INCLUSÃO,50,A DEFINIR,2,11,4,0,0,0,0,04/09/2026,9/4/2026,D41,FLUXO DE PENDENCIA DE COR,D01,,PENDENTE COR NOVA,0,PC,PENDENTE DESENVOLVIMENTO,,,,,,00/01/1900,,,(47) 3332-5004,0,,,,,,0,-11,11,4,,,0,0,0,0,0,A,003,T52A - BBO,11,MASCULINO,N,N,SSNN,0,,B38,0,0,C00,CONJUNTO CURTO (TOP/BOTTON),,,0,00/01/1900,4,0,GASPAR,AVENIDA DEPUTADO FRANCISCO MASTELLA,3955,SETE DE SETEMBRO,,0,04/09/2026,10/4/2026,,1,,,,0,,0,00.577.158/0001-29,
078120,0,834,,,0,AMOSTRA,0,,,0,OP PRODUÇÃO,0,000,CLASSIFICAR MODELO/FAMILIA,,,0097,GERAL,PRD,PRD - FASE PRODUTO,,,,,00/01/1900,23/06/2021,86,DISNEY C&A,CONFECCOES ONEDA LTDA,01.20.01.3273,TOP CURTO,CO,COR,N,CVP,CVP - FEIRA SUMMER I 2026 (PREÇOS E COTAÇÕES),0,UNICO,M,22,4,0,0,0,0,09/09/2026,9/9/2026,D41,FLUXO DE PENDENCIA DE COR,D01,,PENDENTE COR NOVA,0,PC,AGUAR. APROV. LIC. / CONCEITO,,,,,,00/01/1900,,,(47) 3332-5004,0,,,,,,0,-6,6,4,,,0,0,0,0,0,A,73,T36 - ACE,11,MASCULINO,N,N,SSNN,0,,,0,0,T00,TOP CURTO (TOP),,,0,00/01/1900,0,0,GASPAR,AVENIDA DEPUTADO FRANCISCO MASTELLA,3955,SETE DE SETEMBRO,,0,09/09/2026,9/9/2026,,1,,,,0,,0,00.577.158/0001-29,
078121,0,834,,,0,AMOSTRA,0,,,0,OP PRODUÇÃO,0,000,CLASSIFICAR MODELO/FAMILIA,,,0097,GERAL,PRD,PRD - FASE PRODUTO,,,,,00/01/1900,6/23/2021,85,SEM LICENSA C&A,CONFECCOES ONEDA LTDA,01.20.42.0573,TOP CURTO,CO,COR,N,CVP,CVP - FEIRA SUMMER I 2026 (PREÇOS E COTAÇÕES),0,UNICO,M,22,4,0,0,0,0,09/09/2026,9/9/2026,D41,FLUXO DE PENDENCIA DE COR,D01,,PENDENTE COR NOVA,0,PC,AGUAR. APROV. LIC. / CONCEITO,,,,,,00/01/1900,,,(47) 3332-5004,0,,,,,,0,-6,6,4,,,0,0,0,0,0,A,73,T36 - ACE,11,MASCULINO,N,N,SSNN,0,,,0,0,T00,TOP CURTO (TOP),,,0,00/01/1900,0,0,GASPAR,AVENIDA DEPUTADO FRANCISCO MASTELLA,3955,SETE DE SETEMBRO,,0,09/09/2026,9/9/2026,,1,,,,0,,0,00.577.158/0001-29,
078122,0,834,,,0,AMOSTRA,0,,,0,OP PRODUÇÃO,0,000,CLASSIFICAR MODELO/FAMILIA,,,0097,GERAL,PRD,PRD - FASE PRODUTO,,,,,00/01/1900,23/06/2021,85,SEM LICENSA C&A,CONFECCOES ONEDA LTDA,01.20.42.0574,TOP CURTO,CO,COR,N,CVP,CVP - FEIRA SUMMER I 2026 (PREÇOS E COTAÇÕES),0,UNICO,M,22,4,0,0,0,0,09/09/2026,9/9/2026,D41,FLUXO DE PENDENCIA DE COR,D01,,PENDENTE COR NOVA,0,PC,AGUAR. APROV. LIC. / CONCEITO,,,,,,00/01/1900,,,(47) 3332-5004,0,,,,,,0,-6,6,4,,,0,0,0,0,0,A,73,T36 - ACE,11,MASCULINO,N,N,SSNN,0,,,0,0,T00,TOP CURTO (TOP),,,0,00/01/1900,0,0,GASPAR,AVENIDA DEPUTADO FRANCISCO MASTELLA,3955,SETE DE SETEMBRO,,0,09/09/2026,9/9/2026,,1,,,,0,,0,00.577.158/0001-29,
078123,0,834,,,0,AMOSTRA,0,,,0,OP PRODUÇÃO,0,000,CLASSIFICAR MODELO/FAMILIA,,,0097,GERAL,PRD,PRD - FASE PRODUTO,,,,,00/01/1900,23/06/2021,85,SEM LICENSA C&A,CONFECCOES ONEDA LTDA,01.20.42.0575,MACHÃO,CO,COR,N,CVP,CVP - FEIRA SUMMER I 2026 (PREÇOS E COTAÇÕES),0,UNICO,M,22,4,0,0,0,0,09/09/2026,9/9/2026,D41,FLUXO DE PENDENCIA DE COR,D01,,PENDENTE COR NOVA,0,PC,AGUAR. APROV. LIC. / CONCEITO,,,,,,00/01/1900,,,(47) 3332-5004,0,,,,,,0,-6,6,4,,,0,0,0,0,0,A,73,T36 - ACE,11,MASCULINO,N,N,SSNN,0,,,0,0,T04,TOP MACHÃO (TOP),"tingimento em Kg 21,78 (estonado) - marmorizado R$ 6,42 por peça",,0,00/01/1900,0,0,GASPAR,AVENIDA DEPUTADO FRANCISCO MASTELLA,3955,SETE DE SETEMBRO,,0,09/09/2026,9/9/2026,,1,,,,0,,0,00.577.158/0001-29,
078124,0,834,,,0,AMOSTRA,0,,,0,OP PRODUÇÃO,0,000,CLASSIFICAR MODELO/FAMILIA,,,0097,GERAL,PRD,PRD - FASE PRODUTO,,,,,00/01/1900,23/06/2021,119,PEANUTS C&A,CONFECCOES ONEDA LTDA,01.20.28.0153,TOP CURTO,CO,COR,N,CVP,CVP - FEIRA SUMMER I 2026 (PREÇOS E COTAÇÕES),0,UNICO,M,22,4,0,0,0,0,09/09/2026,9/9/2026,D41,FLUXO DE PENDENCIA DE COR,D01,,PENDENTE COR NOVA,0,PC,AGUAR. APROV. LIC. / CONCEITO,,,,,,00/01/1900,,,(47) 3332-5004,0,,,,,,0,-6,6,4,,,0,0,0,0,0,A,73,T36 - ACE,11,MASCULINO,N,N,SSNN,0,,,0,0,T00,TOP CURTO (TOP),,,0,00/01/1900,0,0,GASPAR,AVENIDA DEPUTADO FRANCISCO MASTELLA,3955,SETE DE SETEMBRO,,0,09/09/2026,9/9/2026,,1,,,,0,,0,00.577.158/0001-29,
078125,0,834,,,0,AMOSTRA,0,16/09,1 Ag F,0,OP PRODUÇÃO,0,000,CLASSIFICAR MODELO/FAMILIA,,,0097,GERAL,PRD,PRD - FASE PRODUTO,,,Agu retor Feira / pos fei,,00/01/1900,23/06/2021,85,SEM LICENSA C&A,CONFECCOES ONEDA LTDA,01.14.00.7928-1,CONJUNTO CURTO / 2027-1-6329,CO,COR,N,CFI,CFI - FEIRA WINTER I 2027 (PROD AS BS) INCLUSÃO,50,A DEFINIR,2,11,4,0,0,0,0,09/09/2026,9/9/2026,D41,FLUXO DE PENDENCIA DE COR,D01,,PENDENTE COR NOVA,0,PC,PENDENTE DESENVOLVIMENTO,,,,,,00/01/1900,,,(47) 3332-5004,0,,,,,,0,-6,6,4,,,0,0,0,0,0,A,003,T52A - BBO,11,MASCULINO,N,N,SSNN,0,,B38,0,0,C00,CONJUNTO CURTO (TOP/BOTTON),,,0,00/01/1900,4,0,GASPAR,AVENIDA DEPUTADO FRANCISCO MASTELLA,3955,SETE DE SETEMBRO,,0,09/09/2026,10/9/2026,,1,,,,0,,0,00.577.158/0001-29,
078126,0,834,,,0,AMOSTRA,0,16/09,1 Ag F,0,OP PRODUÇÃO,0,000,CLASSIFICAR MODELO/FAMILIA,,,0097,GERAL,PRD,PRD - FASE PRODUTO,,,Agu retor Feira / pos fei,,00/01/1900,23/06/2021,85,SEM LICENSA C&A,CONFECCOES ONEDA LTDA,01.14.00.7928-2,CONJUNTO CURTO / 2027-1-6329,CO,COR,N,CFI,CFI - FEIRA WINTER I 2027 (PROD AS BS) INCLUSÃO,50,A DEFINIR,2,11,4,0,0,0,0,09/09/2026,9/9/2026,D41,FLUXO DE PENDENCIA DE COR,D01,,PENDENTE COR NOVA,0,PC,PENDENTE DESENVOLVIMENTO,,,,,,00/01/1900,,,(47) 3332-5004,0,,,,,,0,-6,6,4,,,0,0,0,0,0,A,003,T52A - BBO,11,MASCULINO,N,N,SSNN,0,,B38,0,0,C00,CONJUNTO CURTO (TOP/BOTTON),,,0,00/01/1900,4,0,GASPAR,AVENIDA DEPUTADO FRANCISCO MASTELLA,3955,SETE DE SETEMBRO,,0,09/09/2026,10/9/2026,,1,,,,0,,0,00.577.158/0001-29,
078127,0,834,,,0,AMOSTRA,0,16/09,1 Ag F,0,OP PRODUÇÃO,0,000,CLASSIFICAR MODELO/FAMILIA,,,0097,GERAL,PRD,PRD - FASE PRODUTO,,,Agu retor Feira / pos fei,,00/01/1900,23/06/2021,85,SEM LICENSA C&A,CONFECCOES ONEDA LTDA,01.14.00.7929-1,CONJUNTO CURTO / 2027-1-4984,CO,COR,N,CFI,CFI - FEIRA WINTER I 2027 (PROD AS BS) INCLUSÃO,50,A DEFINIR,2,11,4,0,0,0,0,09/09/2026,9/9/2026,D41,FLUXO DE PENDENCIA DE COR,D01,,PENDENTE COR NOVA,0,PC,PENDENTE DESENVOLVIMENTO,,,,,,00/01/1900,,,(47) 3332-5004,0,,,,,,0,-6,6,4,,,0,0,0,0,0,A,003,T52A - BBO,11,MASCULINO,N,N,SSNN,0,,B38,0,0,C00,CONJUNTO CURTO (TOP/BOTTON),,,0,00/01/1900,4,0,GASPAR,AVENIDA DEPUTADO FRANCISCO MASTELLA,3955,SETE DE SETEMBRO,,0,09/09/2026,10/9/2026,,1,,,,0,,0,00.577.158/0001-29,
078128,0,834,,,0,AMOSTRA,0,,,0,OP PRODUÇÃO,0,000,CLASSIFICAR MODELO/FAMILIA,,,0097,GERAL,PRD,PRD - FASE PRODUTO,,,,,00/01/1900,6/23/2021,86,DISNEY C&A,CONFECCOES ONEDA LTDA,01.20.01.3272,TOP MC,CO,COR,N,CVP,CVP - FEIRA SUMMER I 2026 (PREÇOS E COTAÇÕES),0,UNICO,M,22,4,0,0,0,0,10/09/2026,9/10/2026,D41,FLUXO DE PENDENCIA DE COR,D01,,PENDENTE COR NOVA,0,PC,AGUAR. APROV. LIC. / CONCEITO,,,,,,00/01/1900,,,(47) 3332-5004,0,,,,,,0,-5,5,4,,,0,0,0,0,0,A,73,T36 - ACE,11,MASCULINO,N,N,SSNN,0,,,0,0,T00,TOP CURTO (TOP),,,0,00/01/1900,0,0,GASPAR,AVENIDA DEPUTADO FRANCISCO MASTELLA,3955,SETE DE SETEMBRO,,0,10/09/2026,9/10/2026,,1,,,,0,,0,00.577.158/0001-29,
078129,0,834,,,0,AMOSTRA,0,16/09,,0,OP PRODUÇÃO,0,000,CLASSIFICAR MODELO/FAMILIA,,,0097,GERAL,PRD,PRD - FASE PRODUTO,,,,,00/01/1900,23/06/2021,73,BARCELONA,CONFECCOES ONEDA LTDA,02.16.42.0063,TOP CURTO,CO,COR,N,RRB,RRB - RENNER BUFFER,50,A DEFINIR,7-8,53,4,0,0,0,0,10/09/2026,9/10/2026,D41,FLUXO DE PENDENCIA DE COR,D01,,PENDENTE COR NOVA,0,PC,AGUAR. APROV. LIC. / CONCEITO,,,,,,00/01/1900,,,(47) 3332-5004,0,,,,,,0,-5,5,4,,,0,0,0,0,0,A,R8,LICENSE MENINO RENNER,17,CABIDE,N,N,SSNN,0,,B38,0,0,T00,TOP CURTO (TOP),,,0,00/01/1900,2,0,GASPAR,AVENIDA DEPUTADO FRANCISCO MASTELLA,3955,SETE DE SETEMBRO,,0,10/09/2026,10/10/2026,,1,,,,0,,0,00.577.158/0001-29,
077603,0,834,,,0,09 - SEM 39 - 2026,2,22/03,9 lcc,0,OP PRODUÇÃO,0,000,CLASSIFICAR MODELO/FAMILIA,,,0097,GERAL,TEC,TEC - TECELAGEM,,,Lib corte,,00/01/1900,00/01/1900,149,SEM LICENÇA HERING,CONFECCOES ONEDA LTDA,13.15.00.0437E,POLO CURTO / 53GM-1G,50,S - GOLA RETILINEA,N,H9A,H9A - HERING ALTO VERÃO 2027,1G,1G,2,11,26,0,0,0,0,04/08/2026,8/13/2026,334,PPCP/TINTURARIA/CORTE/AGUARDANDO DISTRIBUIÇÃO,05,,PPCP - TECELAGEM ANÁLISE OI,0,PC,LIBERADO PARA PRODUÇÂO,CIA. HERING,4507380727,4507380727,061813,05729,11/10/2026,2641,10 - SEM 41 - 2026,(47) 3332-5004,0,,,0103,GRUPO SOMA,24/08/2026,26,-33,42,26,,,0,0,100,0,0,2639,H02,T53 - HERING KIDS A,05,CAIXA - LR,N,N,SSNN,0,,B12,0,0,T13,POLO CURTO (TOP),,"21608H.DST R$1,55 COM PROTEÇÃO","26,35",11/10/2026,0,0,GASPAR,AVENIDA DEPUTADO FRANCISCO MASTELLA,3955,SETE DE SETEMBRO,,7,04/08/2026,9/27/2026,,1,,,2639,0,,0,00.577.158/0001-29,
077603,0,834,,,0,09 - SEM 39 - 2026,2,22/03,9 lcc,0,OP PRODUÇÃO,0,000,CLASSIFICAR MODELO/FAMILIA,,,0097,GERAL,TEC,TEC - TECELAGEM,,,Lib corte,,00/01/1900,00/01/1900,149,SEM LICENÇA HERING,CONFECCOES ONEDA LTDA,13.15.00.0437E,POLO CURTO / 53GM-1G,50,S - GOLA RETILINEA,N,H9A,H9A - HERING ALTO VERÃO 2027,1G,1G,4,13,43,0,0,0,0,04/08/2026,8/13/2026,334,PPCP/TINTURARIA/CORTE/AGUARDANDO DISTRIBUIÇÃO,05,,PPCP - TECELAGEM ANÁLISE OI,0,PC,LIBERADO PARA PRODUÇÂO,CIA. HERING,4507380727,4507380727,061813,05729,11/10/2026,2641,10 - SEM 41 - 2026,(47) 3332-5004,0,,,0103,GRUPO SOMA,24/08/2026,26,-33,42,43,,,0,0,100,0,0,2639,H02,T53 - HERING KIDS A,05,CAIXA - LR,N,N,SSNN,0,,B12,0,0,T13,POLO CURTO (TOP),,"21608H.DST R$1,55 COM PROTEÇÃO","26,35",11/10/2026,0,0,GASPAR,AVENIDA DEPUTADO FRANCISCO MASTELLA,3955,SETE DE SETEMBRO,,7,04/08/2026,9/27/2026,,1,,,2639,0,,0,00.577.158/0001-29,
077603,0,834,,,0,09 - SEM 39 - 2026,2,22/03,9 lcc,0,OP PRODUÇÃO,0,000,CLASSIFICAR MODELO/FAMILIA,,,0097,GERAL,TEC,TEC - TECELAGEM,,,Lib corte,,00/01/1900,00/01/1900,149,SEM LICENÇA HERING,CONFECCOES ONEDA LTDA,13.15.00.0437E,POLO CURTO / 53GM-1G,50,S - GOLA RETILINEA,N,H9A,H9A - HERING ALTO VERÃO 2027,1G,1G,6,14,50,0,0,0,0,04/08/2026,8/13/2026,334,PPCP/TINTURARIA/CORTE/AGUARDANDO DISTRIBUIÇÃO,05,,PPCP - TECELAGEM ANÁLISE OI,0,PC,LIBERADO PARA PRODUÇÂO,CIA. HERING,4507380727,4507380727,061813,05729,11/10/2026,2641,10 - SEM 41 - 2026,(47) 3332-5004,0,,,0103,GRUPO SOMA,24/08/2026,26,-33,42,50,,,0,0,100,0,0,2639,H02,T53 - HERING KIDS A,05,CAIXA - LR,N,N,SSNN,0,,B12,0,0,T13,POLO CURTO (TOP),,"21608H.DST R$1,55 COM PROTEÇÃO","26,35",11/10/2026,0,0,GASPAR,AVENIDA DEPUTADO FRANCISCO MASTELLA,3955,SETE DE SETEMBRO,,7,04/08/2026,9/27/2026,,1,,,2639,0,,0,00.577.158/0001-29,
077603,0,834,,,0,09 - SEM 39 - 2026,2,22/03,9 lcc,0,OP PRODUÇÃO,0,000,CLASSIFICAR MODELO/FAMILIA,,,0097,GERAL,TEC,TEC - TECELAGEM,,,Lib corte,,00/01/1900,00/01/1900,149,SEM LICENÇA HERING,CONFECCOES ONEDA LTDA,13.15.00.0437E,POLO CURTO / 53GM-1G,50,S - GOLA RETILINEA,N,H9A,H9A - HERING ALTO VERÃO 2027,1G,1G,8,15,58,0,0,0,0,04/08/2026,8/13/2026,334,PPCP/TINTURARIA/CORTE/AGUARDANDO DISTRIBUIÇÃO,05,,PPCP - TECELAGEM ANÁLISE OI,0,PC,LIBERADO PARA PRODUÇÂO,CIA. HERING,4507380727,4507380727,061813,05729,11/10/2026,2641,10 - SEM 41 - 2026,(47) 3332-5004,0,,,0103,GRUPO SOMA,24/08/2026,26,-33,42,58,,,0,0,100,0,0,2639,H02,T53 - HERING KIDS A,05,CAIXA - LR,N,N,SSNN,0,,B12,0,0,T13,POLO CURTO (TOP),,"21608H.DST R$1,55 COM PROTEÇÃO","26,35",11/10/2026,0,0,GASPAR,AVENIDA DEPUTADO FRANCISCO MASTELLA,3955,SETE DE SETEMBRO,,7,04/08/2026,9/27/2026,,1,,,2639,0,,0,00.577.158/0001-29,
077603,0,834,,,0,09 - SEM 39 - 2026,2,22/03,9 lcc,0,OP PRODUÇÃO,0,000,CLASSIFICAR MODELO/FAMILIA,,,0097,GERAL,TEC,TEC - TECELAGEM,,,Lib corte,,00/01/1900,00/01/1900,149,SEM LICENÇA HERING,CONFECCOES ONEDA LTDA,13.15.00.0437E,POLO CURTO / 53GM-1G,50,S - GOLA RETILINEA,N,H9A,H9A - HERING ALTO VERÃO 2027,1G,1G,10,16,57,0,0,0,0,04/08/2026,8/13/2026,334,PPCP/TINTURARIA/CORTE/AGUARDANDO DISTRIBUIÇÃO,05,,PPCP - TECELAGEM ANÁLISE OI,0,PC,LIBERADO PARA PRODUÇÂO,CIA. HERING,4507380727,4507380727,061813,05729,11/10/2026,2641,10 - SEM 41 - 2026,(47) 3332-5004,0,,,0103,GRUPO SOMA,24/08/2026,26,-33,42,57,,,0,0,100,0,0,2639,H02,T53 - HERING KIDS A,05,CAIXA - LR,N,N,SSNN,0,,B12,0,0,T13,POLO CURTO (TOP),,"21608H.DST R$1,55 COM PROTEÇÃO","26,35",11/10/2026,0,0,GASPAR,AVENIDA DEPUTADO FRANCISCO MASTELLA,3955,SETE DE SETEMBRO,,7,04/08/2026,9/27/2026,,1,,,2639,0,,0,00.577.158/0001-29,
077603,0,834,,,0,09 - SEM 39 - 2026,2,22/03,9 lcc,0,OP PRODUÇÃO,0,000,CLASSIFICAR MODELO/FAMILIA,,,0097,GERAL,TEC,TEC - TECELAGEM,,,Lib corte,,00/01/1900,00/01/1900,149,SEM LICENÇA HERING,CONFECCOES ONEDA LTDA,13.15.00.0437E,POLO CURTO / 53GM-1G,50,S - GOLA RETILINEA,N,H9A,H9A - HERING ALTO VERÃO 2027,1G,1G,12,17,62,0,0,0,0,04/08/2026,8/13/2026,334,PPCP/TINTURARIA/CORTE/AGUARDANDO DISTRIBUIÇÃO,05,,PPCP - TECELAGEM ANÁLISE OI,0,PC,LIBERADO PARA PRODUÇÂO,CIA. HERING,4507380727,4507380727,061813,05729,11/10/2026,2641,10 - SEM 41 - 2026,(47) 3332-5004,0,,,0103,GRUPO SOMA,24/08/2026,26,-33,42,62,,,0,0,100,0,0,2639,H02,T53 - HERING KIDS A,05,CAIXA - LR,N,N,SSNN,0,,B12,0,0,T13,POLO CURTO (TOP),,"21608H.DST R$1,55 COM PROTEÇÃO","26,35",11/10/2026,0,0,GASPAR,AVENIDA DEPUTADO FRANCISCO MASTELLA,3955,SETE DE SETEMBRO,,7,04/08/2026,9/27/2026,,1,,,2639,0,,0,00.577.158/0001-29,
077603,0,834,,,0,09 - SEM 39 - 2026,2,22/03,9 lcc,0,OP PRODUÇÃO,0,000,CLASSIFICAR MODELO/FAMILIA,,,0097,GERAL,TEC,TEC - TECELAGEM,,,Lib corte,,00/01/1900,00/01/1900,149,SEM LICENÇA HERING,CONFECCOES ONEDA LTDA,13.15.00.0437E,POLO CURTO / 53GM-1G,50,S - GOLA RETILINEA,N,H9A,H9A - HERING ALTO VERÃO 2027,1G,1G,14,18,57,0,0,0,0,04/08/2026,8/13/2026,334,PPCP/TINTURARIA/CORTE/AGUARDANDO DISTRIBUIÇÃO,05,,PPCP - TECELAGEM ANÁLISE OI,0,PC,LIBERADO PARA PRODUÇÂO,CIA. HERING,4507380727,4507380727,061813,05729,11/10/2026,2641,10 - SEM 41 - 2026,(47) 3332-5004,0,,,0103,GRUPO SOMA,24/08/2026,26,-33,42,57,,,0,0,100,0,0,2639,H02,T53 - HERING KIDS A,05,CAIXA - LR,N,N,SSNN,0,,B12,0,0,T13,POLO CURTO (TOP),,"21608H.DST R$1,55 COM PROTEÇÃO","26,35",11/10/2026,0,0,GASPAR,AVENIDA DEPUTADO FRANCISCO MASTELLA,3955,SETE DE SETEMBRO,,7,04/08/2026,9/27/2026,,1,,,2639,0,,0,00.577.158/0001-29,
077603,0,834,,,0,09 - SEM 39 - 2026,2,22/03,9 lcc,0,OP PRODUÇÃO,0,000,CLASSIFICAR MODELO/FAMILIA,,,0097,GERAL,TEC,TEC - TECELAGEM,,,Lib corte,,00/01/1900,00/01/1900,149,SEM LICENÇA HERING,CONFECCOES ONEDA LTDA,13.15.00.0437E,POLO CURTO / 53GM-1G,50,S - GOLA RETILINEA,N,H9A,H9A - HERING ALTO VERÃO 2027,1G,1G,16,19,47,0,0,0,0,04/08/2026,8/13/2026,334,PPCP/TINTURARIA/CORTE/AGUARDANDO DISTRIBUIÇÃO,05,,PPCP - TECELAGEM ANÁLISE OI,0,PC,LIBERADO PARA PRODUÇÂO,CIA. HERING,4507380727,4507380727,061813,05729,11/10/2026,2641,10 - SEM 41 - 2026,(47) 3332-5004,0,,,0103,GRUPO SOMA,24/08/2026,26,-33,42,47,,,0,0,100,0,0,2639,H02,T53 - HERING KIDS A,05,CAIXA - LR,N,N,SSNN,0,,B12,0,0,T13,POLO CURTO (TOP),,"21608H.DST R$1,55 COM PROTEÇÃO","26,35",11/10/2026,0,0,GASPAR,AVENIDA DEPUTADO FRANCISCO MASTELLA,3955,SETE DE SETEMBRO,,7,04/08/2026,9/27/2026,,1,,,2639,0,,0,00.577.158/0001-29,
077604,0,834,,,0,09 - SEM 39 - 2026,2,22/03,9 lcc,0,OP PRODUÇÃO,0,000,CLASSIFICAR MODELO/FAMILIA,,,0097,GERAL,TEC,TEC - TECELAGEM,,,Lib corte,,00/01/1900,00/01/1900,149,SEM LICENÇA HERING,CONFECCOES ONEDA LTDA,13.15.00.0437F,POLO CURTO / 53GM-1H,50,S - GOLA RETILINEA,N,H9A,H9A - HERING ALTO VERÃO 2027,1H,1H,2,11,35,0,0,0,0,04/08/2026,8/13/2026,334,PPCP/TINTURARIA/CORTE/AGUARDANDO DISTRIBUIÇÃO,05,,PPCP - TECELAGEM ANÁLISE OI,0,PC,LIBERADO PARA PRODUÇÂO,CIA. HERING,4507380727,4507380727,061814,05729,11/10/2026,2641,10 - SEM 41 - 2026,(47) 3332-5004,0,,,0103,GRUPO SOMA,24/08/2026,26,-33,42,35,,,0,0,100,0,0,2639,H02,T53 - HERING KIDS A,05,CAIXA - LR,N,N,SSNN,"33,1128",,B13,0,0,T13,POLO CURTO (TOP),,"21608H.DST R$1,55 COM PROTEÇÃO","26,35",11/10/2026,0,0,GASPAR,AVENIDA DEPUTADO FRANCISCO MASTELLA,3955,SETE DE SETEMBRO,,7,04/08/2026,9/27/2026,,1,,,2639,0,,0,00.577.158/0001-29,
077604,0,834,,,0,09 - SEM 39 - 2026,2,22/03,9 lcc,0,OP PRODUÇÃO,0,000,CLASSIFICAR MODELO/FAMILIA,,,0097,GERAL,TEC,TEC - TECELAGEM,,,Lib corte,,00/01/1900,00/01/1900,149,SEM LICENÇA HERING,CONFECCOES ONEDA LTDA,13.15.00.0437F,POLO CURTO / 53GM-1H,50,S - GOLA RETILINEA,N,H9A,H9A - HERING ALTO VERÃO 2027,1H,1H,4,13,48,0,0,0,0,04/08/2026,8/13/2026,334,PPCP/TINTURARIA/CORTE/AGUARDANDO DISTRIBUIÇÃO,05,,PPCP - TECELAGEM ANÁLISE OI,0,PC,LIBERADO PARA PRODUÇÂO,CIA. HERING,4507380727,4507380727,061814,05729,11/10/2026,2641,10 - SEM 41 - 2026,(47) 3332-5004,0,,,0103,GRUPO SOMA,24/08/2026,26,-33,42,48,,,0,0,100,0,0,2639,H02,T53 - HERING KIDS A,05,CAIXA - LR,N,N,SSNN,"33,1128",,B13,0,0,T13,POLO CURTO (TOP),,"21608H.DST R$1,55 COM PROTEÇÃO","26,35",11/10/2026,0,0,GASPAR,AVENIDA DEPUTADO FRANCISCO MASTELLA,3955,SETE DE SETEMBRO,,7,04/08/2026,9/27/2026,,1,,,2639,0,,0,00.577.158/0001-29,
077604,0,834,,,0,09 - SEM 39 - 2026,2,22/03,9 lcc,0,OP PRODUÇÃO,0,000,CLASSIFICAR MODELO/FAMILIA,,,0097,GERAL,TEC,TEC - TECELAGEM,,,Lib corte,,00/01/1900,00/01/1900,149,SEM LICENÇA HERING,CONFECCOES ONEDA LTDA,13.15.00.0437F,POLO CURTO / 53GM-1H,50,S - GOLA RETILINEA,N,H9A,H9A - HERING ALTO VERÃO 2027,1H,1H,6,14,62,0,0,0,0,04/08/2026,8/13/2026,334,PPCP/TINTURARIA/CORTE/AGUARDANDO DISTRIBUIÇÃO,05,,PPCP - TECELAGEM ANÁLISE OI,0,PC,LIBERADO PARA PRODUÇÂO,CIA. HERING,4507380727,4507380727,061814,05729,11/10/2026,2641,10 - SEM 41 - 2026,(47) 3332-5004,0,,,0103,GRUPO SOMA,24/08/2026,26,-33,42,62,,,0,0,100,0,0,2639,H02,T53 - HERING KIDS A,05,CAIXA - LR,N,N,SSNN,"33,1128",,B13,0,0,T13,POLO CURTO (TOP),,"21608H.DST R$1,55 COM PROTEÇÃO","26,35",11/10/2026,0,0,GASPAR,AVENIDA DEPUTADO FRANCISCO MASTELLA,3955,SETE DE SETEMBRO,,7,04/08/2026,9/27/2026,,1,,,2639,0,,0,00.577.158/0001-29,
077604,0,834,,,0,09 - SEM 39 - 2026,2,22/03,9 lcc,0,OP PRODUÇÃO,0,000,CLASSIFICAR MODELO/FAMILIA,,,0097,GERAL,TEC,TEC - TECELAGEM,,,Lib corte,,00/01/1900,00/01/1900,149,SEM LICENÇA HERING,CONFECCOES ONEDA LTDA,13.15.00.0437F,POLO CURTO / 53GM-1H,50,S - GOLA RETILINEA,N,H9A,H9A - HERING ALTO VERÃO 2027,1H,1H,8,15,65,0,0,0,0,04/08/2026,8/13/2026,334,PPCP/TINTURARIA/CORTE/AGUARDANDO DISTRIBUIÇÃO,05,,PPCP - TECELAGEM ANÁLISE OI,0,PC,LIBERADO PARA PRODUÇÂO,CIA. HERING,4507380727,4507380727,061814,05729,11/10/2026,2641,10 - SEM 41 - 2026,(47) 3332-5004,0,,,0103,GRUPO SOMA,24/08/2026,26,-33,42,65,,,0,0,100,0,0,2639,H02,T53 - HERING KIDS A,05,CAIXA - LR,N,N,SSNN,"33,1128",,B13,0,0,T13,POLO CURTO (TOP),,"21608H.DST R$1,55 COM PROTEÇÃO","26,35",11/10/2026,0,0,GASPAR,AVENIDA DEPUTADO FRANCISCO MASTELLA,3955,SETE DE SETEMBRO,,7,04/08/2026,9/27/2026,,1,,,2639,0,,0,00.577.158/0001-29,
077604,0,834,,,0,09 - SEM 39 - 2026,2,22/03,9 lcc,0,OP PRODUÇÃO,0,000,CLASSIFICAR MODELO/FAMILIA,,,0097,GERAL,TEC,TEC - TECELAGEM,,,Lib corte,,00/01/1900,00/01/1900,149,SEM LICENÇA HERING,CONFECCOES ONEDA LTDA,13.15.00.0437F,POLO CURTO / 53GM-1H,50,S - GOLA RETILINEA,N,H9A,H9A - HERING ALTO VERÃO 2027,1H,1H,10,16,70,0,0,0,0,04/08/2026,8/13/2026,334,PPCP/TINTURARIA/CORTE/AGUARDANDO DISTRIBUIÇÃO,05,,PPCP - TECELAGEM ANÁLISE OI,0,PC,LIBERADO PARA PRODUÇÂO,CIA. HERING,4507380727,4507380727,061814,05729,11/10/2026,2641,10 - SEM 41 - 2026,(47) 3332-5004,0,,,0103,GRUPO SOMA,24/08/2026,26,-33,42,70,,,0,0,100,0,0,2639,H02,T53 - HERING KIDS A,05,CAIXA - LR,N,N,SSNN,"33,1128",,B13,0,0,T13,POLO CURTO (TOP),,"21608H.DST R$1,55 COM PROTEÇÃO","26,35",11/10/2026,0,0,GASPAR,AVENIDA DEPUTADO FRANCISCO MASTELLA,3955,SETE DE SETEMBRO,,7,04/08/2026,9/27/2026,,1,,,2639,0,,0,00.577.158/0001-29,
077604,0,834,,,0,09 - SEM 39 - 2026,2,22/03,9 lcc,0,OP PRODUÇÃO,0,000,CLASSIFICAR MODELO/FAMILIA,,,0097,GERAL,TEC,TEC - TECELAGEM,,,Lib corte,,00/01/1900,00/01/1900,149,SEM LICENÇA HERING,CONFECCOES ONEDA LTDA,13.15.00.0437F,POLO CURTO / 53GM-1H,50,S - GOLA RETILINEA,N,H9A,H9A - HERING ALTO VERÃO 2027,1H,1H,12,17,63,0,0,0,0,04/08/2026,8/13/2026,334,PPCP/TINTURARIA/CORTE/AGUARDANDO DISTRIBUIÇÃO,05,,PPCP - TECELAGEM ANÁLISE OI,0,PC,LIBERADO PARA PRODUÇÂO,CIA. HERING,4507380727,4507380727,061814,05729,11/10/2026,2641,10 - SEM 41 - 2026,(47) 3332-5004,0,,,0103,GRUPO SOMA,8/24/2026,26,-33,42,63,,,0,0,100,0,0,2639,H02,T53 - HERING KIDS A,05,CAIXA - LR,N,N,SSNN,"33,1128",,B13,0,0,T13,POLO CURTO (TOP),,"21608H.DST R$1,55 COM PROTEÇÃO","26,35",11/10/2026,0,0,GASPAR,AVENIDA DEPUTADO FRANCISCO MASTELLA,3955,SETE DE SETEMBRO,,7,04/08/2026,9/27/2026,,1,,,2639,0,,0,00.577.158/0001-29,
077604,0,834,,,0,09 - SEM 39 - 2026,2,22/03,9 lcc,0,OP PRODUÇÃO,0,000,CLASSIFICAR MODELO/FAMILIA,,,0097,GERAL,TEC,TEC - TECELAGEM,,,Lib corte,,00/01/1900,00/01/1900,149,SEM LICENÇA HERING,CONFECCOES ONEDA LTDA,13.15.00.0437F,POLO CURTO / 53GM-1H,50,S - GOLA RETILINEA,N,H9A,H9A - HERING ALTO VERÃO 2027,1H,1H,14,18,58,0,0,0,0,04/08/2026,8/13/2026,334,PPCP/TINTURARIA/CORTE/AGUARDANDO DISTRIBUIÇÃO,05,,PPCP - TECELAGEM ANÁLISE OI,0,PC,LIBERADO PARA PRODUÇÂO,CIA. HERING,4507380727,4507380727,061814,05729,11/10/2026,2641,10 - SEM 41 - 2026,(47) 3332-5004,0,,,0103,GRUPO SOMA,8/24/2026,26,-33,42,58,,,0,0,100,0,0,2639,H02,T53 - HERING KIDS A,05,CAIXA - LR,N,N,SSNN,"33,1128",,B13,0,0,T13,POLO CURTO (TOP),,"21608H.DST R$1,55 COM PROTEÇÃO","26,35",11/10/2026,0,0,GASPAR,AVENIDA DEPUTADO FRANCISCO MASTELLA,3955,SETE DE SETEMBRO,,7,04/08/2026,9/27/2026,,1,,,2639,0,,0,00.577.158/0001-29,
077604,0,834,,,0,09 - SEM 39 - 2026,2,22/03,9 lcc,0,OP PRODUÇÃO,0,000,CLASSIFICAR MODELO/FAMILIA,,,0097,GERAL,TEC,TEC - TECELAGEM,,,Lib corte,,00/01/1900,00/01/1900,149,SEM LICENÇA HERING,CONFECCOES ONEDA LTDA,13.15.00.0437F,POLO CURTO / 53GM-1H,50,S - GOLA RETILINEA,N,H9A,H9A - HERING ALTO VERÃO 2027,1H,1H,16,19,41,0,0,0,0,04/08/2026,8/13/2026,334,PPCP/TINTURARIA/CORTE/AGUARDANDO DISTRIBUIÇÃO,05,,PPCP - TECELAGEM ANÁLISE OI,0,PC,LIBERADO PARA PRODUÇÂO,CIA. HERING,4507380727,4507380727,061814,05729,11/10/2026,2641,10 - SEM 41 - 2026,(47) 3332-5004,0,,,0103,GRUPO SOMA,24/08/2026,26,-33,42,41,,,0,0,100,0,0,2639,H02,T53 - HERING KIDS A,05,CAIXA - LR,N,N,SSNN,"33,1128",,B13,0,0,T13,POLO CURTO (TOP),,"21608H.DST R$1,55 COM PROTEÇÃO","26,35",11/10/2026,0,0,GASPAR,AVENIDA DEPUTADO FRANCISCO MASTELLA,3955,SETE DE SETEMBRO,,7,04/08/2026,9/27/2026,,1,,,2639,0,,0,00.577.158/0001-29,
077882,0,834,,,0,11 - SEM 46 - 2026,2,15/07,7 L C,0,OP PRODUÇÃO,0,T121,TOP POLO MC C/ PEITILHO SIMPLES SEM BOTÃO ROTATIVO,C,9 SEMANAS,0097,GERAL,TEC,TEC - TECELAGEM,,,Lib Corte/ EM TEST MODELAGEM,,00/01/1900,00/01/1900,85,SEM LICENSA C&A,CONFECCOES ONEDA LTDA,01.18.00.7832,TOP CURTO POLIESTER/ 2026-1-15452,50,S - GOLA RETILINEA,N,CEI,CEI - FEIRA SUMMER II 2026 (PROD AS BS) INCLUSÃO,000521,OFF WHITE,10,16,401,0,0,0,0,13/08/2026,8/24/2026,334,PPCP/TINTURARIA/CORTE/AGUARDANDO DISTRIBUIÇÃO,05,,PPCP - TECELAGEM ANÁLISE OI,0,PC,PP SAMPL APROVADA,C&A MODAS S.A.,107372,107372,061702,05461,15/11/2026,2646,11 - SEM 46 - 2026,(47) 3332-5004,0,,,0030,C&A MODAS,21/09/2026,61,-22,33,401,,,0,0,100,0,0,2646,86,T59C - TEEN,19,CABIDE-DORSAL,N,N,SSNN,0,,B24,0,0,T22,TOP CURTO POLIÉSTER (TOP),0118007832 VR1 TCTNTdry TM183 RT 2 --SUBLIMAÇÃO EM ROLO,,37,15/11/2026,3,0,GASPAR,AVENIDA DEPUTADO FRANCISCO MASTELLA,3955,SETE DE SETEMBRO,,7,13/08/2026,10/25/2026,,1,,,2641,0,,0,00.577.158/0001-29,
077882,0,834,,,0,11 - SEM 46 - 2026,2,15/07,7 L C,0,OP PRODUÇÃO,0,T121,TOP POLO MC C/ PEITILHO SIMPLES SEM BOTÃO ROTATIVO,C,9 SEMANAS,0097,GERAL,TEC,TEC - TECELAGEM,,,Lib Corte/ EM TEST MODELAGEM,,00/01/1900,00/01/1900,85,SEM LICENSA C&A,CONFECCOES ONEDA LTDA,01.18.00.7832,TOP CURTO POLIESTER/ 2026-1-15452,50,S - GOLA RETILINEA,N,CEI,CEI - FEIRA SUMMER II 2026 (PROD AS BS) INCLUSÃO,000521,OFF WHITE,12,17,1202,0,0,0,0,13/08/2026,8/24/2026,334,PPCP/TINTURARIA/CORTE/AGUARDANDO DISTRIBUIÇÃO,05,,PPCP - TECELAGEM ANÁLISE OI,0,PC,PP SAMPL APROVADA,C&A MODAS S.A.,107372,107372,061702,05461,15/11/2026,2646,11 - SEM 46 - 2026,(47) 3332-5004,0,,,0030,C&A MODAS,21/09/2026,61,-22,33,1202,,,0,0,100,0,0,2646,86,T59C - TEEN,19,CABIDE-DORSAL,N,N,SSNN,0,,B24,0,0,T22,TOP CURTO POLIÉSTER (TOP),0118007832 VR1 TCTNTdry TM183 RT 2 --SUBLIMAÇÃO EM ROLO,,37,15/11/2026,3,0,GASPAR,AVENIDA DEPUTADO FRANCISCO MASTELLA,3955,SETE DE SETEMBRO,,7,13/08/2026,10/25/2026,,1,,,2641,0,,0,00.577.158/0001-29,
077882,0,834,,,0,11 - SEM 46 - 2026,2,15/07,7 L C,0,OP PRODUÇÃO,0,T121,TOP POLO MC C/ PEITILHO SIMPLES SEM BOTÃO ROTATIVO,C,9 SEMANAS,0097,GERAL,TEC,TEC - TECELAGEM,,,Lib Corte/ EM TEST MODELAGEM,,00/01/1900,00/01/1900,85,SEM LICENSA C&A,CONFECCOES ONEDA LTDA,01.18.00.7832,TOP CURTO POLIESTER/ 2026-1-15452,50,S - GOLA RETILINEA,N,CEI,CEI - FEIRA SUMMER II 2026 (PROD AS BS) INCLUSÃO,000521,OFF WHITE,14,18,1202,0,0,0,0,13/08/2026,8/24/2026,334,PPCP/TINTURARIA/CORTE/AGUARDANDO DISTRIBUIÇÃO,05,,PPCP - TECELAGEM ANÁLISE OI,0,PC,PP SAMPL APROVADA,C&A MODAS S.A.,107372,107372,061702,05461,15/11/2026,2646,11 - SEM 46 - 2026,(47) 3332-5004,0,,,0030,C&A MODAS,21/09/2026,61,-22,33,1202,,,0,0,100,0,0,2646,86,T59C - TEEN,19,CABIDE-DORSAL,N,N,SSNN,0,,B24,0,0,T22,TOP CURTO POLIÉSTER (TOP),0118007832 VR1 TCTNTdry TM183 RT 2 --SUBLIMAÇÃO EM ROLO,,37,15/11/2026,3,0,GASPAR,AVENIDA DEPUTADO FRANCISCO MASTELLA,3955,SETE DE SETEMBRO,,7,13/08/2026,10/25/2026,,1,,,2641,0,,0,00.577.158/0001-29,
077882,0,834,,,0,11 - SEM 46 - 2026,2,15/07,7 L C,0,OP PRODUÇÃO,0,T121,TOP POLO MC C/ PEITILHO SIMPLES SEM BOTÃO ROTATIVO,C,9 SEMANAS,0097,GERAL,TEC,TEC - TECELAGEM,,,Lib Corte/ EM TEST MODELAGEM,,00/01/1900,00/01/1900,85,SEM LICENSA C&A,CONFECCOES ONEDA LTDA,01.18.00.7832,TOP CURTO POLIESTER/ 2026-1-15452,50,S - GOLA RETILINEA,N,CEI,CEI - FEIRA SUMMER II 2026 (PROD AS BS) INCLUSÃO,000521,OFF WHITE,16,19,801,0,0,0,0,13/08/2026,8/24/2026,334,PPCP/TINTURARIA/CORTE/AGUARDANDO DISTRIBUIÇÃO,05,,PPCP - TECELAGEM ANÁLISE OI,0,PC,PP SAMPL APROVADA,C&A MODAS S.A.,107372,107372,061702,05461,15/11/2026,2646,11 - SEM 46 - 2026,(47) 3332-5004,0,,,0030,C&A MODAS,21/09/2026,61,-22,33,801,,,0,0,100,0,0,2646,86,T59C - TEEN,19,CABIDE-DORSAL,N,N,SSNN,0,,B24,0,0,T22,TOP CURTO POLIÉSTER (TOP),0118007832 VR1 TCTNTdry TM183 RT 2 --SUBLIMAÇÃO EM ROLO,,37,15/11/2026,3,0,GASPAR,AVENIDA DEPUTADO FRANCISCO MASTELLA,3955,SETE DE SETEMBRO,,7,13/08/2026,10/25/2026,,1,,,2641,0,,0,00.577.158/0001-29,
077882,0,834,,,0,11 - SEM 46 - 2026,2,15/07,7 L C,0,OP PRODUÇÃO,0,T121,TOP POLO MC C/ PEITILHO SIMPLES SEM BOTÃO ROTATIVO,C,9 SEMANAS,0097,GERAL,TEC,TEC - TECELAGEM,,,Lib Corte/ EM TEST MODELAGEM,,00/01/1900,00/01/1900,85,SEM LICENSA C&A,CONFECCOES ONEDA LTDA,01.18.00.7832,TOP CURTO POLIESTER/ 2026-1-15452,L6,PUNHO RETILÍNEA,N,CEI,CEI - FEIRA SUMMER II 2026 (PROD AS BS) INCLUSÃO,000521,OFF WHITE,10,16,401,0,0,0,0,13/08/2026,8/24/2026,334,PPCP/TINTURARIA/CORTE/AGUARDANDO DISTRIBUIÇÃO,05,,PPCP - TECELAGEM ANÁLISE OI,0,PC,PP SAMPL APROVADA,C&A MODAS S.A.,107372,107372,061702,05461,15/11/2026,2646,11 - SEM 46 - 2026,(47) 3332-5004,0,,,0030,C&A MODAS,21/09/2026,61,-22,33,401,,,0,0,100,0,0,2646,86,T59C - TEEN,19,CABIDE-DORSAL,N,N,SSNN,0,,B24,0,0,T22,TOP CURTO POLIÉSTER (TOP),0118007832 VR1 TCTNTdry TM183 RT 2 --SUBLIMAÇÃO EM ROLO,,37,15/11/2026,3,0,GASPAR,AVENIDA DEPUTADO FRANCISCO MASTELLA,3955,SETE DE SETEMBRO,,7,13/08/2026,10/25/2026,,1,,,2641,0,,0,00.577.158/0001-29,
077882,0,834,,,0,11 - SEM 46 - 2026,2,15/07,7 L C,0,OP PRODUÇÃO,0,T121,TOP POLO MC C/ PEITILHO SIMPLES SEM BOTÃO ROTATIVO,C,9 SEMANAS,0097,GERAL,TEC,TEC - TECELAGEM,,,Lib Corte/ EM TEST MODELAGEM,,00/01/1900,00/01/1900,85,SEM LICENSA C&A,CONFECCOES ONEDA LTDA,01.18.00.7832,TOP CURTO POLIESTER/ 2026-1-15452,L6,PUNHO RETILÍNEA,N,CEI,CEI - FEIRA SUMMER II 2026 (PROD AS BS) INCLUSÃO,000521,OFF WHITE,12,17,1202,0,0,0,0,13/08/2026,8/24/2026,334,PPCP/TINTURARIA/CORTE/AGUARDANDO DISTRIBUIÇÃO,05,,PPCP - TECELAGEM ANÁLISE OI,0,PC,PP SAMPL APROVADA,C&A MODAS S.A.,107372,107372,061702,05461,15/11/2026,2646,11 - SEM 46 - 2026,(47) 3332-5004,0,,,0030,C&A MODAS,21/09/2026,61,-22,33,1202,,,0,0,100,0,0,2646,86,T59C - TEEN,19,CABIDE-DORSAL,N,N,SSNN,0,,B24,0,0,T22,TOP CURTO POLIÉSTER (TOP),0118007832 VR1 TCTNTdry TM183 RT 2 --SUBLIMAÇÃO EM ROLO,,37,15/11/2026,3,0,GASPAR,AVENIDA DEPUTADO FRANCISCO MASTELLA,3955,SETE DE SETEMBRO,,7,13/08/2026,10/25/2026,,1,,,2641,0,,0,00.577.158/0001-29,
077882,0,834,,,0,11 - SEM 46 - 2026,2,15/07,7 L C,0,OP PRODUÇÃO,0,T121,TOP POLO MC C/ PEITILHO SIMPLES SEM BOTÃO ROTATIVO,C,9 SEMANAS,0097,GERAL,TEC,TEC - TECELAGEM,,,Lib Corte/ EM TEST MODELAGEM,,00/01/1900,00/01/1900,85,SEM LICENSA C&A,CONFECCOES ONEDA LTDA,01.18.00.7832,TOP CURTO POLIESTER/ 2026-1-15452,L6,PUNHO RETILÍNEA,N,CEI,CEI - FEIRA SUMMER II 2026 (PROD AS BS) INCLUSÃO,000521,OFF WHITE,14,18,1202,0,0,0,0,13/08/2026,8/24/2026,334,PPCP/TINTURARIA/CORTE/AGUARDANDO DISTRIBUIÇÃO,05,,PPCP - TECELAGEM ANÁLISE OI,0,PC,PP SAMPL APROVADA,C&A MODAS S.A.,107372,107372,061702,05461,15/11/2026,2646,11 - SEM 46 - 2026,(47) 3332-5004,0,,,0030,C&A MODAS,21/09/2026,61,-22,33,1202,,,0,0,100,0,0,2646,86,T59C - TEEN,19,CABIDE-DORSAL,N,N,SSNN,0,,B24,0,0,T22,TOP CURTO POLIÉSTER (TOP),0118007832 VR1 TCTNTdry TM183 RT 2 --SUBLIMAÇÃO EM ROLO,,37,15/11/2026,3,0,GASPAR,AVENIDA DEPUTADO FRANCISCO MASTELLA,3955,SETE DE SETEMBRO,,7,13/08/2026,10/25/2026,,1,,,2641,0,,0,00.577.158/0001-29,
077882,0,834,,,0,11 - SEM 46 - 2026,2,15/07,7 L C,0,OP PRODUÇÃO,0,T121,TOP POLO MC C/ PEITILHO SIMPLES SEM BOTÃO ROTATIVO,C,9 SEMANAS,0097,GERAL,TEC,TEC - TECELAGEM,,,Lib Corte/ EM TEST MODELAGEM,,00/01/1900,00/01/1900,85,SEM LICENSA C&A,CONFECCOES ONEDA LTDA,01.18.00.7832,TOP CURTO POLIESTER/ 2026-1-15452,L6,PUNHO RETILÍNEA,N,CEI,CEI - FEIRA SUMMER II 2026 (PROD AS BS) INCLUSÃO,000521,OFF WHITE,16,19,801,0,0,0,0,13/08/2026,8/24/2026,334,PPCP/TINTURARIA/CORTE/AGUARDANDO DISTRIBUIÇÃO,05,,PPCP - TECELAGEM ANÁLISE OI,0,PC,PP SAMPL APROVADA,C&A MODAS S.A.,107372,107372,061702,05461,15/11/2026,2646,11 - SEM 46 - 2026,(47) 3332-5004,0,,,0030,C&A MODAS,21/09/2026,61,-22,33,801,,,0,0,100,0,0,2646,86,T59C - TEEN,19,CABIDE-DORSAL,N,N,SSNN,0,,B24,0,0,T22,TOP CURTO POLIÉSTER (TOP),0118007832 VR1 TCTNTdry TM183 RT 2 --SUBLIMAÇÃO EM ROLO,,37,15/11/2026,3,0,GASPAR,AVENIDA DEPUTADO FRANCISCO MASTELLA,3955,SETE DE SETEMBRO,,7,13/08/2026,10/25/2026,,1,,,2641,0,,0,00.577.158/0001-29,
077883,0,834,,,0,11 - SEM 45 - 2026,2,14/08,7 L C,0,OP PRODUÇÃO,0,000,CLASSIFICAR MODELO/FAMILIA,,,0097,GERAL,TEC,TEC - TECELAGEM,,,Lib Corte/ EM TEST MODELAGEM,,00/01/1900,00/01/1900,36,WARNER C&A,CONFECCOES ONEDA LTDA,01.18.07.0688,TOP CURTO POLIESTER - 2026-2-10871,01,S-BLUSA / TOP,S,CEIN,CEIN - FEIRA SUMMER II 2026 (PROD AS BS) INCLUSÃO NEGOCIADO,08A,VINHO,10,16,367,0,0,0,0,11/09/2026,9/22/2026,910,PCP/TINTURARIA/SUBLIMAÇÃO/CORTE/COSTURA/EXP,05,GRADE: 1X 3X 3X 2X,PPCP - TECELAGEM ANÁLISE OI,0,PC,AGUAR. APROV. LIC./ PP SAMPLE,C&A MODAS S.A.,107371,107371,061715,05461,08/11/2026,2645,11 - SEM 45 - 2026,(47) 3332-5004,0,,,0030,C&A MODAS,28/08/2026,54,7,4,367,,,0,0,0,0,0,2645,86,T59C - TEEN,19,CABIDE-DORSAL,N,N,SSNN,0,,B35,0,0,T22,TOP CURTO POLIÉSTER (TOP),PPSAMPLE ENVIADA 26/08,est. fre e cost - 3 cores cada,37,08/11/2026,3,0,GASPAR,AVENIDA DEPUTADO FRANCISCO MASTELLA,3955,SETE DE SETEMBRO,,7,11/09/2026,11/6/2026,,1,,,2645,0,,0,00.577.158/0001-29,
077883,0,834,,,0,11 - SEM 45 - 2026,2,14/08,7 L C,0,OP PRODUÇÃO,0,000,CLASSIFICAR MODELO/FAMILIA,,,0097,GERAL,TEC,TEC - TECELAGEM,,,Lib Corte/ EM TEST MODELAGEM,,00/01/1900,00/01/1900,36,WARNER C&A,CONFECCOES ONEDA LTDA,01.18.07.0688,TOP CURTO POLIESTER - 2026-2-10871,01,S-BLUSA / TOP,S,CEIN,CEIN - FEIRA SUMMER II 2026 (PROD AS BS) INCLUSÃO NEGOCIADO,08A,VINHO,12,17,1100,0,0,0,0,11/09/2026,9/22/2026,910,PCP/TINTURARIA/SUBLIMAÇÃO/CORTE/COSTURA/EXP,05,GRADE: 1X 3X 3X 2X,PPCP - TECELAGEM ANÁLISE OI,0,PC,AGUAR. APROV. LIC./ PP SAMPLE,C&A MODAS S.A.,107371,107371,061715,05461,08/11/2026,2645,11 - SEM 45 - 2026,(47) 3332-5004,0,,,0030,C&A MODAS,28/08/2026,54,7,4,1100,,,0,0,0,0,0,2645,86,T59C - TEEN,19,CABIDE-DORSAL,N,N,SSNN,0,,B35,0,0,T22,TOP CURTO POLIÉSTER (TOP),PPSAMPLE ENVIADA 26/08,est. fre e cost - 3 cores cada,37,08/11/2026,3,0,GASPAR,AVENIDA DEPUTADO FRANCISCO MASTELLA,3955,SETE DE SETEMBRO,,7,11/09/2026,11/6/2026,,1,,,2645,0,,0,00.577.158/0001-29,
077883,0,834,,,0,11 - SEM 45 - 2026,2,14/08,7 L C,0,OP PRODUÇÃO,0,000,CLASSIFICAR MODELO/FAMILIA,,,0097,GERAL,TEC,TEC - TECELAGEM,,,Lib Corte/ EM TEST MODELAGEM,,00/01/1900,00/01/1900,36,WARNER C&A,CONFECCOES ONEDA LTDA,01.18.07.0688,TOP CURTO POLIESTER - 2026-2-10871,01,S-BLUSA / TOP,S,CEIN,CEIN - FEIRA SUMMER II 2026 (PROD AS BS) INCLUSÃO NEGOCIADO,08A,VINHO,14,18,1100,0,0,0,0,11/09/2026,9/22/2026,910,PCP/TINTURARIA/SUBLIMAÇÃO/CORTE/COSTURA/EXP,05,GRADE: 1X 3X 3X 2X,PPCP - TECELAGEM ANÁLISE OI,0,PC,AGUAR. APROV. LIC./ PP SAMPLE,C&A MODAS S.A.,107371,107371,061715,05461,08/11/2026,2645,11 - SEM 45 - 2026,(47) 3332-5004,0,,,0030,C&A MODAS,28/08/2026,54,7,4,1100,,,0,0,0,0,0,2645,86,T59C - TEEN,19,CABIDE-DORSAL,N,N,SSNN,0,,B35,0,0,T22,TOP CURTO POLIÉSTER (TOP),PPSAMPLE ENVIADA 26/08,est. fre e cost - 3 cores cada,37,08/11/2026,3,0,GASPAR,AVENIDA DEPUTADO FRANCISCO MASTELLA,3955,SETE DE SETEMBRO,,7,11/09/2026,11/6/2026,,1,,,2645,0,,0,00.577.158/0001-29,
077883,0,834,,,0,11 - SEM 45 - 2026,2,14/08,7 L C,0,OP PRODUÇÃO,0,000,CLASSIFICAR MODELO/FAMILIA,,,0097,GERAL,TEC,TEC - TECELAGEM,,,Lib Corte/ EM TEST MODELAGEM,,00/01/1900,00/01/1900,36,WARNER C&A,CONFECCOES ONEDA LTDA,01.18.07.0688,TOP CURTO POLIESTER - 2026-2-10871,01,S-BLUSA / TOP,S,CEIN,CEIN - FEIRA SUMMER II 2026 (PROD AS BS) INCLUSÃO NEGOCIADO,08A,VINHO,16,19,733,0,0,0,0,11/09/2026,9/22/2026,910,PCP/TINTURARIA/SUBLIMAÇÃO/CORTE/COSTURA/EXP,05,GRADE: 1X 3X 3X 2X,PPCP - TECELAGEM ANÁLISE OI,0,PC,AGUAR. APROV. LIC./ PP SAMPLE,C&A MODAS S.A.,107371,107371,061715,05461,08/11/2026,2645,11 - SEM 45 - 2026,(47) 3332-5004,0,,,0030,C&A MODAS,28/08/2026,54,7,4,733,,,0,0,0,0,0,2645,86,T59C - TEEN,19,CABIDE-DORSAL,N,N,SSNN,0,,B35,0,0,T22,TOP CURTO POLIÉSTER (TOP),PPSAMPLE ENVIADA 26/08,est. fre e cost - 3 cores cada,37,08/11/2026,3,0,GASPAR,AVENIDA DEPUTADO FRANCISCO MASTELLA,3955,SETE DE SETEMBRO,,7,11/09/2026,11/6/2026,,1,,,2645,0,,0,00.577.158/0001-29,
078035,0,834,,,0,11 - SEM 46 - 2026,2,28/08,9 lcc,0,OP PRODUÇÃO,0,000,CLASSIFICAR MODELO/FAMILIA,,,0097,GERAL,TEC,TEC - TECELAGEM,,,Lib corte,,00/01/1900,00/01/1900,87,DISNEY RENNER,CONFECCOES ONEDA LTDA,02.14.01.0326,TOP REGATA POLIESTER / LCO_SS27_CMC_0007,50,S - GOLA RETILINEA,N,RR6,RR6 - RENNER VERÃO 27,ON1059,AMPARO BLUE 100% PES,2,11,1726,0,0,0,0,26/08/2026,9/4/2026,334,PPCP/TINTURARIA/CORTE/AGUARDANDO DISTRIBUIÇÃO,05,,PPCP - TECELAGEM ANÁLISE OI,0,PC,LIBERADO PARA PRODUÇÂO,LOJAS RENNER S.A.,6153036,6153036,061914,04707,13/12/2026,2650,12 - SEM 50 - 2026,(47) 3332-5004,0,,,0104,RENNER,12/10/2026,89,-11,20,1726,,,0,0,0,0,0,2646,R8,LICENSE MENINO RENNER,17,CABIDE,N,N,SSNN,0,,B35,0,0,T23,TOP REGATA POLIÉSTER (TOP),,,23,13/12/2026,2,0,GASPAR,AVENIDA DEPUTADO FRANCISCO MASTELLA,3955,SETE DE SETEMBRO,,7,26/08/2026,11/15/2026,,1,,,2642,0,,0,00.577.158/0001-29,
078035,0,834,,,0,11 - SEM 46 - 2026,2,28/08,9 lcc,0,OP PRODUÇÃO,0,000,CLASSIFICAR MODELO/FAMILIA,,,0097,GERAL,TEC,TEC - TECELAGEM,,,Lib corte,,00/01/1900,00/01/1900,87,DISNEY RENNER,CONFECCOES ONEDA LTDA,02.14.01.0326,TOP REGATA POLIESTER / LCO_SS27_CMC_0007,50,S - GOLA RETILINEA,N,RR6,RR6 - RENNER VERÃO 27,ON1059,AMPARO BLUE 100% PES,3,12,1934,0,0,0,0,26/08/2026,9/4/2026,334,PPCP/TINTURARIA/CORTE/AGUARDANDO DISTRIBUIÇÃO,05,,PPCP - TECELAGEM ANÁLISE OI,0,PC,LIBERADO PARA PRODUÇÂO,LOJAS RENNER S.A.,6153036,6153036,061914,04707,13/12/2026,2650,12 - SEM 50 - 2026,(47) 3332-5004,0,,,0104,RENNER,12/10/2026,89,-11,20,1934,,,0,0,0,0,0,2646,R8,LICENSE MENINO RENNER,17,CABIDE,N,N,SSNN,0,,B35,0,0,T23,TOP REGATA POLIÉSTER (TOP),,,23,13/12/2026,2,0,GASPAR,AVENIDA DEPUTADO FRANCISCO MASTELLA,3955,SETE DE SETEMBRO,,7,26/08/2026,11/15/2026,,1,,,2642,0,,0,00.577.158/0001-29,
078035,0,834,,,0,11 - SEM 46 - 2026,2,28/08,9 lcc,0,OP PRODUÇÃO,0,000,CLASSIFICAR MODELO/FAMILIA,,,0097,GERAL,TEC,TEC - TECELAGEM,,,Lib corte,,00/01/1900,00/01/1900,87,DISNEY RENNER,CONFECCOES ONEDA LTDA,02.14.01.0326,TOP REGATA POLIESTER / LCO_SS27_CMC_0007,50,S - GOLA RETILINEA,N,RR6,RR6 - RENNER VERÃO 27,ON1059,AMPARO BLUE 100% PES,4,13,1373,0,0,0,0,26/08/2026,9/4/2026,334,PPCP/TINTURARIA/CORTE/AGUARDANDO DISTRIBUIÇÃO,05,,PPCP - TECELAGEM ANÁLISE OI,0,PC,LIBERADO PARA PRODUÇÂO,LOJAS RENNER S.A.,6153036,6153036,061914,04707,13/12/2026,2650,12 - SEM 50 - 2026,(47) 3332-5004,0,,,0104,RENNER,12/10/2026,89,-11,20,1373,,,0,0,0,0,0,2646,R8,LICENSE MENINO RENNER,17,CABIDE,N,N,SSNN,0,,B35,0,0,T23,TOP REGATA POLIÉSTER (TOP),,,23,13/12/2026,2,0,GASPAR,AVENIDA DEPUTADO FRANCISCO MASTELLA,3955,SETE DE SETEMBRO,,7,26/08/2026,11/15/2026,,1,,,2642,0,,0,00.577.158/0001-29,
078035,0,834,,,0,11 - SEM 46 - 2026,2,28/08,9 lcc,0,OP PRODUÇÃO,0,000,CLASSIFICAR MODELO/FAMILIA,,,0097,GERAL,TEC,TEC - TECELAGEM,,,Lib corte,,00/01/1900,00/01/1900,87,DISNEY RENNER,CONFECCOES ONEDA LTDA,02.14.01.0326,TOP REGATA POLIESTER / LCO_SS27_CMC_0007,50,S - GOLA RETILINEA,N,RR6,RR6 - RENNER VERÃO 27,ON1059,AMPARO BLUE 100% PES,5-6,52,1206,0,0,0,0,26/08/2026,9/4/2026,334,PPCP/TINTURARIA/CORTE/AGUARDANDO DISTRIBUIÇÃO,05,,PPCP - TECELAGEM ANÁLISE OI,0,PC,LIBERADO PARA PRODUÇÂO,LOJAS RENNER S.A.,6153036,6153036,061914,04707,13/12/2026,2650,12 - SEM 50 - 2026,(47) 3332-5004,0,,,0104,RENNER,12/10/2026,89,-11,20,1206,,,0,0,0,0,0,2646,R8,LICENSE MENINO RENNER,17,CABIDE,N,N,SSNN,0,,B35,0,0,T23,TOP REGATA POLIÉSTER (TOP),,,23,13/12/2026,2,0,GASPAR,AVENIDA DEPUTADO FRANCISCO MASTELLA,3955,SETE DE SETEMBRO,,7,26/08/2026,11/15/2026,,1,,,2642,0,,0,00.577.158/0001-29,
077442,1,05157,445,MULTICOLOR TEXTIL LTDA.,0,11 - SEM 48 - 2026,3,08/07,9 lcc,2,OP PROJEÇÃO,0,T040,TOP MC C/ BOLSO,B,8 SEMANAS,04,TINTURARIA,TIN,TIN - TINTURARIA,,,Lib corte,,11/04/2027,00/01/1900,85,SEM LICENSA C&A,MULTICOLOR TEXTIL LTDA.,01.16.00.7849A,TOP CURTO / 2026-2-9557,01,S-BLUSA / TOP,S,CEIN,CEIN - FEIRA SUMMER II 2026 (PROD AS BS) INCLUSÃO NEGOCIADO,1457,AZUL MEDIO,4,13,344,0,0,0,0,02/09/2026,9/22/2026,902,PCP/TINTURARIA/CORTE/COSTURA/EXPEDIÇÃO,06,,TINTURARIA,0,PC,LIBERADO PARA PRODUÇÂO,C&A MODAS S.A.,98984,98984,061662,05461,29/11/2026,2648,11 - SEM 48 - 2026,(47) 3534-4078,0,,,0030,C&A MODAS,25/08/2026,75,7,13,344,,,0,0,100,0,0,2648,007,T54A - PALOMINO,17,CABIDE,N,N,SSNN,0,,B27,0,0,T00,TOP CURTO (TOP),TESTE CO D IVANIR (CABEÇOTE TAM 4 - problema tensionado),,"17,45",29/11/2026,1,0,AGROLANDIA,AV EDUARDO WILL,500,SAO JOAO,MULTICOLOR,14,13/07/2026,10/4/2026,,1,,,2636,0,,0,80.666.324/0001-00,
077442,1,05157,445,MULTICOLOR TEXTIL LTDA.,0,11 - SEM 48 - 2026,3,08/07,9 lcc,2,OP PROJEÇÃO,0,T040,TOP MC C/ BOLSO,B,8 SEMANAS,04,TINTURARIA,TIN,TIN - TINTURARIA,,,Lib corte,,11/04/2027,00/01/1900,85,SEM LICENSA C&A,MULTICOLOR TEXTIL LTDA.,01.16.00.7849A,TOP CURTO / 2026-2-9557,01,S-BLUSA / TOP,S,CEIN,CEIN - FEIRA SUMMER II 2026 (PROD AS BS) INCLUSÃO NEGOCIADO,1457,AZUL MEDIO,6,14,688,0,0,0,0,02/09/2026,9/22/2026,902,PCP/TINTURARIA/CORTE/COSTURA/EXPEDIÇÃO,06,,TINTURARIA,0,PC,LIBERADO PARA PRODUÇÂO,C&A MODAS S.A.,98984,98984,061662,05461,29/11/2026,2648,11 - SEM 48 - 2026,(47) 3534-4078,0,,,0030,C&A MODAS,25/08/2026,75,7,13,688,,,0,0,100,0,0,2648,007,T54A - PALOMINO,17,CABIDE,N,N,SSNN,0,,B27,0,0,T00,TOP CURTO (TOP),TESTE CO D IVANIR (CABEÇOTE TAM 4 - problema tensionado),,"17,45",29/11/2026,1,0,AGROLANDIA,AV EDUARDO WILL,500,SAO JOAO,MULTICOLOR,14,13/07/2026,10/4/2026,,1,,,2636,0,,0,80.666.324/0001-00,
077442,1,05157,445,MULTICOLOR TEXTIL LTDA.,0,11 - SEM 48 - 2026,3,08/07,9 lcc,2,OP PROJEÇÃO,0,T040,TOP MC C/ BOLSO,B,8 SEMANAS,04,TINTURARIA,TIN,TIN - TINTURARIA,,,Lib corte,,11/04/2027,00/01/1900,85,SEM LICENSA C&A,MULTICOLOR TEXTIL LTDA.,01.16.00.7849A,TOP CURTO / 2026-2-9557,01,S-BLUSA / TOP,S,CEIN,CEIN - FEIRA SUMMER II 2026 (PROD AS BS) INCLUSÃO NEGOCIADO,1457,AZUL MEDIO,8,15,688,0,0,0,0,02/09/2026,9/22/2026,902,PCP/TINTURARIA/CORTE/COSTURA/EXPEDIÇÃO,06,,TINTURARIA,0,PC,LIBERADO PARA PRODUÇÂO,C&A MODAS S.A.,98984,98984,061662,05461,29/11/2026,2648,11 - SEM 48 - 2026,(47) 3534-4078,0,,,0030,C&A MODAS,25/08/2026,75,7,13,688,,,0,0,100,0,0,2648,007,T54A - PALOMINO,17,CABIDE,N,N,SSNN,0,,B27,0,0,T00,TOP CURTO (TOP),TESTE CO D IVANIR (CABEÇOTE TAM 4 - problema tensionado),,"17,45",29/11/2026,1,0,AGROLANDIA,AV EDUARDO WILL,500,SAO JOAO,MULTICOLOR,14,13/07/2026,10/4/2026,,1,,,2636,0,,0,80.666.324/0001-00,
077442,1,05157,445,MULTICOLOR TEXTIL LTDA.,0,11 - SEM 48 - 2026,3,08/07,9 lcc,2,OP PROJEÇÃO,0,T040,TOP MC C/ BOLSO,B,8 SEMANAS,04,TINTURARIA,TIN,TIN - TINTURARIA,,,Lib corte,,11/04/2027,00/01/1900,85,SEM LICENSA C&A,MULTICOLOR TEXTIL LTDA.,01.16.00.7849A,TOP CURTO / 2026-2-9557,01,S-BLUSA / TOP,S,CEIN,CEIN - FEIRA SUMMER II 2026 (PROD AS BS) INCLUSÃO NEGOCIADO,1457,AZUL MEDIO,10,16,688,0,0,0,0,02/09/2026,9/22/2026,902,PCP/TINTURARIA/CORTE/COSTURA/EXPEDIÇÃO,06,,TINTURARIA,0,PC,LIBERADO PARA PRODUÇÂO,C&A MODAS S.A.,98984,98984,061662,05461,29/11/2026,2648,11 - SEM 48 - 2026,(47) 3534-4078,0,,,0030,C&A MODAS,25/08/2026,75,7,13,688,,,0,0,100,0,0,2648,007,T54A - PALOMINO,17,CABIDE,N,N,SSNN,0,,B27,0,0,T00,TOP CURTO (TOP),TESTE CO D IVANIR (CABEÇOTE TAM 4 - problema tensionado),,"17,45",29/11/2026,1,0,AGROLANDIA,AV EDUARDO WILL,500,SAO JOAO,MULTICOLOR,14,13/07/2026,10/4/2026,,1,,,2636,0,,0,80.666.324/0001-00,
077442,1,05157,445,MULTICOLOR TEXTIL LTDA.,0,11 - SEM 48 - 2026,3,08/07,9 lcc,2,OP PROJEÇÃO,0,T040,TOP MC C/ BOLSO,B,8 SEMANAS,04,TINTURARIA,TIN,TIN - TINTURARIA,,,Lib corte,,11/04/2027,00/01/1900,85,SEM LICENSA C&A,MULTICOLOR TEXTIL LTDA.,01.16.00.7849A,TOP CURTO / 2026-2-9557,01,S-BLUSA / TOP,S,CEIN,CEIN - FEIRA SUMMER II 2026 (PROD AS BS) INCLUSÃO NEGOCIADO,1457,AZUL MEDIO,12,17,688,0,0,0,0,02/09/2026,9/22/2026,902,PCP/TINTURARIA/CORTE/COSTURA/EXPEDIÇÃO,06,,TINTURARIA,0,PC,LIBERADO PARA PRODUÇÂO,C&A MODAS S.A.,98984,98984,061662,05461,29/11/2026,2648,11 - SEM 48 - 2026,(47) 3534-4078,0,,,0030,C&A MODAS,25/08/2026,75,7,13,688,,,0,0,100,0,0,2648,007,T54A - PALOMINO,17,CABIDE,N,N,SSNN,0,,B27,0,0,T00,TOP CURTO (TOP),TESTE CO D IVANIR (CABEÇOTE TAM 4 - problema tensionado),,"17,45",29/11/2026,1,0,AGROLANDIA,AV EDUARDO WILL,500,SAO JOAO,MULTICOLOR,14,13/07/2026,10/4/2026,,1,,,2636,0,,0,80.666.324/0001-00,
077631,1,05157,445,MULTICOLOR TEXTIL LTDA.,0,12 - SEM 49 - 2026,3,05/08,9 lcc,0,OP PRODUÇÃO,0,000,CLASSIFICAR MODELO/FAMILIA,,,04,TINTURARIA,TIN,TIN - TINTURARIA,,,Lib corte,,00/01/1900,00/01/1900,85,SEM LICENSA C&A,MULTICOLOR TEXTIL LTDA.,01.12.00.7852,CONJUNTO CURTO / 2026-2-9922,C6,I-SHORTS CONJUNTO / BOTTON,S,CEYN,CEYN - FEIRA SUMMER II 2026 (PROD CS) INCLUSÃO NEGOCIADO,000316,AZUL CLARO,3-6,32,865,0,0,0,0,17/08/2026,9/4/2026,903,PCP/TINTURARIA/ROTATIVO/CORTE/COSTURA/EXPEDIÇÃO,06,,TINTURARIA,0,PC,LIBERADO PARA PRODUÇÂO,C&A MODAS S.A.,91829,91829,061578,05461,06/12/2026,2649,12 - SEM 49 - 2026,(47) 3534-4078,0,,,0030,C&A MODAS,19/10/2026,82,-11,29,865,,,0,0,0,0,0,2649,81,T51C - RN,19,CABIDE-DORSAL,N,N,SSNN,0,,B32,0,0,C00,CONJUNTO CURTO (TOP/BOTTON),"Rot LANCASTER 18298-1*************1 cor pig R$ 19, processo completo LISTRAS","GS39382 R$ 1,65",44,06/12/2026,2,0,AGROLANDIA,AV EDUARDO WILL,500,SAO JOAO,MULTICOLOR,14,06/08/2026,12/6/2026,,1,,,2639,0,,0,80.666.324/0001-00,
077631,1,05157,445,MULTICOLOR TEXTIL LTDA.,0,12 - SEM 49 - 2026,3,05/08,9 lcc,0,OP PRODUÇÃO,0,000,CLASSIFICAR MODELO/FAMILIA,,,04,TINTURARIA,TIN,TIN - TINTURARIA,,,Lib corte,,00/01/1900,00/01/1900,85,SEM LICENSA C&A,MULTICOLOR TEXTIL LTDA.,01.12.00.7852,CONJUNTO CURTO / 2026-2-9922,C6,I-SHORTS CONJUNTO / BOTTON,S,CEYN,CEYN - FEIRA SUMMER II 2026 (PROD CS) INCLUSÃO NEGOCIADO,000316,AZUL CLARO,6-9,33,865,0,0,0,0,17/08/2026,9/4/2026,903,PCP/TINTURARIA/ROTATIVO/CORTE/COSTURA/EXPEDIÇÃO,06,,TINTURARIA,0,PC,LIBERADO PARA PRODUÇÂO,C&A MODAS S.A.,91829,91829,061578,05461,06/12/2026,2649,12 - SEM 49 - 2026,(47) 3534-4078,0,,,0030,C&A MODAS,19/10/2026,82,-11,29,865,,,0,0,0,0,0,2649,81,T51C - RN,19,CABIDE-DORSAL,N,N,SSNN,0,,B32,0,0,C00,CONJUNTO CURTO (TOP/BOTTON),"Rot LANCASTER 18298-1*************1 cor pig R$ 19, processo completo LISTRAS","GS39382 R$ 1,65",44,06/12/2026,2,0,AGROLANDIA,AV EDUARDO WILL,500,SAO JOAO,MULTICOLOR,14,06/08/2026,12/6/2026,,1,,,2639,0,,0,80.666.324/0001-00,
077631,1,05157,445,MULTICOLOR TEXTIL LTDA.,0,12 - SEM 49 - 2026,3,05/08,9 lcc,0,OP PRODUÇÃO,0,000,CLASSIFICAR MODELO/FAMILIA,,,04,TINTURARIA,TIN,TIN - TINTURARIA,,,Lib corte,,00/01/1900,00/01/1900,85,SEM LICENSA C&A,MULTICOLOR TEXTIL LTDA.,01.12.00.7852,CONJUNTO CURTO / 2026-2-9922,C6,I-SHORTS CONJUNTO / BOTTON,S,CEYN,CEYN - FEIRA SUMMER II 2026 (PROD CS) INCLUSÃO NEGOCIADO,000316,AZUL CLARO,9-12,34,865,0,0,0,0,17/08/2026,9/4/2026,903,PCP/TINTURARIA/ROTATIVO/CORTE/COSTURA/EXPEDIÇÃO,06,,TINTURARIA,0,PC,LIBERADO PARA PRODUÇÂO,C&A MODAS S.A.,91829,91829,061578,05461,06/12/2026,2649,12 - SEM 49 - 2026,(47) 3534-4078,0,,,0030,C&A MODAS,19/10/2026,82,-11,29,865,,,0,0,0,0,0,2649,81,T51C - RN,19,CABIDE-DORSAL,N,N,SSNN,0,,B32,0,0,C00,CONJUNTO CURTO (TOP/BOTTON),"Rot LANCASTER 18298-1*************1 cor pig R$ 19, processo completo LISTRAS","GS39382 R$ 1,65",44,06/12/2026,2,0,AGROLANDIA,AV EDUARDO WILL,500,SAO JOAO,MULTICOLOR,14,06/08/2026,12/6/2026,,1,,,2639,0,,0,80.666.324/0001-00,
077631,1,05157,445,MULTICOLOR TEXTIL LTDA.,0,12 - SEM 49 - 2026,3,05/08,9 lcc,0,OP PRODUÇÃO,0,000,CLASSIFICAR MODELO/FAMILIA,,,04,TINTURARIA,TIN,TIN - TINTURARIA,,,Lib corte,,00/01/1900,00/01/1900,85,SEM LICENSA C&A,MULTICOLOR TEXTIL LTDA.,01.12.00.7852,CONJUNTO CURTO / 2026-2-9922,C6,I-SHORTS CONJUNTO / BOTTON,S,CEYN,CEYN - FEIRA SUMMER II 2026 (PROD CS) INCLUSÃO NEGOCIADO,000316,AZUL CLARO,1218,35,865,0,0,0,0,17/08/2026,9/4/2026,903,PCP/TINTURARIA/ROTATIVO/CORTE/COSTURA/EXPEDIÇÃO,06,,TINTURARIA,0,PC,LIBERADO PARA PRODUÇÂO,C&A MODAS S.A.,91829,91829,061578,05461,06/12/2026,2649,12 - SEM 49 - 2026,(47) 3534-4078,0,,,0030,C&A MODAS,19/10/2026,82,-11,29,865,,,0,0,0,0,0,2649,81,T51C - RN,19,CABIDE-DORSAL,N,N,SSNN,0,,B32,0,0,C00,CONJUNTO CURTO (TOP/BOTTON),"Rot LANCASTER 18298-1*************1 cor pig R$ 19, processo completo LISTRAS","GS39382 R$ 1,65",44,06/12/2026,2,0,AGROLANDIA,AV EDUARDO WILL,500,SAO JOAO,MULTICOLOR,14,06/08/2026,12/6/2026,,1,,,2639,0,,0,80.666.324/0001-00,
077631,1,05157,445,MULTICOLOR TEXTIL LTDA.,0,12 - SEM 49 - 2026,3,05/08,9 lcc,0,OP PRODUÇÃO,0,000,CLASSIFICAR MODELO/FAMILIA,,,04,TINTURARIA,TIN,TIN - TINTURARIA,,,Lib corte,,00/01/1900,00/01/1900,85,SEM LICENSA C&A,MULTICOLOR TEXTIL LTDA.,01.12.00.7852,CONJUNTO CURTO / 2026-2-9922,C6,I-SHORTS CONJUNTO / BOTTON,S,CEYN,CEYN - FEIRA SUMMER II 2026 (PROD CS) INCLUSÃO NEGOCIADO,000316,AZUL CLARO,1824,36,865,0,0,0,0,17/08/2026,9/4/2026,903,PCP/TINTURARIA/ROTATIVO/CORTE/COSTURA/EXPEDIÇÃO,06,,TINTURARIA,0,PC,LIBERADO PARA PRODUÇÂO,C&A MODAS S.A.,91829,91829,061578,05461,06/12/2026,2649,12 - SEM 49 - 2026,(47) 3534-4078,0,,,0030,C&A MODAS,19/10/2026,82,-11,29,865,,,0,0,0,0,0,2649,81,T51C - RN,19,CABIDE-DORSAL,N,N,SSNN,0,,B32,0,0,C00,CONJUNTO CURTO (TOP/BOTTON),"Rot LANCASTER 18298-1*************1 cor pig R$ 19, processo completo LISTRAS","GS39382 R$ 1,65",44,06/12/2026,2,0,AGROLANDIA,AV EDUARDO WILL,500,SAO JOAO,MULTICOLOR,14,06/08/2026,12/6/2026,,1,,,2639,0,,0,80.666.324/0001-00,
077663,1,05157,445,MULTICOLOR TEXTIL LTDA.,0,11 - SEM 48 - 2026,3,19/06,9 lcc,0,OP PRODUÇÃO,0,T001,TOP MC BASICO,A,7 SEMANAS LEAD TIME DE PRODUÇÃO,04,TINTURARIA,TIN,TIN - TINTURARIA,,,Lib corte,,28/03/2027,00/01/1900,144,SEGA C&A,MULTICOLOR TEXTIL LTDA.,01.16.32.0282,TOP CURTO / 2026-2-8286,01,S-BLUSA / TOP,S,CEAR,CEAR - FEIRA SUMMER II 2026 (PROD AS BS) REPEATS,000521,OFF WHITE,4,13,210,0,0,0,0,02/09/2026,9/22/2026,902,PCP/TINTURARIA/CORTE/COSTURA/EXPEDIÇÃO,06,,TINTURARIA,0,PC,PP SAMPL APROVADA,C&A MODAS S.A.,98963,98963,061688,05461,29/11/2026,2648,11 - SEM 48 - 2026,(47) 3534-4078,0,,,0030,C&A MODAS,06/10/2026,75,7,13,210,,,0,0,100,0,0,2648,001,T54A - LICENSE MASC.,30,SORTER,N,N,SSNN,0,,B25,0,0,T00,TOP CURTO (TOP),,EST. 10 CORES,20,29/11/2026,2,0,AGROLANDIA,AV EDUARDO WILL,500,SAO JOAO,MULTICOLOR,14,07/08/2026,11/15/2026,,1,,,2641,0,,0,80.666.324/0001-00,
077663,1,05157,445,MULTICOLOR TEXTIL LTDA.,0,11 - SEM 48 - 2026,3,19/06,9 lcc,0,OP PRODUÇÃO,0,T001,TOP MC BASICO,A,7 SEMANAS LEAD TIME DE PRODUÇÃO,04,TINTURARIA,TIN,TIN - TINTURARIA,,,Lib corte,,28/03/2027,00/01/1900,144,SEGA C&A,MULTICOLOR TEXTIL LTDA.,01.16.32.0282,TOP CURTO / 2026-2-8286,01,S-BLUSA / TOP,S,CEAR,CEAR - FEIRA SUMMER II 2026 (PROD AS BS) REPEATS,000521,OFF WHITE,6,14,378,0,0,0,0,02/09/2026,9/22/2026,902,PCP/TINTURARIA/CORTE/COSTURA/EXPEDIÇÃO,06,,TINTURARIA,0,PC,PP SAMPL APROVADA,C&A MODAS S.A.,98963,98963,061688,05461,29/11/2026,2648,11 - SEM 48 - 2026,(47) 3534-4078,0,,,0030,C&A MODAS,06/10/2026,75,7,13,378,,,0,0,100,0,0,2648,001,T54A - LICENSE MASC.,30,SORTER,N,N,SSNN,0,,B25,0,0,T00,TOP CURTO (TOP),,EST. 10 CORES,20,29/11/2026,2,0,AGROLANDIA,AV EDUARDO WILL,500,SAO JOAO,MULTICOLOR,14,07/08/2026,11/15/2026,,1,,,2641,0,,0,80.666.324/0001-00,
077663,1,05157,445,MULTICOLOR TEXTIL LTDA.,0,11 - SEM 48 - 2026,3,19/06,9 lcc,0,OP PRODUÇÃO,0,T001,TOP MC BASICO,A,7 SEMANAS LEAD TIME DE PRODUÇÃO,04,TINTURARIA,TIN,TIN - TINTURARIA,,,Lib corte,,28/03/2027,00/01/1900,144,SEGA C&A,MULTICOLOR TEXTIL LTDA.,01.16.32.0282,TOP CURTO / 2026-2-8286,01,S-BLUSA / TOP,S,CEAR,CEAR - FEIRA SUMMER II 2026 (PROD AS BS) REPEATS,000521,OFF WHITE,8,15,424,0,0,0,0,02/09/2026,9/22/2026,902,PCP/TINTURARIA/CORTE/COSTURA/EXPEDIÇÃO,06,,TINTURARIA,0,PC,PP SAMPL APROVADA,C&A MODAS S.A.,98963,98963,061688,05461,29/11/2026,2648,11 - SEM 48 - 2026,(47) 3534-4078,0,,,0030,C&A MODAS,06/10/2026,75,7,13,424,,,0,0,100,0,0,2648,001,T54A - LICENSE MASC.,30,SORTER,N,N,SSNN,0,,B25,0,0,T00,TOP CURTO (TOP),,EST. 10 CORES,20,29/11/2026,2,0,AGROLANDIA,AV EDUARDO WILL,500,SAO JOAO,MULTICOLOR,14,07/08/2026,11/15/2026,,1,,,2641,0,,0,80.666.324/0001-00,
077663,1,05157,445,MULTICOLOR TEXTIL LTDA.,0,11 - SEM 48 - 2026,3,19/06,9 lcc,0,OP PRODUÇÃO,0,T001,TOP MC BASICO,A,7 SEMANAS LEAD TIME DE PRODUÇÃO,04,TINTURARIA,TIN,TIN - TINTURARIA,,,Lib corte,,28/03/2027,00/01/1900,144,SEGA C&A,MULTICOLOR TEXTIL LTDA.,01.16.32.0282,TOP CURTO / 2026-2-8286,01,S-BLUSA / TOP,S,CEAR,CEAR - FEIRA SUMMER II 2026 (PROD AS BS) REPEATS,000521,OFF WHITE,10,16,354,0,0,0,0,02/09/2026,9/22/2026,902,PCP/TINTURARIA/CORTE/COSTURA/EXPEDIÇÃO,06,,TINTURARIA,0,PC,PP SAMPL APROVADA,C&A MODAS S.A.,98963,98963,061688,05461,29/11/2026,2648,11 - SEM 48 - 2026,(47) 3534-4078,0,,,0030,C&A MODAS,06/10/2026,75,7,13,354,,,0,0,100,0,0,2648,001,T54A - LICENSE MASC.,30,SORTER,N,N,SSNN,0,,B25,0,0,T00,TOP CURTO (TOP),,EST. 10 CORES,20,29/11/2026,2,0,AGROLANDIA,AV EDUARDO WILL,500,SAO JOAO,MULTICOLOR,14,07/08/2026,11/15/2026,,1,,,2641,0,,0,80.666.324/0001-00,
077663,1,05157,445,MULTICOLOR TEXTIL LTDA.,0,11 - SEM 48 - 2026,3,19/06,9 lcc,0,OP PRODUÇÃO,0,T001,TOP MC BASICO,A,7 SEMANAS LEAD TIME DE PRODUÇÃO,04,TINTURARIA,TIN,TIN - TINTURARIA,,,Lib corte,,28/03/2027,00/01/1900,144,SEGA C&A,MULTICOLOR TEXTIL LTDA.,01.16.32.0282,TOP CURTO / 2026-2-8286,01,S-BLUSA / TOP,S,CEAR,CEAR - FEIRA SUMMER II 2026 (PROD AS BS) REPEATS,000521,OFF WHITE,12,17,329,0,0,0,0,02/09/2026,9/22/2026,902,PCP/TINTURARIA/CORTE/COSTURA/EXPEDIÇÃO,06,,TINTURARIA,0,PC,PP SAMPL APROVADA,C&A MODAS S.A.,98963,98963,061688,05461,29/11/2026,2648,11 - SEM 48 - 2026,(47) 3534-4078,0,,,0030,C&A MODAS,06/10/2026,75,7,13,329,,,0,0,100,0,0,2648,001,T54A - LICENSE MASC.,30,SORTER,N,N,SSNN,0,,B25,0,0,T00,TOP CURTO (TOP),,EST. 10 CORES,20,29/11/2026,2,0,AGROLANDIA,AV EDUARDO WILL,500,SAO JOAO,MULTICOLOR,14,07/08/2026,11/15/2026,,1,,,2641,0,,0,80.666.324/0001-00,
077664,1,05157,445,MULTICOLOR TEXTIL LTDA.,0,11 - SEM 47 - 2026,3,,9 lcc,0,OP PRODUÇÃO,0,T001,TOP MC BASICO,A,7 SEMANAS LEAD TIME DE PRODUÇÃO,04,TINTURARIA,TIN,TIN - TINTURARIA,,,Lib corte,,31/01/2027,00/01/1900,144,SEGA C&A,MULTICOLOR TEXTIL LTDA.,01.16.32.0246,TOP CURTO \ 2025-2-2853,01,S-BLUSA / TOP,S,CEAR,CEAR - FEIRA SUMMER II 2026 (PROD AS BS) REPEATS,C04,AREIA,4,13,296,0,0,0,0,12/08/2026,9/1/2026,902,PCP/TINTURARIA/CORTE/COSTURA/EXPEDIÇÃO,06,,TINTURARIA,0,PC,LIB. P PRODUÇÃO/FALTA FOTO PP,C&A MODAS S.A.,98957,98957,061684,05461,22/11/2026,2647,11 - SEM 47 - 2026,(47) 3534-4078,0,,,0030,C&A MODAS,29/09/2026,68,-14,34,296,,,0,0,100,0,0,2647,001,T54A - LICENSE MASC.,30,SORTER,N,N,SSNN,"9,8195",,A22*,0,0,T00,TOP CURTO (TOP),PP SAMPLE ENVIADA 28/05,10 cores,"17,5",22/11/2026,2,0,AGROLANDIA,AV EDUARDO WILL,500,SAO JOAO,MULTICOLOR,14,07/08/2026,11/8/2026,,1,,,2641,0,T20A,0,80.666.324/0001-00,
077664,1,05157,445,MULTICOLOR TEXTIL LTDA.,0,11 - SEM 47 - 2026,3,,9 lcc,0,OP PRODUÇÃO,0,T001,TOP MC BASICO,A,7 SEMANAS LEAD TIME DE PRODUÇÃO,04,TINTURARIA,TIN,TIN - TINTURARIA,,,Lib corte,,31/01/2027,00/01/1900,144,SEGA C&A,MULTICOLOR TEXTIL LTDA.,01.16.32.0246,TOP CURTO \ 2025-2-2853,01,S-BLUSA / TOP,S,CEAR,CEAR - FEIRA SUMMER II 2026 (PROD AS BS) REPEATS,C04,AREIA,6,14,530,0,0,0,0,12/08/2026,9/1/2026,902,PCP/TINTURARIA/CORTE/COSTURA/EXPEDIÇÃO,06,,TINTURARIA,0,PC,LIB. P PRODUÇÃO/FALTA FOTO PP,C&A MODAS S.A.,98957,98957,061684,05461,22/11/2026,2647,11 - SEM 47 - 2026,(47) 3534-4078,0,,,0030,C&A MODAS,29/09/2026,68,-14,34,530,,,0,0,100,0,0,2647,001,T54A - LICENSE MASC.,30,SORTER,N,N,SSNN,"9,8195",,A22*,0,0,T00,TOP CURTO (TOP),PP SAMPLE ENVIADA 28/05,10 cores,"17,5",22/11/2026,2,0,AGROLANDIA,AV EDUARDO WILL,500,SAO JOAO,MULTICOLOR,14,07/08/2026,11/8/2026,,1,,,2641,0,T20A,0,80.666.324/0001-00,
077664,1,05157,445,MULTICOLOR TEXTIL LTDA.,0,11 - SEM 47 - 2026,3,,9 lcc,0,OP PRODUÇÃO,0,T001,TOP MC BASICO,A,7 SEMANAS LEAD TIME DE PRODUÇÃO,04,TINTURARIA,TIN,TIN - TINTURARIA,,,Lib corte,,31/01/2027,00/01/1900,144,SEGA C&A,MULTICOLOR TEXTIL LTDA.,01.16.32.0246,TOP CURTO \ 2025-2-2853,01,S-BLUSA / TOP,S,CEAR,CEAR - FEIRA SUMMER II 2026 (PROD AS BS) REPEATS,C04,AREIA,8,15,596,0,0,0,0,12/08/2026,9/1/2026,902,PCP/TINTURARIA/CORTE/COSTURA/EXPEDIÇÃO,06,,TINTURARIA,0,PC,LIB. P PRODUÇÃO/FALTA FOTO PP,C&A MODAS S.A.,98957,98957,061684,05461,22/11/2026,2647,11 - SEM 47 - 2026,(47) 3534-4078,0,,,0030,C&A MODAS,29/09/2026,68,-14,34,596,,,0,0,100,0,0,2647,001,T54A - LICENSE MASC.,30,SORTER,N,N,SSNN,"9,8195",,A22*,0,0,T00,TOP CURTO (TOP),PP SAMPLE ENVIADA 28/05,10 cores,"17,5",22/11/2026,2,0,AGROLANDIA,AV EDUARDO WILL,500,SAO JOAO,MULTICOLOR,14,07/08/2026,11/8/2026,,1,,,2641,0,T20A,0,80.666.324/0001-00,
077664,1,05157,445,MULTICOLOR TEXTIL LTDA.,0,11 - SEM 47 - 2026,3,,9 lcc,0,OP PRODUÇÃO,0,T001,TOP MC BASICO,A,7 SEMANAS LEAD TIME DE PRODUÇÃO,04,TINTURARIA,TIN,TIN - TINTURARIA,,,Lib corte,,31/01/2027,00/01/1900,144,SEGA C&A,MULTICOLOR TEXTIL LTDA.,01.16.32.0246,TOP CURTO \ 2025-2-2853,01,S-BLUSA / TOP,S,CEAR,CEAR - FEIRA SUMMER II 2026 (PROD AS BS) REPEATS,C04,AREIA,10,16,497,0,0,0,0,12/08/2026,9/1/2026,902,PCP/TINTURARIA/CORTE/COSTURA/EXPEDIÇÃO,06,,TINTURARIA,0,PC,LIB. P PRODUÇÃO/FALTA FOTO PP,C&A MODAS S.A.,98957,98957,061684,05461,22/11/2026,2647,11 - SEM 47 - 2026,(47) 3534-4078,0,,,0030,C&A MODAS,29/09/2026,68,-14,34,497,,,0,0,100,0,0,2647,001,T54A - LICENSE MASC.,30,SORTER,N,N,SSNN,"9,8195",,A22*,0,0,T00,TOP CURTO (TOP),PP SAMPLE ENVIADA 28/05,10 cores,"17,5",22/11/2026,2,0,AGROLANDIA,AV EDUARDO WILL,500,SAO JOAO,MULTICOLOR,14,07/08/2026,11/8/2026,,1,,,2641,0,T20A,0,80.666.324/0001-00,
077664,1,05157,445,MULTICOLOR TEXTIL LTDA.,0,11 - SEM 47 - 2026,3,,9 lcc,0,OP PRODUÇÃO,0,T001,TOP MC BASICO,A,7 SEMANAS LEAD TIME DE PRODUÇÃO,04,TINTURARIA,TIN,TIN - TINTURARIA,,,Lib corte,,31/01/2027,00/01/1900,144,SEGA C&A,MULTICOLOR TEXTIL LTDA.,01.16.32.0246,TOP CURTO \ 2025-2-2853,01,S-BLUSA / TOP,S,CEAR,CEAR - FEIRA SUMMER II 2026 (PROD AS BS) REPEATS,C04,AREIA,12,17,461,0,0,0,0,12/08/2026,9/1/2026,902,PCP/TINTURARIA/CORTE/COSTURA/EXPEDIÇÃO,06,,TINTURARIA,0,PC,LIB. P PRODUÇÃO/FALTA FOTO PP,C&A MODAS S.A.,98957,98957,061684,05461,22/11/2026,2647,11 - SEM 47 - 2026,(47) 3534-4078,0,,,0030,C&A MODAS,29/09/2026,68,-14,34,461,,,0,0,100,0,0,2647,001,T54A - LICENSE MASC.,30,SORTER,N,N,SSNN,"9,8195",,A22*,0,0,T00,TOP CURTO (TOP),PP SAMPLE ENVIADA 28/05,10 cores,"17,5",22/11/2026,2,0,AGROLANDIA,AV EDUARDO WILL,500,SAO JOAO,MULTICOLOR,14,07/08/2026,11/8/2026,,1,,,2641,0,T20A,0,80.666.324/0001-00,
077665,1,05157,445,MULTICOLOR TEXTIL LTDA.,0,12 - SEM 50 - 2026,3,,9 lcc,0,OP PRODUÇÃO,0,T001,TOP MC BASICO,A,7 SEMANAS LEAD TIME DE PRODUÇÃO,04,TINTURARIA,TIN,TIN - TINTURARIA,,,Lib corte,,31/01/2027,00/01/1900,144,SEGA C&A,MULTICOLOR TEXTIL LTDA.,01.16.32.0246,TOP CURTO \ 2025-2-2853,01,S-BLUSA / TOP,S,CEAR,CEAR - FEIRA SUMMER II 2026 (PROD AS BS) REPEATS,C04,AREIA,4,13,197,0,0,0,0,12/08/2026,9/1/2026,902,PCP/TINTURARIA/CORTE/COSTURA/EXPEDIÇÃO,06,,TINTURARIA,0,PC,LIB. P PRODUÇÃO/FALTA FOTO PP,C&A MODAS S.A.,98958,98958,061685,05461,13/12/2026,2650,12 - SEM 50 - 2026,(47) 3534-4078,0,,,0030,C&A MODAS,27/10/2026,89,-14,34,197,,,0,0,100,0,0,2650,001,T54A - LICENSE MASC.,30,SORTER,N,N,SSNN,"9,8195",,A22*,0,0,T00,TOP CURTO (TOP),PP SAMPLE ENVIADA 28/05,10 cores,"17,5",13/12/2026,2,0,AGROLANDIA,AV EDUARDO WILL,500,SAO JOAO,MULTICOLOR,14,07/08/2026,12/6/2026,,1,,,2641,0,T20A,0,80.666.324/0001-00,
077665,1,05157,445,MULTICOLOR TEXTIL LTDA.,0,12 - SEM 50 - 2026,3,,9 lcc,0,OP PRODUÇÃO,0,T001,TOP MC BASICO,A,7 SEMANAS LEAD TIME DE PRODUÇÃO,04,TINTURARIA,TIN,TIN - TINTURARIA,,,Lib corte,,31/01/2027,00/01/1900,144,SEGA C&A,MULTICOLOR TEXTIL LTDA.,01.16.32.0246,TOP CURTO \ 2025-2-2853,01,S-BLUSA / TOP,S,CEAR,CEAR - FEIRA SUMMER II 2026 (PROD AS BS) REPEATS,C04,AREIA,6,14,354,0,0,0,0,12/08/2026,9/1/2026,902,PCP/TINTURARIA/CORTE/COSTURA/EXPEDIÇÃO,06,,TINTURARIA,0,PC,LIB. P PRODUÇÃO/FALTA FOTO PP,C&A MODAS S.A.,98958,98958,061685,05461,13/12/2026,2650,12 - SEM 50 - 2026,(47) 3534-4078,0,,,0030,C&A MODAS,27/10/2026,89,-14,34,354,,,0,0,100,0,0,2650,001,T54A - LICENSE MASC.,30,SORTER,N,N,SSNN,"9,8195",,A22*,0,0,T00,TOP CURTO (TOP),PP SAMPLE ENVIADA 28/05,10 cores,"17,5",13/12/2026,2,0,AGROLANDIA,AV EDUARDO WILL,500,SAO JOAO,MULTICOLOR,14,07/08/2026,12/6/2026,,1,,,2641,0,T20A,0,80.666.324/0001-00,
077665,1,05157,445,MULTICOLOR TEXTIL LTDA.,0,12 - SEM 50 - 2026,3,,9 lcc,0,OP PRODUÇÃO,0,T001,TOP MC BASICO,A,7 SEMANAS LEAD TIME DE PRODUÇÃO,04,TINTURARIA,TIN,TIN - TINTURARIA,,,Lib corte,,31/01/2027,00/01/1900,144,SEGA C&A,MULTICOLOR TEXTIL LTDA.,01.16.32.0246,TOP CURTO \ 2025-2-2853,01,S-BLUSA / TOP,S,CEAR,CEAR - FEIRA SUMMER II 2026 (PROD AS BS) REPEATS,C04,AREIA,8,15,398,0,0,0,0,12/08/2026,9/1/2026,902,PCP/TINTURARIA/CORTE/COSTURA/EXPEDIÇÃO,06,,TINTURARIA,0,PC,LIB. P PRODUÇÃO/FALTA FOTO PP,C&A MODAS S.A.,98958,98958,061685,05461,13/12/2026,2650,12 - SEM 50 - 2026,(47) 3534-4078,0,,,0030,C&A MODAS,27/10/2026,89,-14,34,398,,,0,0,100,0,0,2650,001,T54A - LICENSE MASC.,30,SORTER,N,N,SSNN,"9,8195",,A22*,0,0,T00,TOP CURTO (TOP),PP SAMPLE ENVIADA 28/05,10 cores,"17,5",13/12/2026,2,0,AGROLANDIA,AV EDUARDO WILL,500,SAO JOAO,MULTICOLOR,14,07/08/2026,12/6/2026,,1,,,2641,0,T20A,0,80.666.324/0001-00,
077665,1,05157,445,MULTICOLOR TEXTIL LTDA.,0,12 - SEM 50 - 2026,3,,9 lcc,0,OP PRODUÇÃO,0,T001,TOP MC BASICO,A,7 SEMANAS LEAD TIME DE PRODUÇÃO,04,TINTURARIA,TIN,TIN - TINTURARIA,,,Lib corte,,31/01/2027,00/01/1900,144,SEGA C&A,MULTICOLOR TEXTIL LTDA.,01.16.32.0246,TOP CURTO \ 2025-2-2853,01,S-BLUSA / TOP,S,CEAR,CEAR - FEIRA SUMMER II 2026 (PROD AS BS) REPEATS,C04,AREIA,10,16,332,0,0,0,0,12/08/2026,9/1/2026,902,PCP/TINTURARIA/CORTE/COSTURA/EXPEDIÇÃO,06,,TINTURARIA,0,PC,LIB. P PRODUÇÃO/FALTA FOTO PP,C&A MODAS S.A.,98958,98958,061685,05461,13/12/2026,2650,12 - SEM 50 - 2026,(47) 3534-4078,0,,,0030,C&A MODAS,27/10/2026,89,-14,34,332,,,0,0,100,0,0,2650,001,T54A - LICENSE MASC.,30,SORTER,N,N,SSNN,"9,8195",,A22*,0,0,T00,TOP CURTO (TOP),PP SAMPLE ENVIADA 28/05,10 cores,"17,5",13/12/2026,2,0,AGROLANDIA,AV EDUARDO WILL,500,SAO JOAO,MULTICOLOR,14,07/08/2026,12/6/2026,,1,,,2641,0,T20A,0,80.666.324/0001-00,
077665,1,05157,445,MULTICOLOR TEXTIL LTDA.,0,12 - SEM 50 - 2026,3,,9 lcc,0,OP PRODUÇÃO,0,T001,TOP MC BASICO,A,7 SEMANAS LEAD TIME DE PRODUÇÃO,04,TINTURARIA,TIN,TIN - TINTURARIA,,,Lib corte,,31/01/2027,00/01/1900,144,SEGA C&A,MULTICOLOR TEXTIL LTDA.,01.16.32.0246,TOP CURTO \ 2025-2-2853,01,S-BLUSA / TOP,S,CEAR,CEAR - FEIRA SUMMER II 2026 (PROD AS BS) REPEATS,C04,AREIA,12,17,307,0,0,0,0,12/08/2026,9/1/2026,902,PCP/TINTURARIA/CORTE/COSTURA/EXPEDIÇÃO,06,,TINTURARIA,0,PC,LIB. P PRODUÇÃO/FALTA FOTO PP,C&A MODAS S.A.,98958,98958,061685,05461,13/12/2026,2650,12 - SEM 50 - 2026,(47) 3534-4078,0,,,0030,C&A MODAS,27/10/2026,89,-14,34,307,,,0,0,100,0,0,2650,001,T54A - LICENSE MASC.,30,SORTER,N,N,SSNN,"9,8195",,A22*,0,0,T00,TOP CURTO (TOP),PP SAMPLE ENVIADA 28/05,10 cores,"17,5",13/12/2026,2,0,AGROLANDIA,AV EDUARDO WILL,500,SAO JOAO,MULTICOLOR,14,07/08/2026,12/6/2026,,1,,,2641,0,T20A,0,80.666.324/0001-00,
077671,1,05157,445,MULTICOLOR TEXTIL LTDA.,0,12 - SEM 50 - 2026,3,19/06,9 lcc,0,OP PRODUÇÃO,0,T001,TOP MC BASICO,A,7 SEMANAS LEAD TIME DE PRODUÇÃO,04,TINTURARIA,TIN,TIN - TINTURARIA,,,Lib corte,,28/02/2027,00/01/1900,65,PLAYSTATION,MULTICOLOR TEXTIL LTDA.,01.16.06.0133,TOP CURTO / 2026-2-8305,01,S-BLUSA / TOP,S,CEAR,CEAR - FEIRA SUMMER II 2026 (PROD AS BS) REPEATS,000521,OFF WHITE,4,13,105,0,0,0,0,10/09/2026,9/30/2026,902,PCP/TINTURARIA/CORTE/COSTURA/EXPEDIÇÃO,06,,TINTURARIA,0,PC,PP SAMPL APROVADA,C&A MODAS S.A.,98968,98968,061676,05461,13/12/2026,2650,12 - SEM 50 - 2026,(47) 3534-4078,0,,,0030,C&A MODAS,27/10/2026,89,15,5,105,,,0,0,100,0,0,2650,001,T54A - LICENSE MASC.,30,SORTER,N,N,SSNN,"10,6144",,B25,0,0,T00,TOP CURTO (TOP),,EST. 1 COR,20,13/12/2026,2,0,AGROLANDIA,AV EDUARDO WILL,500,SAO JOAO,MULTICOLOR,14,07/08/2026,12/6/2026,,1,,,2641,0,,0,80.666.324/0001-00,
077671,1,05157,445,MULTICOLOR TEXTIL LTDA.,0,12 - SEM 50 - 2026,3,19/06,9 lcc,0,OP PRODUÇÃO,0,T001,TOP MC BASICO,A,7 SEMANAS LEAD TIME DE PRODUÇÃO,04,TINTURARIA,TIN,TIN - TINTURARIA,,,Lib corte,,28/02/2027,00/01/1900,65,PLAYSTATION,MULTICOLOR TEXTIL LTDA.,01.16.06.0133,TOP CURTO / 2026-2-8305,01,S-BLUSA / TOP,S,CEAR,CEAR - FEIRA SUMMER II 2026 (PROD AS BS) REPEATS,000521,OFF WHITE,6,14,188,0,0,0,0,10/09/2026,9/30/2026,902,PCP/TINTURARIA/CORTE/COSTURA/EXPEDIÇÃO,06,,TINTURARIA,0,PC,PP SAMPL APROVADA,C&A MODAS S.A.,98968,98968,061676,05461,13/12/2026,2650,12 - SEM 50 - 2026,(47) 3534-4078,0,,,0030,C&A MODAS,27/10/2026,89,15,5,188,,,0,0,100,0,0,2650,001,T54A - LICENSE MASC.,30,SORTER,N,N,SSNN,"10,6144",,B25,0,0,T00,TOP CURTO (TOP),,EST. 1 COR,20,13/12/2026,2,0,AGROLANDIA,AV EDUARDO WILL,500,SAO JOAO,MULTICOLOR,14,07/08/2026,12/6/2026,,1,,,2641,0,,0,80.666.324/0001-00,
077671,1,05157,445,MULTICOLOR TEXTIL LTDA.,0,12 - SEM 50 - 2026,3,19/06,9 lcc,0,OP PRODUÇÃO,0,T001,TOP MC BASICO,A,7 SEMANAS LEAD TIME DE PRODUÇÃO,04,TINTURARIA,TIN,TIN - TINTURARIA,,,Lib corte,,28/02/2027,00/01/1900,65,PLAYSTATION,MULTICOLOR TEXTIL LTDA.,01.16.06.0133,TOP CURTO / 2026-2-8305,01,S-BLUSA / TOP,S,CEAR,CEAR - FEIRA SUMMER II 2026 (PROD AS BS) REPEATS,000521,OFF WHITE,8,15,212,0,0,0,0,10/09/2026,9/30/2026,902,PCP/TINTURARIA/CORTE/COSTURA/EXPEDIÇÃO,06,,TINTURARIA,0,PC,PP SAMPL APROVADA,C&A MODAS S.A.,98968,98968,061676,05461,13/12/2026,2650,12 - SEM 50 - 2026,(47) 3534-4078,0,,,0030,C&A MODAS,27/10/2026,89,15,5,212,,,0,0,100,0,0,2650,001,T54A - LICENSE MASC.,30,SORTER,N,N,SSNN,"10,6144",,B25,0,0,T00,TOP CURTO (TOP),,EST. 1 COR,20,13/12/2026,2,0,AGROLANDIA,AV EDUARDO WILL,500,SAO JOAO,MULTICOLOR,14,07/08/2026,12/6/2026,,1,,,2641,0,,0,80.666.324/0001-00,
077671,1,05157,445,MULTICOLOR TEXTIL LTDA.,0,12 - SEM 50 - 2026,3,19/06,9 lcc,0,OP PRODUÇÃO,0,T001,TOP MC BASICO,A,7 SEMANAS LEAD TIME DE PRODUÇÃO,04,TINTURARIA,TIN,TIN - TINTURARIA,,,Lib corte,,28/02/2027,00/01/1900,65,PLAYSTATION,MULTICOLOR TEXTIL LTDA.,01.16.06.0133,TOP CURTO / 2026-2-8305,01,S-BLUSA / TOP,S,CEAR,CEAR - FEIRA SUMMER II 2026 (PROD AS BS) REPEATS,000521,OFF WHITE,10,16,177,0,0,0,0,10/09/2026,9/30/2026,902,PCP/TINTURARIA/CORTE/COSTURA/EXPEDIÇÃO,06,,TINTURARIA,0,PC,PP SAMPL APROVADA,C&A MODAS S.A.,98968,98968,061676,05461,13/12/2026,2650,12 - SEM 50 - 2026,(47) 3534-4078,0,,,0030,C&A MODAS,27/10/2026,89,15,5,177,,,0,0,100,0,0,2650,001,T54A - LICENSE MASC.,30,SORTER,N,N,SSNN,"10,6144",,B25,0,0,T00,TOP CURTO (TOP),,EST. 1 COR,20,13/12/2026,2,0,AGROLANDIA,AV EDUARDO WILL,500,SAO JOAO,MULTICOLOR,14,07/08/2026,12/6/2026,,1,,,2641,0,,0,80.666.324/0001-00,
077671,1,05157,445,MULTICOLOR TEXTIL LTDA.,0,12 - SEM 50 - 2026,3,19/06,9 lcc,0,OP PRODUÇÃO,0,T001,TOP MC BASICO,A,7 SEMANAS LEAD TIME DE PRODUÇÃO,04,TINTURARIA,TIN,TIN - TINTURARIA,,,Lib corte,,28/02/2027,00/01/1900,65,PLAYSTATION,MULTICOLOR TEXTIL LTDA.,01.16.06.0133,TOP CURTO / 2026-2-8305,01,S-BLUSA / TOP,S,CEAR,CEAR - FEIRA SUMMER II 2026 (PROD AS BS) REPEATS,000521,OFF WHITE,12,17,164,0,0,0,0,10/09/2026,9/30/2026,902,PCP/TINTURARIA/CORTE/COSTURA/EXPEDIÇÃO,06,,TINTURARIA,0,PC,PP SAMPL APROVADA,C&A MODAS S.A.,98968,98968,061676,05461,13/12/2026,2650,12 - SEM 50 - 2026,(47) 3534-4078,0,,,0030,C&A MODAS,27/10/2026,89,15,5,164,,,0,0,100,0,0,2650,001,T54A - LICENSE MASC.,30,SORTER,N,N,SSNN,"10,6144",,B25,0,0,T00,TOP CURTO (TOP),,EST. 1 COR,20,13/12/2026,2,0,AGROLANDIA,AV EDUARDO WILL,500,SAO JOAO,MULTICOLOR,14,07/08/2026,12/6/2026,,1,,,2641,0,,0,80.666.324/0001-00,
077681,1,05157,445,MULTICOLOR TEXTIL LTDA.,0,12 - SEM 49 - 2026,3,08/07,9 lcc,0,OP PRODUÇÃO,0,000,CLASSIFICAR MODELO/FAMILIA,,,04,TINTURARIA,TIN,TIN - TINTURARIA,,,Lib corte,,00/01/1900,00/01/1900,85,SEM LICENSA C&A,MULTICOLOR TEXTIL LTDA.,01.16.00.7756D,TOP CURTO / 2026-2-3348,01,S-BLUSA / TOP,S,CEI,CEI - FEIRA SUMMER II 2026 (PROD AS BS) INCLUSÃO,000177,VERMELHO,4,13,383,0,0,0,0,10/09/2026,9/30/2026,902,PCP/TINTURARIA/CORTE/COSTURA/EXPEDIÇÃO,06,,TINTURARIA,0,PC,LIBERADO PARA PRODUÇÂO,C&A MODAS S.A.,98977,98977,061655,05461,06/12/2026,2649,12 - SEM 49 - 2026,(47) 3534-4078,0,,,0030,C&A MODAS,13/10/2026,82,15,5,383,,,0,0,100,0,0,2649,94,T54B - KIDS O,30,SORTER,N,N,SSNN,0,,B27 (W.COR),0,0,T00,TOP CURTO (TOP),,,"18,65",06/12/2026,1,0,AGROLANDIA,AV EDUARDO WILL,500,SAO JOAO,MULTICOLOR,14,07/08/2026,11/22/2026,,1,,,2641,0,,0,80.666.324/0001-00,
077681,1,05157,445,MULTICOLOR TEXTIL LTDA.,0,12 - SEM 49 - 2026,3,08/07,9 lcc,0,OP PRODUÇÃO,0,000,CLASSIFICAR MODELO/FAMILIA,,,04,TINTURARIA,TIN,TIN - TINTURARIA,,,Lib corte,,00/01/1900,00/01/1900,85,SEM LICENSA C&A,MULTICOLOR TEXTIL LTDA.,01.16.00.7756D,TOP CURTO / 2026-2-3348,01,S-BLUSA / TOP,S,CEI,CEI - FEIRA SUMMER II 2026 (PROD AS BS) INCLUSÃO,000177,VERMELHO,6,14,689,0,0,0,0,10/09/2026,9/30/2026,902,PCP/TINTURARIA/CORTE/COSTURA/EXPEDIÇÃO,06,,TINTURARIA,0,PC,LIBERADO PARA PRODUÇÂO,C&A MODAS S.A.,98977,98977,061655,05461,06/12/2026,2649,12 - SEM 49 - 2026,(47) 3534-4078,0,,,0030,C&A MODAS,13/10/2026,82,15,5,689,,,0,0,100,0,0,2649,94,T54B - KIDS O,30,SORTER,N,N,SSNN,0,,B27 (W.COR),0,0,T00,TOP CURTO (TOP),,,"18,65",06/12/2026,1,0,AGROLANDIA,AV EDUARDO WILL,500,SAO JOAO,MULTICOLOR,14,07/08/2026,11/22/2026,,1,,,2641,0,,0,80.666.324/0001-00,
077681,1,05157,445,MULTICOLOR TEXTIL LTDA.,0,12 - SEM 49 - 2026,3,08/07,9 lcc,0,OP PRODUÇÃO,0,000,CLASSIFICAR MODELO/FAMILIA,,,04,TINTURARIA,TIN,TIN - TINTURARIA,,,Lib corte,,00/01/1900,00/01/1900,85,SEM LICENSA C&A,MULTICOLOR TEXTIL LTDA.,01.16.00.7756D,TOP CURTO / 2026-2-3348,01,S-BLUSA / TOP,S,CEI,CEI - FEIRA SUMMER II 2026 (PROD AS BS) INCLUSÃO,000177,VERMELHO,8,15,774,0,0,0,0,10/09/2026,9/30/2026,902,PCP/TINTURARIA/CORTE/COSTURA/EXPEDIÇÃO,06,,TINTURARIA,0,PC,LIBERADO PARA PRODUÇÂO,C&A MODAS S.A.,98977,98977,061655,05461,12/6/2026,2649,12 - SEM 49 - 2026,(47) 3534-4078,0,,,0030,C&A MODAS,10/13/2026,82,15,5,774,,,0,0,100,0,0,2649,94,T54B - KIDS O,30,SORTER,N,N,SSNN,0,,B27 (W.COR),0,0,T00,TOP CURTO (TOP),,,"18,65",06/12/2026,1,0,AGROLANDIA,AV EDUARDO WILL,500,SAO JOAO,MULTICOLOR,14,07/08/2026,11/22/2026,,1,,,2641,0,,0,80.666.324/0001-00,
077681,1,05157,445,MULTICOLOR TEXTIL LTDA.,0,12 - SEM 49 - 2026,3,08/07,9 lcc,0,OP PRODUÇÃO,0,000,CLASSIFICAR MODELO/FAMILIA,,,04,TINTURARIA,TIN,TIN - TINTURARIA,,,Lib corte,,00/01/1900,00/01/1900,85,SEM LICENSA C&A,MULTICOLOR TEXTIL LTDA.,01.16.00.7756D,TOP CURTO / 2026-2-3348,01,S-BLUSA / TOP,S,CEI,CEI - FEIRA SUMMER II 2026 (PROD AS BS) INCLUSÃO,000177,VERMELHO,10,16,646,0,0,0,0,10/09/2026,9/30/2026,902,PCP/TINTURARIA/CORTE/COSTURA/EXPEDIÇÃO,06,,TINTURARIA,0,PC,LIBERADO PARA PRODUÇÂO,C&A MODAS S.A.,98977,98977,061655,05461,12/6/2026,2649,12 - SEM 49 - 2026,(47) 3534-4078,0,,,0030,C&A MODAS,10/13/2026,82,15,5,646,,,0,0,100,0,0,2649,94,T54B - KIDS O,30,SORTER,N,N,SSNN,0,,B27 (W.COR),0,0,T00,TOP CURTO (TOP),,,"18,65",06/12/2026,1,0,AGROLANDIA,AV EDUARDO WILL,500,SAO JOAO,MULTICOLOR,14,07/08/2026,11/22/2026,,1,,,2641,0,,0,80.666.324/0001-00,
077681,1,05157,445,MULTICOLOR TEXTIL LTDA.,0,12 - SEM 49 - 2026,3,08/07,9 lcc,0,OP PRODUÇÃO,0,000,CLASSIFICAR MODELO/FAMILIA,,,04,TINTURARIA,TIN,TIN - TINTURARIA,,,Lib corte,,00/01/1900,00/01/1900,85,SEM LICENSA C&A,MULTICOLOR TEXTIL LTDA.,01.16.00.7756D,TOP CURTO / 2026-2-3348,01,S-BLUSA / TOP,S,CEI,CEI - FEIRA SUMMER II 2026 (PROD AS BS) INCLUSÃO,000177,VERMELHO,12,17,598,0,0,0,0,10/09/2026,9/30/2026,902,PCP/TINTURARIA/CORTE/COSTURA/EXPEDIÇÃO,06,,TINTURARIA,0,PC,LIBERADO PARA PRODUÇÂO,C&A MODAS S.A.,98977,98977,061655,05461,12/6/2026,2649,12 - SEM 49 - 2026,(47) 3534-4078,0,,,0030,C&A MODAS,10/13/2026,82,15,5,598,,,0,0,100,0,0,2649,94,T54B - KIDS O,30,SORTER,N,N,SSNN,0,,B27 (W.COR),0,0,T00,TOP CURTO (TOP),,,"18,65",06/12/2026,1,0,AGROLANDIA,AV EDUARDO WILL,500,SAO JOAO,MULTICOLOR,14,07/08/2026,11/22/2026,,1,,,2641,0,,0,80.666.324/0001-00,
077683,1,05157,445,MULTICOLOR TEXTIL LTDA.,0,12 - SEM 50 - 2026,3,08/07,9 lcc,0,OP PRODUÇÃO,0,T010,TOP MC C/ RECORTES,A,7 SEMANAS LEAD TIME DE PRODUÇÃO,04,TINTURARIA,TIN,TIN - TINTURARIA,,,Lib corte,,00/01/1900,00/01/1900,85,SEM LICENSA C&A,MULTICOLOR TEXTIL LTDA.,01.16.00.7756C,TOP CURTO / 2026-2-3348,01,S-BLUSA / TOP,S,CEIN,CEIN - FEIRA SUMMER II 2026 (PROD AS BS) INCLUSÃO NEGOCIADO,130331,VERDE CLARO,4,13,192,0,0,0,0,10/09/2026,9/30/2026,902,PCP/TINTURARIA/CORTE/COSTURA/EXPEDIÇÃO,06,,TINTURARIA,0,PC,LIBERADO PARA PRODUÇÂO,C&A MODAS S.A.,98983,98983,061649,05461,12/13/2026,2650,12 - SEM 50 - 2026,(47) 3534-4078,0,,,0030,C&A MODAS,11/3/2026,89,15,5,192,,,0,0,100,0,0,2650,94,T54B - KIDS O,30,SORTER,N,N,SSNN,0,,B28,0,0,T00,TOP CURTO (TOP),,,"18,65",13/12/2026,1,0,AGROLANDIA,AV EDUARDO WILL,500,SAO JOAO,MULTICOLOR,14,07/08/2026,12/13/2026,,1,,,2641,0,,0,80.666.324/0001-00,
077683,1,05157,445,MULTICOLOR TEXTIL LTDA.,0,12 - SEM 50 - 2026,3,08/07,9 lcc,0,OP PRODUÇÃO,0,T010,TOP MC C/ RECORTES,A,7 SEMANAS LEAD TIME DE PRODUÇÃO,04,TINTURARIA,TIN,TIN - TINTURARIA,,,Lib corte,,00/01/1900,00/01/1900,85,SEM LICENSA C&A,MULTICOLOR TEXTIL LTDA.,01.16.00.7756C,TOP CURTO / 2026-2-3348,01,S-BLUSA / TOP,S,CEIN,CEIN - FEIRA SUMMER II 2026 (PROD AS BS) INCLUSÃO NEGOCIADO,130331,VERDE CLARO,6,14,344,0,0,0,0,10/09/2026,9/30/2026,902,PCP/TINTURARIA/CORTE/COSTURA/EXPEDIÇÃO,06,,TINTURARIA,0,PC,LIBERADO PARA PRODUÇÂO,C&A MODAS S.A.,98983,98983,061649,05461,12/13/2026,2650,12 - SEM 50 - 2026,(47) 3534-4078,0,,,0030,C&A MODAS,11/3/2026,89,15,5,344,,,0,0,100,0,0,2650,94,T54B - KIDS O,30,SORTER,N,N,SSNN,0,,B28,0,0,T00,TOP CURTO (TOP),,,"18,65",13/12/2026,1,0,AGROLANDIA,AV EDUARDO WILL,500,SAO JOAO,MULTICOLOR,14,07/08/2026,12/13/2026,,1,,,2641,0,,0,80.666.324/0001-00,
077683,1,05157,445,MULTICOLOR TEXTIL LTDA.,0,12 - SEM 50 - 2026,3,08/07,9 lcc,0,OP PRODUÇÃO,0,T010,TOP MC C/ RECORTES,A,7 SEMANAS LEAD TIME DE PRODUÇÃO,04,TINTURARIA,TIN,TIN - TINTURARIA,,,Lib corte,,00/01/1900,00/01/1900,85,SEM LICENSA C&A,MULTICOLOR TEXTIL LTDA.,01.16.00.7756C,TOP CURTO / 2026-2-3348,01,S-BLUSA / TOP,S,CEIN,CEIN - FEIRA SUMMER II 2026 (PROD AS BS) INCLUSÃO NEGOCIADO,130331,VERDE CLARO,8,15,387,0,0,0,0,10/09/2026,9/30/2026,902,PCP/TINTURARIA/CORTE/COSTURA/EXPEDIÇÃO,06,,TINTURARIA,0,PC,LIBERADO PARA PRODUÇÂO,C&A MODAS S.A.,98983,98983,061649,05461,12/13/2026,2650,12 - SEM 50 - 2026,(47) 3534-4078,0,,,0030,C&A MODAS,11/3/2026,89,15,5,387,,,0,0,100,0,0,2650,94,T54B - KIDS O,30,SORTER,N,N,SSNN,0,,B28,0,0,T00,TOP CURTO (TOP),,,"18,65",13/12/2026,1,0,AGROLANDIA,AV EDUARDO WILL,500,SAO JOAO,MULTICOLOR,14,07/08/2026,12/13/2026,,1,,,2641,0,,0,80.666.324/0001-00,
077683,1,05157,445,MULTICOLOR TEXTIL LTDA.,0,12 - SEM 50 - 2026,3,08/07,9 lcc,0,OP PRODUÇÃO,0,T010,TOP MC C/ RECORTES,A,7 SEMANAS LEAD TIME DE PRODUÇÃO,04,TINTURARIA,TIN,TIN - TINTURARIA,,,Lib corte,,00/01/1900,00/01/1900,85,SEM LICENSA C&A,MULTICOLOR TEXTIL LTDA.,01.16.00.7756C,TOP CURTO / 2026-2-3348,01,S-BLUSA / TOP,S,CEIN,CEIN - FEIRA SUMMER II 2026 (PROD AS BS) INCLUSÃO NEGOCIADO,130331,VERDE CLARO,10,16,323,0,0,0,0,10/09/2026,9/30/2026,902,PCP/TINTURARIA/CORTE/COSTURA/EXPEDIÇÃO,06,,TINTURARIA,0,PC,LIBERADO PARA PRODUÇÂO,C&A MODAS S.A.,98983,98983,061649,05461,12/13/2026,2650,12 - SEM 50 - 2026,(47) 3534-4078,0,,,0030,C&A MODAS,11/3/2026,89,15,5,323,,,0,0,100,0,0,2650,94,T54B - KIDS O,30,SORTER,N,N,SSNN,0,,B28,0,0,T00,TOP CURTO (TOP),,,"18,65",13/12/2026,1,0,AGROLANDIA,AV EDUARDO WILL,500,SAO JOAO,MULTICOLOR,14,07/08/2026,12/13/2026,,1,,,2641,0,,0,80.666.324/0001-00,
077683,1,05157,445,MULTICOLOR TEXTIL LTDA.,0,12 - SEM 50 - 2026,3,08/07,9 lcc,0,OP PRODUÇÃO,0,T010,TOP MC C/ RECORTES,A,7 SEMANAS LEAD TIME DE PRODUÇÃO,04,TINTURARIA,TIN,TIN - TINTURARIA,,,Lib corte,,00/01/1900,00/01/1900,85,SEM LICENSA C&A,MULTICOLOR TEXTIL LTDA.,01.16.00.7756C,TOP CURTO / 2026-2-3348,01,S-BLUSA / TOP,S,CEIN,CEIN - FEIRA SUMMER II 2026 (PROD AS BS) INCLUSÃO NEGOCIADO,130331,VERDE CLARO,12,17,299,0,0,0,0,10/09/2026,9/30/2026,902,PCP/TINTURARIA/CORTE/COSTURA/EXPEDIÇÃO,06,,TINTURARIA,0,PC,LIBERADO PARA PRODUÇÂO,C&A MODAS S.A.,98983,98983,061649,05461,13/12/2026,2650,12 - SEM 50 - 2026,(47) 3534-4078,0,,,0030,C&A MODAS,03/11/2026,89,15,5,299,,,0,0,100,0,0,2650,94,T54B - KIDS O,30,SORTER,N,N,SSNN,0,,B28,0,0,T00,TOP CURTO (TOP),,,"18,65",13/12/2026,1,0,AGROLANDIA,AV EDUARDO WILL,500,SAO JOAO,MULTICOLOR,14,07/08/2026,12/13/2026,,1,,,2641,0,,0,80.666.324/0001-00,
077689,1,05157,445,MULTICOLOR TEXTIL LTDA.,0,12 - SEM 50 - 2026,3,08/07,9 lcc,0,OP PRODUÇÃO,0,T040,TOP MC C/ BOLSO,B,8 SEMANAS,04,TINTURARIA,TIN,TIN - TINTURARIA,,,Lib corte,,11/04/2027,00/01/1900,85,SEM LICENSA C&A,MULTICOLOR TEXTIL LTDA.,01.16.00.7849,TOP CURTO / 2026-2-9557,01,S-BLUSA / TOP,S,CEIN,CEIN - FEIRA SUMMER II 2026 (PROD AS BS) INCLUSÃO NEGOCIADO,0000c,BRANCO,4,13,115,0,0,0,0,11/09/2026,9/2/2026,902,PCP/TINTURARIA/CORTE/COSTURA/EXPEDIÇÃO,06,,TINTURARIA,0,PC,LIBERADO PARA PRODUÇÂO,C&A MODAS S.A.,98986,98986,061664,05461,13/12/2026,2650,12 - SEM 50 - 2026,(47) 3534-4078,0,,,0030,C&A MODAS,27/10/2026,89,-13,4,115,,,0,0,100,0,0,2650,007,T54A - PALOMINO,17,CABIDE,N,N,SSNN,0,,B26,0,0,T00,TOP CURTO (TOP),TESTE CO D IVANIR (CABEÇOTE TAM 4 - problema tensionado),,"17,45",13/12/2026,1,0,AGROLANDIA,AV EDUARDO WILL,500,SAO JOAO,MULTICOLOR,14,07/08/2026,12/6/2026,,1,,,2641,0,,0,80.666.324/0001-00,
077689,1,05157,445,MULTICOLOR TEXTIL LTDA.,0,12 - SEM 50 - 2026,3,08/07,9 lcc,0,OP PRODUÇÃO,0,T040,TOP MC C/ BOLSO,B,8 SEMANAS,04,TINTURARIA,TIN,TIN - TINTURARIA,,,Lib corte,,11/04/2027,00/01/1900,85,SEM LICENSA C&A,MULTICOLOR TEXTIL LTDA.,01.16.00.7849,TOP CURTO / 2026-2-9557,01,S-BLUSA / TOP,S,CEIN,CEIN - FEIRA SUMMER II 2026 (PROD AS BS) INCLUSÃO NEGOCIADO,0000c,BRANCO,6,14,231,0,0,0,0,11/09/2026,9/2/2026,902,PCP/TINTURARIA/CORTE/COSTURA/EXPEDIÇÃO,06,,TINTURARIA,0,PC,LIBERADO PARA PRODUÇÂO,C&A MODAS S.A.,98986,98986,061664,05461,13/12/2026,2650,12 - SEM 50 - 2026,(47) 3534-4078,0,,,0030,C&A MODAS,27/10/2026,89,-13,4,231,,,0,0,100,0,0,2650,007,T54A - PALOMINO,17,CABIDE,N,N,SSNN,0,,B26,0,0,T00,TOP CURTO (TOP),TESTE CO D IVANIR (CABEÇOTE TAM 4 - problema tensionado),,"17,45",13/12/2026,1,0,AGROLANDIA,AV EDUARDO WILL,500,SAO JOAO,MULTICOLOR,14,07/08/2026,12/6/2026,,1,,,2641,0,,0,80.666.324/0001-00,
077689,1,05157,445,MULTICOLOR TEXTIL LTDA.,0,12 - SEM 50 - 2026,3,08/07,9 lcc,0,OP PRODUÇÃO,0,T040,TOP MC C/ BOLSO,B,8 SEMANAS,04,TINTURARIA,TIN,TIN - TINTURARIA,,,Lib corte,,11/04/2027,00/01/1900,85,SEM LICENSA C&A,MULTICOLOR TEXTIL LTDA.,01.16.00.7849,TOP CURTO / 2026-2-9557,01,S-BLUSA / TOP,S,CEIN,CEIN - FEIRA SUMMER II 2026 (PROD AS BS) INCLUSÃO NEGOCIADO,0000c,BRANCO,8,15,231,0,0,0,0,11/09/2026,9/2/2026,902,PCP/TINTURARIA/CORTE/COSTURA/EXPEDIÇÃO,06,,TINTURARIA,0,PC,LIBERADO PARA PRODUÇÂO,C&A MODAS S.A.,98986,98986,061664,05461,13/12/2026,2650,12 - SEM 50 - 2026,(47) 3534-4078,0,,,0030,C&A MODAS,27/10/2026,89,-13,4,231,,,0,0,100,0,0,2650,007,T54A - PALOMINO,17,CABIDE,N,N,SSNN,0,,B26,0,0,T00,TOP CURTO (TOP),TESTE CO D IVANIR (CABEÇOTE TAM 4 - problema tensionado),,"17,45",13/12/2026,1,0,AGROLANDIA,AV EDUARDO WILL,500,SAO JOAO,MULTICOLOR,14,07/08/2026,12/6/2026,,1,,,2641,0,,0,80.666.324/0001-00,
077689,1,05157,445,MULTICOLOR TEXTIL LTDA.,0,12 - SEM 50 - 2026,3,08/07,9 lcc,0,OP PRODUÇÃO,0,T040,TOP MC C/ BOLSO,B,8 SEMANAS,04,TINTURARIA,TIN,TIN - TINTURARIA,,,Lib corte,,11/04/2027,00/01/1900,85,SEM LICENSA C&A,MULTICOLOR TEXTIL LTDA.,01.16.00.7849,TOP CURTO / 2026-2-9557,01,S-BLUSA / TOP,S,CEIN,CEIN - FEIRA SUMMER II 2026 (PROD AS BS) INCLUSÃO NEGOCIADO,0000c,BRANCO,10,16,231,0,0,0,0,11/09/2026,9/2/2026,902,PCP/TINTURARIA/CORTE/COSTURA/EXPEDIÇÃO,06,,TINTURARIA,0,PC,LIBERADO PARA PRODUÇÂO,C&A MODAS S.A.,98986,98986,061664,05461,13/12/2026,2650,12 - SEM 50 - 2026,(47) 3534-4078,0,,,0030,C&A MODAS,27/10/2026,89,-13,4,231,,,0,0,100,0,0,2650,007,T54A - PALOMINO,17,CABIDE,N,N,SSNN,0,,B26,0,0,T00,TOP CURTO (TOP),TESTE CO D IVANIR (CABEÇOTE TAM 4 - problema tensionado),,"17,45",13/12/2026,1,0,AGROLANDIA,AV EDUARDO WILL,500,SAO JOAO,MULTICOLOR,14,07/08/2026,12/6/2026,,1,,,2641,0,,0,80.666.324/0001-00,
077689,1,05157,445,MULTICOLOR TEXTIL LTDA.,0,12 - SEM 50 - 2026,3,08/07,9 lcc,0,OP PRODUÇÃO,0,T040,TOP MC C/ BOLSO,B,8 SEMANAS,04,TINTURARIA,TIN,TIN - TINTURARIA,,,Lib corte,,11/04/2027,00/01/1900,85,SEM LICENSA C&A,MULTICOLOR TEXTIL LTDA.,01.16.00.7849,TOP CURTO / 2026-2-9557,01,S-BLUSA / TOP,S,CEIN,CEIN - FEIRA SUMMER II 2026 (PROD AS BS) INCLUSÃO NEGOCIADO,0000c,BRANCO,12,17,231,0,0,0,0,11/09/2026,9/2/2026,902,PCP/TINTURARIA/CORTE/COSTURA/EXPEDIÇÃO,06,,TINTURARIA,0,PC,LIBERADO PARA PRODUÇÂO,C&A MODAS S.A.,98986,98986,061664,05461,13/12/2026,2650,12 - SEM 50 - 2026,(47) 3534-4078,0,,,0030,C&A MODAS,27/10/2026,89,-13,4,231,,,0,0,100,0,0,2650,007,T54A - PALOMINO,17,CABIDE,N,N,SSNN,0,,B26,0,0,T00,TOP CURTO (TOP),TESTE CO D IVANIR (CABEÇOTE TAM 4 - problema tensionado),,"17,45",13/12/2026,1,0,AGROLANDIA,AV EDUARDO WILL,500,SAO JOAO,MULTICOLOR,14,07/08/2026,12/6/2026,,1,,,2641,0,,0,80.666.324/0001-00,
077703,1,05157,445,MULTICOLOR TEXTIL LTDA.,0,12 - SEM 49 - 2026,3,,9 lcc,0,OP PRODUÇÃO,0,T010,TOP MC C/ RECORTES,A,7 SEMANAS LEAD TIME DE PRODUÇÃO,04,TINTURARIA,TIN,TIN - TINTURARIA,,,Lib corte,,10/01/2027,00/01/1900,85,SEM LICENSA C&A,MULTICOLOR TEXTIL LTDA.,01.14.00.7032,TOP CURTO / 2024-2-5174,01,S-BLUSA / TOP,S,CECR,CECR - FEIRA SUMMER II 2026 (PROD CS) REPEATS,C03,BEGE MEDIO,1,10,206,0,0,0,0,10/09/2026,9/30/2026,902,PCP/TINTURARIA/CORTE/COSTURA/EXPEDIÇÃO,06,,TINTURARIA,0,PC,LIBERADO PARA PRODUÇÂO,C&A MODAS S.A.,66681,66681,061596,05461,06/12/2026,2649,12 - SEM 49 - 2026,(47) 3534-4078,0,,,0030,C&A MODAS,13/10/2026,82,15,5,206,,,0,0,100,0,0,2649,92,T52B - BBO,17,CABIDE,N,N,SSNN,"11,5045",,Y21,0,0,T00,TOP CURTO (TOP),,2 cores + 1 relevo,"15,65",06/12/2026,1,0,AGROLANDIA,AV EDUARDO WILL,500,SAO JOAO,MULTICOLOR,14,07/08/2026,11/22/2026,,1,,,2641,0,(C),0,80.666.324/0001-00,
077703,1,05157,445,MULTICOLOR TEXTIL LTDA.,0,12 - SEM 49 - 2026,3,,9 lcc,0,OP PRODUÇÃO,0,T010,TOP MC C/ RECORTES,A,7 SEMANAS LEAD TIME DE PRODUÇÃO,04,TINTURARIA,TIN,TIN - TINTURARIA,,,Lib corte,,10/01/2027,00/01/1900,85,SEM LICENSA C&A,MULTICOLOR TEXTIL LTDA.,01.14.00.7032,TOP CURTO / 2024-2-5174,01,S-BLUSA / TOP,S,CECR,CECR - FEIRA SUMMER II 2026 (PROD CS) REPEATS,C03,BEGE MEDIO,2,11,412,0,0,0,0,10/09/2026,9/30/2026,902,PCP/TINTURARIA/CORTE/COSTURA/EXPEDIÇÃO,06,,TINTURARIA,0,PC,LIBERADO PARA PRODUÇÂO,C&A MODAS S.A.,66681,66681,061596,05461,06/12/2026,2649,12 - SEM 49 - 2026,(47) 3534-4078,0,,,0030,C&A MODAS,13/10/2026,82,15,5,412,,,0,0,100,0,0,2649,92,T52B - BBO,17,CABIDE,N,N,SSNN,"11,5045",,Y21,0,0,T00,TOP CURTO (TOP),,2 cores + 1 relevo,"15,65",06/12/2026,1,0,AGROLANDIA,AV EDUARDO WILL,500,SAO JOAO,MULTICOLOR,14,07/08/2026,11/22/2026,,1,,,2641,0,(C),0,80.666.324/0001-00,
077703,1,05157,445,MULTICOLOR TEXTIL LTDA.,0,12 - SEM 49 - 2026,3,,9 lcc,0,OP PRODUÇÃO,0,T010,TOP MC C/ RECORTES,A,7 SEMANAS LEAD TIME DE PRODUÇÃO,04,TINTURARIA,TIN,TIN - TINTURARIA,,,Lib corte,,10/01/2027,00/01/1900,85,SEM LICENSA C&A,MULTICOLOR TEXTIL LTDA.,01.14.00.7032,TOP CURTO / 2024-2-5174,01,S-BLUSA / TOP,S,CECR,CECR - FEIRA SUMMER II 2026 (PROD CS) REPEATS,C03,BEGE MEDIO,3,12,618,0,0,0,0,10/09/2026,9/30/2026,902,PCP/TINTURARIA/CORTE/COSTURA/EXPEDIÇÃO,06,,TINTURARIA,0,PC,LIBERADO PARA PRODUÇÂO,C&A MODAS S.A.,66681,66681,061596,05461,06/12/2026,2649,12 - SEM 49 - 2026,(47) 3534-4078,0,,,0030,C&A MODAS,13/10/2026,82,15,5,618,,,0,0,100,0,0,2649,92,T52B - BBO,17,CABIDE,N,N,SSNN,"11,5045",,Y21,0,0,T00,TOP CURTO (TOP),,2 cores + 1 relevo,"15,65",06/12/2026,1,0,AGROLANDIA,AV EDUARDO WILL,500,SAO JOAO,MULTICOLOR,14,07/08/2026,11/22/2026,,1,,,2641,0,(C),0,80.666.324/0001-00,
077703,1,05157,445,MULTICOLOR TEXTIL LTDA.,0,12 - SEM 49 - 2026,3,,9 lcc,0,OP PRODUÇÃO,0,T010,TOP MC C/ RECORTES,A,7 SEMANAS LEAD TIME DE PRODUÇÃO,04,TINTURARIA,TIN,TIN - TINTURARIA,,,Lib corte,,10/01/2027,00/01/1900,85,SEM LICENSA C&A,MULTICOLOR TEXTIL LTDA.,01.14.00.7032,TOP CURTO / 2024-2-5174,01,S-BLUSA / TOP,S,CECR,CECR - FEIRA SUMMER II 2026 (PROD CS) REPEATS,C03,BEGE MEDIO,4,13,412,0,0,0,0,10/09/2026,9/30/2026,902,PCP/TINTURARIA/CORTE/COSTURA/EXPEDIÇÃO,06,,TINTURARIA,0,PC,LIBERADO PARA PRODUÇÂO,C&A MODAS S.A.,66681,66681,061596,05461,06/12/2026,2649,12 - SEM 49 - 2026,(47) 3534-4078,0,,,0030,C&A MODAS,13/10/2026,82,15,5,412,,,0,0,100,0,0,2649,92,T52B - BBO,17,CABIDE,N,N,SSNN,"11,5045",,Y21,0,0,T00,TOP CURTO (TOP),,2 cores + 1 relevo,"15,65",06/12/2026,1,0,AGROLANDIA,AV EDUARDO WILL,500,SAO JOAO,MULTICOLOR,14,07/08/2026,11/22/2026,,1,,,2641,0,(C),0,80.666.324/0001-00,
077703,1,05157,445,MULTICOLOR TEXTIL LTDA.,0,12 - SEM 49 - 2026,3,,9 lcc,0,OP PRODUÇÃO,0,T010,TOP MC C/ RECORTES,A,7 SEMANAS LEAD TIME DE PRODUÇÃO,04,TINTURARIA,TIN,TIN - TINTURARIA,,,Lib corte,,10/01/2027,00/01/1900,85,SEM LICENSA C&A,MULTICOLOR TEXTIL LTDA.,01.14.00.7032,TOP CURTO / 2024-2-5174,01,S-BLUSA / TOP,S,CECR,CECR - FEIRA SUMMER II 2026 (PROD CS) REPEATS,C03,BEGE MEDIO,5,58,412,0,0,0,0,10/09/2026,9/30/2026,902,PCP/TINTURARIA/CORTE/COSTURA/EXPEDIÇÃO,06,,TINTURARIA,0,PC,LIBERADO PARA PRODUÇÂO,C&A MODAS S.A.,66681,66681,061596,05461,06/12/2026,2649,12 - SEM 49 - 2026,(47) 3534-4078,0,,,0030,C&A MODAS,13/10/2026,82,15,5,412,,,0,0,100,0,0,2649,92,T52B - BBO,17,CABIDE,N,N,SSNN,"11,5045",,Y21,0,0,T00,TOP CURTO (TOP),,2 cores + 1 relevo,"15,65",06/12/2026,1,0,AGROLANDIA,AV EDUARDO WILL,500,SAO JOAO,MULTICOLOR,14,07/08/2026,11/22/2026,,1,,,2641,0,(C),0,80.666.324/0001-00,
077704,1,05157,445,MULTICOLOR TEXTIL LTDA.,0,12 - SEM 49 - 2026,3,,9 lcc,0,OP PRODUÇÃO,0,T010,TOP MC C/ RECORTES,A,7 SEMANAS LEAD TIME DE PRODUÇÃO,04,TINTURARIA,TIN,TIN - TINTURARIA,,,Lib corte,,10/01/2027,00/01/1900,85,SEM LICENSA C&A,MULTICOLOR TEXTIL LTDA.,01.14.00.7032,TOP CURTO / 2024-2-5174,01,S-BLUSA / TOP,S,CECR,CECR - FEIRA SUMMER II 2026 (PROD CS) REPEATS,C03,BEGE MEDIO,1,10,412,0,0,0,0,10/09/2026,9/30/2026,902,PCP/TINTURARIA/CORTE/COSTURA/EXPEDIÇÃO,06,,TINTURARIA,0,PC,LIBERADO PARA PRODUÇÂO,C&A MODAS S.A.,99003,99003,061597,05461,06/12/2026,2649,12 - SEM 49 - 2026,(47) 3534-4078,0,,,0030,C&A MODAS,13/10/2026,82,15,5,412,,,0,0,100,0,0,2649,92,T52B - BBO,17,CABIDE,N,N,SSNN,"11,5045",,Y21,0,0,T00,TOP CURTO (TOP),,2 cores + 1 relevo,"15,65",22/12/2026,1,0,AGROLANDIA,AV EDUARDO WILL,500,SAO JOAO,MULTICOLOR,14,07/08/2026,11/22/2026,,1,,,2641,0,(C),0,80.666.324/0001-00,
077704,1,05157,445,MULTICOLOR TEXTIL LTDA.,0,12 - SEM 49 - 2026,3,,9 lcc,0,OP PRODUÇÃO,0,T010,TOP MC C/ RECORTES,A,7 SEMANAS LEAD TIME DE PRODUÇÃO,04,TINTURARIA,TIN,TIN - TINTURARIA,,,Lib corte,,10/01/2027,00/01/1900,85,SEM LICENSA C&A,MULTICOLOR TEXTIL LTDA.,01.14.00.7032,TOP CURTO / 2024-2-5174,01,S-BLUSA / TOP,S,CECR,CECR - FEIRA SUMMER II 2026 (PROD CS) REPEATS,C03,BEGE MEDIO,2,11,824,0,0,0,0,10/09/2026,9/30/2026,902,PCP/TINTURARIA/CORTE/COSTURA/EXPEDIÇÃO,06,,TINTURARIA,0,PC,LIBERADO PARA PRODUÇÂO,C&A MODAS S.A.,99003,99003,061597,05461,06/12/2026,2649,12 - SEM 49 - 2026,(47) 3534-4078,0,,,0030,C&A MODAS,13/10/2026,82,15,5,824,,,0,0,100,0,0,2649,92,T52B - BBO,17,CABIDE,N,N,SSNN,"11,5045",,Y21,0,0,T00,TOP CURTO (TOP),,2 cores + 1 relevo,"15,65",22/12/2026,1,0,AGROLANDIA,AV EDUARDO WILL,500,SAO JOAO,MULTICOLOR,14,07/08/2026,11/22/2026,,1,,,2641,0,(C),0,80.666.324/0001-00,
077704,1,05157,445,MULTICOLOR TEXTIL LTDA.,0,12 - SEM 49 - 2026,3,,9 lcc,0,OP PRODUÇÃO,0,T010,TOP MC C/ RECORTES,A,7 SEMANAS LEAD TIME DE PRODUÇÃO,04,TINTURARIA,TIN,TIN - TINTURARIA,,,Lib corte,,10/01/2027,00/01/1900,85,SEM LICENSA C&A,MULTICOLOR TEXTIL LTDA.,01.14.00.7032,TOP CURTO / 2024-2-5174,01,S-BLUSA / TOP,S,CECR,CECR - FEIRA SUMMER II 2026 (PROD CS) REPEATS,C03,BEGE MEDIO,3,12,1236,0,0,0,0,10/09/2026,9/30/2026,902,PCP/TINTURARIA/CORTE/COSTURA/EXPEDIÇÃO,06,,TINTURARIA,0,PC,LIBERADO PARA PRODUÇÂO,C&A MODAS S.A.,99003,99003,061597,05461,06/12/2026,2649,12 - SEM 49 - 2026,(47) 3534-4078,0,,,0030,C&A MODAS,13/10/2026,82,15,5,1236,,,0,0,100,0,0,2649,92,T52B - BBO,17,CABIDE,N,N,SSNN,"11,5045",,Y21,0,0,T00,TOP CURTO (TOP),,2 cores + 1 relevo,"15,65",22/12/2026,1,0,AGROLANDIA,AV EDUARDO WILL,500,SAO JOAO,MULTICOLOR,14,07/08/2026,11/22/2026,,1,,,2641,0,(C),0,80.666.324/0001-00,
077704,1,05157,445,MULTICOLOR TEXTIL LTDA.,0,12 - SEM 49 - 2026,3,,9 lcc,0,OP PRODUÇÃO,0,T010,TOP MC C/ RECORTES,A,7 SEMANAS LEAD TIME DE PRODUÇÃO,04,TINTURARIA,TIN,TIN - TINTURARIA,,,Lib corte,,10/01/2027,00/01/1900,85,SEM LICENSA C&A,MULTICOLOR TEXTIL LTDA.,01.14.00.7032,TOP CURTO / 2024-2-5174,01,S-BLUSA / TOP,S,CECR,CECR - FEIRA SUMMER II 2026 (PROD CS) REPEATS,C03,BEGE MEDIO,4,13,824,0,0,0,0,10/09/2026,9/30/2026,902,PCP/TINTURARIA/CORTE/COSTURA/EXPEDIÇÃO,06,,TINTURARIA,0,PC,LIBERADO PARA PRODUÇÂO,C&A MODAS S.A.,99003,99003,061597,05461,06/12/2026,2649,12 - SEM 49 - 2026,(47) 3534-4078,0,,,0030,C&A MODAS,13/10/2026,82,15,5,824,,,0,0,100,0,0,2649,92,T52B - BBO,17,CABIDE,N,N,SSNN,"11,5045",,Y21,0,0,T00,TOP CURTO (TOP),,2 cores + 1 relevo,"15,65",22/12/2026,1,0,AGROLANDIA,AV EDUARDO WILL,500,SAO JOAO,MULTICOLOR,14,07/08/2026,11/22/2026,,1,,,2641,0,(C),0,80.666.324/0001-00,
077704,1,05157,445,MULTICOLOR TEXTIL LTDA.,0,12 - SEM 49 - 2026,3,,9 lcc,0,OP PRODUÇÃO,0,T010,TOP MC C/ RECORTES,A,7 SEMANAS LEAD TIME DE PRODUÇÃO,04,TINTURARIA,TIN,TIN - TINTURARIA,,,Lib corte,,10/01/2027,00/01/1900,85,SEM LICENSA C&A,MULTICOLOR TEXTIL LTDA.,01.14.00.7032,TOP CURTO / 2024-2-5174,01,S-BLUSA / TOP,S,CECR,CECR - FEIRA SUMMER II 2026 (PROD CS) REPEATS,C03,BEGE MEDIO,5,58,824,0,0,0,0,10/09/2026,9/30/2026,902,PCP/TINTURARIA/CORTE/COSTURA/EXPEDIÇÃO,06,,TINTURARIA,0,PC,LIBERADO PARA PRODUÇÂO,C&A MODAS S.A.,99003,99003,061597,05461,06/12/2026,2649,12 - SEM 49 - 2026,(47) 3534-4078,0,,,0030,C&A MODAS,13/10/2026,82,15,5,824,,,0,0,100,0,0,2649,92,T52B - BBO,17,CABIDE,N,N,SSNN,"11,5045",,Y21,0,0,T00,TOP CURTO (TOP),,2 cores + 1 relevo,"15,65",22/12/2026,1,0,AGROLANDIA,AV EDUARDO WILL,500,SAO JOAO,MULTICOLOR,14,07/08/2026,11/22/2026,,1,,,2641,0,(C),0,80.666.324/0001-00,
077705,1,05157,445,MULTICOLOR TEXTIL LTDA.,0,12 - SEM 49 - 2026,3,,5 L CF,0,OP PRODUÇÃO,0,T010,TOP MC C/ RECORTES,A,7 SEMANAS LEAD TIME DE PRODUÇÃO,04,TINTURARIA,TIN,TIN - TINTURARIA,,,ok CLiente/ fazend teste grade/mov,,10/01/2027,00/01/1900,85,SEM LICENSA C&A,MULTICOLOR TEXTIL LTDA.,01.14.00.7032A,TOP CURTO / 2025-2-12530,01,S-BLUSA / TOP,S,CECR,CECR - FEIRA SUMMER II 2026 (PROD CS) REPEATS,60,AZUL,1,10,206,0,0,0,0,10/09/2026,9/30/2026,902,PCP/TINTURARIA/CORTE/COSTURA/EXPEDIÇÃO,06,,TINTURARIA,0,PC,LIBERADO PARA PRODUÇÂO,C&A MODAS S.A.,66681,66681,061596,05461,06/12/2026,2649,12 - SEM 49 - 2026,(47) 3534-4078,0,,,0030,C&A MODAS,13/10/2026,82,15,5,206,,,0,0,100,0,0,2649,92,T52B - BBO,17,CABIDE,N,N,SSNN,"12,6171",,A31*C,0,0,T00,TOP CURTO (TOP),,,"15,65",06/12/2026,1,0,AGROLANDIA,AV EDUARDO WILL,500,SAO JOAO,MULTICOLOR,14,07/08/2026,11/22/2026,,1,,,2641,0,,0,80.666.324/0001-00,
077705,1,05157,445,MULTICOLOR TEXTIL LTDA.,0,12 - SEM 49 - 2026,3,,5 L CF,0,OP PRODUÇÃO,0,T010,TOP MC C/ RECORTES,A,7 SEMANAS LEAD TIME DE PRODUÇÃO,04,TINTURARIA,TIN,TIN - TINTURARIA,,,ok CLiente/ fazend teste grade/mov,,10/01/2027,00/01/1900,85,SEM LICENSA C&A,MULTICOLOR TEXTIL LTDA.,01.14.00.7032A,TOP CURTO / 2025-2-12530,01,S-BLUSA / TOP,S,CECR,CECR - FEIRA SUMMER II 2026 (PROD CS) REPEATS,60,AZUL,2,11,412,0,0,0,0,10/09/2026,9/30/2026,902,PCP/TINTURARIA/CORTE/COSTURA/EXPEDIÇÃO,06,,TINTURARIA,0,PC,LIBERADO PARA PRODUÇÂO,C&A MODAS S.A.,66681,66681,061596,05461,06/12/2026,2649,12 - SEM 49 - 2026,(47) 3534-4078,0,,,0030,C&A MODAS,13/10/2026,82,15,5,412,,,0,0,100,0,0,2649,92,T52B - BBO,17,CABIDE,N,N,SSNN,"12,6171",,A31*C,0,0,T00,TOP CURTO (TOP),,,"15,65",06/12/2026,1,0,AGROLANDIA,AV EDUARDO WILL,500,SAO JOAO,MULTICOLOR,14,07/08/2026,11/22/2026,,1,,,2641,0,,0,80.666.324/0001-00,
077705,1,05157,445,MULTICOLOR TEXTIL LTDA.,0,12 - SEM 49 - 2026,3,,5 L CF,0,OP PRODUÇÃO,0,T010,TOP MC C/ RECORTES,A,7 SEMANAS LEAD TIME DE PRODUÇÃO,04,TINTURARIA,TIN,TIN - TINTURARIA,,,ok CLiente/ fazend teste grade/mov,,10/01/2027,00/01/1900,85,SEM LICENSA C&A,MULTICOLOR TEXTIL LTDA.,01.14.00.7032A,TOP CURTO / 2025-2-12530,01,S-BLUSA / TOP,S,CECR,CECR - FEIRA SUMMER II 2026 (PROD CS) REPEATS,60,AZUL,3,12,618,0,0,0,0,10/09/2026,9/30/2026,902,PCP/TINTURARIA/CORTE/COSTURA/EXPEDIÇÃO,06,,TINTURARIA,0,PC,LIBERADO PARA PRODUÇÂO,C&A MODAS S.A.,66681,66681,061596,05461,06/12/2026,2649,12 - SEM 49 - 2026,(47) 3534-4078,0,,,0030,C&A MODAS,13/10/2026,82,15,5,618,,,0,0,100,0,0,2649,92,T52B - BBO,17,CABIDE,N,N,SSNN,"12,6171",,A31*C,0,0,T00,TOP CURTO (TOP),,,"15,65",06/12/2026,1,0,AGROLANDIA,AV EDUARDO WILL,500,SAO JOAO,MULTICOLOR,14,07/08/2026,11/22/2026,,1,,,2641,0,,0,80.666.324/0001-00,
077705,1,05157,445,MULTICOLOR TEXTIL LTDA.,0,12 - SEM 49 - 2026,3,,5 L CF,0,OP PRODUÇÃO,0,T010,TOP MC C/ RECORTES,A,7 SEMANAS LEAD TIME DE PRODUÇÃO,04,TINTURARIA,TIN,TIN - TINTURARIA,,,ok CLiente/ fazend teste grade/mov,,10/01/2027,00/01/1900,85,SEM LICENSA C&A,MULTICOLOR TEXTIL LTDA.,01.14.00.7032A,TOP CURTO / 2025-2-12530,01,S-BLUSA / TOP,S,CECR,CECR - FEIRA SUMMER II 2026 (PROD CS) REPEATS,60,AZUL,4,13,412,0,0,0,0,10/09/2026,9/30/2026,902,PCP/TINTURARIA/CORTE/COSTURA/EXPEDIÇÃO,06,,TINTURARIA,0,PC,LIBERADO PARA PRODUÇÂO,C&A MODAS S.A.,66681,66681,061596,05461,06/12/2026,2649,12 - SEM 49 - 2026,(47) 3534-4078,0,,,0030,C&A MODAS,13/10/2026,82,15,5,412,,,0,0,100,0,0,2649,92,T52B - BBO,17,CABIDE,N,N,SSNN,"12,6171",,A31*C,0,0,T00,TOP CURTO (TOP),,,"15,65",06/12/2026,1,0,AGROLANDIA,AV EDUARDO WILL,500,SAO JOAO,MULTICOLOR,14,07/08/2026,11/22/2026,,1,,,2641,0,,0,80.666.324/0001-00,
077705,1,05157,445,MULTICOLOR TEXTIL LTDA.,0,12 - SEM 49 - 2026,3,,5 L CF,0,OP PRODUÇÃO,0,T010,TOP MC C/ RECORTES,A,7 SEMANAS LEAD TIME DE PRODUÇÃO,04,TINTURARIA,TIN,TIN - TINTURARIA,,,ok CLiente/ fazend teste grade/mov,,10/01/2027,00/01/1900,85,SEM LICENSA C&A,MULTICOLOR TEXTIL LTDA.,01.14.00.7032A,TOP CURTO / 2025-2-12530,01,S-BLUSA / TOP,S,CECR,CECR - FEIRA SUMMER II 2026 (PROD CS) REPEATS,60,AZUL,5,58,412,0,0,0,0,10/09/2026,9/30/2026,902,PCP/TINTURARIA/CORTE/COSTURA/EXPEDIÇÃO,06,,TINTURARIA,0,PC,LIBERADO PARA PRODUÇÂO,C&A MODAS S.A.,66681,66681,061596,05461,06/12/2026,2649,12 - SEM 49 - 2026,(47) 3534-4078,0,,,0030,C&A MODAS,13/10/2026,82,15,5,412,,,0,0,100,0,0,2649,92,T52B - BBO,17,CABIDE,N,N,SSNN,"12,6171",,A31*C,0,0,T00,TOP CURTO (TOP),,,"15,65",06/12/2026,1,0,AGROLANDIA,AV EDUARDO WILL,500,SAO JOAO,MULTICOLOR,14,07/08/2026,11/22/2026,,1,,,2641,0,,0,80.666.324/0001-00,
077885,1,05045,433,LANCASTER BENEFICIAMENTOS TEXTEIS LTDA,0,11 - SEM 46 - 2026,3,15/07,9 lcc,0,OP PRODUÇÃO,0,T032,TOP MC C/ APLIQUE ROTATIVO,C,9 SEMANAS,04,TINTURARIA,TIN,TIN - TINTURARIA,,,Lib corte,,00/01/1900,00/01/1900,85,SEM LICENSA C&A,LANCASTER BENEFICIAMENTOS TEXTEIS LTDA EM RECUPERACAO JUDICIAL,01.18.00.7861B,TOP CURTO,01,S-BLUSA / TOP,S,CEYN,CEYN - FEIRA SUMMER II 2026 (PROD CS) INCLUSÃO NEGOCIADO,000138,VERDE MEDIO,10,16,230,0,0,0,0,25/08/2026,9/14/2026,903,PCP/TINTURARIA/ROTATIVO/CORTE/COSTURA/EXPEDIÇÃO,06,,TINTURARIA,0,PC,LIBERADO PARA PRODUÇÂO,C&A MODAS S.A.,SII26,,061713,05461,15/11/2026,2646,11 - SEM 46 - 2026,(47) 3330-6006,0,,,0030,C&A MODAS,28/09/2026,61,-1,21,230,,,0,0,0,0,0,2646,96,T59B - TEEN,05,CAIXA - LR,N,N,SSNN,0,,B29 (W.ROT),0,0,T00,TOP CURTO (TOP),Rot Lancaster 18099-9 **********1 cor pig R$ 19 processo completo - LISTRAS,"Etq. R$ 1,29 o milheiro","23,5",15/11/2026,2,0,BLUMENAU,R ALBERTO LOBE,130,VELHA CENTRAL,,14,13/08/2026,11/15/2026,,1,,,2641,0,,0,76.541.317/0002-88,
077885,1,05045,433,LANCASTER BENEFICIAMENTOS TEXTEIS LTDA,0,11 - SEM 46 - 2026,3,15/07,9 lcc,0,OP PRODUÇÃO,0,T032,TOP MC C/ APLIQUE ROTATIVO,C,9 SEMANAS,04,TINTURARIA,TIN,TIN - TINTURARIA,,,Lib corte,,00/01/1900,00/01/1900,85,SEM LICENSA C&A,LANCASTER BENEFICIAMENTOS TEXTEIS LTDA EM RECUPERACAO JUDICIAL,01.18.00.7861B,TOP CURTO,01,S-BLUSA / TOP,S,CEYN,CEYN - FEIRA SUMMER II 2026 (PROD CS) INCLUSÃO NEGOCIADO,000138,VERDE MEDIO,12,17,689,0,0,0,0,25/08/2026,9/14/2026,903,PCP/TINTURARIA/ROTATIVO/CORTE/COSTURA/EXPEDIÇÃO,06,,TINTURARIA,0,PC,LIBERADO PARA PRODUÇÂO,C&A MODAS S.A.,SII26,,061713,05461,15/11/2026,2646,11 - SEM 46 - 2026,(47) 3330-6006,0,,,0030,C&A MODAS,28/09/2026,61,-1,21,689,,,0,0,0,0,0,2646,96,T59B - TEEN,05,CAIXA - LR,N,N,SSNN,0,,B29 (W.ROT),0,0,T00,TOP CURTO (TOP),Rot Lancaster 18099-9 **********1 cor pig R$ 19 processo completo - LISTRAS,"Etq. R$ 1,29 o milheiro","23,5",15/11/2026,2,0,BLUMENAU,R ALBERTO LOBE,130,VELHA CENTRAL,,14,13/08/2026,11/15/2026,,1,,,2641,0,,0,76.541.317/0002-88,
077885,1,05045,433,LANCASTER BENEFICIAMENTOS TEXTEIS LTDA,0,11 - SEM 46 - 2026,3,15/07,9 lcc,0,OP PRODUÇÃO,0,T032,TOP MC C/ APLIQUE ROTATIVO,C,9 SEMANAS,04,TINTURARIA,TIN,TIN - TINTURARIA,,,Lib corte,,00/01/1900,00/01/1900,85,SEM LICENSA C&A,LANCASTER BENEFICIAMENTOS TEXTEIS LTDA EM RECUPERACAO JUDICIAL,01.18.00.7861B,TOP CURTO,01,S-BLUSA / TOP,S,CEYN,CEYN - FEIRA SUMMER II 2026 (PROD CS) INCLUSÃO NEGOCIADO,000138,VERDE MEDIO,14,18,689,0,0,0,0,25/08/2026,9/14/2026,903,PCP/TINTURARIA/ROTATIVO/CORTE/COSTURA/EXPEDIÇÃO,06,,TINTURARIA,0,PC,LIBERADO PARA PRODUÇÂO,C&A MODAS S.A.,SII26,,061713,05461,11/15/2026,2646,11 - SEM 46 - 2026,(47) 3330-6006,0,,,0030,C&A MODAS,9/28/2026,61,-1,21,689,,,0,0,0,0,0,2646,96,T59B - TEEN,05,CAIXA - LR,N,N,SSNN,0,,B29 (W.ROT),0,0,T00,TOP CURTO (TOP),Rot Lancaster 18099-9 **********1 cor pig R$ 19 processo completo - LISTRAS,"Etq. R$ 1,29 o milheiro","23,5",15/11/2026,2,0,BLUMENAU,R ALBERTO LOBE,130,VELHA CENTRAL,,14,13/08/2026,11/15/2026,,1,,,2641,0,,0,76.541.317/0002-88,
077885,1,05045,433,LANCASTER BENEFICIAMENTOS TEXTEIS LTDA,0,11 - SEM 46 - 2026,3,15/07,9 lcc,0,OP PRODUÇÃO,0,T032,TOP MC C/ APLIQUE ROTATIVO,C,9 SEMANAS,04,TINTURARIA,TIN,TIN - TINTURARIA,,,Lib corte,,00/01/1900,00/01/1900,85,SEM LICENSA C&A,LANCASTER BENEFICIAMENTOS TEXTEIS LTDA EM RECUPERACAO JUDICIAL,01.18.00.7861B,TOP CURTO,01,S-BLUSA / TOP,S,CEYN,CEYN - FEIRA SUMMER II 2026 (PROD CS) INCLUSÃO NEGOCIADO,000138,VERDE MEDIO,16,19,459,0,0,0,0,25/08/2026,9/14/2026,903,PCP/TINTURARIA/ROTATIVO/CORTE/COSTURA/EXPEDIÇÃO,06,,TINTURARIA,0,PC,LIBERADO PARA PRODUÇÂO,C&A MODAS S.A.,SII26,,061713,05461,11/15/2026,2646,11 - SEM 46 - 2026,(47) 3330-6006,0,,,0030,C&A MODAS,9/28/2026,61,-1,21,459,,,0,0,0,0,0,2646,96,T59B - TEEN,05,CAIXA - LR,N,N,SSNN,0,,B29 (W.ROT),0,0,T00,TOP CURTO (TOP),Rot Lancaster 18099-9 **********1 cor pig R$ 19 processo completo - LISTRAS,"Etq. R$ 1,29 o milheiro","23,5",15/11/2026,2,0,BLUMENAU,R ALBERTO LOBE,130,VELHA CENTRAL,,14,13/08/2026,11/15/2026,,1,,,2641,0,,0,76.541.317/0002-88,
077886,1,05157,445,MULTICOLOR TEXTIL LTDA.,0,01 - SEM 02 - 2027,3,15/07,9 lcc,0,OP PRODUÇÃO,0,T180,REGATA BASICA,A,7 SEMANAS LEAD TIME DE PRODUÇÃO,04,TINTURARIA,TIN,TIN - TINTURARIA,,,Lib corte,,00/01/1900,00/01/1900,85,SEM LICENSA C&A,MULTICOLOR TEXTIL LTDA.,01.18.00.7833,TOP REGATA / 2026-2-8101,01,S-BLUSA / TOP,S,CEIN,CEIN - FEIRA SUMMER II 2026 (PROD AS BS) INCLUSÃO NEGOCIADO,50,A DEFINIR,10,16,286,0,0,0,0,25/08/2026,9/14/2026,902,PCP/TINTURARIA/CORTE/COSTURA/EXPEDIÇÃO,06,,TINTURARIA,0,PC,LIBERADO PARA PRODUÇÂO,C&A MODAS S.A.,SII26,,061703,05461,10/01/2027,2702,01 - SEM 02 - 2027,(47) 3534-4078,0,,,0030,C&A MODAS,13/10/2026,117,-1,21,286,,,0,0,0,0,0,2702,013,T59A - FIFTEEN MP,11,MASCULINO,N,N,SSNN,0,,B24,0,0,T06,TOP REGATA (TOP),,,21,10/01/2027,3,0,AGROLANDIA,AV EDUARDO WILL,500,SAO JOAO,MULTICOLOR,14,13/08/2026,11/22/2026,,1,,,2641,0,,0,80.666.324/0001-00,
077886,1,05157,445,MULTICOLOR TEXTIL LTDA.,0,01 - SEM 02 - 2027,3,15/07,9 lcc,0,OP PRODUÇÃO,0,T180,REGATA BASICA,A,7 SEMANAS LEAD TIME DE PRODUÇÃO,04,TINTURARIA,TIN,TIN - TINTURARIA,,,Lib corte,,00/01/1900,00/01/1900,85,SEM LICENSA C&A,MULTICOLOR TEXTIL LTDA.,01.18.00.7833,TOP REGATA / 2026-2-8101,01,S-BLUSA / TOP,S,CEIN,CEIN - FEIRA SUMMER II 2026 (PROD AS BS) INCLUSÃO NEGOCIADO,50,A DEFINIR,12,17,859,0,0,0,0,25/08/2026,9/14/2026,902,PCP/TINTURARIA/CORTE/COSTURA/EXPEDIÇÃO,06,,TINTURARIA,0,PC,LIBERADO PARA PRODUÇÂO,C&A MODAS S.A.,SII26,,061703,05461,10/01/2027,2702,01 - SEM 02 - 2027,(47) 3534-4078,0,,,0030,C&A MODAS,13/10/2026,117,-1,21,859,,,0,0,0,0,0,2702,013,T59A - FIFTEEN MP,11,MASCULINO,N,N,SSNN,0,,B24,0,0,T06,TOP REGATA (TOP),,,21,10/01/2027,3,0,AGROLANDIA,AV EDUARDO WILL,500,SAO JOAO,MULTICOLOR,14,13/08/2026,11/22/2026,,1,,,2641,0,,0,80.666.324/0001-00,
077886,1,05157,445,MULTICOLOR TEXTIL LTDA.,0,01 - SEM 02 - 2027,3,15/07,9 lcc,0,OP PRODUÇÃO,0,T180,REGATA BASICA,A,7 SEMANAS LEAD TIME DE PRODUÇÃO,04,TINTURARIA,TIN,TIN - TINTURARIA,,,Lib corte,,00/01/1900,00/01/1900,85,SEM LICENSA C&A,MULTICOLOR TEXTIL LTDA.,01.18.00.7833,TOP REGATA / 2026-2-8101,01,S-BLUSA / TOP,S,CEIN,CEIN - FEIRA SUMMER II 2026 (PROD AS BS) INCLUSÃO NEGOCIADO,50,A DEFINIR,14,18,859,0,0,0,0,25/08/2026,9/14/2026,902,PCP/TINTURARIA/CORTE/COSTURA/EXPEDIÇÃO,06,,TINTURARIA,0,PC,LIBERADO PARA PRODUÇÂO,C&A MODAS S.A.,SII26,,061703,05461,10/01/2027,2702,01 - SEM 02 - 2027,(47) 3534-4078,0,,,0030,C&A MODAS,13/10/2026,117,-1,21,859,,,0,0,0,0,0,2702,013,T59A - FIFTEEN MP,11,MASCULINO,N,N,SSNN,0,,B24,0,0,T06,TOP REGATA (TOP),,,21,10/01/2027,3,0,AGROLANDIA,AV EDUARDO WILL,500,SAO JOAO,MULTICOLOR,14,13/08/2026,11/22/2026,,1,,,2641,0,,0,80.666.324/0001-00,
077886,1,05157,445,MULTICOLOR TEXTIL LTDA.,0,01 - SEM 02 - 2027,3,15/07,9 lcc,0,OP PRODUÇÃO,0,T180,REGATA BASICA,A,7 SEMANAS LEAD TIME DE PRODUÇÃO,04,TINTURARIA,TIN,TIN - TINTURARIA,,,Lib corte,,00/01/1900,00/01/1900,85,SEM LICENSA C&A,MULTICOLOR TEXTIL LTDA.,01.18.00.7833,TOP REGATA / 2026-2-8101,01,S-BLUSA / TOP,S,CEIN,CEIN - FEIRA SUMMER II 2026 (PROD AS BS) INCLUSÃO NEGOCIADO,50,A DEFINIR,16,19,573,0,0,0,0,25/08/2026,9/14/2026,902,PCP/TINTURARIA/CORTE/COSTURA/EXPEDIÇÃO,06,,TINTURARIA,0,PC,LIBERADO PARA PRODUÇÂO,C&A MODAS S.A.,SII26,,061703,05461,10/01/2027,2702,01 - SEM 02 - 2027,(47) 3534-4078,0,,,0030,C&A MODAS,13/10/2026,117,-1,21,573,,,0,0,0,0,0,2702,013,T59A - FIFTEEN MP,11,MASCULINO,N,N,SSNN,0,,B24,0,0,T06,TOP REGATA (TOP),,,21,10/01/2027,3,0,AGROLANDIA,AV EDUARDO WILL,500,SAO JOAO,MULTICOLOR,14,13/08/2026,11/22/2026,,1,,,2641,0,,0,80.666.324/0001-00,
077887,1,05157,445,MULTICOLOR TEXTIL LTDA.,0,01 - SEM 02 - 2027,3,07/08,9 lcc,0,OP PRODUÇÃO,0,000,CLASSIFICAR MODELO/FAMILIA,,,04,TINTURARIA,TIN,TIN - TINTURARIA,,,Lib corte,,00/01/1900,00/01/1900,85,SEM LICENSA C&A,MULTICOLOR TEXTIL LTDA.,01.18.00.7833A,TOP REGATA / 2026-2-8101,01,S-BLUSA / TOP,S,CEYN,CEYN - FEIRA SUMMER II 2026 (PROD CS) INCLUSÃO NEGOCIADO,50,A DEFINIR,10,16,149,0,0,0,0,25/08/2026,9/14/2026,902,PCP/TINTURARIA/CORTE/COSTURA/EXPEDIÇÃO,06,,TINTURARIA,0,PC,LIBERADO PARA PRODUÇÂO,C&A MODAS S.A.,SII26,,061704,05461,10/01/2027,2702,01 - SEM 02 - 2027,(47) 3534-4078,0,,,0030,C&A MODAS,13/10/2026,117,-1,21,149,,,0,0,0,0,0,2702,013,T59A - FIFTEEN MP,11,MASCULINO,N,N,SSNN,0,,B32,0,0,T06,TOP REGATA (TOP),,EST. FRENTE E COSTAS - 1 COR CADA,21,10/01/2027,3,0,AGROLANDIA,AV EDUARDO WILL,500,SAO JOAO,MULTICOLOR,14,13/08/2026,11/22/2026,,1,,,2641,0,,0,80.666.324/0001-00,
077887,1,05157,445,MULTICOLOR TEXTIL LTDA.,0,01 - SEM 02 - 2027,3,07/08,9 lcc,0,OP PRODUÇÃO,0,000,CLASSIFICAR MODELO/FAMILIA,,,04,TINTURARIA,TIN,TIN - TINTURARIA,,,Lib corte,,00/01/1900,00/01/1900,85,SEM LICENSA C&A,MULTICOLOR TEXTIL LTDA.,01.18.00.7833A,TOP REGATA / 2026-2-8101,01,S-BLUSA / TOP,S,CEYN,CEYN - FEIRA SUMMER II 2026 (PROD CS) INCLUSÃO NEGOCIADO,50,A DEFINIR,12,17,448,0,0,0,0,25/08/2026,9/14/2026,902,PCP/TINTURARIA/CORTE/COSTURA/EXPEDIÇÃO,06,,TINTURARIA,0,PC,LIBERADO PARA PRODUÇÂO,C&A MODAS S.A.,SII26,,061704,05461,1/10/2027,2702,01 - SEM 02 - 2027,(47) 3534-4078,0,,,0030,C&A MODAS,10/13/2026,117,-1,21,448,,,0,0,0,0,0,2702,013,T59A - FIFTEEN MP,11,MASCULINO,N,N,SSNN,0,,B32,0,0,T06,TOP REGATA (TOP),,EST. FRENTE E COSTAS - 1 COR CADA,21,10/01/2027,3,0,AGROLANDIA,AV EDUARDO WILL,500,SAO JOAO,MULTICOLOR,14,13/08/2026,11/22/2026,,1,,,2641,0,,0,80.666.324/0001-00,
077887,1,05157,445,MULTICOLOR TEXTIL LTDA.,0,01 - SEM 02 - 2027,3,07/08,9 lcc,0,OP PRODUÇÃO,0,000,CLASSIFICAR MODELO/FAMILIA,,,04,TINTURARIA,TIN,TIN - TINTURARIA,,,Lib corte,,00/01/1900,00/01/1900,85,SEM LICENSA C&A,MULTICOLOR TEXTIL LTDA.,01.18.00.7833A,TOP REGATA / 2026-2-8101,01,S-BLUSA / TOP,S,CEYN,CEYN - FEIRA SUMMER II 2026 (PROD CS) INCLUSÃO NEGOCIADO,50,A DEFINIR,14,18,448,0,0,0,0,25/08/2026,9/14/2026,902,PCP/TINTURARIA/CORTE/COSTURA/EXPEDIÇÃO,06,,TINTURARIA,0,PC,LIBERADO PARA PRODUÇÂO,C&A MODAS S.A.,SII26,,061704,05461,10/01/2027,2702,01 - SEM 02 - 2027,(47) 3534-4078,0,,,0030,C&A MODAS,13/10/2026,117,-1,21,448,,,0,0,0,0,0,2702,013,T59A - FIFTEEN MP,11,MASCULINO,N,N,SSNN,0,,B32,0,0,T06,TOP REGATA (TOP),,EST. FRENTE E COSTAS - 1 COR CADA,21,10/01/2027,3,0,AGROLANDIA,AV EDUARDO WILL,500,SAO JOAO,MULTICOLOR,14,13/08/2026,11/22/2026,,1,,,2641,0,,0,80.666.324/0001-00,
077887,1,05157,445,MULTICOLOR TEXTIL LTDA.,0,01 - SEM 02 - 2027,3,07/08,9 lcc,0,OP PRODUÇÃO,0,000,CLASSIFICAR MODELO/FAMILIA,,,04,TINTURARIA,TIN,TIN - TINTURARIA,,,Lib corte,,00/01/1900,00/01/1900,85,SEM LICENSA C&A,MULTICOLOR TEXTIL LTDA.,01.18.00.7833A,TOP REGATA / 2026-2-8101,01,S-BLUSA / TOP,S,CEYN,CEYN - FEIRA SUMMER II 2026 (PROD CS) INCLUSÃO NEGOCIADO,50,A DEFINIR,16,19,299,0,0,0,0,25/08/2026,9/14/2026,902,PCP/TINTURARIA/CORTE/COSTURA/EXPEDIÇÃO,06,,TINTURARIA,0,PC,LIBERADO PARA PRODUÇÂO,C&A MODAS S.A.,SII26,,061704,05461,1/10/2027,2702,01 - SEM 02 - 2027,(47) 3534-4078,0,,,0030,C&A MODAS,10/13/2026,117,-1,21,299,,,0,0,0,0,0,2702,013,T59A - FIFTEEN MP,11,MASCULINO,N,N,SSNN,0,,B32,0,0,T06,TOP REGATA (TOP),,EST. FRENTE E COSTAS - 1 COR CADA,21,10/01/2027,3,0,AGROLANDIA,AV EDUARDO WILL,500,SAO JOAO,MULTICOLOR,14,13/08/2026,11/22/2026,,1,,,2641,0,,0,80.666.324/0001-00,
077890,1,05157,445,MULTICOLOR TEXTIL LTDA.,0,11 - SEM 46 - 2026,3,03/03,9 lcc,2,OP PROJEÇÃO,0,T200,TOP FEM MC BASICO,A,7 SEMANAS LEAD TIME DE PRODUÇÃO,04,TINTURARIA,TIN,TIN - TINTURARIA,,,Lib corte,,03/01/2027,00/01/1900,86,DISNEY C&A,MULTICOLOR TEXTIL LTDA.,01.13.01.3220,TOP CURTO / 2026-2-2881,01,S-BLUSA / TOP,S,CEAR,CEAR - FEIRA SUMMER II 2026 (PROD AS BS) REPEATS,000478,ROSA CLARO,1,10,120,0,0,0,0,03/09/2026,9/23/2026,902,PCP/TINTURARIA/CORTE/COSTURA/EXPEDIÇÃO,06,GRADE: TAM 1/3/4 - 1X 2X 2X -- TAM 2/5 - 2X 2X,TINTURARIA,0,PC,LIBERADO PARA PRODUÇÂO,C&A MODAS S.A.,92281,92281,061587,05461,10/11/2026,2646,11 - SEM 46 - 2026,(47) 3534-4078,0,,,0030,C&A MODAS,10/6/2026,26,8,12,120,,,0,0,100,0,0,2646,005,T58A - BBA,30,SORTER,N,N,SSNN,"8,3078",,B20,0,0,T00,TOP CURTO (TOP),REFAZENDO PP SAMPLE - ALTERAÇÃO LICENCIADOR,10 cores,"14,5",11/10/2026,2,0,AGROLANDIA,AV EDUARDO WILL,500,SAO JOAO,MULTICOLOR,14,20/08/2026,11/15/2026,,1,,,,0,T14A,0,80.666.324/0001-00,
077890,1,05157,445,MULTICOLOR TEXTIL LTDA.,0,11 - SEM 46 - 2026,3,03/03,9 lcc,2,OP PROJEÇÃO,0,T200,TOP FEM MC BASICO,A,7 SEMANAS LEAD TIME DE PRODUÇÃO,04,TINTURARIA,TIN,TIN - TINTURARIA,,,Lib corte,,03/01/2027,00/01/1900,86,DISNEY C&A,MULTICOLOR TEXTIL LTDA.,01.13.01.3220,TOP CURTO / 2026-2-2881,01,S-BLUSA / TOP,S,CEAR,CEAR - FEIRA SUMMER II 2026 (PROD AS BS) REPEATS,000478,ROSA CLARO,2,11,210,0,0,0,0,03/09/2026,9/23/2026,902,PCP/TINTURARIA/CORTE/COSTURA/EXPEDIÇÃO,06,GRADE: TAM 1/3/4 - 1X 2X 2X -- TAM 2/5 - 2X 2X,TINTURARIA,0,PC,LIBERADO PARA PRODUÇÂO,C&A MODAS S.A.,92281,92281,061587,05461,10/11/2026,2646,11 - SEM 46 - 2026,(47) 3534-4078,0,,,0030,C&A MODAS,10/6/2026,26,8,12,210,,,0,0,100,0,0,2646,005,T58A - BBA,30,SORTER,N,N,SSNN,"8,3078",,B20,0,0,T00,TOP CURTO (TOP),REFAZENDO PP SAMPLE - ALTERAÇÃO LICENCIADOR,10 cores,"14,5",11/10/2026,2,0,AGROLANDIA,AV EDUARDO WILL,500,SAO JOAO,MULTICOLOR,14,20/08/2026,11/15/2026,,1,,,,0,T14A,0,80.666.324/0001-00,
077890,1,05157,445,MULTICOLOR TEXTIL LTDA.,0,11 - SEM 46 - 2026,3,03/03,9 lcc,2,OP PROJEÇÃO,0,T200,TOP FEM MC BASICO,A,7 SEMANAS LEAD TIME DE PRODUÇÃO,04,TINTURARIA,TIN,TIN - TINTURARIA,,,Lib corte,,03/01/2027,00/01/1900,86,DISNEY C&A,MULTICOLOR TEXTIL LTDA.,01.13.01.3220,TOP CURTO / 2026-2-2881,01,S-BLUSA / TOP,S,CEAR,CEAR - FEIRA SUMMER II 2026 (PROD AS BS) REPEATS,000478,ROSA CLARO,3,12,238,0,0,0,0,03/09/2026,9/23/2026,902,PCP/TINTURARIA/CORTE/COSTURA/EXPEDIÇÃO,06,GRADE: TAM 1/3/4 - 1X 2X 2X -- TAM 2/5 - 2X 2X,TINTURARIA,0,PC,LIBERADO PARA PRODUÇÂO,C&A MODAS S.A.,92281,92281,061587,05461,10/11/2026,2646,11 - SEM 46 - 2026,(47) 3534-4078,0,,,0030,C&A MODAS,10/6/2026,26,8,12,238,,,0,0,100,0,0,2646,005,T58A - BBA,30,SORTER,N,N,SSNN,"8,3078",,B20,0,0,T00,TOP CURTO (TOP),REFAZENDO PP SAMPLE - ALTERAÇÃO LICENCIADOR,10 cores,"14,5",11/10/2026,2,0,AGROLANDIA,AV EDUARDO WILL,500,SAO JOAO,MULTICOLOR,14,20/08/2026,11/15/2026,,1,,,,0,T14A,0,80.666.324/0001-00,
077890,1,05157,445,MULTICOLOR TEXTIL LTDA.,0,11 - SEM 46 - 2026,3,03/03,9 lcc,2,OP PROJEÇÃO,0,T200,TOP FEM MC BASICO,A,7 SEMANAS LEAD TIME DE PRODUÇÃO,04,TINTURARIA,TIN,TIN - TINTURARIA,,,Lib corte,,03/01/2027,00/01/1900,86,DISNEY C&A,MULTICOLOR TEXTIL LTDA.,01.13.01.3220,TOP CURTO / 2026-2-2881,01,S-BLUSA / TOP,S,CEAR,CEAR - FEIRA SUMMER II 2026 (PROD AS BS) REPEATS,000478,ROSA CLARO,4,13,238,0,0,0,0,03/09/2026,9/23/2026,902,PCP/TINTURARIA/CORTE/COSTURA/EXPEDIÇÃO,06,GRADE: TAM 1/3/4 - 1X 2X 2X -- TAM 2/5 - 2X 2X,TINTURARIA,0,PC,LIBERADO PARA PRODUÇÂO,C&A MODAS S.A.,92281,92281,061587,05461,10/11/2026,2646,11 - SEM 46 - 2026,(47) 3534-4078,0,,,0030,C&A MODAS,10/6/2026,26,8,12,238,,,0,0,100,0,0,2646,005,T58A - BBA,30,SORTER,N,N,SSNN,"8,3078",,B20,0,0,T00,TOP CURTO (TOP),REFAZENDO PP SAMPLE - ALTERAÇÃO LICENCIADOR,10 cores,"14,5",11/10/2026,2,0,AGROLANDIA,AV EDUARDO WILL,500,SAO JOAO,MULTICOLOR,14,20/08/2026,11/15/2026,,1,,,,0,T14A,0,80.666.324/0001-00,
077890,1,05157,445,MULTICOLOR TEXTIL LTDA.,0,11 - SEM 46 - 2026,3,03/03,9 lcc,2,OP PROJEÇÃO,0,T200,TOP FEM MC BASICO,A,7 SEMANAS LEAD TIME DE PRODUÇÃO,04,TINTURARIA,TIN,TIN - TINTURARIA,,,Lib corte,,03/01/2027,00/01/1900,86,DISNEY C&A,MULTICOLOR TEXTIL LTDA.,01.13.01.3220,TOP CURTO / 2026-2-2881,01,S-BLUSA / TOP,S,CEAR,CEAR - FEIRA SUMMER II 2026 (PROD AS BS) REPEATS,000478,ROSA CLARO,5,58,224,0,0,0,0,03/09/2026,9/23/2026,902,PCP/TINTURARIA/CORTE/COSTURA/EXPEDIÇÃO,06,GRADE: TAM 1/3/4 - 1X 2X 2X -- TAM 2/5 - 2X 2X,TINTURARIA,0,PC,LIBERADO PARA PRODUÇÂO,C&A MODAS S.A.,92281,92281,061587,05461,10/11/2026,2646,11 - SEM 46 - 2026,(47) 3534-4078,0,,,0030,C&A MODAS,10/6/2026,26,8,12,224,,,0,0,100,0,0,2646,005,T58A - BBA,30,SORTER,N,N,SSNN,"8,3078",,B20,0,0,T00,TOP CURTO (TOP),REFAZENDO PP SAMPLE - ALTERAÇÃO LICENCIADOR,10 cores,"14,5",11/10/2026,2,0,AGROLANDIA,AV EDUARDO WILL,500,SAO JOAO,MULTICOLOR,14,20/08/2026,11/15/2026,,1,,,,0,T14A,0,80.666.324/0001-00,
077940,1,05157,445,MULTICOLOR TEXTIL LTDA.,0,11 - SEM 47 - 2026,3,,9 lcc,0,OP PRODUÇÃO,0,000,CLASSIFICAR MODELO/FAMILIA,,,04,TINTURARIA,TIN,TIN - TINTURARIA,,,Lib corte,,05/09/2027,00/01/1900,85,SEM LICENSA C&A,MULTICOLOR TEXTIL LTDA.,01.14.00.7267Q1,SHORTS / 2025-2-12525,02,I-SHORTS / BOTTON,S,CWA,CWA - C&A FEIRA WINTER I 2026 (AS E BS),05,AZUL,1,10,185,0,0,0,0,02/09/2026,9/22/2026,902,PCP/TINTURARIA/CORTE/COSTURA/EXPEDIÇÃO,06,,TINTURARIA,0,PC,LIBERADO PARA PRODUÇÂO,C&A MODAS S.A.,111403,111403,061963,05461,11/22/2026,2647,11 - SEM 47 - 2026,(47) 3534-4078,0,,,0030,C&A MODAS,9/29/2026,68,7,13,185,,,0,0,0,0,0,2647,003,T52A - BBO,30,SORTER,N,N,SSNN,0,,,0,0,B00,SHORTS (BOTTON),,,"24,7",22/11/2026,1,0,AGROLANDIA,AV EDUARDO WILL,500,SAO JOAO,MULTICOLOR,14,27/08/2026,11/8/2026,,1,,,2642,0,,0,80.666.324/0001-00,
077940,1,05157,445,MULTICOLOR TEXTIL LTDA.,0,11 - SEM 47 - 2026,3,,9 lcc,0,OP PRODUÇÃO,0,000,CLASSIFICAR MODELO/FAMILIA,,,04,TINTURARIA,TIN,TIN - TINTURARIA,,,Lib corte,,05/09/2027,00/01/1900,85,SEM LICENSA C&A,MULTICOLOR TEXTIL LTDA.,01.14.00.7267Q1,SHORTS / 2025-2-12525,02,I-SHORTS / BOTTON,S,CWA,CWA - C&A FEIRA WINTER I 2026 (AS E BS),05,AZUL,2,11,360,0,0,0,0,02/09/2026,9/22/2026,902,PCP/TINTURARIA/CORTE/COSTURA/EXPEDIÇÃO,06,,TINTURARIA,0,PC,LIBERADO PARA PRODUÇÂO,C&A MODAS S.A.,111403,111403,061963,05461,11/22/2026,2647,11 - SEM 47 - 2026,(47) 3534-4078,0,,,0030,C&A MODAS,9/29/2026,68,7,13,360,,,0,0,0,0,0,2647,003,T52A - BBO,30,SORTER,N,N,SSNN,0,,,0,0,B00,SHORTS (BOTTON),,,"24,7",22/11/2026,1,0,AGROLANDIA,AV EDUARDO WILL,500,SAO JOAO,MULTICOLOR,14,27/08/2026,11/8/2026,,1,,,2642,0,,0,80.666.324/0001-00,
077940,1,05157,445,MULTICOLOR TEXTIL LTDA.,0,11 - SEM 47 - 2026,3,,9 lcc,0,OP PRODUÇÃO,0,000,CLASSIFICAR MODELO/FAMILIA,,,04,TINTURARIA,TIN,TIN - TINTURARIA,,,Lib corte,,05/09/2027,00/01/1900,85,SEM LICENSA C&A,MULTICOLOR TEXTIL LTDA.,01.14.00.7267Q1,SHORTS / 2025-2-12525,02,I-SHORTS / BOTTON,S,CWA,CWA - C&A FEIRA WINTER I 2026 (AS E BS),05,AZUL,3,12,381,0,0,0,0,02/09/2026,9/22/2026,902,PCP/TINTURARIA/CORTE/COSTURA/EXPEDIÇÃO,06,,TINTURARIA,0,PC,LIBERADO PARA PRODUÇÂO,C&A MODAS S.A.,111403,111403,061963,05461,22/11/2026,2647,11 - SEM 47 - 2026,(47) 3534-4078,0,,,0030,C&A MODAS,29/09/2026,68,7,13,381,,,0,0,0,0,0,2647,003,T52A - BBO,30,SORTER,N,N,SSNN,0,,,0,0,B00,SHORTS (BOTTON),,,"24,7",22/11/2026,1,0,AGROLANDIA,AV EDUARDO WILL,500,SAO JOAO,MULTICOLOR,14,27/08/2026,11/8/2026,,1,,,2642,0,,0,80.666.324/0001-00,
077940,1,05157,445,MULTICOLOR TEXTIL LTDA.,0,11 - SEM 47 - 2026,3,,9 lcc,0,OP PRODUÇÃO,0,000,CLASSIFICAR MODELO/FAMILIA,,,04,TINTURARIA,TIN,TIN - TINTURARIA,,,Lib corte,,05/09/2027,00/01/1900,85,SEM LICENSA C&A,MULTICOLOR TEXTIL LTDA.,01.14.00.7267Q1,SHORTS / 2025-2-12525,02,I-SHORTS / BOTTON,S,CWA,CWA - C&A FEIRA WINTER I 2026 (AS E BS),05,AZUL,4,13,340,0,0,0,0,02/09/2026,9/22/2026,902,PCP/TINTURARIA/CORTE/COSTURA/EXPEDIÇÃO,06,,TINTURARIA,0,PC,LIBERADO PARA PRODUÇÂO,C&A MODAS S.A.,111403,111403,061963,05461,11/22/2026,2647,11 - SEM 47 - 2026,(47) 3534-4078,0,,,0030,C&A MODAS,9/29/2026,68,7,13,340,,,0,0,0,0,0,2647,003,T52A - BBO,30,SORTER,N,N,SSNN,0,,,0,0,B00,SHORTS (BOTTON),,,"24,7",22/11/2026,1,0,AGROLANDIA,AV EDUARDO WILL,500,SAO JOAO,MULTICOLOR,14,27/08/2026,11/8/2026,,1,,,2642,0,,0,80.666.324/0001-00,
077940,1,05157,445,MULTICOLOR TEXTIL LTDA.,0,11 - SEM 47 - 2026,3,,9 lcc,0,OP PRODUÇÃO,0,000,CLASSIFICAR MODELO/FAMILIA,,,04,TINTURARIA,TIN,TIN - TINTURARIA,,,Lib corte,,05/09/2027,00/01/1900,85,SEM LICENSA C&A,MULTICOLOR TEXTIL LTDA.,01.14.00.7267Q1,SHORTS / 2025-2-12525,02,I-SHORTS / BOTTON,S,CWA,CWA - C&A FEIRA WINTER I 2026 (AS E BS),05,AZUL,5,58,278,0,0,0,0,02/09/2026,9/22/2026,902,PCP/TINTURARIA/CORTE/COSTURA/EXPEDIÇÃO,06,,TINTURARIA,0,PC,LIBERADO PARA PRODUÇÂO,C&A MODAS S.A.,111403,111403,061963,05461,11/22/2026,2647,11 - SEM 47 - 2026,(47) 3534-4078,0,,,0030,C&A MODAS,9/29/2026,68,7,13,278,,,0,0,0,0,0,2647,003,T52A - BBO,30,SORTER,N,N,SSNN,0,,,0,0,B00,SHORTS (BOTTON),,,"24,7",22/11/2026,1,0,AGROLANDIA,AV EDUARDO WILL,500,SAO JOAO,MULTICOLOR,14,27/08/2026,11/8/2026,,1,,,2642,0,,0,80.666.324/0001-00,
077941,1,05157,445,MULTICOLOR TEXTIL LTDA.,0,11 - SEM 46 - 2026,3,,9 lcc,0,OP PRODUÇÃO,0,000,CLASSIFICAR MODELO/FAMILIA,,,04,TINTURARIA,TIN,TIN - TINTURARIA,,,Lib corte,,05/09/2027,00/01/1900,85,SEM LICENSA C&A,MULTICOLOR TEXTIL LTDA.,01.14.00.7267M1,SHORTS / 2025-2-12525,02,I-SHORTS / BOTTON,S,CWA,CWA - C&A FEIRA WINTER I 2026 (AS E BS),1419,MARROM ESCURO,1,10,206,0,0,0,0,02/09/2026,9/22/2026,902,PCP/TINTURARIA/CORTE/COSTURA/EXPEDIÇÃO,06,,TINTURARIA,0,PC,LIBERADO PARA PRODUÇÂO,C&A MODAS S.A.,111408,111408,061965,05461,11/15/2026,2646,11 - SEM 46 - 2026,(47) 3534-4078,0,,,0030,C&A MODAS,10/6/2026,61,7,13,206,,,0,0,0,0,0,2646,003,T52A - BBO,30,SORTER,N,N,SSNN,0,,,0,0,B00,SHORTS (BOTTON),,,"24,7",15/11/2026,1,0,AGROLANDIA,AV EDUARDO WILL,500,SAO JOAO,MULTICOLOR,14,01/09/2026,11/15/2026,,1,,,2642,0,,0,80.666.324/0001-00,
077941,1,05157,445,MULTICOLOR TEXTIL LTDA.,0,11 - SEM 46 - 2026,3,,9 lcc,0,OP PRODUÇÃO,0,000,CLASSIFICAR MODELO/FAMILIA,,,04,TINTURARIA,TIN,TIN - TINTURARIA,,,Lib corte,,05/09/2027,00/01/1900,85,SEM LICENSA C&A,MULTICOLOR TEXTIL LTDA.,01.14.00.7267M1,SHORTS / 2025-2-12525,02,I-SHORTS / BOTTON,S,CWA,CWA - C&A FEIRA WINTER I 2026 (AS E BS),1419,MARROM ESCURO,2,11,381,0,0,0,0,02/09/2026,9/22/2026,902,PCP/TINTURARIA/CORTE/COSTURA/EXPEDIÇÃO,06,,TINTURARIA,0,PC,LIBERADO PARA PRODUÇÂO,C&A MODAS S.A.,111408,111408,061965,05461,11/15/2026,2646,11 - SEM 46 - 2026,(47) 3534-4078,0,,,0030,C&A MODAS,10/6/2026,61,7,13,381,,,0,0,0,0,0,2646,003,T52A - BBO,30,SORTER,N,N,SSNN,0,,,0,0,B00,SHORTS (BOTTON),,,"24,7",15/11/2026,1,0,AGROLANDIA,AV EDUARDO WILL,500,SAO JOAO,MULTICOLOR,14,01/09/2026,11/15/2026,,1,,,2642,0,,0,80.666.324/0001-00,
077941,1,05157,445,MULTICOLOR TEXTIL LTDA.,0,11 - SEM 46 - 2026,3,,9 lcc,0,OP PRODUÇÃO,0,000,CLASSIFICAR MODELO/FAMILIA,,,04,TINTURARIA,TIN,TIN - TINTURARIA,,,Lib corte,,05/09/2027,00/01/1900,85,SEM LICENSA C&A,MULTICOLOR TEXTIL LTDA.,01.14.00.7267M1,SHORTS / 2025-2-12525,02,I-SHORTS / BOTTON,S,CWA,CWA - C&A FEIRA WINTER I 2026 (AS E BS),1419,MARROM ESCURO,3,12,381,0,0,0,0,02/09/2026,9/22/2026,902,PCP/TINTURARIA/CORTE/COSTURA/EXPEDIÇÃO,06,,TINTURARIA,0,PC,LIBERADO PARA PRODUÇÂO,C&A MODAS S.A.,111408,111408,061965,05461,11/15/2026,2646,11 - SEM 46 - 2026,(47) 3534-4078,0,,,0030,C&A MODAS,10/6/2026,61,7,13,381,,,0,0,0,0,0,2646,003,T52A - BBO,30,SORTER,N,N,SSNN,0,,,0,0,B00,SHORTS (BOTTON),,,"24,7",15/11/2026,1,0,AGROLANDIA,AV EDUARDO WILL,500,SAO JOAO,MULTICOLOR,14,01/09/2026,11/15/2026,,1,,,2642,0,,0,80.666.324/0001-00,
077941,1,05157,445,MULTICOLOR TEXTIL LTDA.,0,11 - SEM 46 - 2026,3,,9 lcc,0,OP PRODUÇÃO,0,000,CLASSIFICAR MODELO/FAMILIA,,,04,TINTURARIA,TIN,TIN - TINTURARIA,,,Lib corte,,05/09/2027,00/01/1900,85,SEM LICENSA C&A,MULTICOLOR TEXTIL LTDA.,01.14.00.7267M1,SHORTS / 2025-2-12525,02,I-SHORTS / BOTTON,S,CWA,CWA - C&A FEIRA WINTER I 2026 (AS E BS),1419,MARROM ESCURO,4,13,309,0,0,0,0,02/09/2026,9/22/2026,902,PCP/TINTURARIA/CORTE/COSTURA/EXPEDIÇÃO,06,,TINTURARIA,0,PC,LIBERADO PARA PRODUÇÂO,C&A MODAS S.A.,111408,111408,061965,05461,15/11/2026,2646,11 - SEM 46 - 2026,(47) 3534-4078,0,,,0030,C&A MODAS,06/10/2026,61,7,13,309,,,0,0,0,0,0,2646,003,T52A - BBO,30,SORTER,N,N,SSNN,0,,,0,0,B00,SHORTS (BOTTON),,,"24,7",15/11/2026,1,0,AGROLANDIA,AV EDUARDO WILL,500,SAO JOAO,MULTICOLOR,14,01/09/2026,11/15/2026,,1,,,2642,0,,0,80.666.324/0001-00,
077941,1,05157,445,MULTICOLOR TEXTIL LTDA.,0,11 - SEM 46 - 2026,3,,9 lcc,0,OP PRODUÇÃO,0,000,CLASSIFICAR MODELO/FAMILIA,,,04,TINTURARIA,TIN,TIN - TINTURARIA,,,Lib corte,,05/09/2027,00/01/1900,85,SEM LICENSA C&A,MULTICOLOR TEXTIL LTDA.,01.14.00.7267M1,SHORTS / 2025-2-12525,02,I-SHORTS / BOTTON,S,CWA,CWA - C&A FEIRA WINTER I 2026 (AS E BS),1419,MARROM ESCURO,5,58,258,0,0,0,0,02/09/2026,9/22/2026,902,PCP/TINTURARIA/CORTE/COSTURA/EXPEDIÇÃO,06,,TINTURARIA,0,PC,LIBERADO PARA PRODUÇÂO,C&A MODAS S.A.,111408,111408,061965,05461,15/11/2026,2646,11 - SEM 46 - 2026,(47) 3534-4078,0,,,0030,C&A MODAS,06/10/2026,61,7,13,258,,,0,0,0,0,0,2646,003,T52A - BBO,30,SORTER,N,N,SSNN,0,,,0,0,B00,SHORTS (BOTTON),,,"24,7",15/11/2026,1,0,AGROLANDIA,AV EDUARDO WILL,500,SAO JOAO,MULTICOLOR,14,01/09/2026,11/15/2026,,1,,,2642,0,,0,80.666.324/0001-00,
077980,1,05157,445,MULTICOLOR TEXTIL LTDA.,0,11 - SEM 47 - 2026,3,,9 lcc,0,OP PRODUÇÃO,0,T200,TOP FEM MC BASICO,A,7 SEMANAS LEAD TIME DE PRODUÇÃO,04,TINTURARIA,TIN,TIN - TINTURARIA,,,Lib corte,,12/09/2027,00/01/1900,83,UNIVERSAL C&A,MULTICOLOR TEXTIL LTDA.,01.13.08.0209,TOP CURTO / 2025-2-3000,01,S-BLUSA / TOP,S,CVIN,CVIN - FEIRA SUMMER I 2026 (PROD. AS BS) INCLUSÃO NEGOCIADO,000478,ROSA CLARO,1,10,21,0,0,0,0,21/08/2026,9/10/2026,902,PCP/TINTURARIA/CORTE/COSTURA/EXPEDIÇÃO,06,,TINTURARIA,0,PC,LIBERADO PARA PRODUÇÂO,C&A MODAS S.A.,111508,111508,061933,05461,22/11/2026,2647,11 - SEM 47 - 2026,(47) 3534-4078,0,,,0030,C&A MODAS,13/10/2026,68,-5,25,21,,,0,0,100,0,0,2647,005,T58A - BBA,30,SORTER,N,N,SSNN,"9,3481",,B15 (ASQ4),0,0,T00,TOP CURTO (TOP),PP SAMPLE ENVIADA 13/05,9 CORES + 1 GLITTER,"14,85",22/11/2026,2,0,AGROLANDIA,AV EDUARDO WILL,500,SAO JOAO,MULTICOLOR,14,20/08/2026,11/22/2026,,1,,,2642,0,,0,80.666.324/0001-00,
077980,1,05157,445,MULTICOLOR TEXTIL LTDA.,0,11 - SEM 47 - 2026,3,,9 lcc,0,OP PRODUÇÃO,0,T200,TOP FEM MC BASICO,A,7 SEMANAS LEAD TIME DE PRODUÇÃO,04,TINTURARIA,TIN,TIN - TINTURARIA,,,Lib corte,,12/09/2027,00/01/1900,83,UNIVERSAL C&A,MULTICOLOR TEXTIL LTDA.,01.13.08.0209,TOP CURTO / 2025-2-3000,01,S-BLUSA / TOP,S,CVIN,CVIN - FEIRA SUMMER I 2026 (PROD. AS BS) INCLUSÃO NEGOCIADO,000478,ROSA CLARO,2,11,82,0,0,0,0,21/08/2026,9/10/2026,902,PCP/TINTURARIA/CORTE/COSTURA/EXPEDIÇÃO,06,,TINTURARIA,0,PC,LIBERADO PARA PRODUÇÂO,C&A MODAS S.A.,111508,111508,061933,05461,22/11/2026,2647,11 - SEM 47 - 2026,(47) 3534-4078,0,,,0030,C&A MODAS,13/10/2026,68,-5,25,82,,,0,0,100,0,0,2647,005,T58A - BBA,30,SORTER,N,N,SSNN,"9,3481",,B15 (ASQ4),0,0,T00,TOP CURTO (TOP),PP SAMPLE ENVIADA 13/05,9 CORES + 1 GLITTER,"14,85",22/11/2026,2,0,AGROLANDIA,AV EDUARDO WILL,500,SAO JOAO,MULTICOLOR,14,20/08/2026,11/22/2026,,1,,,2642,0,,0,80.666.324/0001-00,
077980,1,05157,445,MULTICOLOR TEXTIL LTDA.,0,11 - SEM 47 - 2026,3,,9 lcc,0,OP PRODUÇÃO,0,T200,TOP FEM MC BASICO,A,7 SEMANAS LEAD TIME DE PRODUÇÃO,04,TINTURARIA,TIN,TIN - TINTURARIA,,,Lib corte,,12/09/2027,00/01/1900,83,UNIVERSAL C&A,MULTICOLOR TEXTIL LTDA.,01.13.08.0209,TOP CURTO / 2025-2-3000,01,S-BLUSA / TOP,S,CVIN,CVIN - FEIRA SUMMER I 2026 (PROD. AS BS) INCLUSÃO NEGOCIADO,000478,ROSA CLARO,3,12,175,0,0,0,0,21/08/2026,9/10/2026,902,PCP/TINTURARIA/CORTE/COSTURA/EXPEDIÇÃO,06,,TINTURARIA,0,PC,LIBERADO PARA PRODUÇÂO,C&A MODAS S.A.,111508,111508,061933,05461,22/11/2026,2647,11 - SEM 47 - 2026,(47) 3534-4078,0,,,0030,C&A MODAS,13/10/2026,68,-5,25,175,,,0,0,100,0,0,2647,005,T58A - BBA,30,SORTER,N,N,SSNN,"9,3481",,B15 (ASQ4),0,0,T00,TOP CURTO (TOP),PP SAMPLE ENVIADA 13/05,9 CORES + 1 GLITTER,"14,85",22/11/2026,2,0,AGROLANDIA,AV EDUARDO WILL,500,SAO JOAO,MULTICOLOR,14,20/08/2026,11/22/2026,,1,,,2642,0,,0,80.666.324/0001-00,
077980,1,05157,445,MULTICOLOR TEXTIL LTDA.,0,11 - SEM 47 - 2026,3,,9 lcc,0,OP PRODUÇÃO,0,T200,TOP FEM MC BASICO,A,7 SEMANAS LEAD TIME DE PRODUÇÃO,04,TINTURARIA,TIN,TIN - TINTURARIA,,,Lib corte,,12/09/2027,00/01/1900,83,UNIVERSAL C&A,MULTICOLOR TEXTIL LTDA.,01.13.08.0209,TOP CURTO / 2025-2-3000,01,S-BLUSA / TOP,S,CVIN,CVIN - FEIRA SUMMER I 2026 (PROD. AS BS) INCLUSÃO NEGOCIADO,000478,ROSA CLARO,4,13,258,0,0,0,0,21/08/2026,9/10/2026,902,PCP/TINTURARIA/CORTE/COSTURA/EXPEDIÇÃO,06,,TINTURARIA,0,PC,LIBERADO PARA PRODUÇÂO,C&A MODAS S.A.,111508,111508,061933,05461,22/11/2026,2647,11 - SEM 47 - 2026,(47) 3534-4078,0,,,0030,C&A MODAS,13/10/2026,68,-5,25,258,,,0,0,100,0,0,2647,005,T58A - BBA,30,SORTER,N,N,SSNN,"9,3481",,B15 (ASQ4),0,0,T00,TOP CURTO (TOP),PP SAMPLE ENVIADA 13/05,9 CORES + 1 GLITTER,"14,85",22/11/2026,2,0,AGROLANDIA,AV EDUARDO WILL,500,SAO JOAO,MULTICOLOR,14,20/08/2026,11/22/2026,,1,,,2642,0,,0,80.666.324/0001-00,
077980,1,05157,445,MULTICOLOR TEXTIL LTDA.,0,11 - SEM 47 - 2026,3,,9 lcc,0,OP PRODUÇÃO,0,T200,TOP FEM MC BASICO,A,7 SEMANAS LEAD TIME DE PRODUÇÃO,04,TINTURARIA,TIN,TIN - TINTURARIA,,,Lib corte,,12/09/2027,00/01/1900,83,UNIVERSAL C&A,MULTICOLOR TEXTIL LTDA.,01.13.08.0209,TOP CURTO / 2025-2-3000,01,S-BLUSA / TOP,S,CVIN,CVIN - FEIRA SUMMER I 2026 (PROD. AS BS) INCLUSÃO NEGOCIADO,000478,ROSA CLARO,5,58,319,0,0,0,0,21/08/2026,9/10/2026,902,PCP/TINTURARIA/CORTE/COSTURA/EXPEDIÇÃO,06,,TINTURARIA,0,PC,LIBERADO PARA PRODUÇÂO,C&A MODAS S.A.,111508,111508,061933,05461,22/11/2026,2647,11 - SEM 47 - 2026,(47) 3534-4078,0,,,0030,C&A MODAS,13/10/2026,68,-5,25,319,,,0,0,100,0,0,2647,005,T58A - BBA,30,SORTER,N,N,SSNN,"9,3481",,B15 (ASQ4),0,0,T00,TOP CURTO (TOP),PP SAMPLE ENVIADA 13/05,9 CORES + 1 GLITTER,"14,85",22/11/2026,2,0,AGROLANDIA,AV EDUARDO WILL,500,SAO JOAO,MULTICOLOR,14,20/08/2026,11/22/2026,,1,,,2642,0,,0,80.666.324/0001-00,
077981,1,05157,445,MULTICOLOR TEXTIL LTDA.,0,11 - SEM 47 - 2026,3,18/02,9 lcc,0,OP PRODUÇÃO,0,T001,TOP MC BASICO,A,7 SEMANAS LEAD TIME DE PRODUÇÃO,04,TINTURARIA,TIN,TIN - TINTURARIA,,,Lib corte,,22/11/2026,00/01/1900,85,SEM LICENSA C&A,MULTICOLOR TEXTIL LTDA.,01.16.00.7747,TOP CURTO / 2026-2-3099,01,S-BLUSA / TOP,S,CVAN,CVAN - FEIRA SUMMER I 2026 (PROD. AS BS) NEGOCIADO,000521,OFF WHITE,12,17,1071,0,0,0,0,25/08/2026,9/14/2026,902,PCP/TINTURARIA/CORTE/COSTURA/EXPEDIÇÃO,06,,TINTURARIA,0,PC,LIBERADO PARA PRODUÇÂO,C&A MODAS S.A.,111596,111596,061962,05461,22/11/2026,2647,11 - SEM 47 - 2026,(47) 3534-4078,0,,,0030,C&A MODAS,13/10/2026,68,-1,21,1071,,,0,0,100,0,0,2647,007,T54A - PALOMINO,30,SORTER,N,N,SSNN,"11,2797",,B08* (TSE),0,0,T00,TOP CURTO (TOP),,,"19,4",22/11/2026,2,0,AGROLANDIA,AV EDUARDO WILL,500,SAO JOAO,MULTICOLOR,14,20/08/2026,11/22/2026,,1,,,2642,0,,0,80.666.324/0001-00,
077989,1,05157,445,MULTICOLOR TEXTIL LTDA.,0,11 - SEM 46 - 2026,3,,9 lcc,2,OP PROJEÇÃO,0,000,CLASSIFICAR MODELO/FAMILIA,,,04,TINTURARIA,TIN,TIN - TINTURARIA,,,Lib corte,,02/05/2027,00/01/1900,86,DISNEY C&A,MULTICOLOR TEXTIL LTDA.,01.14.01.3106A,TOP CURTO / 2025-2-3973,01,S-BLUSA / TOP,S,CYAR,CYAR - C&A FEIRA WINTER II 2026 (AS E BS) - REPEATS INCLUSOS NEGOCIAÇÃO,1368,AZUL CLARO,1,10,104,0,0,0,0,14/09/2026,10/2/2026,902,PCP/TINTURARIA/CORTE/COSTURA/EXPEDIÇÃO,06,,TINTURARIA,0,PC,LIBERADO PARA PRODUÇÂO,C&A MODAS S.A.,104743,104743,061630,05461,15/11/2026,2646,11 - SEM 46 - 2026,(47) 3534-4078,0,,,0030,C&A MODAS,06/10/2026,61,17,1,104,,,0,0,100,0,0,2646,003,T52A - BBO,30,SORTER,N,N,SSNN,"8,2811",,A18 (ASQ4),0,0,T00,TOP CURTO (TOP),,15/04 - 5 cores,"12,38",15/11/2026,2,0,AGROLANDIA,AV EDUARDO WILL,500,SAO JOAO,MULTICOLOR,14,24/08/2026,11/15/2026,,1,,,2642,0,,0,80.666.324/0001-00,
077989,1,05157,445,MULTICOLOR TEXTIL LTDA.,0,11 - SEM 46 - 2026,3,,9 lcc,2,OP PROJEÇÃO,0,000,CLASSIFICAR MODELO/FAMILIA,,,04,TINTURARIA,TIN,TIN - TINTURARIA,,,Lib corte,,02/05/2027,00/01/1900,86,DISNEY C&A,MULTICOLOR TEXTIL LTDA.,01.14.01.3106A,TOP CURTO / 2025-2-3973,01,S-BLUSA / TOP,S,CYAR,CYAR - C&A FEIRA WINTER II 2026 (AS E BS) - REPEATS INCLUSOS NEGOCIAÇÃO,1368,AZUL CLARO,2,11,206,0,0,0,0,14/09/2026,10/2/2026,902,PCP/TINTURARIA/CORTE/COSTURA/EXPEDIÇÃO,06,,TINTURARIA,0,PC,LIBERADO PARA PRODUÇÂO,C&A MODAS S.A.,104743,104743,061630,05461,11/15/2026,2646,11 - SEM 46 - 2026,(47) 3534-4078,0,,,0030,C&A MODAS,10/6/2026,61,17,1,206,,,0,0,100,0,0,2646,003,T52A - BBO,30,SORTER,N,N,SSNN,"8,2811",,A18 (ASQ4),0,0,T00,TOP CURTO (TOP),,15/04 - 5 cores,"12,38",15/11/2026,2,0,AGROLANDIA,AV EDUARDO WILL,500,SAO JOAO,MULTICOLOR,14,24/08/2026,11/15/2026,,1,,,2642,0,,0,80.666.324/0001-00,
077989,1,05157,445,MULTICOLOR TEXTIL LTDA.,0,11 - SEM 46 - 2026,3,,9 lcc,2,OP PROJEÇÃO,0,000,CLASSIFICAR MODELO/FAMILIA,,,04,TINTURARIA,TIN,TIN - TINTURARIA,,,Lib corte,,02/05/2027,00/01/1900,86,DISNEY C&A,MULTICOLOR TEXTIL LTDA.,01.14.01.3106A,TOP CURTO / 2025-2-3973,01,S-BLUSA / TOP,S,CYAR,CYAR - C&A FEIRA WINTER II 2026 (AS E BS) - REPEATS INCLUSOS NEGOCIAÇÃO,1368,AZUL CLARO,3,12,310,0,0,0,0,14/09/2026,10/2/2026,902,PCP/TINTURARIA/CORTE/COSTURA/EXPEDIÇÃO,06,,TINTURARIA,0,PC,LIBERADO PARA PRODUÇÂO,C&A MODAS S.A.,104743,104743,061630,05461,11/15/2026,2646,11 - SEM 46 - 2026,(47) 3534-4078,0,,,0030,C&A MODAS,10/6/2026,61,17,1,310,,,0,0,100,0,0,2646,003,T52A - BBO,30,SORTER,N,N,SSNN,"8,2811",,A18 (ASQ4),0,0,T00,TOP CURTO (TOP),,15/04 - 5 cores,"12,38",15/11/2026,2,0,AGROLANDIA,AV EDUARDO WILL,500,SAO JOAO,MULTICOLOR,14,24/08/2026,11/15/2026,,1,,,2642,0,,0,80.666.324/0001-00,
077989,1,05157,445,MULTICOLOR TEXTIL LTDA.,0,11 - SEM 46 - 2026,3,,9 lcc,2,OP PROJEÇÃO,0,000,CLASSIFICAR MODELO/FAMILIA,,,04,TINTURARIA,TIN,TIN - TINTURARIA,,,Lib corte,,02/05/2027,00/01/1900,86,DISNEY C&A,MULTICOLOR TEXTIL LTDA.,01.14.01.3106A,TOP CURTO / 2025-2-3973,01,S-BLUSA / TOP,S,CYAR,CYAR - C&A FEIRA WINTER II 2026 (AS E BS) - REPEATS INCLUSOS NEGOCIAÇÃO,1368,AZUL CLARO,4,13,206,0,0,0,0,14/09/2026,10/2/2026,902,PCP/TINTURARIA/CORTE/COSTURA/EXPEDIÇÃO,06,,TINTURARIA,0,PC,LIBERADO PARA PRODUÇÂO,C&A MODAS S.A.,104743,104743,061630,05461,11/15/2026,2646,11 - SEM 46 - 2026,(47) 3534-4078,0,,,0030,C&A MODAS,10/6/2026,61,17,1,206,,,0,0,100,0,0,2646,003,T52A - BBO,30,SORTER,N,N,SSNN,"8,2811",,A18 (ASQ4),0,0,T00,TOP CURTO (TOP),,15/04 - 5 cores,"12,38",15/11/2026,2,0,AGROLANDIA,AV EDUARDO WILL,500,SAO JOAO,MULTICOLOR,14,24/08/2026,11/15/2026,,1,,,2642,0,,0,80.666.324/0001-00,
077989,1,05157,445,MULTICOLOR TEXTIL LTDA.,0,11 - SEM 46 - 2026,3,,9 lcc,2,OP PROJEÇÃO,0,000,CLASSIFICAR MODELO/FAMILIA,,,04,TINTURARIA,TIN,TIN - TINTURARIA,,,Lib corte,,02/05/2027,00/01/1900,86,DISNEY C&A,MULTICOLOR TEXTIL LTDA.,01.14.01.3106A,TOP CURTO / 2025-2-3973,01,S-BLUSA / TOP,S,CYAR,CYAR - C&A FEIRA WINTER II 2026 (AS E BS) - REPEATS INCLUSOS NEGOCIAÇÃO,1368,AZUL CLARO,5,58,206,0,0,0,0,14/09/2026,10/2/2026,902,PCP/TINTURARIA/CORTE/COSTURA/EXPEDIÇÃO,06,,TINTURARIA,0,PC,LIBERADO PARA PRODUÇÂO,C&A MODAS S.A.,104743,104743,061630,05461,11/15/2026,2646,11 - SEM 46 - 2026,(47) 3534-4078,0,,,0030,C&A MODAS,10/6/2026,61,17,1,206,,,0,0,100,0,0,2646,003,T52A - BBO,30,SORTER,N,N,SSNN,"8,2811",,A18 (ASQ4),0,0,T00,TOP CURTO (TOP),,15/04 - 5 cores,"12,38",15/11/2026,2,0,AGROLANDIA,AV EDUARDO WILL,500,SAO JOAO,MULTICOLOR,14,24/08/2026,11/15/2026,,1,,,2642,0,,0,80.666.324/0001-00,
077991,1,05157,445,MULTICOLOR TEXTIL LTDA.,0,10 - SEM 44 - 2026,3,30/04,9 lcc,2,OP PROJEÇÃO,0,T001,TOP MC BASICO,A,7 SEMANAS LEAD TIME DE PRODUÇÃO,04,TINTURARIA,TIN,TIN - TINTURARIA,,,Lib corte,,28/03/2027,00/01/1900,86,DISNEY C&A,MULTICOLOR TEXTIL LTDA.,01.14.01.3225,TOP CURTO / 2026-2-3555,01,S-BLUSA / TOP,S,CEAR,CEAR - FEIRA SUMMER II 2026 (PROD AS BS) REPEATS,C03,BEGE MEDIO,1,10,168,0,0,0,0,28/08/2026,9/17/2026,902,PCP/TINTURARIA/CORTE/COSTURA/EXPEDIÇÃO,06,,TINTURARIA,0,PC,LIBERADO PARA PRODUÇÂO,C&A MODAS S.A.,99000,99000,061632,05461,11/1/2026,2644,10 - SEM 44 - 2026,(47) 3534-4078,0,,,0030,C&A MODAS,9/22/2026,47,2,18,168,,,0,0,100,0,0,2644,003,T52A - BBO,30,SORTER,N,N,SSNN,0,Usar 1000 peças da OF 076778,B18,0,0,T00,TOP CURTO (TOP),PP SAMPLE ENVIADA 30/04,10 cores,"12,38",01/11/2026,2,0,AGROLANDIA,AV EDUARDO WILL,500,SAO JOAO,MULTICOLOR,14,28/08/2026,11/1/2026,,1,,,2642,0,,0,80.666.324/0001-00,
077991,1,05157,445,MULTICOLOR TEXTIL LTDA.,0,10 - SEM 44 - 2026,3,30/04,9 lcc,2,OP PROJEÇÃO,0,T001,TOP MC BASICO,A,7 SEMANAS LEAD TIME DE PRODUÇÃO,04,TINTURARIA,TIN,TIN - TINTURARIA,,,Lib corte,,28/03/2027,00/01/1900,86,DISNEY C&A,MULTICOLOR TEXTIL LTDA.,01.14.01.3225,TOP CURTO / 2026-2-3555,01,S-BLUSA / TOP,S,CEAR,CEAR - FEIRA SUMMER II 2026 (PROD AS BS) REPEATS,C03,BEGE MEDIO,2,11,646,0,0,0,0,28/08/2026,9/17/2026,902,PCP/TINTURARIA/CORTE/COSTURA/EXPEDIÇÃO,06,,TINTURARIA,0,PC,LIBERADO PARA PRODUÇÂO,C&A MODAS S.A.,99000,99000,061632,05461,11/1/2026,2644,10 - SEM 44 - 2026,(47) 3534-4078,0,,,0030,C&A MODAS,9/22/2026,47,2,18,646,,,0,0,100,0,0,2644,003,T52A - BBO,30,SORTER,N,N,SSNN,0,Usar 1000 peças da OF 076778,B18,0,0,T00,TOP CURTO (TOP),PP SAMPLE ENVIADA 30/04,10 cores,"12,38",01/11/2026,2,0,AGROLANDIA,AV EDUARDO WILL,500,SAO JOAO,MULTICOLOR,14,28/08/2026,11/1/2026,,1,,,2642,0,,0,80.666.324/0001-00,
077991,1,05157,445,MULTICOLOR TEXTIL LTDA.,0,10 - SEM 44 - 2026,3,30/04,9 lcc,2,OP PROJEÇÃO,0,T001,TOP MC BASICO,A,7 SEMANAS LEAD TIME DE PRODUÇÃO,04,TINTURARIA,TIN,TIN - TINTURARIA,,,Lib corte,,28/03/2027,00/01/1900,86,DISNEY C&A,MULTICOLOR TEXTIL LTDA.,01.14.01.3225,TOP CURTO / 2026-2-3555,01,S-BLUSA / TOP,S,CEAR,CEAR - FEIRA SUMMER II 2026 (PROD AS BS) REPEATS,C03,BEGE MEDIO,3,12,554,0,0,0,0,28/08/2026,9/17/2026,902,PCP/TINTURARIA/CORTE/COSTURA/EXPEDIÇÃO,06,,TINTURARIA,0,PC,LIBERADO PARA PRODUÇÂO,C&A MODAS S.A.,99000,99000,061632,05461,11/1/2026,2644,10 - SEM 44 - 2026,(47) 3534-4078,0,,,0030,C&A MODAS,9/22/2026,47,2,18,554,,,0,0,100,0,0,2644,003,T52A - BBO,30,SORTER,N,N,SSNN,0,Usar 1000 peças da OF 076778,B18,0,0,T00,TOP CURTO (TOP),PP SAMPLE ENVIADA 30/04,10 cores,"12,38",01/11/2026,2,0,AGROLANDIA,AV EDUARDO WILL,500,SAO JOAO,MULTICOLOR,14,28/08/2026,11/1/2026,,1,,,2642,0,,0,80.666.324/0001-00,
077991,1,05157,445,MULTICOLOR TEXTIL LTDA.,0,10 - SEM 44 - 2026,3,30/04,9 lcc,2,OP PROJEÇÃO,0,T001,TOP MC BASICO,A,7 SEMANAS LEAD TIME DE PRODUÇÃO,04,TINTURARIA,TIN,TIN - TINTURARIA,,,Lib corte,,28/03/2027,00/01/1900,86,DISNEY C&A,MULTICOLOR TEXTIL LTDA.,01.14.01.3225,TOP CURTO / 2026-2-3555,01,S-BLUSA / TOP,S,CEAR,CEAR - FEIRA SUMMER II 2026 (PROD AS BS) REPEATS,C03,BEGE MEDIO,4,13,498,0,0,0,0,28/08/2026,9/17/2026,902,PCP/TINTURARIA/CORTE/COSTURA/EXPEDIÇÃO,06,,TINTURARIA,0,PC,LIBERADO PARA PRODUÇÂO,C&A MODAS S.A.,99000,99000,061632,05461,11/1/2026,2644,10 - SEM 44 - 2026,(47) 3534-4078,0,,,0030,C&A MODAS,9/22/2026,47,2,18,498,,,0,0,100,0,0,2644,003,T52A - BBO,30,SORTER,N,N,SSNN,0,Usar 1000 peças da OF 076778,B18,0,0,T00,TOP CURTO (TOP),PP SAMPLE ENVIADA 30/04,10 cores,"12,38",01/11/2026,2,0,AGROLANDIA,AV EDUARDO WILL,500,SAO JOAO,MULTICOLOR,14,28/08/2026,11/1/2026,,1,,,2642,0,,0,80.666.324/0001-00,
077991,1,05157,445,MULTICOLOR TEXTIL LTDA.,0,10 - SEM 44 - 2026,3,30/04,9 lcc,2,OP PROJEÇÃO,0,T001,TOP MC BASICO,A,7 SEMANAS LEAD TIME DE PRODUÇÃO,04,TINTURARIA,TIN,TIN - TINTURARIA,,,Lib corte,,28/03/2027,00/01/1900,86,DISNEY C&A,MULTICOLOR TEXTIL LTDA.,01.14.01.3225,TOP CURTO / 2026-2-3555,01,S-BLUSA / TOP,S,CEAR,CEAR - FEIRA SUMMER II 2026 (PROD AS BS) REPEATS,C03,BEGE MEDIO,5,58,180,0,0,0,0,28/08/2026,9/17/2026,902,PCP/TINTURARIA/CORTE/COSTURA/EXPEDIÇÃO,06,,TINTURARIA,0,PC,LIBERADO PARA PRODUÇÂO,C&A MODAS S.A.,99000,99000,061632,05461,11/1/2026,2644,10 - SEM 44 - 2026,(47) 3534-4078,0,,,0030,C&A MODAS,9/22/2026,47,2,18,180,,,0,0,100,0,0,2644,003,T52A - BBO,30,SORTER,N,N,SSNN,0,Usar 1000 peças da OF 076778,B18,0,0,T00,TOP CURTO (TOP),PP SAMPLE ENVIADA 30/04,10 cores,"12,38",01/11/2026,2,0,AGROLANDIA,AV EDUARDO WILL,500,SAO JOAO,MULTICOLOR,14,28/08/2026,11/1/2026,,1,,,2642,0,,0,80.666.324/0001-00,
077992,1,05157,445,MULTICOLOR TEXTIL LTDA.,0,10 - SEM 44 - 2026,3,20/04,9 lcc,2,OP PROJEÇÃO,0,T001,TOP MC BASICO,A,7 SEMANAS LEAD TIME DE PRODUÇÃO,04,TINTURARIA,TIN,TIN - TINTURARIA,,,Lib corte,,28/03/2027,00/01/1900,58,NICKELODEON C&A,MULTICOLOR TEXTIL LTDA.,01.14.03.0267,TOP CURTO / 2026-2-3556,01,S-BLUSA / TOP,S,CEAR,CEAR - FEIRA SUMMER II 2026 (PROD AS BS) REPEATS,66050,VERDE CLARO,1,10,274,0,0,0,0,28/08/2026,9/17/2026,902,PCP/TINTURARIA/CORTE/COSTURA/EXPEDIÇÃO,06,,TINTURARIA,0,PC,LIBERADO PARA PRODUÇÂO,C&A MODAS S.A.,99001,99001,061637,05461,11/1/2026,2644,10 - SEM 44 - 2026,(47) 3534-4078,0,,,0030,C&A MODAS,9/22/2026,47,2,18,274,,,0,0,100,0,0,2644,003,T52A - BBO,30,SORTER,N,N,SSNN,0,,B16,0,0,T00,TOP CURTO (TOP),,10 cores,"12,38",01/11/2026,2,0,AGROLANDIA,AV EDUARDO WILL,500,SAO JOAO,MULTICOLOR,14,24/08/2026,11/1/2026,,1,,,2642,0,,0,80.666.324/0001-00,
077992,1,05157,445,MULTICOLOR TEXTIL LTDA.,0,10 - SEM 44 - 2026,3,20/04,9 lcc,2,OP PROJEÇÃO,0,T001,TOP MC BASICO,A,7 SEMANAS LEAD TIME DE PRODUÇÃO,04,TINTURARIA,TIN,TIN - TINTURARIA,,,Lib corte,,28/03/2027,00/01/1900,58,NICKELODEON C&A,MULTICOLOR TEXTIL LTDA.,01.14.03.0267,TOP CURTO / 2026-2-3556,01,S-BLUSA / TOP,S,CEAR,CEAR - FEIRA SUMMER II 2026 (PROD AS BS) REPEATS,66050,VERDE CLARO,2,11,848,0,0,0,0,28/08/2026,9/17/2026,902,PCP/TINTURARIA/CORTE/COSTURA/EXPEDIÇÃO,06,,TINTURARIA,0,PC,LIBERADO PARA PRODUÇÂO,C&A MODAS S.A.,99001,99001,061637,05461,11/1/2026,2644,10 - SEM 44 - 2026,(47) 3534-4078,0,,,0030,C&A MODAS,9/22/2026,47,2,18,848,,,0,0,100,0,0,2644,003,T52A - BBO,30,SORTER,N,N,SSNN,0,,B16,0,0,T00,TOP CURTO (TOP),,10 cores,"12,38",01/11/2026,2,0,AGROLANDIA,AV EDUARDO WILL,500,SAO JOAO,MULTICOLOR,14,24/08/2026,11/1/2026,,1,,,2642,0,,0,80.666.324/0001-00,
077992,1,05157,445,MULTICOLOR TEXTIL LTDA.,0,10 - SEM 44 - 2026,3,20/04,9 lcc,2,OP PROJEÇÃO,0,T001,TOP MC BASICO,A,7 SEMANAS LEAD TIME DE PRODUÇÃO,04,TINTURARIA,TIN,TIN - TINTURARIA,,,Lib corte,,28/03/2027,00/01/1900,58,NICKELODEON C&A,MULTICOLOR TEXTIL LTDA.,01.14.03.0267,TOP CURTO / 2026-2-3556,01,S-BLUSA / TOP,S,CEAR,CEAR - FEIRA SUMMER II 2026 (PROD AS BS) REPEATS,66050,VERDE CLARO,3,12,870,0,0,0,0,28/08/2026,9/17/2026,902,PCP/TINTURARIA/CORTE/COSTURA/EXPEDIÇÃO,06,,TINTURARIA,0,PC,LIBERADO PARA PRODUÇÂO,C&A MODAS S.A.,99001,99001,061637,05461,11/1/2026,2644,10 - SEM 44 - 2026,(47) 3534-4078,0,,,0030,C&A MODAS,9/22/2026,47,2,18,870,,,0,0,100,0,0,2644,003,T52A - BBO,30,SORTER,N,N,SSNN,0,,B16,0,0,T00,TOP CURTO (TOP),,10 cores,"12,38",01/11/2026,2,0,AGROLANDIA,AV EDUARDO WILL,500,SAO JOAO,MULTICOLOR,14,24/08/2026,11/1/2026,,1,,,2642,0,,0,80.666.324/0001-00,
077992,1,05157,445,MULTICOLOR TEXTIL LTDA.,0,10 - SEM 44 - 2026,3,20/04,9 lcc,2,OP PROJEÇÃO,0,T001,TOP MC BASICO,A,7 SEMANAS LEAD TIME DE PRODUÇÃO,04,TINTURARIA,TIN,TIN - TINTURARIA,,,Lib corte,,28/03/2027,00/01/1900,58,NICKELODEON C&A,MULTICOLOR TEXTIL LTDA.,01.14.03.0267,TOP CURTO / 2026-2-3556,01,S-BLUSA / TOP,S,CEAR,CEAR - FEIRA SUMMER II 2026 (PROD AS BS) REPEATS,66050,VERDE CLARO,4,13,708,0,0,0,0,28/08/2026,9/17/2026,902,PCP/TINTURARIA/CORTE/COSTURA/EXPEDIÇÃO,06,,TINTURARIA,0,PC,LIBERADO PARA PRODUÇÂO,C&A MODAS S.A.,99001,99001,061637,05461,11/1/2026,2644,10 - SEM 44 - 2026,(47) 3534-4078,0,,,0030,C&A MODAS,9/22/2026,47,2,18,708,,,0,0,100,0,0,2644,003,T52A - BBO,30,SORTER,N,N,SSNN,0,,B16,0,0,T00,TOP CURTO (TOP),,10 cores,"12,38",01/11/2026,2,0,AGROLANDIA,AV EDUARDO WILL,500,SAO JOAO,MULTICOLOR,14,24/08/2026,11/1/2026,,1,,,2642,0,,0,80.666.324/0001-00,
077992,1,05157,445,MULTICOLOR TEXTIL LTDA.,0,10 - SEM 44 - 2026,3,20/04,9 lcc,2,OP PROJEÇÃO,0,T001,TOP MC BASICO,A,7 SEMANAS LEAD TIME DE PRODUÇÃO,04,TINTURARIA,TIN,TIN - TINTURARIA,,,Lib corte,,28/03/2027,00/01/1900,58,NICKELODEON C&A,MULTICOLOR TEXTIL LTDA.,01.14.03.0267,TOP CURTO / 2026-2-3556,01,S-BLUSA / TOP,S,CEAR,CEAR - FEIRA SUMMER II 2026 (PROD AS BS) REPEATS,66050,VERDE CLARO,5,58,390,0,0,0,0,28/08/2026,9/17/2026,902,PCP/TINTURARIA/CORTE/COSTURA/EXPEDIÇÃO,06,,TINTURARIA,0,PC,LIBERADO PARA PRODUÇÂO,C&A MODAS S.A.,99001,99001,061637,05461,11/1/2026,2644,10 - SEM 44 - 2026,(47) 3534-4078,0,,,0030,C&A MODAS,9/22/2026,47,2,18,390,,,0,0,100,0,0,2644,003,T52A - BBO,30,SORTER,N,N,SSNN,0,,B16,0,0,T00,TOP CURTO (TOP),,10 cores,"12,38",01/11/2026,2,0,AGROLANDIA,AV EDUARDO WILL,500,SAO JOAO,MULTICOLOR,14,24/08/2026,11/1/2026,,1,,,2642,0,,0,80.666.324/0001-00,
078014,1,05045,433,LANCASTER BENEFICIAMENTOS TEXTEIS LTDA,0,11 - SEM 45 - 2026,3,07/08,9 lcc,0,OP PRODUÇÃO,0,000,CLASSIFICAR MODELO/FAMILIA,,,04,TINTURARIA,TIN,TIN - TINTURARIA,,,Lib corte,,00/01/1900,00/01/1900,149,SEM LICENÇA HERING,LANCASTER BENEFICIAMENTOS TEXTEIS LTDA EM RECUPERACAO JUDICIAL,13.13.00.0622C,CALÇA,04,I-CALÇA / BOTTON,S,HXO,HXO - COLEÇÂO OUTONO 2027 - HERING,2Q,2Q,1,10,174,0,0,0,0,27/08/2026,9/16/2026,603,PCP/TINTURARIA/ROTATIVO/CORTE/COSTURA/EXPEDIÇÃO,06,,TINTURARIA,0,PC,LIBERADO PARA PRODUÇÂO,CIA. HERING,4507405484,4507405484,062019,05729,11/29/2026,2648,11 - SEM 48 - 2026,(47) 3330-6006,0,,,0103,GRUPO SOMA,10/12/2026,75,1,19,174,,,0,0,100,0,0,2645,H04,T58 - HERING BBA,05,CAIXA - LR,N,N,SSNN,0,,B32,0,0,B01,CALÇA (BOTTON),"Rot LANCASTER - 32565-21------3 cores PIG R$ 21, processo completo",,"17,4",29/11/2026,0,0,BLUMENAU,R ALBERTO LOBE,130,VELHA CENTRAL,,14,25/08/2026,11/29/2026,,1,,,2642,0,,0,76.541.317/0002-88,
078014,1,05045,433,LANCASTER BENEFICIAMENTOS TEXTEIS LTDA,0,11 - SEM 45 - 2026,3,07/08,9 lcc,0,OP PRODUÇÃO,0,000,CLASSIFICAR MODELO/FAMILIA,,,04,TINTURARIA,TIN,TIN - TINTURARIA,,,Lib corte,,00/01/1900,00/01/1900,149,SEM LICENÇA HERING,LANCASTER BENEFICIAMENTOS TEXTEIS LTDA EM RECUPERACAO JUDICIAL,13.13.00.0622C,CALÇA,04,I-CALÇA / BOTTON,S,HXO,HXO - COLEÇÂO OUTONO 2027 - HERING,2Q,2Q,2,11,256,0,0,0,0,27/08/2026,9/16/2026,603,PCP/TINTURARIA/ROTATIVO/CORTE/COSTURA/EXPEDIÇÃO,06,,TINTURARIA,0,PC,LIBERADO PARA PRODUÇÂO,CIA. HERING,4507405484,4507405484,062019,05729,29/11/2026,2648,11 - SEM 48 - 2026,(47) 3330-6006,0,,,0103,GRUPO SOMA,12/10/2026,75,1,19,256,,,0,0,100,0,0,2645,H04,T58 - HERING BBA,05,CAIXA - LR,N,N,SSNN,0,,B32,0,0,B01,CALÇA (BOTTON),"Rot LANCASTER - 32565-21------3 cores PIG R$ 21, processo completo",,"17,4",29/11/2026,0,0,BLUMENAU,R ALBERTO LOBE,130,VELHA CENTRAL,,14,25/08/2026,11/29/2026,,1,,,2642,0,,0,76.541.317/0002-88,
078014,1,05045,433,LANCASTER BENEFICIAMENTOS TEXTEIS LTDA,0,11 - SEM 45 - 2026,3,07/08,9 lcc,0,OP PRODUÇÃO,0,000,CLASSIFICAR MODELO/FAMILIA,,,04,TINTURARIA,TIN,TIN - TINTURARIA,,,Lib corte,,00/01/1900,00/01/1900,149,SEM LICENÇA HERING,LANCASTER BENEFICIAMENTOS TEXTEIS LTDA EM RECUPERACAO JUDICIAL,13.13.00.0622C,CALÇA,04,I-CALÇA / BOTTON,S,HXO,HXO - COLEÇÂO OUTONO 2027 - HERING,2Q,2Q,3,12,193,0,0,0,0,27/08/2026,9/16/2026,603,PCP/TINTURARIA/ROTATIVO/CORTE/COSTURA/EXPEDIÇÃO,06,,TINTURARIA,0,PC,LIBERADO PARA PRODUÇÂO,CIA. HERING,4507405484,4507405484,062019,05729,11/29/2026,2648,11 - SEM 48 - 2026,(47) 3330-6006,0,,,0103,GRUPO SOMA,10/12/2026,75,1,19,193,,,0,0,100,0,0,2645,H04,T58 - HERING BBA,05,CAIXA - LR,N,N,SSNN,0,,B32,0,0,B01,CALÇA (BOTTON),"Rot LANCASTER - 32565-21------3 cores PIG R$ 21, processo completo",,"17,4",29/11/2026,0,0,BLUMENAU,R ALBERTO LOBE,130,VELHA CENTRAL,,14,25/08/2026,11/29/2026,,1,,,2642,0,,0,76.541.317/0002-88,
078014,1,05045,433,LANCASTER BENEFICIAMENTOS TEXTEIS LTDA,0,11 - SEM 45 - 2026,3,07/08,9 lcc,0,OP PRODUÇÃO,0,000,CLASSIFICAR MODELO/FAMILIA,,,04,TINTURARIA,TIN,TIN - TINTURARIA,,,Lib corte,,00/01/1900,00/01/1900,149,SEM LICENÇA HERING,LANCASTER BENEFICIAMENTOS TEXTEIS LTDA EM RECUPERACAO JUDICIAL,13.13.00.0622C,CALÇA,04,I-CALÇA / BOTTON,S,HXO,HXO - COLEÇÂO OUTONO 2027 - HERING,2Q,2Q,4,13,278,0,0,0,0,27/08/2026,9/16/2026,603,PCP/TINTURARIA/ROTATIVO/CORTE/COSTURA/EXPEDIÇÃO,06,,TINTURARIA,0,PC,LIBERADO PARA PRODUÇÂO,CIA. HERING,4507405484,4507405484,062019,05729,11/29/2026,2648,11 - SEM 48 - 2026,(47) 3330-6006,0,,,0103,GRUPO SOMA,10/12/2026,75,1,19,278,,,0,0,100,0,0,2645,H04,T58 - HERING BBA,05,CAIXA - LR,N,N,SSNN,0,,B32,0,0,B01,CALÇA (BOTTON),"Rot LANCASTER - 32565-21------3 cores PIG R$ 21, processo completo",,"17,4",29/11/2026,0,0,BLUMENAU,R ALBERTO LOBE,130,VELHA CENTRAL,,14,25/08/2026,11/29/2026,,1,,,2642,0,,0,76.541.317/0002-88,
078015,1,05045,433,LANCASTER BENEFICIAMENTOS TEXTEIS LTDA,0,11 - SEM 46 - 2026,3,20/07,9 lcc,0,OP PRODUÇÃO,0,000,CLASSIFICAR MODELO/FAMILIA,,,04,TINTURARIA,TIN,TIN - TINTURARIA,,,Lib corte,,00/01/1900,00/01/1900,149,SEM LICENÇA HERING,LANCASTER BENEFICIAMENTOS TEXTEIS LTDA EM RECUPERACAO JUDICIAL,13.13.00.0622D,CALÇA,04,I-CALÇA / BOTTON,S,HXO,HXO - COLEÇÂO OUTONO 2027 - HERING,2R,2R,1,10,160,0,0,0,0,10/09/2026,9/30/2026,603,PCP/TINTURARIA/ROTATIVO/CORTE/COSTURA/EXPEDIÇÃO,06,,TINTURARIA,0,PC,LIBERADO PARA PRODUÇÂO,CIA. HERING,4507407654,4507407654,062023,05729,12/6/2026,2649,12 - SEM 49 - 2026,(47) 3330-6006,0,,,0103,GRUPO SOMA,10/19/2026,82,15,5,160,,,0,0,100,0,0,2646,H04,T58 - HERING BBA,05,CAIXA - LR,N,N,SSNN,0,,B30,0,0,B01,CALÇA (BOTTON),"Rot LANCASTER - 22634-58--- 2 cores PIG R$ 20, processo completo",,"17,4",06/12/2026,0,0,BLUMENAU,R ALBERTO LOBE,130,VELHA CENTRAL,,14,25/08/2026,12/6/2026,,1,,,2642,0,,0,76.541.317/0002-88,
078015,1,05045,433,LANCASTER BENEFICIAMENTOS TEXTEIS LTDA,0,11 - SEM 46 - 2026,3,20/07,9 lcc,0,OP PRODUÇÃO,0,000,CLASSIFICAR MODELO/FAMILIA,,,04,TINTURARIA,TIN,TIN - TINTURARIA,,,Lib corte,,00/01/1900,00/01/1900,149,SEM LICENÇA HERING,LANCASTER BENEFICIAMENTOS TEXTEIS LTDA EM RECUPERACAO JUDICIAL,13.13.00.0622D,CALÇA,04,I-CALÇA / BOTTON,S,HXO,HXO - COLEÇÂO OUTONO 2027 - HERING,2R,2R,2,11,228,0,0,0,0,10/09/2026,9/30/2026,603,PCP/TINTURARIA/ROTATIVO/CORTE/COSTURA/EXPEDIÇÃO,06,,TINTURARIA,0,PC,LIBERADO PARA PRODUÇÂO,CIA. HERING,4507407654,4507407654,062023,05729,12/6/2026,2649,12 - SEM 49 - 2026,(47) 3330-6006,0,,,0103,GRUPO SOMA,10/19/2026,82,15,5,228,,,0,0,100,0,0,2646,H04,T58 - HERING BBA,05,CAIXA - LR,N,N,SSNN,0,,B30,0,0,B01,CALÇA (BOTTON),"Rot LANCASTER - 22634-58--- 2 cores PIG R$ 20, processo completo",,"17,4",06/12/2026,0,0,BLUMENAU,R ALBERTO LOBE,130,VELHA CENTRAL,,14,25/08/2026,12/6/2026,,1,,,2642,0,,0,76.541.317/0002-88,
078015,1,05045,433,LANCASTER BENEFICIAMENTOS TEXTEIS LTDA,0,11 - SEM 46 - 2026,3,20/07,9 lcc,0,OP PRODUÇÃO,0,000,CLASSIFICAR MODELO/FAMILIA,,,04,TINTURARIA,TIN,TIN - TINTURARIA,,,Lib corte,,00/01/1900,00/01/1900,149,SEM LICENÇA HERING,LANCASTER BENEFICIAMENTOS TEXTEIS LTDA EM RECUPERACAO JUDICIAL,13.13.00.0622D,CALÇA,04,I-CALÇA / BOTTON,S,HXO,HXO - COLEÇÂO OUTONO 2027 - HERING,2R,2R,3,12,174,0,0,0,0,10/09/2026,9/30/2026,603,PCP/TINTURARIA/ROTATIVO/CORTE/COSTURA/EXPEDIÇÃO,06,,TINTURARIA,0,PC,LIBERADO PARA PRODUÇÂO,CIA. HERING,4507407654,4507407654,062023,05729,12/6/2026,2649,12 - SEM 49 - 2026,(47) 3330-6006,0,,,0103,GRUPO SOMA,10/19/2026,82,15,5,174,,,0,0,100,0,0,2646,H04,T58 - HERING BBA,05,CAIXA - LR,N,N,SSNN,0,,B30,0,0,B01,CALÇA (BOTTON),"Rot LANCASTER - 22634-58--- 2 cores PIG R$ 20, processo completo",,"17,4",06/12/2026,0,0,BLUMENAU,R ALBERTO LOBE,130,VELHA CENTRAL,,14,25/08/2026,12/6/2026,,1,,,2642,0,,0,76.541.317/0002-88,
078015,1,05045,433,LANCASTER BENEFICIAMENTOS TEXTEIS LTDA,0,11 - SEM 46 - 2026,3,20/07,9 lcc,0,OP PRODUÇÃO,0,000,CLASSIFICAR MODELO/FAMILIA,,,04,TINTURARIA,TIN,TIN - TINTURARIA,,,Lib corte,,00/01/1900,00/01/1900,149,SEM LICENÇA HERING,LANCASTER BENEFICIAMENTOS TEXTEIS LTDA EM RECUPERACAO JUDICIAL,13.13.00.0622D,CALÇA,04,I-CALÇA / BOTTON,S,HXO,HXO - COLEÇÂO OUTONO 2027 - HERING,2R,2R,4,13,251,0,0,0,0,10/09/2026,9/30/2026,603,PCP/TINTURARIA/ROTATIVO/CORTE/COSTURA/EXPEDIÇÃO,06,,TINTURARIA,0,PC,LIBERADO PARA PRODUÇÂO,CIA. HERING,4507407654,4507407654,062023,05729,12/6/2026,2649,12 - SEM 49 - 2026,(47) 3330-6006,0,,,0103,GRUPO SOMA,10/19/2026,82,15,5,251,,,0,0,100,0,0,2646,H04,T58 - HERING BBA,05,CAIXA - LR,N,N,SSNN,0,,B30,0,0,B01,CALÇA (BOTTON),"Rot LANCASTER - 22634-58--- 2 cores PIG R$ 20, processo completo",,"17,4",06/12/2026,0,0,BLUMENAU,R ALBERTO LOBE,130,VELHA CENTRAL,,14,25/08/2026,12/6/2026,,1,,,2642,0,,0,76.541.317/0002-88,
078016,1,05045,433,LANCASTER BENEFICIAMENTOS TEXTEIS LTDA,0,11 - SEM 45 - 2026,3,20/07,9 lcc,0,OP PRODUÇÃO,0,000,CLASSIFICAR MODELO/FAMILIA,,,04,TINTURARIA,TIN,TIN - TINTURARIA,,,Lib corte,,00/01/1900,00/01/1900,149,SEM LICENÇA HERING,LANCASTER BENEFICIAMENTOS TEXTEIS LTDA EM RECUPERACAO JUDICIAL,13.13.00.0622E,CALÇA,04,I-CALÇA / BOTTON,S,HXO,HXO - COLEÇÂO OUTONO 2027 - HERING,2T,2T,1,10,114,0,0,0,0,27/08/2026,9/16/2026,603,PCP/TINTURARIA/ROTATIVO/CORTE/COSTURA/EXPEDIÇÃO,06,,TINTURARIA,0,PC,LIBERADO PARA PRODUÇÂO,CIA. HERING,4507405484,4507405484,062021,05729,11/29/2026,2648,11 - SEM 48 - 2026,(47) 3330-6006,0,,,0103,GRUPO SOMA,10/12/2026,75,1,19,114,,,0,0,100,0,0,2645,H04,T58 - HERING BBA,05,CAIXA - LR,N,N,SSNN,0,,B30,0,0,B01,CALÇA (BOTTON),"Rot LANCASTER - 32425-19---4 cores PIG R$ 22, processo completo",,"17,4",29/11/2026,0,0,BLUMENAU,R ALBERTO LOBE,130,VELHA CENTRAL,,14,25/08/2026,11/29/2026,,1,,,2642,0,,0,76.541.317/0002-88,
078016,1,05045,433,LANCASTER BENEFICIAMENTOS TEXTEIS LTDA,0,11 - SEM 45 - 2026,3,20/07,9 lcc,0,OP PRODUÇÃO,0,000,CLASSIFICAR MODELO/FAMILIA,,,04,TINTURARIA,TIN,TIN - TINTURARIA,,,Lib corte,,00/01/1900,00/01/1900,149,SEM LICENÇA HERING,LANCASTER BENEFICIAMENTOS TEXTEIS LTDA EM RECUPERACAO JUDICIAL,13.13.00.0622E,CALÇA,04,I-CALÇA / BOTTON,S,HXO,HXO - COLEÇÂO OUTONO 2027 - HERING,2T,2T,2,11,161,0,0,0,0,27/08/2026,9/16/2026,603,PCP/TINTURARIA/ROTATIVO/CORTE/COSTURA/EXPEDIÇÃO,06,,TINTURARIA,0,PC,LIBERADO PARA PRODUÇÂO,CIA. HERING,4507405484,4507405484,062021,05729,11/29/2026,2648,11 - SEM 48 - 2026,(47) 3330-6006,0,,,0103,GRUPO SOMA,10/12/2026,75,1,19,161,,,0,0,100,0,0,2645,H04,T58 - HERING BBA,05,CAIXA - LR,N,N,SSNN,0,,B30,0,0,B01,CALÇA (BOTTON),"Rot LANCASTER - 32425-19---4 cores PIG R$ 22, processo completo",,"17,4",29/11/2026,0,0,BLUMENAU,R ALBERTO LOBE,130,VELHA CENTRAL,,14,25/08/2026,11/29/2026,,1,,,2642,0,,0,76.541.317/0002-88,
078016,1,05045,433,LANCASTER BENEFICIAMENTOS TEXTEIS LTDA,0,11 - SEM 45 - 2026,3,20/07,9 lcc,0,OP PRODUÇÃO,0,000,CLASSIFICAR MODELO/FAMILIA,,,04,TINTURARIA,TIN,TIN - TINTURARIA,,,Lib corte,,00/01/1900,00/01/1900,149,SEM LICENÇA HERING,LANCASTER BENEFICIAMENTOS TEXTEIS LTDA EM RECUPERACAO JUDICIAL,13.13.00.0622E,CALÇA,04,I-CALÇA / BOTTON,S,HXO,HXO - COLEÇÂO OUTONO 2027 - HERING,2T,2T,3,12,127,0,0,0,0,27/08/2026,9/16/2026,603,PCP/TINTURARIA/ROTATIVO/CORTE/COSTURA/EXPEDIÇÃO,06,,TINTURARIA,0,PC,LIBERADO PARA PRODUÇÂO,CIA. HERING,4507405484,4507405484,062021,05729,11/29/2026,2648,11 - SEM 48 - 2026,(47) 3330-6006,0,,,0103,GRUPO SOMA,10/12/2026,75,1,19,127,,,0,0,100,0,0,2645,H04,T58 - HERING BBA,05,CAIXA - LR,N,N,SSNN,0,,B30,0,0,B01,CALÇA (BOTTON),"Rot LANCASTER - 32425-19---4 cores PIG R$ 22, processo completo",,"17,4",29/11/2026,0,0,BLUMENAU,R ALBERTO LOBE,130,VELHA CENTRAL,,14,25/08/2026,11/29/2026,,1,,,2642,0,,0,76.541.317/0002-88,
078016,1,05045,433,LANCASTER BENEFICIAMENTOS TEXTEIS LTDA,0,11 - SEM 45 - 2026,3,20/07,9 lcc,0,OP PRODUÇÃO,0,000,CLASSIFICAR MODELO/FAMILIA,,,04,TINTURARIA,TIN,TIN - TINTURARIA,,,Lib corte,,00/01/1900,00/01/1900,149,SEM LICENÇA HERING,LANCASTER BENEFICIAMENTOS TEXTEIS LTDA EM RECUPERACAO JUDICIAL,13.13.00.0622E,CALÇA,04,I-CALÇA / BOTTON,S,HXO,HXO - COLEÇÂO OUTONO 2027 - HERING,2T,2T,4,13,174,0,0,0,0,27/08/2026,9/16/2026,603,PCP/TINTURARIA/ROTATIVO/CORTE/COSTURA/EXPEDIÇÃO,06,,TINTURARIA,0,PC,LIBERADO PARA PRODUÇÂO,CIA. HERING,4507405484,4507405484,062021,05729,11/29/2026,2648,11 - SEM 48 - 2026,(47) 3330-6006,0,,,0103,GRUPO SOMA,10/12/2026,75,1,19,174,,,0,0,100,0,0,2645,H04,T58 - HERING BBA,05,CAIXA - LR,N,N,SSNN,0,,B30,0,0,B01,CALÇA (BOTTON),"Rot LANCASTER - 32425-19---4 cores PIG R$ 22, processo completo",,"17,4",29/11/2026,0,0,BLUMENAU,R ALBERTO LOBE,130,VELHA CENTRAL,,14,25/08/2026,11/29/2026,,1,,,2642,0,,0,76.541.317/0002-88,
078017,1,05157,445,MULTICOLOR TEXTIL LTDA.,0,11 - SEM 46 - 2026,3,19/06,9 lcc,0,OP PRODUÇÃO,0,000,CLASSIFICAR MODELO/FAMILIA,,,04,TINTURARIA,TIN,TIN - TINTURARIA,,,Lib corte,,00/01/1900,00/01/1900,149,SEM LICENÇA HERING,MULTICOLOR TEXTIL LTDA.,13.15.00.0414N,CONJUNTO REGATA / 5BH7-1R,01,S-BLUSA / TOP,S,HXO,HXO - COLEÇÂO OUTONO 2027 - HERING,1R,1R,4,13,120,0,0,0,0,27/08/2026,9/16/2026,602,ENGENHARIA/PCP/TINTURARIA/CORTE/COSTURA/EXPEDIÇÃO,06,,TINTURARIA,0,PC,LIBERADO PARA PRODUÇÂO,CIA. HERING,4507407654,4507407654,062001,05729,12/6/2026,2649,12 - SEM 49 - 2026,(47) 3534-4078,0,,,0103,GRUPO SOMA,10/27/2026,82,1,19,120,,,0,0,0,0,0,2646,H02,T53 - HERING KIDS A,05,CAIXA - LR,N,N,SSNN,0,,B25,0,0,C03,CONJUNTO REGATA (TOP/BOTTON),,,37,06/12/2026,0,0,AGROLANDIA,AV EDUARDO WILL,500,SAO JOAO,MULTICOLOR,14,25/08/2026,12/6/2026,,1,,,2642,0,,0,80.666.324/0001-00,
078017,1,05157,445,MULTICOLOR TEXTIL LTDA.,0,11 - SEM 46 - 2026,3,19/06,9 lcc,0,OP PRODUÇÃO,0,000,CLASSIFICAR MODELO/FAMILIA,,,04,TINTURARIA,TIN,TIN - TINTURARIA,,,Lib corte,,00/01/1900,00/01/1900,149,SEM LICENÇA HERING,MULTICOLOR TEXTIL LTDA.,13.15.00.0414N,CONJUNTO REGATA / 5BH7-1R,01,S-BLUSA / TOP,S,HXO,HXO - COLEÇÂO OUTONO 2027 - HERING,1R,1R,6,14,136,0,0,0,0,27/08/2026,9/16/2026,602,ENGENHARIA/PCP/TINTURARIA/CORTE/COSTURA/EXPEDIÇÃO,06,,TINTURARIA,0,PC,LIBERADO PARA PRODUÇÂO,CIA. HERING,4507407654,4507407654,062001,05729,12/6/2026,2649,12 - SEM 49 - 2026,(47) 3534-4078,0,,,0103,GRUPO SOMA,10/27/2026,82,1,19,136,,,0,0,0,0,0,2646,H02,T53 - HERING KIDS A,05,CAIXA - LR,N,N,SSNN,0,,B25,0,0,C03,CONJUNTO REGATA (TOP/BOTTON),,,37,06/12/2026,0,0,AGROLANDIA,AV EDUARDO WILL,500,SAO JOAO,MULTICOLOR,14,25/08/2026,12/6/2026,,1,,,2642,0,,0,80.666.324/0001-00,
078017,1,05157,445,MULTICOLOR TEXTIL LTDA.,0,11 - SEM 46 - 2026,3,19/06,9 lcc,0,OP PRODUÇÃO,0,000,CLASSIFICAR MODELO/FAMILIA,,,04,TINTURARIA,TIN,TIN - TINTURARIA,,,Lib corte,,00/01/1900,00/01/1900,149,SEM LICENÇA HERING,MULTICOLOR TEXTIL LTDA.,13.15.00.0414N,CONJUNTO REGATA / 5BH7-1R,01,S-BLUSA / TOP,S,HXO,HXO - COLEÇÂO OUTONO 2027 - HERING,1R,1R,8,15,137,0,0,0,0,27/08/2026,9/16/2026,602,ENGENHARIA/PCP/TINTURARIA/CORTE/COSTURA/EXPEDIÇÃO,06,,TINTURARIA,0,PC,LIBERADO PARA PRODUÇÂO,CIA. HERING,4507407654,4507407654,062001,05729,12/6/2026,2649,12 - SEM 49 - 2026,(47) 3534-4078,0,,,0103,GRUPO SOMA,10/27/2026,82,1,19,137,,,0,0,0,0,0,2646,H02,T53 - HERING KIDS A,05,CAIXA - LR,N,N,SSNN,0,,B25,0,0,C03,CONJUNTO REGATA (TOP/BOTTON),,,37,06/12/2026,0,0,AGROLANDIA,AV EDUARDO WILL,500,SAO JOAO,MULTICOLOR,14,25/08/2026,12/6/2026,,1,,,2642,0,,0,80.666.324/0001-00,
078017,1,05157,445,MULTICOLOR TEXTIL LTDA.,0,11 - SEM 46 - 2026,3,19/06,9 lcc,0,OP PRODUÇÃO,0,000,CLASSIFICAR MODELO/FAMILIA,,,04,TINTURARIA,TIN,TIN - TINTURARIA,,,Lib corte,,00/01/1900,00/01/1900,149,SEM LICENÇA HERING,MULTICOLOR TEXTIL LTDA.,13.15.00.0414N,CONJUNTO REGATA / 5BH7-1R,01,S-BLUSA / TOP,S,HXO,HXO - COLEÇÂO OUTONO 2027 - HERING,1R,1R,10,16,146,0,0,0,0,27/08/2026,9/16/2026,602,ENGENHARIA/PCP/TINTURARIA/CORTE/COSTURA/EXPEDIÇÃO,06,,TINTURARIA,0,PC,LIBERADO PARA PRODUÇÂO,CIA. HERING,4507407654,4507407654,062001,05729,12/6/2026,2649,12 - SEM 49 - 2026,(47) 3534-4078,0,,,0103,GRUPO SOMA,10/27/2026,82,1,19,146,,,0,0,0,0,0,2646,H02,T53 - HERING KIDS A,05,CAIXA - LR,N,N,SSNN,0,,B25,0,0,C03,CONJUNTO REGATA (TOP/BOTTON),,,37,06/12/2026,0,0,AGROLANDIA,AV EDUARDO WILL,500,SAO JOAO,MULTICOLOR,14,25/08/2026,12/6/2026,,1,,,2642,0,,0,80.666.324/0001-00,
078017,1,05157,445,MULTICOLOR TEXTIL LTDA.,0,11 - SEM 46 - 2026,3,19/06,9 lcc,0,OP PRODUÇÃO,0,000,CLASSIFICAR MODELO/FAMILIA,,,04,TINTURARIA,TIN,TIN - TINTURARIA,,,Lib corte,,00/01/1900,00/01/1900,149,SEM LICENÇA HERING,MULTICOLOR TEXTIL LTDA.,13.15.00.0414N,CONJUNTO REGATA / 5BH7-1R,01,S-BLUSA / TOP,S,HXO,HXO - COLEÇÂO OUTONO 2027 - HERING,1R,1R,12,17,153,0,0,0,0,27/08/2026,9/16/2026,602,ENGENHARIA/PCP/TINTURARIA/CORTE/COSTURA/EXPEDIÇÃO,06,,TINTURARIA,0,PC,LIBERADO PARA PRODUÇÂO,CIA. HERING,4507407654,4507407654,062001,05729,12/6/2026,2649,12 - SEM 49 - 2026,(47) 3534-4078,0,,,0103,GRUPO SOMA,10/27/2026,82,1,19,153,,,0,0,0,0,0,2646,H02,T53 - HERING KIDS A,05,CAIXA - LR,N,N,SSNN,0,,B25,0,0,C03,CONJUNTO REGATA (TOP/BOTTON),,,37,06/12/2026,0,0,AGROLANDIA,AV EDUARDO WILL,500,SAO JOAO,MULTICOLOR,14,25/08/2026,12/6/2026,,1,,,2642,0,,0,80.666.324/0001-00,
078017,1,05157,445,MULTICOLOR TEXTIL LTDA.,0,11 - SEM 46 - 2026,3,19/06,9 lcc,0,OP PRODUÇÃO,0,000,CLASSIFICAR MODELO/FAMILIA,,,04,TINTURARIA,TIN,TIN - TINTURARIA,,,Lib corte,,00/01/1900,00/01/1900,149,SEM LICENÇA HERING,MULTICOLOR TEXTIL LTDA.,13.15.00.0414N,CONJUNTO REGATA / 5BH7-1R,01,S-BLUSA / TOP,S,HXO,HXO - COLEÇÂO OUTONO 2027 - HERING,1R,1R,14,18,161,0,0,0,0,27/08/2026,9/16/2026,602,ENGENHARIA/PCP/TINTURARIA/CORTE/COSTURA/EXPEDIÇÃO,06,,TINTURARIA,0,PC,LIBERADO PARA PRODUÇÂO,CIA. HERING,4507407654,4507407654,062001,05729,12/6/2026,2649,12 - SEM 49 - 2026,(47) 3534-4078,0,,,0103,GRUPO SOMA,10/27/2026,82,1,19,161,,,0,0,0,0,0,2646,H02,T53 - HERING KIDS A,05,CAIXA - LR,N,N,SSNN,0,,B25,0,0,C03,CONJUNTO REGATA (TOP/BOTTON),,,37,06/12/2026,0,0,AGROLANDIA,AV EDUARDO WILL,500,SAO JOAO,MULTICOLOR,14,25/08/2026,12/6/2026,,1,,,2642,0,,0,80.666.324/0001-00,
078018,1,05157,445,MULTICOLOR TEXTIL LTDA.,0,11 - SEM 45 - 2026,3,19/06,9 lcc,0,OP PRODUÇÃO,0,000,CLASSIFICAR MODELO/FAMILIA,,,04,TINTURARIA,TIN,TIN - TINTURARIA,,,Lib corte,,00/01/1900,00/01/1900,149,SEM LICENÇA HERING,MULTICOLOR TEXTIL LTDA.,13.15.00.0414M,CONJUNTO REGATA / 5BH7-1T,01,S-BLUSA / TOP,S,HXO,HXO - COLEÇÂO OUTONO 2027 - HERING,1T,1T,4,13,135,0,0,0,0,27/08/2026,9/16/2026,602,ENGENHARIA/PCP/TINTURARIA/CORTE/COSTURA/EXPEDIÇÃO,06,,TINTURARIA,0,PC,LIBERADO PARA PRODUÇÂO,CIA. HERING,4507406971,4507406971,062000,05729,29/11/2026,2648,11 - SEM 48 - 2026,(47) 3534-4078,0,,,0103,GRUPO SOMA,20/10/2026,75,1,19,135,,,0,0,95,0,0,2645,H02,T53 - HERING KIDS A,05,CAIXA - LR,N,N,SSNN,0,A DIFERENÇA DESSE LOTE ESTA NA SOBRA DO DEPOSITO COM O PAULO,B25,0,0,C03,CONJUNTO REGATA (TOP/BOTTON),,,37,29/11/2026,0,0,AGROLANDIA,AV EDUARDO WILL,500,SAO JOAO,MULTICOLOR,14,25/08/2026,11/29/2026,,1,,,2642,0,,0,80.666.324/0001-00,
078018,1,05157,445,MULTICOLOR TEXTIL LTDA.,0,11 - SEM 45 - 2026,3,19/06,9 lcc,0,OP PRODUÇÃO,0,000,CLASSIFICAR MODELO/FAMILIA,,,04,TINTURARIA,TIN,TIN - TINTURARIA,,,Lib corte,,00/01/1900,00/01/1900,149,SEM LICENÇA HERING,MULTICOLOR TEXTIL LTDA.,13.15.00.0414M,CONJUNTO REGATA / 5BH7-1T,01,S-BLUSA / TOP,S,HXO,HXO - COLEÇÂO OUTONO 2027 - HERING,1T,1T,6,14,154,0,0,0,0,27/08/2026,9/16/2026,602,ENGENHARIA/PCP/TINTURARIA/CORTE/COSTURA/EXPEDIÇÃO,06,,TINTURARIA,0,PC,LIBERADO PARA PRODUÇÂO,CIA. HERING,4507406971,4507406971,062000,05729,29/11/2026,2648,11 - SEM 48 - 2026,(47) 3534-4078,0,,,0103,GRUPO SOMA,20/10/2026,75,1,19,154,,,0,0,95,0,0,2645,H02,T53 - HERING KIDS A,05,CAIXA - LR,N,N,SSNN,0,A DIFERENÇA DESSE LOTE ESTA NA SOBRA DO DEPOSITO COM O PAULO,B25,0,0,C03,CONJUNTO REGATA (TOP/BOTTON),,,37,29/11/2026,0,0,AGROLANDIA,AV EDUARDO WILL,500,SAO JOAO,MULTICOLOR,14,25/08/2026,11/29/2026,,1,,,2642,0,,0,80.666.324/0001-00,
078018,1,05157,445,MULTICOLOR TEXTIL LTDA.,0,11 - SEM 45 - 2026,3,19/06,9 lcc,0,OP PRODUÇÃO,0,000,CLASSIFICAR MODELO/FAMILIA,,,04,TINTURARIA,TIN,TIN - TINTURARIA,,,Lib corte,,00/01/1900,00/01/1900,149,SEM LICENÇA HERING,MULTICOLOR TEXTIL LTDA.,13.15.00.0414M,CONJUNTO REGATA / 5BH7-1T,01,S-BLUSA / TOP,S,HXO,HXO - COLEÇÂO OUTONO 2027 - HERING,1T,1T,8,15,154,0,0,0,0,27/08/2026,9/16/2026,602,ENGENHARIA/PCP/TINTURARIA/CORTE/COSTURA/EXPEDIÇÃO,06,,TINTURARIA,0,PC,LIBERADO PARA PRODUÇÂO,CIA. HERING,4507406971,4507406971,062000,05729,29/11/2026,2648,11 - SEM 48 - 2026,(47) 3534-4078,0,,,0103,GRUPO SOMA,20/10/2026,75,1,19,154,,,0,0,95,0,0,2645,H02,T53 - HERING KIDS A,05,CAIXA - LR,N,N,SSNN,0,A DIFERENÇA DESSE LOTE ESTA NA SOBRA DO DEPOSITO COM O PAULO,B25,0,0,C03,CONJUNTO REGATA (TOP/BOTTON),,,37,29/11/2026,0,0,AGROLANDIA,AV EDUARDO WILL,500,SAO JOAO,MULTICOLOR,14,25/08/2026,11/29/2026,,1,,,2642,0,,0,80.666.324/0001-00,
078018,1,05157,445,MULTICOLOR TEXTIL LTDA.,0,11 - SEM 45 - 2026,3,19/06,9 lcc,0,OP PRODUÇÃO,0,000,CLASSIFICAR MODELO/FAMILIA,,,04,TINTURARIA,TIN,TIN - TINTURARIA,,,Lib corte,,00/01/1900,00/01/1900,149,SEM LICENÇA HERING,MULTICOLOR TEXTIL LTDA.,13.15.00.0414M,CONJUNTO REGATA / 5BH7-1T,01,S-BLUSA / TOP,S,HXO,HXO - COLEÇÂO OUTONO 2027 - HERING,1T,1T,10,16,163,0,0,0,0,27/08/2026,9/16/2026,602,ENGENHARIA/PCP/TINTURARIA/CORTE/COSTURA/EXPEDIÇÃO,06,,TINTURARIA,0,PC,LIBERADO PARA PRODUÇÂO,CIA. HERING,4507406971,4507406971,062000,05729,29/11/2026,2648,11 - SEM 48 - 2026,(47) 3534-4078,0,,,0103,GRUPO SOMA,20/10/2026,75,1,19,163,,,0,0,95,0,0,2645,H02,T53 - HERING KIDS A,05,CAIXA - LR,N,N,SSNN,0,A DIFERENÇA DESSE LOTE ESTA NA SOBRA DO DEPOSITO COM O PAULO,B25,0,0,C03,CONJUNTO REGATA (TOP/BOTTON),,,37,29/11/2026,0,0,AGROLANDIA,AV EDUARDO WILL,500,SAO JOAO,MULTICOLOR,14,25/08/2026,11/29/2026,,1,,,2642,0,,0,80.666.324/0001-00,
078018,1,05157,445,MULTICOLOR TEXTIL LTDA.,0,11 - SEM 45 - 2026,3,19/06,9 lcc,0,OP PRODUÇÃO,0,000,CLASSIFICAR MODELO/FAMILIA,,,04,TINTURARIA,TIN,TIN - TINTURARIA,,,Lib corte,,00/01/1900,00/01/1900,149,SEM LICENÇA HERING,MULTICOLOR TEXTIL LTDA.,13.15.00.0414M,CONJUNTO REGATA / 5BH7-1T,01,S-BLUSA / TOP,S,HXO,HXO - COLEÇÂO OUTONO 2027 - HERING,1T,1T,12,17,173,0,0,0,0,27/08/2026,9/16/2026,602,ENGENHARIA/PCP/TINTURARIA/CORTE/COSTURA/EXPEDIÇÃO,06,,TINTURARIA,0,PC,LIBERADO PARA PRODUÇÂO,CIA. HERING,4507406971,4507406971,062000,05729,29/11/2026,2648,11 - SEM 48 - 2026,(47) 3534-4078,0,,,0103,GRUPO SOMA,20/10/2026,75,1,19,173,,,0,0,95,0,0,2645,H02,T53 - HERING KIDS A,05,CAIXA - LR,N,N,SSNN,0,A DIFERENÇA DESSE LOTE ESTA NA SOBRA DO DEPOSITO COM O PAULO,B25,0,0,C03,CONJUNTO REGATA (TOP/BOTTON),,,37,29/11/2026,0,0,AGROLANDIA,AV EDUARDO WILL,500,SAO JOAO,MULTICOLOR,14,25/08/2026,11/29/2026,,1,,,2642,0,,0,80.666.324/0001-00,
078018,1,05157,445,MULTICOLOR TEXTIL LTDA.,0,11 - SEM 45 - 2026,3,19/06,9 lcc,0,OP PRODUÇÃO,0,000,CLASSIFICAR MODELO/FAMILIA,,,04,TINTURARIA,TIN,TIN - TINTURARIA,,,Lib corte,,00/01/1900,00/01/1900,149,SEM LICENÇA HERING,MULTICOLOR TEXTIL LTDA.,13.15.00.0414M,CONJUNTO REGATA / 5BH7-1T,01,S-BLUSA / TOP,S,HXO,HXO - COLEÇÂO OUTONO 2027 - HERING,1T,1T,14,18,181,0,0,0,0,27/08/2026,9/16/2026,602,ENGENHARIA/PCP/TINTURARIA/CORTE/COSTURA/EXPEDIÇÃO,06,,TINTURARIA,0,PC,LIBERADO PARA PRODUÇÂO,CIA. HERING,4507406971,4507406971,062000,05729,29/11/2026,2648,11 - SEM 48 - 2026,(47) 3534-4078,0,,,0103,GRUPO SOMA,20/10/2026,75,1,19,181,,,0,0,95,0,0,2645,H02,T53 - HERING KIDS A,05,CAIXA - LR,N,N,SSNN,0,A DIFERENÇA DESSE LOTE ESTA NA SOBRA DO DEPOSITO COM O PAULO,B25,0,0,C03,CONJUNTO REGATA (TOP/BOTTON),,,37,29/11/2026,0,0,AGROLANDIA,AV EDUARDO WILL,500,SAO JOAO,MULTICOLOR,14,25/08/2026,11/29/2026,,1,,,2642,0,,0,80.666.324/0001-00,
078019,1,05157,445,MULTICOLOR TEXTIL LTDA.,0,11 - SEM 45 - 2026,3,29/05,9 lcc,0,OP PRODUÇÃO,0,000,CLASSIFICAR MODELO/FAMILIA,,,04,TINTURARIA,TIN,TIN - TINTURARIA,,,Lib corte,,00/01/1900,00/01/1900,149,SEM LICENÇA HERING,MULTICOLOR TEXTIL LTDA.,13.16.00.0439D,CONJUNTO CURTO / 5BHQ-1F,01,S-BLUSA / TOP,S,HXO,HXO - COLEÇÂO OUTONO 2027 - HERING,1F,1F,4,13,325,0,0,0,0,01/09/2026,9/21/2026,602,ENGENHARIA/PCP/TINTURARIA/CORTE/COSTURA/EXPEDIÇÃO,06,,TINTURARIA,0,PC,PENDENTE DESENVOLVIMENTO,CIA. HERING,4507405484,4507405484,061981,05729,29/11/2026,2648,11 - SEM 48 - 2026,(47) 3534-4078,0,,,0103,GRUPO SOMA,20/10/2026,75,6,14,325,,,0,0,0,0,0,2645,H01,T54 - HERING KIDS O,05,CAIXA - LR,N,N,SSNN,0,,B22,0,0,C00,CONJUNTO CURTO (TOP/BOTTON),,,"36,25",29/11/2026,1,0,AGROLANDIA,AV EDUARDO WILL,500,SAO JOAO,MULTICOLOR,14,25/08/2026,11/29/2026,,1,,,2642,0,,0,80.666.324/0001-00,
078019,1,05157,445,MULTICOLOR TEXTIL LTDA.,0,11 - SEM 45 - 2026,3,29/05,9 lcc,0,OP PRODUÇÃO,0,000,CLASSIFICAR MODELO/FAMILIA,,,04,TINTURARIA,TIN,TIN - TINTURARIA,,,Lib corte,,00/01/1900,00/01/1900,149,SEM LICENÇA HERING,MULTICOLOR TEXTIL LTDA.,13.16.00.0439D,CONJUNTO CURTO / 5BHQ-1F,01,S-BLUSA / TOP,S,HXO,HXO - COLEÇÂO OUTONO 2027 - HERING,1F,1F,6,14,151,0,0,0,0,01/09/2026,9/21/2026,602,ENGENHARIA/PCP/TINTURARIA/CORTE/COSTURA/EXPEDIÇÃO,06,,TINTURARIA,0,PC,PENDENTE DESENVOLVIMENTO,CIA. HERING,4507405484,4507405484,061981,05729,29/11/2026,2648,11 - SEM 48 - 2026,(47) 3534-4078,0,,,0103,GRUPO SOMA,20/10/2026,75,6,14,151,,,0,0,0,0,0,2645,H01,T54 - HERING KIDS O,05,CAIXA - LR,N,N,SSNN,0,,B22,0,0,C00,CONJUNTO CURTO (TOP/BOTTON),,,"36,25",29/11/2026,1,0,AGROLANDIA,AV EDUARDO WILL,500,SAO JOAO,MULTICOLOR,14,25/08/2026,11/29/2026,,1,,,2642,0,,0,80.666.324/0001-00,
078019,1,05157,445,MULTICOLOR TEXTIL LTDA.,0,11 - SEM 45 - 2026,3,29/05,9 lcc,0,OP PRODUÇÃO,0,000,CLASSIFICAR MODELO/FAMILIA,,,04,TINTURARIA,TIN,TIN - TINTURARIA,,,Lib corte,,00/01/1900,00/01/1900,149,SEM LICENÇA HERING,MULTICOLOR TEXTIL LTDA.,13.16.00.0439D,CONJUNTO CURTO / 5BHQ-1F,01,S-BLUSA / TOP,S,HXO,HXO - COLEÇÂO OUTONO 2027 - HERING,1F,1F,8,15,133,0,0,0,0,01/09/2026,9/21/2026,602,ENGENHARIA/PCP/TINTURARIA/CORTE/COSTURA/EXPEDIÇÃO,06,,TINTURARIA,0,PC,PENDENTE DESENVOLVIMENTO,CIA. HERING,4507405484,4507405484,061981,05729,29/11/2026,2648,11 - SEM 48 - 2026,(47) 3534-4078,0,,,0103,GRUPO SOMA,20/10/2026,75,6,14,133,,,0,0,0,0,0,2645,H01,T54 - HERING KIDS O,05,CAIXA - LR,N,N,SSNN,0,,B22,0,0,C00,CONJUNTO CURTO (TOP/BOTTON),,,"36,25",29/11/2026,1,0,AGROLANDIA,AV EDUARDO WILL,500,SAO JOAO,MULTICOLOR,14,25/08/2026,11/29/2026,,1,,,2642,0,,0,80.666.324/0001-00,
078019,1,05157,445,MULTICOLOR TEXTIL LTDA.,0,11 - SEM 45 - 2026,3,29/05,9 lcc,0,OP PRODUÇÃO,0,000,CLASSIFICAR MODELO/FAMILIA,,,04,TINTURARIA,TIN,TIN - TINTURARIA,,,Lib corte,,00/01/1900,00/01/1900,149,SEM LICENÇA HERING,MULTICOLOR TEXTIL LTDA.,13.16.00.0439D,CONJUNTO CURTO / 5BHQ-1F,01,S-BLUSA / TOP,S,HXO,HXO - COLEÇÂO OUTONO 2027 - HERING,1F,1F,10,16,99,0,0,0,0,01/09/2026,9/21/2026,602,ENGENHARIA/PCP/TINTURARIA/CORTE/COSTURA/EXPEDIÇÃO,06,,TINTURARIA,0,PC,PENDENTE DESENVOLVIMENTO,CIA. HERING,4507405484,4507405484,061981,05729,29/11/2026,2648,11 - SEM 48 - 2026,(47) 3534-4078,0,,,0103,GRUPO SOMA,20/10/2026,75,6,14,99,,,0,0,0,0,0,2645,H01,T54 - HERING KIDS O,05,CAIXA - LR,N,N,SSNN,0,,B22,0,0,C00,CONJUNTO CURTO (TOP/BOTTON),,,"36,25",29/11/2026,1,0,AGROLANDIA,AV EDUARDO WILL,500,SAO JOAO,MULTICOLOR,14,25/08/2026,11/29/2026,,1,,,2642,0,,0,80.666.324/0001-00,
078019,1,05157,445,MULTICOLOR TEXTIL LTDA.,0,11 - SEM 45 - 2026,3,29/05,9 lcc,0,OP PRODUÇÃO,0,000,CLASSIFICAR MODELO/FAMILIA,,,04,TINTURARIA,TIN,TIN - TINTURARIA,,,Lib corte,,00/01/1900,00/01/1900,149,SEM LICENÇA HERING,MULTICOLOR TEXTIL LTDA.,13.16.00.0439D,CONJUNTO CURTO / 5BHQ-1F,01,S-BLUSA / TOP,S,HXO,HXO - COLEÇÂO OUTONO 2027 - HERING,1F,1F,12,17,130,0,0,0,0,01/09/2026,9/21/2026,602,ENGENHARIA/PCP/TINTURARIA/CORTE/COSTURA/EXPEDIÇÃO,06,,TINTURARIA,0,PC,PENDENTE DESENVOLVIMENTO,CIA. HERING,4507405484,4507405484,061981,05729,29/11/2026,2648,11 - SEM 48 - 2026,(47) 3534-4078,0,,,0103,GRUPO SOMA,20/10/2026,75,6,14,130,,,0,0,0,0,0,2645,H01,T54 - HERING KIDS O,05,CAIXA - LR,N,N,SSNN,0,,B22,0,0,C00,CONJUNTO CURTO (TOP/BOTTON),,,"36,25",29/11/2026,1,0,AGROLANDIA,AV EDUARDO WILL,500,SAO JOAO,MULTICOLOR,14,25/08/2026,11/29/2026,,1,,,2642,0,,0,80.666.324/0001-00,
078019,1,05157,445,MULTICOLOR TEXTIL LTDA.,0,11 - SEM 45 - 2026,3,29/05,9 lcc,0,OP PRODUÇÃO,0,000,CLASSIFICAR MODELO/FAMILIA,,,04,TINTURARIA,TIN,TIN - TINTURARIA,,,Lib corte,,00/01/1900,00/01/1900,149,SEM LICENÇA HERING,MULTICOLOR TEXTIL LTDA.,13.16.00.0439D,CONJUNTO CURTO / 5BHQ-1F,01,S-BLUSA / TOP,S,HXO,HXO - COLEÇÂO OUTONO 2027 - HERING,1F,1F,14,18,94,0,0,0,0,01/09/2026,9/21/2026,602,ENGENHARIA/PCP/TINTURARIA/CORTE/COSTURA/EXPEDIÇÃO,06,,TINTURARIA,0,PC,PENDENTE DESENVOLVIMENTO,CIA. HERING,4507405484,4507405484,061981,05729,29/11/2026,2648,11 - SEM 48 - 2026,(47) 3534-4078,0,,,0103,GRUPO SOMA,20/10/2026,75,6,14,94,,,0,0,0,0,0,2645,H01,T54 - HERING KIDS O,05,CAIXA - LR,N,N,SSNN,0,,B22,0,0,C00,CONJUNTO CURTO (TOP/BOTTON),,,"36,25",29/11/2026,1,0,AGROLANDIA,AV EDUARDO WILL,500,SAO JOAO,MULTICOLOR,14,25/08/2026,11/29/2026,,1,,,2642,0,,0,80.666.324/0001-00,
078019,1,05157,445,MULTICOLOR TEXTIL LTDA.,0,11 - SEM 45 - 2026,3,29/05,9 lcc,0,OP PRODUÇÃO,0,000,CLASSIFICAR MODELO/FAMILIA,,,04,TINTURARIA,TIN,TIN - TINTURARIA,,,Lib corte,,00/01/1900,00/01/1900,149,SEM LICENÇA HERING,MULTICOLOR TEXTIL LTDA.,13.16.00.0439D,CONJUNTO CURTO / 5BHQ-1F,C6,I-SHORTS CONJUNTO / BOTTON,S,HXO,HXO - COLEÇÂO OUTONO 2027 - HERING,1F,1F,4,13,325,0,0,0,0,27/08/2026,9/16/2026,602,ENGENHARIA/PCP/TINTURARIA/CORTE/COSTURA/EXPEDIÇÃO,06,,TINTURARIA,0,PC,PENDENTE DESENVOLVIMENTO,CIA. HERING,4507405484,4507405484,061981,05729,29/11/2026,2648,11 - SEM 48 - 2026,(47) 3534-4078,0,,,0103,GRUPO SOMA,20/10/2026,75,1,19,325,,,0,0,0,0,0,2645,H01,T54 - HERING KIDS O,05,CAIXA - LR,N,N,SSNN,0,,B22,0,0,C00,CONJUNTO CURTO (TOP/BOTTON),,,"36,25",29/11/2026,1,0,AGROLANDIA,AV EDUARDO WILL,500,SAO JOAO,MULTICOLOR,14,25/08/2026,11/29/2026,,1,,,2642,0,,0,80.666.324/0001-00,
078019,1,05157,445,MULTICOLOR TEXTIL LTDA.,0,11 - SEM 45 - 2026,3,29/05,9 lcc,0,OP PRODUÇÃO,0,000,CLASSIFICAR MODELO/FAMILIA,,,04,TINTURARIA,TIN,TIN - TINTURARIA,,,Lib corte,,00/01/1900,00/01/1900,149,SEM LICENÇA HERING,MULTICOLOR TEXTIL LTDA.,13.16.00.0439D,CONJUNTO CURTO / 5BHQ-1F,C6,I-SHORTS CONJUNTO / BOTTON,S,HXO,HXO - COLEÇÂO OUTONO 2027 - HERING,1F,1F,6,14,151,0,0,0,0,27/08/2026,9/16/2026,602,ENGENHARIA/PCP/TINTURARIA/CORTE/COSTURA/EXPEDIÇÃO,06,,TINTURARIA,0,PC,PENDENTE DESENVOLVIMENTO,CIA. HERING,4507405484,4507405484,061981,05729,29/11/2026,2648,11 - SEM 48 - 2026,(47) 3534-4078,0,,,0103,GRUPO SOMA,20/10/2026,75,1,19,151,,,0,0,0,0,0,2645,H01,T54 - HERING KIDS O,05,CAIXA - LR,N,N,SSNN,0,,B22,0,0,C00,CONJUNTO CURTO (TOP/BOTTON),,,"36,25",29/11/2026,1,0,AGROLANDIA,AV EDUARDO WILL,500,SAO JOAO,MULTICOLOR,14,25/08/2026,11/29/2026,,1,,,2642,0,,0,80.666.324/0001-00,
078019,1,05157,445,MULTICOLOR TEXTIL LTDA.,0,11 - SEM 45 - 2026,3,29/05,9 lcc,0,OP PRODUÇÃO,0,000,CLASSIFICAR MODELO/FAMILIA,,,04,TINTURARIA,TIN,TIN - TINTURARIA,,,Lib corte,,00/01/1900,00/01/1900,149,SEM LICENÇA HERING,MULTICOLOR TEXTIL LTDA.,13.16.00.0439D,CONJUNTO CURTO / 5BHQ-1F,C6,I-SHORTS CONJUNTO / BOTTON,S,HXO,HXO - COLEÇÂO OUTONO 2027 - HERING,1F,1F,8,15,133,0,0,0,0,27/08/2026,9/16/2026,602,ENGENHARIA/PCP/TINTURARIA/CORTE/COSTURA/EXPEDIÇÃO,06,,TINTURARIA,0,PC,PENDENTE DESENVOLVIMENTO,CIA. HERING,4507405484,4507405484,061981,05729,29/11/2026,2648,11 - SEM 48 - 2026,(47) 3534-4078,0,,,0103,GRUPO SOMA,20/10/2026,75,1,19,133,,,0,0,0,0,0,2645,H01,T54 - HERING KIDS O,05,CAIXA - LR,N,N,SSNN,0,,B22,0,0,C00,CONJUNTO CURTO (TOP/BOTTON),,,"36,25",29/11/2026,1,0,AGROLANDIA,AV EDUARDO WILL,500,SAO JOAO,MULTICOLOR,14,25/08/2026,11/29/2026,,1,,,2642,0,,0,80.666.324/0001-00,
078019,1,05157,445,MULTICOLOR TEXTIL LTDA.,0,11 - SEM 45 - 2026,3,29/05,9 lcc,0,OP PRODUÇÃO,0,000,CLASSIFICAR MODELO/FAMILIA,,,04,TINTURARIA,TIN,TIN - TINTURARIA,,,Lib corte,,00/01/1900,00/01/1900,149,SEM LICENÇA HERING,MULTICOLOR TEXTIL LTDA.,13.16.00.0439D,CONJUNTO CURTO / 5BHQ-1F,C6,I-SHORTS CONJUNTO / BOTTON,S,HXO,HXO - COLEÇÂO OUTONO 2027 - HERING,1F,1F,10,16,99,0,0,0,0,27/08/2026,9/16/2026,602,ENGENHARIA/PCP/TINTURARIA/CORTE/COSTURA/EXPEDIÇÃO,06,,TINTURARIA,0,PC,PENDENTE DESENVOLVIMENTO,CIA. HERING,4507405484,4507405484,061981,05729,29/11/2026,2648,11 - SEM 48 - 2026,(47) 3534-4078,0,,,0103,GRUPO SOMA,20/10/2026,75,1,19,99,,,0,0,0,0,0,2645,H01,T54 - HERING KIDS O,05,CAIXA - LR,N,N,SSNN,0,,B22,0,0,C00,CONJUNTO CURTO (TOP/BOTTON),,,"36,25",29/11/2026,1,0,AGROLANDIA,AV EDUARDO WILL,500,SAO JOAO,MULTICOLOR,14,25/08/2026,11/29/2026,,1,,,2642,0,,0,80.666.324/0001-00,
078019,1,05157,445,MULTICOLOR TEXTIL LTDA.,0,11 - SEM 45 - 2026,3,29/05,9 lcc,0,OP PRODUÇÃO,0,000,CLASSIFICAR MODELO/FAMILIA,,,04,TINTURARIA,TIN,TIN - TINTURARIA,,,Lib corte,,00/01/1900,00/01/1900,149,SEM LICENÇA HERING,MULTICOLOR TEXTIL LTDA.,13.16.00.0439D,CONJUNTO CURTO / 5BHQ-1F,C6,I-SHORTS CONJUNTO / BOTTON,S,HXO,HXO - COLEÇÂO OUTONO 2027 - HERING,1F,1F,12,17,130,0,0,0,0,27/08/2026,9/16/2026,602,ENGENHARIA/PCP/TINTURARIA/CORTE/COSTURA/EXPEDIÇÃO,06,,TINTURARIA,0,PC,PENDENTE DESENVOLVIMENTO,CIA. HERING,4507405484,4507405484,061981,05729,29/11/2026,2648,11 - SEM 48 - 2026,(47) 3534-4078,0,,,0103,GRUPO SOMA,20/10/2026,75,1,19,130,,,0,0,0,0,0,2645,H01,T54 - HERING KIDS O,05,CAIXA - LR,N,N,SSNN,0,,B22,0,0,C00,CONJUNTO CURTO (TOP/BOTTON),,,"36,25",29/11/2026,1,0,AGROLANDIA,AV EDUARDO WILL,500,SAO JOAO,MULTICOLOR,14,25/08/2026,11/29/2026,,1,,,2642,0,,0,80.666.324/0001-00,
078019,1,05157,445,MULTICOLOR TEXTIL LTDA.,0,11 - SEM 45 - 2026,3,29/05,9 lcc,0,OP PRODUÇÃO,0,000,CLASSIFICAR MODELO/FAMILIA,,,04,TINTURARIA,TIN,TIN - TINTURARIA,,,Lib corte,,00/01/1900,00/01/1900,149,SEM LICENÇA HERING,MULTICOLOR TEXTIL LTDA.,13.16.00.0439D,CONJUNTO CURTO / 5BHQ-1F,C6,I-SHORTS CONJUNTO / BOTTON,S,HXO,HXO - COLEÇÂO OUTONO 2027 - HERING,1F,1F,14,18,94,0,0,0,0,27/08/2026,9/16/2026,602,ENGENHARIA/PCP/TINTURARIA/CORTE/COSTURA/EXPEDIÇÃO,06,,TINTURARIA,0,PC,PENDENTE DESENVOLVIMENTO,CIA. HERING,4507405484,4507405484,061981,05729,11/29/2026,2648,11 - SEM 48 - 2026,(47) 3534-4078,0,,,0103,GRUPO SOMA,10/20/2026,75,1,19,94,,,0,0,0,0,0,2645,H01,T54 - HERING KIDS O,05,CAIXA - LR,N,N,SSNN,0,,B22,0,0,C00,CONJUNTO CURTO (TOP/BOTTON),,,"36,25",29/11/2026,1,0,AGROLANDIA,AV EDUARDO WILL,500,SAO JOAO,MULTICOLOR,14,25/08/2026,11/29/2026,,1,,,2642,0,,0,80.666.324/0001-00,
078020,1,05157,445,MULTICOLOR TEXTIL LTDA.,0,11 - SEM 45 - 2026,3,04/09,9 lcc,0,OP PRODUÇÃO,0,000,CLASSIFICAR MODELO/FAMILIA,,,04,TINTURARIA,TIN,TIN - TINTURARIA,,,Lib corte,,00/01/1900,00/01/1900,149,SEM LICENÇA HERING,MULTICOLOR TEXTIL LTDA.,13.16.00.0439E,CONJUNTO CURTO / 5BHQ-1G,01,S-BLUSA / TOP,S,HXO,HXO - COLEÇÂO OUTONO 2027 - HERING,1G,1G,4,13,230,0,0,0,0,27/08/2026,9/16/2026,602,ENGENHARIA/PCP/TINTURARIA/CORTE/COSTURA/EXPEDIÇÃO,06,,TINTURARIA,0,PC,PENDENTE DESENVOLVIMENTO,CIA. HERING,4507407493,4507407493,061983,05729,11/29/2026,2648,11 - SEM 48 - 2026,(47) 3534-4078,0,,,0103,GRUPO SOMA,10/20/2026,75,1,19,230,,,0,0,0,0,0,2645,H01,T54 - HERING KIDS O,05,CAIXA - LR,N,N,SSNN,0,,B36,0,0,C00,CONJUNTO CURTO (TOP/BOTTON),,,"36,25",29/11/2026,1,0,AGROLANDIA,AV EDUARDO WILL,500,SAO JOAO,MULTICOLOR,14,25/08/2026,11/29/2026,,1,,,2642,0,,0,80.666.324/0001-00,
078020,1,05157,445,MULTICOLOR TEXTIL LTDA.,0,11 - SEM 45 - 2026,3,04/09,9 lcc,0,OP PRODUÇÃO,0,000,CLASSIFICAR MODELO/FAMILIA,,,04,TINTURARIA,TIN,TIN - TINTURARIA,,,Lib corte,,00/01/1900,00/01/1900,149,SEM LICENÇA HERING,MULTICOLOR TEXTIL LTDA.,13.16.00.0439E,CONJUNTO CURTO / 5BHQ-1G,01,S-BLUSA / TOP,S,HXO,HXO - COLEÇÂO OUTONO 2027 - HERING,1G,1G,6,14,105,0,0,0,0,27/08/2026,9/16/2026,602,ENGENHARIA/PCP/TINTURARIA/CORTE/COSTURA/EXPEDIÇÃO,06,,TINTURARIA,0,PC,PENDENTE DESENVOLVIMENTO,CIA. HERING,4507407493,4507407493,061983,05729,11/29/2026,2648,11 - SEM 48 - 2026,(47) 3534-4078,0,,,0103,GRUPO SOMA,10/20/2026,75,1,19,105,,,0,0,0,0,0,2645,H01,T54 - HERING KIDS O,05,CAIXA - LR,N,N,SSNN,0,,B36,0,0,C00,CONJUNTO CURTO (TOP/BOTTON),,,"36,25",29/11/2026,1,0,AGROLANDIA,AV EDUARDO WILL,500,SAO JOAO,MULTICOLOR,14,25/08/2026,11/29/2026,,1,,,2642,0,,0,80.666.324/0001-00,
078020,1,05157,445,MULTICOLOR TEXTIL LTDA.,0,11 - SEM 45 - 2026,3,04/09,9 lcc,0,OP PRODUÇÃO,0,000,CLASSIFICAR MODELO/FAMILIA,,,04,TINTURARIA,TIN,TIN - TINTURARIA,,,Lib corte,,00/01/1900,00/01/1900,149,SEM LICENÇA HERING,MULTICOLOR TEXTIL LTDA.,13.16.00.0439E,CONJUNTO CURTO / 5BHQ-1G,01,S-BLUSA / TOP,S,HXO,HXO - COLEÇÂO OUTONO 2027 - HERING,1G,1G,8,15,92,0,0,0,0,27/08/2026,9/16/2026,602,ENGENHARIA/PCP/TINTURARIA/CORTE/COSTURA/EXPEDIÇÃO,06,,TINTURARIA,0,PC,PENDENTE DESENVOLVIMENTO,CIA. HERING,4507407493,4507407493,061983,05729,11/29/2026,2648,11 - SEM 48 - 2026,(47) 3534-4078,0,,,0103,GRUPO SOMA,10/20/2026,75,1,19,92,,,0,0,0,0,0,2645,H01,T54 - HERING KIDS O,05,CAIXA - LR,N,N,SSNN,0,,B36,0,0,C00,CONJUNTO CURTO (TOP/BOTTON),,,"36,25",29/11/2026,1,0,AGROLANDIA,AV EDUARDO WILL,500,SAO JOAO,MULTICOLOR,14,25/08/2026,11/29/2026,,1,,,2642,0,,0,80.666.324/0001-00,
078020,1,05157,445,MULTICOLOR TEXTIL LTDA.,0,11 - SEM 45 - 2026,3,04/09,9 lcc,0,OP PRODUÇÃO,0,000,CLASSIFICAR MODELO/FAMILIA,,,04,TINTURARIA,TIN,TIN - TINTURARIA,,,Lib corte,,00/01/1900,00/01/1900,149,SEM LICENÇA HERING,MULTICOLOR TEXTIL LTDA.,13.16.00.0439E,CONJUNTO CURTO / 5BHQ-1G,01,S-BLUSA / TOP,S,HXO,HXO - COLEÇÂO OUTONO 2027 - HERING,1G,1G,10,16,67,0,0,0,0,27/08/2026,9/16/2026,602,ENGENHARIA/PCP/TINTURARIA/CORTE/COSTURA/EXPEDIÇÃO,06,,TINTURARIA,0,PC,PENDENTE DESENVOLVIMENTO,CIA. HERING,4507407493,4507407493,061983,05729,11/29/2026,2648,11 - SEM 48 - 2026,(47) 3534-4078,0,,,0103,GRUPO SOMA,10/20/2026,75,1,19,67,,,0,0,0,0,0,2645,H01,T54 - HERING KIDS O,05,CAIXA - LR,N,N,SSNN,0,,B36,0,0,C00,CONJUNTO CURTO (TOP/BOTTON),,,"36,25",29/11/2026,1,0,AGROLANDIA,AV EDUARDO WILL,500,SAO JOAO,MULTICOLOR,14,25/08/2026,11/29/2026,,1,,,2642,0,,0,80.666.324/0001-00,
078020,1,05157,445,MULTICOLOR TEXTIL LTDA.,0,11 - SEM 45 - 2026,3,04/09,9 lcc,0,OP PRODUÇÃO,0,000,CLASSIFICAR MODELO/FAMILIA,,,04,TINTURARIA,TIN,TIN - TINTURARIA,,,Lib corte,,00/01/1900,00/01/1900,149,SEM LICENÇA HERING,MULTICOLOR TEXTIL LTDA.,13.16.00.0439E,CONJUNTO CURTO / 5BHQ-1G,01,S-BLUSA / TOP,S,HXO,HXO - COLEÇÂO OUTONO 2027 - HERING,1G,1G,12,17,90,0,0,0,0,27/08/2026,9/16/2026,602,ENGENHARIA/PCP/TINTURARIA/CORTE/COSTURA/EXPEDIÇÃO,06,,TINTURARIA,0,PC,PENDENTE DESENVOLVIMENTO,CIA. HERING,4507407493,4507407493,061983,05729,11/29/2026,2648,11 - SEM 48 - 2026,(47) 3534-4078,0,,,0103,GRUPO SOMA,10/20/2026,75,1,19,90,,,0,0,0,0,0,2645,H01,T54 - HERING KIDS O,05,CAIXA - LR,N,N,SSNN,0,,B36,0,0,C00,CONJUNTO CURTO (TOP/BOTTON),,,"36,25",29/11/2026,1,0,AGROLANDIA,AV EDUARDO WILL,500,SAO JOAO,MULTICOLOR,14,25/08/2026,11/29/2026,,1,,,2642,0,,0,80.666.324/0001-00,
078020,1,05157,445,MULTICOLOR TEXTIL LTDA.,0,11 - SEM 45 - 2026,3,04/09,9 lcc,0,OP PRODUÇÃO,0,000,CLASSIFICAR MODELO/FAMILIA,,,04,TINTURARIA,TIN,TIN - TINTURARIA,,,Lib corte,,00/01/1900,00/01/1900,149,SEM LICENÇA HERING,MULTICOLOR TEXTIL LTDA.,13.16.00.0439E,CONJUNTO CURTO / 5BHQ-1G,01,S-BLUSA / TOP,S,HXO,HXO - COLEÇÂO OUTONO 2027 - HERING,1G,1G,14,18,65,0,0,0,0,27/08/2026,9/16/2026,602,ENGENHARIA/PCP/TINTURARIA/CORTE/COSTURA/EXPEDIÇÃO,06,,TINTURARIA,0,PC,PENDENTE DESENVOLVIMENTO,CIA. HERING,4507407493,4507407493,061983,05729,11/29/2026,2648,11 - SEM 48 - 2026,(47) 3534-4078,0,,,0103,GRUPO SOMA,10/20/2026,75,1,19,65,,,0,0,0,0,0,2645,H01,T54 - HERING KIDS O,05,CAIXA - LR,N,N,SSNN,0,,B36,0,0,C00,CONJUNTO CURTO (TOP/BOTTON),,,"36,25",29/11/2026,1,0,AGROLANDIA,AV EDUARDO WILL,500,SAO JOAO,MULTICOLOR,14,25/08/2026,11/29/2026,,1,,,2642,0,,0,80.666.324/0001-00,
078020,1,05157,445,MULTICOLOR TEXTIL LTDA.,0,11 - SEM 45 - 2026,3,04/09,9 lcc,0,OP PRODUÇÃO,0,000,CLASSIFICAR MODELO/FAMILIA,,,04,TINTURARIA,TIN,TIN - TINTURARIA,,,Lib corte,,00/01/1900,00/01/1900,149,SEM LICENÇA HERING,MULTICOLOR TEXTIL LTDA.,13.16.00.0439E,CONJUNTO CURTO / 5BHQ-1G,C6,I-SHORTS CONJUNTO / BOTTON,S,HXO,HXO - COLEÇÂO OUTONO 2027 - HERING,1G,1G,4,13,230,0,0,0,0,27/08/2026,9/16/2026,602,ENGENHARIA/PCP/TINTURARIA/CORTE/COSTURA/EXPEDIÇÃO,06,,TINTURARIA,0,PC,PENDENTE DESENVOLVIMENTO,CIA. HERING,4507407493,4507407493,061983,05729,29/11/2026,2648,11 - SEM 48 - 2026,(47) 3534-4078,0,,,0103,GRUPO SOMA,20/10/2026,75,1,19,230,,,0,0,0,0,0,2645,H01,T54 - HERING KIDS O,05,CAIXA - LR,N,N,SSNN,0,,B36,0,0,C00,CONJUNTO CURTO (TOP/BOTTON),,,"36,25",29/11/2026,1,0,AGROLANDIA,AV EDUARDO WILL,500,SAO JOAO,MULTICOLOR,14,25/08/2026,11/29/2026,,1,,,2642,0,,0,80.666.324/0001-00,
078020,1,05157,445,MULTICOLOR TEXTIL LTDA.,0,11 - SEM 45 - 2026,3,04/09,9 lcc,0,OP PRODUÇÃO,0,000,CLASSIFICAR MODELO/FAMILIA,,,04,TINTURARIA,TIN,TIN - TINTURARIA,,,Lib corte,,00/01/1900,00/01/1900,149,SEM LICENÇA HERING,MULTICOLOR TEXTIL LTDA.,13.16.00.0439E,CONJUNTO CURTO / 5BHQ-1G,C6,I-SHORTS CONJUNTO / BOTTON,S,HXO,HXO - COLEÇÂO OUTONO 2027 - HERING,1G,1G,6,14,105,0,0,0,0,27/08/2026,9/16/2026,602,ENGENHARIA/PCP/TINTURARIA/CORTE/COSTURA/EXPEDIÇÃO,06,,TINTURARIA,0,PC,PENDENTE DESENVOLVIMENTO,CIA. HERING,4507407493,4507407493,061983,05729,11/29/2026,2648,11 - SEM 48 - 2026,(47) 3534-4078,0,,,0103,GRUPO SOMA,10/20/2026,75,1,19,105,,,0,0,0,0,0,2645,H01,T54 - HERING KIDS O,05,CAIXA - LR,N,N,SSNN,0,,B36,0,0,C00,CONJUNTO CURTO (TOP/BOTTON),,,"36,25",29/11/2026,1,0,AGROLANDIA,AV EDUARDO WILL,500,SAO JOAO,MULTICOLOR,14,25/08/2026,11/29/2026,,1,,,2642,0,,0,80.666.324/0001-00,
078020,1,05157,445,MULTICOLOR TEXTIL LTDA.,0,11 - SEM 45 - 2026,3,04/09,9 lcc,0,OP PRODUÇÃO,0,000,CLASSIFICAR MODELO/FAMILIA,,,04,TINTURARIA,TIN,TIN - TINTURARIA,,,Lib corte,,00/01/1900,00/01/1900,149,SEM LICENÇA HERING,MULTICOLOR TEXTIL LTDA.,13.16.00.0439E,CONJUNTO CURTO / 5BHQ-1G,C6,I-SHORTS CONJUNTO / BOTTON,S,HXO,HXO - COLEÇÂO OUTONO 2027 - HERING,1G,1G,8,15,92,0,0,0,0,27/08/2026,9/16/2026,602,ENGENHARIA/PCP/TINTURARIA/CORTE/COSTURA/EXPEDIÇÃO,06,,TINTURARIA,0,PC,PENDENTE DESENVOLVIMENTO,CIA. HERING,4507407493,4507407493,061983,05729,29/11/2026,2648,11 - SEM 48 - 2026,(47) 3534-4078,0,,,0103,GRUPO SOMA,20/10/2026,75,1,19,92,,,0,0,0,0,0,2645,H01,T54 - HERING KIDS O,05,CAIXA - LR,N,N,SSNN,0,,B36,0,0,C00,CONJUNTO CURTO (TOP/BOTTON),,,"36,25",29/11/2026,1,0,AGROLANDIA,AV EDUARDO WILL,500,SAO JOAO,MULTICOLOR,14,25/08/2026,11/29/2026,,1,,,2642,0,,0,80.666.324/0001-00,
078020,1,05157,445,MULTICOLOR TEXTIL LTDA.,0,11 - SEM 45 - 2026,3,04/09,9 lcc,0,OP PRODUÇÃO,0,000,CLASSIFICAR MODELO/FAMILIA,,,04,TINTURARIA,TIN,TIN - TINTURARIA,,,Lib corte,,00/01/1900,00/01/1900,149,SEM LICENÇA HERING,MULTICOLOR TEXTIL LTDA.,13.16.00.0439E,CONJUNTO CURTO / 5BHQ-1G,C6,I-SHORTS CONJUNTO / BOTTON,S,HXO,HXO - COLEÇÂO OUTONO 2027 - HERING,1G,1G,10,16,67,0,0,0,0,27/08/2026,9/16/2026,602,ENGENHARIA/PCP/TINTURARIA/CORTE/COSTURA/EXPEDIÇÃO,06,,TINTURARIA,0,PC,PENDENTE DESENVOLVIMENTO,CIA. HERING,4507407493,4507407493,061983,05729,29/11/2026,2648,11 - SEM 48 - 2026,(47) 3534-4078,0,,,0103,GRUPO SOMA,20/10/2026,75,1,19,67,,,0,0,0,0,0,2645,H01,T54 - HERING KIDS O,05,CAIXA - LR,N,N,SSNN,0,,B36,0,0,C00,CONJUNTO CURTO (TOP/BOTTON),,,"36,25",29/11/2026,1,0,AGROLANDIA,AV EDUARDO WILL,500,SAO JOAO,MULTICOLOR,14,25/08/2026,11/29/2026,,1,,,2642,0,,0,80.666.324/0001-00,
078020,1,05157,445,MULTICOLOR TEXTIL LTDA.,0,11 - SEM 45 - 2026,3,04/09,9 lcc,0,OP PRODUÇÃO,0,000,CLASSIFICAR MODELO/FAMILIA,,,04,TINTURARIA,TIN,TIN - TINTURARIA,,,Lib corte,,00/01/1900,00/01/1900,149,SEM LICENÇA HERING,MULTICOLOR TEXTIL LTDA.,13.16.00.0439E,CONJUNTO CURTO / 5BHQ-1G,C6,I-SHORTS CONJUNTO / BOTTON,S,HXO,HXO - COLEÇÂO OUTONO 2027 - HERING,1G,1G,12,17,90,0,0,0,0,27/08/2026,9/16/2026,602,ENGENHARIA/PCP/TINTURARIA/CORTE/COSTURA/EXPEDIÇÃO,06,,TINTURARIA,0,PC,PENDENTE DESENVOLVIMENTO,CIA. HERING,4507407493,4507407493,061983,05729,29/11/2026,2648,11 - SEM 48 - 2026,(47) 3534-4078,0,,,0103,GRUPO SOMA,20/10/2026,75,1,19,90,,,0,0,0,0,0,2645,H01,T54 - HERING KIDS O,05,CAIXA - LR,N,N,SSNN,0,,B36,0,0,C00,CONJUNTO CURTO (TOP/BOTTON),,,"36,25",29/11/2026,1,0,AGROLANDIA,AV EDUARDO WILL,500,SAO JOAO,MULTICOLOR,14,25/08/2026,11/29/2026,,1,,,2642,0,,0,80.666.324/0001-00,
078020,1,05157,445,MULTICOLOR TEXTIL LTDA.,0,11 - SEM 45 - 2026,3,04/09,9 lcc,0,OP PRODUÇÃO,0,000,CLASSIFICAR MODELO/FAMILIA,,,04,TINTURARIA,TIN,TIN - TINTURARIA,,,Lib corte,,00/01/1900,00/01/1900,149,SEM LICENÇA HERING,MULTICOLOR TEXTIL LTDA.,13.16.00.0439E,CONJUNTO CURTO / 5BHQ-1G,C6,I-SHORTS CONJUNTO / BOTTON,S,HXO,HXO - COLEÇÂO OUTONO 2027 - HERING,1G,1G,14,18,65,0,0,0,0,27/08/2026,9/16/2026,602,ENGENHARIA/PCP/TINTURARIA/CORTE/COSTURA/EXPEDIÇÃO,06,,TINTURARIA,0,PC,PENDENTE DESENVOLVIMENTO,CIA. HERING,4507407493,4507407493,061983,05729,29/11/2026,2648,11 - SEM 48 - 2026,(47) 3534-4078,0,,,0103,GRUPO SOMA,20/10/2026,75,1,19,65,,,0,0,0,0,0,2645,H01,T54 - HERING KIDS O,05,CAIXA - LR,N,N,SSNN,0,,B36,0,0,C00,CONJUNTO CURTO (TOP/BOTTON),,,"36,25",29/11/2026,1,0,AGROLANDIA,AV EDUARDO WILL,500,SAO JOAO,MULTICOLOR,14,25/08/2026,11/29/2026,,1,,,2642,0,,0,80.666.324/0001-00,
078021,1,05045,433,LANCASTER BENEFICIAMENTOS TEXTEIS LTDA,0,11 - SEM 45 - 2026,3,07/08,9 lcc,0,OP PRODUÇÃO,0,000,CLASSIFICAR MODELO/FAMILIA,,,04,TINTURARIA,TIN,TIN - TINTURARIA,,,Lib corte,,00/01/1900,00/01/1900,149,SEM LICENÇA HERING,LANCASTER BENEFICIAMENTOS TEXTEIS LTDA EM RECUPERACAO JUDICIAL,13.13.00.0623C,CONJUNTO CURTO,C6,I-SHORTS CONJUNTO / BOTTON,S,HXO,HXO - COLEÇÂO OUTONO 2027 - HERING,1D,1D,1,10,322,0,0,0,0,10/09/2026,9/30/2026,603,PCP/TINTURARIA/ROTATIVO/CORTE/COSTURA/EXPEDIÇÃO,06,,TINTURARIA,0,PC,LIBERADO PARA PRODUÇÂO,CIA. HERING,4507405484,4507405484,061988,05729,29/11/2026,2648,11 - SEM 48 - 2026,(47) 3330-6006,0,,,0103,GRUPO SOMA,12/10/2026,75,15,5,322,,,0,0,100,0,0,2645,H04,T58 - HERING BBA,05,CAIXA - LR,N,N,SSNN,0,,B32,0,0,C00,CONJUNTO CURTO (TOP/BOTTON),"Rot LANCASTER - 22634-58---2 cores PIG R$ 20, processo completo",,"22,4",29/11/2026,1,0,BLUMENAU,R ALBERTO LOBE,130,VELHA CENTRAL,,14,25/08/2026,11/29/2026,,1,,,2642,0,,0,76.541.317/0002-88,
078021,1,05045,433,LANCASTER BENEFICIAMENTOS TEXTEIS LTDA,0,11 - SEM 45 - 2026,3,07/08,9 lcc,0,OP PRODUÇÃO,0,000,CLASSIFICAR MODELO/FAMILIA,,,04,TINTURARIA,TIN,TIN - TINTURARIA,,,Lib corte,,00/01/1900,00/01/1900,149,SEM LICENÇA HERING,LANCASTER BENEFICIAMENTOS TEXTEIS LTDA EM RECUPERACAO JUDICIAL,13.13.00.0623C,CONJUNTO CURTO,C6,I-SHORTS CONJUNTO / BOTTON,S,HXO,HXO - COLEÇÂO OUTONO 2027 - HERING,1D,1D,2,11,266,0,0,0,0,10/09/2026,9/30/2026,603,PCP/TINTURARIA/ROTATIVO/CORTE/COSTURA/EXPEDIÇÃO,06,,TINTURARIA,0,PC,LIBERADO PARA PRODUÇÂO,CIA. HERING,4507405484,4507405484,061988,05729,29/11/2026,2648,11 - SEM 48 - 2026,(47) 3330-6006,0,,,0103,GRUPO SOMA,12/10/2026,75,15,5,266,,,0,0,100,0,0,2645,H04,T58 - HERING BBA,05,CAIXA - LR,N,N,SSNN,0,,B32,0,0,C00,CONJUNTO CURTO (TOP/BOTTON),"Rot LANCASTER - 22634-58---2 cores PIG R$ 20, processo completo",,"22,4",29/11/2026,1,0,BLUMENAU,R ALBERTO LOBE,130,VELHA CENTRAL,,14,25/08/2026,11/29/2026,,1,,,2642,0,,0,76.541.317/0002-88,
078021,1,05045,433,LANCASTER BENEFICIAMENTOS TEXTEIS LTDA,0,11 - SEM 45 - 2026,3,07/08,9 lcc,0,OP PRODUÇÃO,0,000,CLASSIFICAR MODELO/FAMILIA,,,04,TINTURARIA,TIN,TIN - TINTURARIA,,,Lib corte,,00/01/1900,00/01/1900,149,SEM LICENÇA HERING,LANCASTER BENEFICIAMENTOS TEXTEIS LTDA EM RECUPERACAO JUDICIAL,13.13.00.0623C,CONJUNTO CURTO,C6,I-SHORTS CONJUNTO / BOTTON,S,HXO,HXO - COLEÇÂO OUTONO 2027 - HERING,1D,1D,3,12,339,0,0,0,0,10/09/2026,9/30/2026,603,PCP/TINTURARIA/ROTATIVO/CORTE/COSTURA/EXPEDIÇÃO,06,,TINTURARIA,0,PC,LIBERADO PARA PRODUÇÂO,CIA. HERING,4507405484,4507405484,061988,05729,11/29/2026,2648,11 - SEM 48 - 2026,(47) 3330-6006,0,,,0103,GRUPO SOMA,10/12/2026,75,15,5,339,,,0,0,100,0,0,2645,H04,T58 - HERING BBA,05,CAIXA - LR,N,N,SSNN,0,,B32,0,0,C00,CONJUNTO CURTO (TOP/BOTTON),"Rot LANCASTER - 22634-58---2 cores PIG R$ 20, processo completo",,"22,4",29/11/2026,1,0,BLUMENAU,R ALBERTO LOBE,130,VELHA CENTRAL,,14,25/08/2026,11/29/2026,,1,,,2642,0,,0,76.541.317/0002-88,
078021,1,05045,433,LANCASTER BENEFICIAMENTOS TEXTEIS LTDA,0,11 - SEM 45 - 2026,3,07/08,9 lcc,0,OP PRODUÇÃO,0,000,CLASSIFICAR MODELO/FAMILIA,,,04,TINTURARIA,TIN,TIN - TINTURARIA,,,Lib corte,,00/01/1900,00/01/1900,149,SEM LICENÇA HERING,LANCASTER BENEFICIAMENTOS TEXTEIS LTDA EM RECUPERACAO JUDICIAL,13.13.00.0623C,CONJUNTO CURTO,C6,I-SHORTS CONJUNTO / BOTTON,S,HXO,HXO - COLEÇÂO OUTONO 2027 - HERING,1D,1D,4,13,741,0,0,0,0,10/09/2026,9/30/2026,603,PCP/TINTURARIA/ROTATIVO/CORTE/COSTURA/EXPEDIÇÃO,06,,TINTURARIA,0,PC,LIBERADO PARA PRODUÇÂO,CIA. HERING,4507405484,4507405484,061988,05729,11/29/2026,2648,11 - SEM 48 - 2026,(47) 3330-6006,0,,,0103,GRUPO SOMA,10/12/2026,75,15,5,741,,,0,0,100,0,0,2645,H04,T58 - HERING BBA,05,CAIXA - LR,N,N,SSNN,0,,B32,0,0,C00,CONJUNTO CURTO (TOP/BOTTON),"Rot LANCASTER - 22634-58---2 cores PIG R$ 20, processo completo",,"22,4",29/11/2026,1,0,BLUMENAU,R ALBERTO LOBE,130,VELHA CENTRAL,,14,25/08/2026,11/29/2026,,1,,,2642,0,,0,76.541.317/0002-88,
078021,1,05157,445,MULTICOLOR TEXTIL LTDA.,0,11 - SEM 45 - 2026,3,07/08,9 lcc,0,OP PRODUÇÃO,0,000,CLASSIFICAR MODELO/FAMILIA,,,04,TINTURARIA,TIN,TIN - TINTURARIA,,,Lib corte,,00/01/1900,00/01/1900,149,SEM LICENÇA HERING,MULTICOLOR TEXTIL LTDA.,13.13.00.0623C,CONJUNTO CURTO,01,S-BLUSA / TOP,S,HXO,HXO - COLEÇÂO OUTONO 2027 - HERING,1D,1D,1,10,322,0,0,0,0,27/08/2026,9/16/2026,602,ENGENHARIA/PCP/TINTURARIA/CORTE/COSTURA/EXPEDIÇÃO,06,,TINTURARIA,0,PC,LIBERADO PARA PRODUÇÂO,CIA. HERING,4507405484,4507405484,061988,05729,29/11/2026,2648,11 - SEM 48 - 2026,(47) 3534-4078,0,,,0103,GRUPO SOMA,20/10/2026,75,1,19,322,,,0,0,100,0,0,2645,H04,T58 - HERING BBA,05,CAIXA - LR,N,N,SSNN,0,,B32,0,0,C00,CONJUNTO CURTO (TOP/BOTTON),"Rot LANCASTER - 22634-58---2 cores PIG R$ 20, processo completo",,"22,4",29/11/2026,1,0,AGROLANDIA,AV EDUARDO WILL,500,SAO JOAO,MULTICOLOR,14,25/08/2026,11/29/2026,,1,,,2642,0,,0,80.666.324/0001-00,
078021,1,05157,445,MULTICOLOR TEXTIL LTDA.,0,11 - SEM 45 - 2026,3,07/08,9 lcc,0,OP PRODUÇÃO,0,000,CLASSIFICAR MODELO/FAMILIA,,,04,TINTURARIA,TIN,TIN - TINTURARIA,,,Lib corte,,00/01/1900,00/01/1900,149,SEM LICENÇA HERING,MULTICOLOR TEXTIL LTDA.,13.13.00.0623C,CONJUNTO CURTO,01,S-BLUSA / TOP,S,HXO,HXO - COLEÇÂO OUTONO 2027 - HERING,1D,1D,2,11,266,0,0,0,0,27/08/2026,9/16/2026,602,ENGENHARIA/PCP/TINTURARIA/CORTE/COSTURA/EXPEDIÇÃO,06,,TINTURARIA,0,PC,LIBERADO PARA PRODUÇÂO,CIA. HERING,4507405484,4507405484,061988,05729,11/29/2026,2648,11 - SEM 48 - 2026,(47) 3534-4078,0,,,0103,GRUPO SOMA,10/20/2026,75,1,19,266,,,0,0,100,0,0,2645,H04,T58 - HERING BBA,05,CAIXA - LR,N,N,SSNN,0,,B32,0,0,C00,CONJUNTO CURTO (TOP/BOTTON),"Rot LANCASTER - 22634-58---2 cores PIG R$ 20, processo completo",,"22,4",29/11/2026,1,0,AGROLANDIA,AV EDUARDO WILL,500,SAO JOAO,MULTICOLOR,14,25/08/2026,11/29/2026,,1,,,2642,0,,0,80.666.324/0001-00,
078021,1,05157,445,MULTICOLOR TEXTIL LTDA.,0,11 - SEM 45 - 2026,3,07/08,9 lcc,0,OP PRODUÇÃO,0,000,CLASSIFICAR MODELO/FAMILIA,,,04,TINTURARIA,TIN,TIN - TINTURARIA,,,Lib corte,,00/01/1900,00/01/1900,149,SEM LICENÇA HERING,MULTICOLOR TEXTIL LTDA.,13.13.00.0623C,CONJUNTO CURTO,01,S-BLUSA / TOP,S,HXO,HXO - COLEÇÂO OUTONO 2027 - HERING,1D,1D,3,12,339,0,0,0,0,27/08/2026,9/16/2026,602,ENGENHARIA/PCP/TINTURARIA/CORTE/COSTURA/EXPEDIÇÃO,06,,TINTURARIA,0,PC,LIBERADO PARA PRODUÇÂO,CIA. HERING,4507405484,4507405484,061988,05729,11/29/2026,2648,11 - SEM 48 - 2026,(47) 3534-4078,0,,,0103,GRUPO SOMA,10/20/2026,75,1,19,339,,,0,0,100,0,0,2645,H04,T58 - HERING BBA,05,CAIXA - LR,N,N,SSNN,0,,B32,0,0,C00,CONJUNTO CURTO (TOP/BOTTON),"Rot LANCASTER - 22634-58---2 cores PIG R$ 20, processo completo",,"22,4",29/11/2026,1,0,AGROLANDIA,AV EDUARDO WILL,500,SAO JOAO,MULTICOLOR,14,25/08/2026,11/29/2026,,1,,,2642,0,,0,80.666.324/0001-00,
078021,1,05157,445,MULTICOLOR TEXTIL LTDA.,0,11 - SEM 45 - 2026,3,07/08,9 lcc,0,OP PRODUÇÃO,0,000,CLASSIFICAR MODELO/FAMILIA,,,04,TINTURARIA,TIN,TIN - TINTURARIA,,,Lib corte,,00/01/1900,00/01/1900,149,SEM LICENÇA HERING,MULTICOLOR TEXTIL LTDA.,13.13.00.0623C,CONJUNTO CURTO,01,S-BLUSA / TOP,S,HXO,HXO - COLEÇÂO OUTONO 2027 - HERING,1D,1D,4,13,741,0,0,0,0,27/08/2026,9/16/2026,602,ENGENHARIA/PCP/TINTURARIA/CORTE/COSTURA/EXPEDIÇÃO,06,,TINTURARIA,0,PC,LIBERADO PARA PRODUÇÂO,CIA. HERING,4507405484,4507405484,061988,05729,11/29/2026,2648,11 - SEM 48 - 2026,(47) 3534-4078,0,,,0103,GRUPO SOMA,10/20/2026,75,1,19,741,,,0,0,100,0,0,2645,H04,T58 - HERING BBA,05,CAIXA - LR,N,N,SSNN,0,,B32,0,0,C00,CONJUNTO CURTO (TOP/BOTTON),"Rot LANCASTER - 22634-58---2 cores PIG R$ 20, processo completo",,"22,4",29/11/2026,1,0,AGROLANDIA,AV EDUARDO WILL,500,SAO JOAO,MULTICOLOR,14,25/08/2026,11/29/2026,,1,,,2642,0,,0,80.666.324/0001-00,
078022,1,05045,433,LANCASTER BENEFICIAMENTOS TEXTEIS LTDA,0,11 - SEM 45 - 2026,3,20/07,9 lcc,0,OP PRODUÇÃO,0,000,CLASSIFICAR MODELO/FAMILIA,,,04,TINTURARIA,TIN,TIN - TINTURARIA,,,Lib corte,,00/01/1900,00/01/1900,149,SEM LICENÇA HERING,LANCASTER BENEFICIAMENTOS TEXTEIS LTDA EM RECUPERACAO JUDICIAL,13.13.00.0623D,CONJUNTO CURTO,C6,I-SHORTS CONJUNTO / BOTTON,S,HXO,HXO - COLEÇÂO OUTONO 2027 - HERING,1E,1E,1,10,286,0,0,0,0,27/08/2026,9/16/2026,603,PCP/TINTURARIA/ROTATIVO/CORTE/COSTURA/EXPEDIÇÃO,06,,TINTURARIA,0,PC,LIBERADO PARA PRODUÇÂO,CIA. HERING,4507405484,4507405484,061989,05729,11/29/2026,2648,11 - SEM 48 - 2026,(47) 3330-6006,0,,,0103,GRUPO SOMA,10/12/2026,75,1,19,286,,,0,0,100,0,0,2645,H04,T58 - HERING BBA,05,CAIXA - LR,N,N,SSNN,0,,B30,0,0,C00,CONJUNTO CURTO (TOP/BOTTON),"Rot LANCASTER - 32425-19----- 4 cores PIG R$ 22, processo completo",,"22,4",29/11/2026,1,0,BLUMENAU,R ALBERTO LOBE,130,VELHA CENTRAL,,14,25/08/2026,11/29/2026,,1,,,2642,0,,0,76.541.317/0002-88,
078022,1,05045,433,LANCASTER BENEFICIAMENTOS TEXTEIS LTDA,0,11 - SEM 45 - 2026,3,20/07,9 lcc,0,OP PRODUÇÃO,0,000,CLASSIFICAR MODELO/FAMILIA,,,04,TINTURARIA,TIN,TIN - TINTURARIA,,,Lib corte,,00/01/1900,00/01/1900,149,SEM LICENÇA HERING,LANCASTER BENEFICIAMENTOS TEXTEIS LTDA EM RECUPERACAO JUDICIAL,13.13.00.0623D,CONJUNTO CURTO,C6,I-SHORTS CONJUNTO / BOTTON,S,HXO,HXO - COLEÇÂO OUTONO 2027 - HERING,1E,1E,2,11,234,0,0,0,0,27/08/2026,9/16/2026,603,PCP/TINTURARIA/ROTATIVO/CORTE/COSTURA/EXPEDIÇÃO,06,,TINTURARIA,0,PC,LIBERADO PARA PRODUÇÂO,CIA. HERING,4507405484,4507405484,061989,05729,11/29/2026,2648,11 - SEM 48 - 2026,(47) 3330-6006,0,,,0103,GRUPO SOMA,10/12/2026,75,1,19,234,,,0,0,100,0,0,2645,H04,T58 - HERING BBA,05,CAIXA - LR,N,N,SSNN,0,,B30,0,0,C00,CONJUNTO CURTO (TOP/BOTTON),"Rot LANCASTER - 32425-19----- 4 cores PIG R$ 22, processo completo",,"22,4",29/11/2026,1,0,BLUMENAU,R ALBERTO LOBE,130,VELHA CENTRAL,,14,25/08/2026,11/29/2026,,1,,,2642,0,,0,76.541.317/0002-88,
078022,1,05045,433,LANCASTER BENEFICIAMENTOS TEXTEIS LTDA,0,11 - SEM 45 - 2026,3,20/07,9 lcc,0,OP PRODUÇÃO,0,000,CLASSIFICAR MODELO/FAMILIA,,,04,TINTURARIA,TIN,TIN - TINTURARIA,,,Lib corte,,00/01/1900,00/01/1900,149,SEM LICENÇA HERING,LANCASTER BENEFICIAMENTOS TEXTEIS LTDA EM RECUPERACAO JUDICIAL,13.13.00.0623D,CONJUNTO CURTO,C6,I-SHORTS CONJUNTO / BOTTON,S,HXO,HXO - COLEÇÂO OUTONO 2027 - HERING,1E,1E,3,12,302,0,0,0,0,27/08/2026,9/16/2026,603,PCP/TINTURARIA/ROTATIVO/CORTE/COSTURA/EXPEDIÇÃO,06,,TINTURARIA,0,PC,LIBERADO PARA PRODUÇÂO,CIA. HERING,4507405484,4507405484,061989,05729,29/11/2026,2648,11 - SEM 48 - 2026,(47) 3330-6006,0,,,0103,GRUPO SOMA,12/10/2026,75,1,19,302,,,0,0,100,0,0,2645,H04,T58 - HERING BBA,05,CAIXA - LR,N,N,SSNN,0,,B30,0,0,C00,CONJUNTO CURTO (TOP/BOTTON),"Rot LANCASTER - 32425-19----- 4 cores PIG R$ 22, processo completo",,"22,4",29/11/2026,1,0,BLUMENAU,R ALBERTO LOBE,130,VELHA CENTRAL,,14,25/08/2026,11/29/2026,,1,,,2642,0,,0,76.541.317/0002-88,
078022,1,05045,433,LANCASTER BENEFICIAMENTOS TEXTEIS LTDA,0,11 - SEM 45 - 2026,3,20/07,9 lcc,0,OP PRODUÇÃO,0,000,CLASSIFICAR MODELO/FAMILIA,,,04,TINTURARIA,TIN,TIN - TINTURARIA,,,Lib corte,,00/01/1900,00/01/1900,149,SEM LICENÇA HERING,LANCASTER BENEFICIAMENTOS TEXTEIS LTDA EM RECUPERACAO JUDICIAL,13.13.00.0623D,CONJUNTO CURTO,C6,I-SHORTS CONJUNTO / BOTTON,S,HXO,HXO - COLEÇÂO OUTONO 2027 - HERING,1E,1E,4,13,651,0,0,0,0,27/08/2026,9/16/2026,603,PCP/TINTURARIA/ROTATIVO/CORTE/COSTURA/EXPEDIÇÃO,06,,TINTURARIA,0,PC,LIBERADO PARA PRODUÇÂO,CIA. HERING,4507405484,4507405484,061989,05729,11/29/2026,2648,11 - SEM 48 - 2026,(47) 3330-6006,0,,,0103,GRUPO SOMA,10/12/2026,75,1,19,651,,,0,0,100,0,0,2645,H04,T58 - HERING BBA,05,CAIXA - LR,N,N,SSNN,0,,B30,0,0,C00,CONJUNTO CURTO (TOP/BOTTON),"Rot LANCASTER - 32425-19----- 4 cores PIG R$ 22, processo completo",,"22,4",29/11/2026,1,0,BLUMENAU,R ALBERTO LOBE,130,VELHA CENTRAL,,14,25/08/2026,11/29/2026,,1,,,2642,0,,0,76.541.317/0002-88,
078023,1,05045,433,LANCASTER BENEFICIAMENTOS TEXTEIS LTDA,0,11 - SEM 45 - 2026,3,07/08,9 lcc,0,OP PRODUÇÃO,0,000,CLASSIFICAR MODELO/FAMILIA,,,04,TINTURARIA,TIN,TIN - TINTURARIA,,,Lib corte,,00/01/1900,00/01/1900,149,SEM LICENÇA HERING,LANCASTER BENEFICIAMENTOS TEXTEIS LTDA EM RECUPERACAO JUDICIAL,13.14.00.0624C,TOP CURTO,01,S-BLUSA / TOP,S,HXO,HXO - COLEÇÂO OUTONO 2027 - HERING,2C,2C,1,10,287,0,0,0,0,27/08/2026,9/16/2026,603,PCP/TINTURARIA/ROTATIVO/CORTE/COSTURA/EXPEDIÇÃO,06,,TINTURARIA,0,PC,LIBERADO PARA PRODUÇÂO,CIA. HERING,4507406971,4507406971,062015,05729,11/29/2026,2648,11 - SEM 48 - 2026,(47) 3330-6006,0,,,0103,GRUPO SOMA,10/12/2026,75,1,19,287,,,0,0,100,0,0,2645,H03,T52 - HERING BB0,05,CAIXA - LR,N,N,SSNN,0,,B32,0,0,T00,TOP CURTO (TOP),"Rot LANCASTER - 22627-5 -------2 cores PIG R$ 20, processo completo",,"14,9",29/11/2026,0,0,BLUMENAU,R ALBERTO LOBE,130,VELHA CENTRAL,,14,25/08/2026,11/29/2026,,1,,,2642,0,,0,76.541.317/0002-88,
078023,1,05045,433,LANCASTER BENEFICIAMENTOS TEXTEIS LTDA,0,11 - SEM 45 - 2026,3,07/08,9 lcc,0,OP PRODUÇÃO,0,000,CLASSIFICAR MODELO/FAMILIA,,,04,TINTURARIA,TIN,TIN - TINTURARIA,,,Lib corte,,00/01/1900,00/01/1900,149,SEM LICENÇA HERING,LANCASTER BENEFICIAMENTOS TEXTEIS LTDA EM RECUPERACAO JUDICIAL,13.14.00.0624C,TOP CURTO,01,S-BLUSA / TOP,S,HXO,HXO - COLEÇÂO OUTONO 2027 - HERING,2C,2C,2,11,341,0,0,0,0,27/08/2026,9/16/2026,603,PCP/TINTURARIA/ROTATIVO/CORTE/COSTURA/EXPEDIÇÃO,06,,TINTURARIA,0,PC,LIBERADO PARA PRODUÇÂO,CIA. HERING,4507406971,4507406971,062015,05729,11/29/2026,2648,11 - SEM 48 - 2026,(47) 3330-6006,0,,,0103,GRUPO SOMA,10/12/2026,75,1,19,341,,,0,0,100,0,0,2645,H03,T52 - HERING BB0,05,CAIXA - LR,N,N,SSNN,0,,B32,0,0,T00,TOP CURTO (TOP),"Rot LANCASTER - 22627-5 -------2 cores PIG R$ 20, processo completo",,"14,9",29/11/2026,0,0,BLUMENAU,R ALBERTO LOBE,130,VELHA CENTRAL,,14,25/08/2026,11/29/2026,,1,,,2642,0,,0,76.541.317/0002-88,
078023,1,05045,433,LANCASTER BENEFICIAMENTOS TEXTEIS LTDA,0,11 - SEM 45 - 2026,3,07/08,9 lcc,0,OP PRODUÇÃO,0,000,CLASSIFICAR MODELO/FAMILIA,,,04,TINTURARIA,TIN,TIN - TINTURARIA,,,Lib corte,,00/01/1900,00/01/1900,149,SEM LICENÇA HERING,LANCASTER BENEFICIAMENTOS TEXTEIS LTDA EM RECUPERACAO JUDICIAL,13.14.00.0624C,TOP CURTO,01,S-BLUSA / TOP,S,HXO,HXO - COLEÇÂO OUTONO 2027 - HERING,2C,2C,3,12,465,0,0,0,0,27/08/2026,9/16/2026,603,PCP/TINTURARIA/ROTATIVO/CORTE/COSTURA/EXPEDIÇÃO,06,,TINTURARIA,0,PC,LIBERADO PARA PRODUÇÂO,CIA. HERING,4507406971,4507406971,062015,05729,11/29/2026,2648,11 - SEM 48 - 2026,(47) 3330-6006,0,,,0103,GRUPO SOMA,10/12/2026,75,1,19,465,,,0,0,100,0,0,2645,H03,T52 - HERING BB0,05,CAIXA - LR,N,N,SSNN,0,,B32,0,0,T00,TOP CURTO (TOP),"Rot LANCASTER - 22627-5 -------2 cores PIG R$ 20, processo completo",,"14,9",29/11/2026,0,0,BLUMENAU,R ALBERTO LOBE,130,VELHA CENTRAL,,14,25/08/2026,11/29/2026,,1,,,2642,0,,0,76.541.317/0002-88,
078023,1,05045,433,LANCASTER BENEFICIAMENTOS TEXTEIS LTDA,0,11 - SEM 45 - 2026,3,07/08,9 lcc,0,OP PRODUÇÃO,0,000,CLASSIFICAR MODELO/FAMILIA,,,04,TINTURARIA,TIN,TIN - TINTURARIA,,,Lib corte,,00/01/1900,00/01/1900,149,SEM LICENÇA HERING,LANCASTER BENEFICIAMENTOS TEXTEIS LTDA EM RECUPERACAO JUDICIAL,13.14.00.0624C,TOP CURTO,01,S-BLUSA / TOP,S,HXO,HXO - COLEÇÂO OUTONO 2027 - HERING,2C,2C,4,13,308,0,0,0,0,27/08/2026,9/16/2026,603,PCP/TINTURARIA/ROTATIVO/CORTE/COSTURA/EXPEDIÇÃO,06,,TINTURARIA,0,PC,LIBERADO PARA PRODUÇÂO,CIA. HERING,4507406971,4507406971,062015,05729,11/29/2026,2648,11 - SEM 48 - 2026,(47) 3330-6006,0,,,0103,GRUPO SOMA,10/12/2026,75,1,19,308,,,0,0,100,0,0,2645,H03,T52 - HERING BB0,05,CAIXA - LR,N,N,SSNN,0,,B32,0,0,T00,TOP CURTO (TOP),"Rot LANCASTER - 22627-5 -------2 cores PIG R$ 20, processo completo",,"14,9",29/11/2026,0,0,BLUMENAU,R ALBERTO LOBE,130,VELHA CENTRAL,,14,25/08/2026,11/29/2026,,1,,,2642,0,,0,76.541.317/0002-88,
078024,1,05045,433,LANCASTER BENEFICIAMENTOS TEXTEIS LTDA,0,11 - SEM 45 - 2026,3,20/07,9 lcc,0,OP PRODUÇÃO,0,000,CLASSIFICAR MODELO/FAMILIA,,,04,TINTURARIA,TIN,TIN - TINTURARIA,,,Lib corte,,00/01/1900,00/01/1900,149,SEM LICENÇA HERING,LANCASTER BENEFICIAMENTOS TEXTEIS LTDA EM RECUPERACAO JUDICIAL,13.14.00.0624D,TOP CURTO,01,S-BLUSA / TOP,S,HXO,HXO - COLEÇÂO OUTONO 2027 - HERING,2D,2D,1,10,398,0,0,0,0,27/08/2026,9/16/2026,603,PCP/TINTURARIA/ROTATIVO/CORTE/COSTURA/EXPEDIÇÃO,06,,TINTURARIA,0,PC,LIBERADO PARA PRODUÇÂO,CIA. HERING,4507406971,4507406971,062016,05729,11/29/2026,2648,11 - SEM 48 - 2026,(47) 3330-6006,0,,,0103,GRUPO SOMA,10/12/2026,75,1,19,398,,,0,0,100,0,0,2645,H03,T52 - HERING BB0,05,CAIXA - LR,N,N,SSNN,0,,B29,0,0,T00,TOP CURTO (TOP),"Rot LANCASTER - 43627-4 ----4 cores PIG R$ 22, processo completo",,"14,9",29/11/2026,0,0,BLUMENAU,R ALBERTO LOBE,130,VELHA CENTRAL,,14,25/08/2026,11/29/2026,,1,,,2642,0,,0,76.541.317/0002-88,
078024,1,05045,433,LANCASTER BENEFICIAMENTOS TEXTEIS LTDA,0,11 - SEM 45 - 2026,3,20/07,9 lcc,0,OP PRODUÇÃO,0,000,CLASSIFICAR MODELO/FAMILIA,,,04,TINTURARIA,TIN,TIN - TINTURARIA,,,Lib corte,,00/01/1900,00/01/1900,149,SEM LICENÇA HERING,LANCASTER BENEFICIAMENTOS TEXTEIS LTDA EM RECUPERACAO JUDICIAL,13.14.00.0624D,TOP CURTO,01,S-BLUSA / TOP,S,HXO,HXO - COLEÇÂO OUTONO 2027 - HERING,2D,2D,2,11,473,0,0,0,0,27/08/2026,9/16/2026,603,PCP/TINTURARIA/ROTATIVO/CORTE/COSTURA/EXPEDIÇÃO,06,,TINTURARIA,0,PC,LIBERADO PARA PRODUÇÂO,CIA. HERING,4507406971,4507406971,062016,05729,11/29/2026,2648,11 - SEM 48 - 2026,(47) 3330-6006,0,,,0103,GRUPO SOMA,10/12/2026,75,1,19,473,,,0,0,100,0,0,2645,H03,T52 - HERING BB0,05,CAIXA - LR,N,N,SSNN,0,,B29,0,0,T00,TOP CURTO (TOP),"Rot LANCASTER - 43627-4 ----4 cores PIG R$ 22, processo completo",,"14,9",29/11/2026,0,0,BLUMENAU,R ALBERTO LOBE,130,VELHA CENTRAL,,14,25/08/2026,11/29/2026,,1,,,2642,0,,0,76.541.317/0002-88,
078024,1,05045,433,LANCASTER BENEFICIAMENTOS TEXTEIS LTDA,0,11 - SEM 45 - 2026,3,20/07,9 lcc,0,OP PRODUÇÃO,0,000,CLASSIFICAR MODELO/FAMILIA,,,04,TINTURARIA,TIN,TIN - TINTURARIA,,,Lib corte,,00/01/1900,00/01/1900,149,SEM LICENÇA HERING,LANCASTER BENEFICIAMENTOS TEXTEIS LTDA EM RECUPERACAO JUDICIAL,13.14.00.0624D,TOP CURTO,01,S-BLUSA / TOP,S,HXO,HXO - COLEÇÂO OUTONO 2027 - HERING,2D,2D,3,12,644,0,0,0,0,27/08/2026,9/16/2026,603,PCP/TINTURARIA/ROTATIVO/CORTE/COSTURA/EXPEDIÇÃO,06,,TINTURARIA,0,PC,LIBERADO PARA PRODUÇÂO,CIA. HERING,4507406971,4507406971,062016,05729,29/11/2026,2648,11 - SEM 48 - 2026,(47) 3330-6006,0,,,0103,GRUPO SOMA,12/10/2026,75,1,19,644,,,0,0,100,0,0,2645,H03,T52 - HERING BB0,05,CAIXA - LR,N,N,SSNN,0,,B29,0,0,T00,TOP CURTO (TOP),"Rot LANCASTER - 43627-4 ----4 cores PIG R$ 22, processo completo",,"14,9",29/11/2026,0,0,BLUMENAU,R ALBERTO LOBE,130,VELHA CENTRAL,,14,25/08/2026,11/29/2026,,1,,,2642,0,,0,76.541.317/0002-88,
078024,1,05045,433,LANCASTER BENEFICIAMENTOS TEXTEIS LTDA,0,11 - SEM 45 - 2026,3,20/07,9 lcc,0,OP PRODUÇÃO,0,000,CLASSIFICAR MODELO/FAMILIA,,,04,TINTURARIA,TIN,TIN - TINTURARIA,,,Lib corte,,00/01/1900,00/01/1900,149,SEM LICENÇA HERING,LANCASTER BENEFICIAMENTOS TEXTEIS LTDA EM RECUPERACAO JUDICIAL,13.14.00.0624D,TOP CURTO,01,S-BLUSA / TOP,S,HXO,HXO - COLEÇÂO OUTONO 2027 - HERING,2D,2D,4,13,429,0,0,0,0,27/08/2026,9/16/2026,603,PCP/TINTURARIA/ROTATIVO/CORTE/COSTURA/EXPEDIÇÃO,06,,TINTURARIA,0,PC,LIBERADO PARA PRODUÇÂO,CIA. HERING,4507406971,4507406971,062016,05729,29/11/2026,2648,11 - SEM 48 - 2026,(47) 3330-6006,0,,,0103,GRUPO SOMA,12/10/2026,75,1,19,429,,,0,0,100,0,0,2645,H03,T52 - HERING BB0,05,CAIXA - LR,N,N,SSNN,0,,B29,0,0,T00,TOP CURTO (TOP),"Rot LANCASTER - 43627-4 ----4 cores PIG R$ 22, processo completo",,"14,9",29/11/2026,0,0,BLUMENAU,R ALBERTO LOBE,130,VELHA CENTRAL,,14,25/08/2026,11/29/2026,,1,,,2642,0,,0,76.541.317/0002-88,
078025,1,05045,433,LANCASTER BENEFICIAMENTOS TEXTEIS LTDA,0,11 - SEM 45 - 2026,3,07/08,9 lcc,0,OP PRODUÇÃO,0,000,CLASSIFICAR MODELO/FAMILIA,,,04,TINTURARIA,TIN,TIN - TINTURARIA,,,Lib corte,,00/01/1900,00/01/1900,149,SEM LICENÇA HERING,LANCASTER BENEFICIAMENTOS TEXTEIS LTDA EM RECUPERACAO JUDICIAL,13.14.00.0625C,SHORTS,02,I-SHORTS / BOTTON,S,HXO,HXO - COLEÇÂO OUTONO 2027 - HERING,1D,1D,1,10,78,0,0,0,0,27/08/2026,9/16/2026,603,PCP/TINTURARIA/ROTATIVO/CORTE/COSTURA/EXPEDIÇÃO,06,,TINTURARIA,0,PC,LIBERADO PARA PRODUÇÂO,CIA. HERING,4507405484,4507405484,062006,05729,29/11/2026,2648,11 - SEM 48 - 2026,(47) 3330-6006,0,,,0103,GRUPO SOMA,12/10/2026,75,1,19,78,,,0,0,100,0,0,2645,H03,T52 - HERING BB0,05,CAIXA - LR,N,N,SSNN,0,,B32,0,0,B00,SHORTS (BOTTON),"Rot 2--- LANCASTER - 22627-5 ---- cores PIG R$ 20, processo completo",,17,29/11/2026,0,0,BLUMENAU,R ALBERTO LOBE,130,VELHA CENTRAL,,14,25/08/2026,11/29/2026,,1,,,2642,0,,0,76.541.317/0002-88,
078025,1,05045,433,LANCASTER BENEFICIAMENTOS TEXTEIS LTDA,0,11 - SEM 45 - 2026,3,07/08,9 lcc,0,OP PRODUÇÃO,0,000,CLASSIFICAR MODELO/FAMILIA,,,04,TINTURARIA,TIN,TIN - TINTURARIA,,,Lib corte,,00/01/1900,00/01/1900,149,SEM LICENÇA HERING,LANCASTER BENEFICIAMENTOS TEXTEIS LTDA EM RECUPERACAO JUDICIAL,13.14.00.0625C,SHORTS,02,I-SHORTS / BOTTON,S,HXO,HXO - COLEÇÂO OUTONO 2027 - HERING,1D,1D,2,11,220,0,0,0,0,27/08/2026,9/16/2026,603,PCP/TINTURARIA/ROTATIVO/CORTE/COSTURA/EXPEDIÇÃO,06,,TINTURARIA,0,PC,LIBERADO PARA PRODUÇÂO,CIA. HERING,4507405484,4507405484,062006,05729,29/11/2026,2648,11 - SEM 48 - 2026,(47) 3330-6006,0,,,0103,GRUPO SOMA,12/10/2026,75,1,19,220,,,0,0,100,0,0,2645,H03,T52 - HERING BB0,05,CAIXA - LR,N,N,SSNN,0,,B32,0,0,B00,SHORTS (BOTTON),"Rot 2--- LANCASTER - 22627-5 ---- cores PIG R$ 20, processo completo",,17,29/11/2026,0,0,BLUMENAU,R ALBERTO LOBE,130,VELHA CENTRAL,,14,25/08/2026,11/29/2026,,1,,,2642,0,,0,76.541.317/0002-88,
078025,1,05045,433,LANCASTER BENEFICIAMENTOS TEXTEIS LTDA,0,11 - SEM 45 - 2026,3,07/08,9 lcc,0,OP PRODUÇÃO,0,000,CLASSIFICAR MODELO/FAMILIA,,,04,TINTURARIA,TIN,TIN - TINTURARIA,,,Lib corte,,00/01/1900,00/01/1900,149,SEM LICENÇA HERING,LANCASTER BENEFICIAMENTOS TEXTEIS LTDA EM RECUPERACAO JUDICIAL,13.14.00.0625C,SHORTS,02,I-SHORTS / BOTTON,S,HXO,HXO - COLEÇÂO OUTONO 2027 - HERING,1D,1D,3,12,80,0,0,0,0,27/08/2026,9/16/2026,603,PCP/TINTURARIA/ROTATIVO/CORTE/COSTURA/EXPEDIÇÃO,06,,TINTURARIA,0,PC,LIBERADO PARA PRODUÇÂO,CIA. HERING,4507405484,4507405484,062006,05729,29/11/2026,2648,11 - SEM 48 - 2026,(47) 3330-6006,0,,,0103,GRUPO SOMA,12/10/2026,75,1,19,80,,,0,0,100,0,0,2645,H03,T52 - HERING BB0,05,CAIXA - LR,N,N,SSNN,0,,B32,0,0,B00,SHORTS (BOTTON),"Rot 2--- LANCASTER - 22627-5 ---- cores PIG R$ 20, processo completo",,17,29/11/2026,0,0,BLUMENAU,R ALBERTO LOBE,130,VELHA CENTRAL,,14,25/08/2026,11/29/2026,,1,,,2642,0,,0,76.541.317/0002-88,
078025,1,05045,433,LANCASTER BENEFICIAMENTOS TEXTEIS LTDA,0,11 - SEM 45 - 2026,3,07/08,9 lcc,0,OP PRODUÇÃO,0,000,CLASSIFICAR MODELO/FAMILIA,,,04,TINTURARIA,TIN,TIN - TINTURARIA,,,Lib corte,,00/01/1900,00/01/1900,149,SEM LICENÇA HERING,LANCASTER BENEFICIAMENTOS TEXTEIS LTDA EM RECUPERACAO JUDICIAL,13.14.00.0625C,SHORTS,02,I-SHORTS / BOTTON,S,HXO,HXO - COLEÇÂO OUTONO 2027 - HERING,1D,1D,4,13,432,0,0,0,0,27/08/2026,9/16/2026,603,PCP/TINTURARIA/ROTATIVO/CORTE/COSTURA/EXPEDIÇÃO,06,,TINTURARIA,0,PC,LIBERADO PARA PRODUÇÂO,CIA. HERING,4507405484,4507405484,062006,05729,29/11/2026,2648,11 - SEM 48 - 2026,(47) 3330-6006,0,,,0103,GRUPO SOMA,12/10/2026,75,1,19,432,,,0,0,100,0,0,2645,H03,T52 - HERING BB0,05,CAIXA - LR,N,N,SSNN,0,,B32,0,0,B00,SHORTS (BOTTON),"Rot 2--- LANCASTER - 22627-5 ---- cores PIG R$ 20, processo completo",,17,29/11/2026,0,0,BLUMENAU,R ALBERTO LOBE,130,VELHA CENTRAL,,14,25/08/2026,11/29/2026,,1,,,2642,0,,0,76.541.317/0002-88,
078026,1,05045,433,LANCASTER BENEFICIAMENTOS TEXTEIS LTDA,0,11 - SEM 45 - 2026,3,20/07,9 lcc,0,OP PRODUÇÃO,0,000,CLASSIFICAR MODELO/FAMILIA,,,04,TINTURARIA,TIN,TIN - TINTURARIA,,,Lib corte,,00/01/1900,00/01/1900,149,SEM LICENÇA HERING,LANCASTER BENEFICIAMENTOS TEXTEIS LTDA EM RECUPERACAO JUDICIAL,13.14.00.0625D,SHORTS,02,I-SHORTS / BOTTON,S,HXO,HXO - COLEÇÂO OUTONO 2027 - HERING,1E,1E,1,10,141,0,0,0,0,27/08/2026,9/16/2026,603,PCP/TINTURARIA/ROTATIVO/CORTE/COSTURA/EXPEDIÇÃO,06,,TINTURARIA,0,PC,LIBERADO PARA PRODUÇÂO,CIA. HERING,4507405484,4507405484,062007,05729,29/11/2026,2648,11 - SEM 48 - 2026,(47) 3330-6006,0,,,0103,GRUPO SOMA,12/10/2026,75,1,19,141,,,0,0,100,0,0,2645,H03,T52 - HERING BB0,05,CAIXA - LR,N,N,SSNN,0,,B29,0,0,B00,SHORTS (BOTTON),"Rot LANCASTER - 43627-4------4 cores PIG R$ 22, processo completo",,17,29/11/2026,0,0,BLUMENAU,R ALBERTO LOBE,130,VELHA CENTRAL,,14,25/08/2026,11/29/2026,,1,,,2642,0,,0,76.541.317/0002-88,
078026,1,05045,433,LANCASTER BENEFICIAMENTOS TEXTEIS LTDA,0,11 - SEM 45 - 2026,3,20/07,9 lcc,0,OP PRODUÇÃO,0,000,CLASSIFICAR MODELO/FAMILIA,,,04,TINTURARIA,TIN,TIN - TINTURARIA,,,Lib corte,,00/01/1900,00/01/1900,149,SEM LICENÇA HERING,LANCASTER BENEFICIAMENTOS TEXTEIS LTDA EM RECUPERACAO JUDICIAL,13.14.00.0625D,SHORTS,02,I-SHORTS / BOTTON,S,HXO,HXO - COLEÇÂO OUTONO 2027 - HERING,1E,1E,2,11,397,0,0,0,0,27/08/2026,9/16/2026,603,PCP/TINTURARIA/ROTATIVO/CORTE/COSTURA/EXPEDIÇÃO,06,,TINTURARIA,0,PC,LIBERADO PARA PRODUÇÂO,CIA. HERING,4507405484,4507405484,062007,05729,29/11/2026,2648,11 - SEM 48 - 2026,(47) 3330-6006,0,,,0103,GRUPO SOMA,12/10/2026,75,1,19,397,,,0,0,100,0,0,2645,H03,T52 - HERING BB0,05,CAIXA - LR,N,N,SSNN,0,,B29,0,0,B00,SHORTS (BOTTON),"Rot LANCASTER - 43627-4------4 cores PIG R$ 22, processo completo",,17,29/11/2026,0,0,BLUMENAU,R ALBERTO LOBE,130,VELHA CENTRAL,,14,25/08/2026,11/29/2026,,1,,,2642,0,,0,76.541.317/0002-88,
078026,1,05045,433,LANCASTER BENEFICIAMENTOS TEXTEIS LTDA,0,11 - SEM 45 - 2026,3,20/07,9 lcc,0,OP PRODUÇÃO,0,000,CLASSIFICAR MODELO/FAMILIA,,,04,TINTURARIA,TIN,TIN - TINTURARIA,,,Lib corte,,00/01/1900,00/01/1900,149,SEM LICENÇA HERING,LANCASTER BENEFICIAMENTOS TEXTEIS LTDA EM RECUPERACAO JUDICIAL,13.14.00.0625D,SHORTS,02,I-SHORTS / BOTTON,S,HXO,HXO - COLEÇÂO OUTONO 2027 - HERING,1E,1E,3,12,143,0,0,0,0,27/08/2026,9/16/2026,603,PCP/TINTURARIA/ROTATIVO/CORTE/COSTURA/EXPEDIÇÃO,06,,TINTURARIA,0,PC,LIBERADO PARA PRODUÇÂO,CIA. HERING,4507405484,4507405484,062007,05729,29/11/2026,2648,11 - SEM 48 - 2026,(47) 3330-6006,0,,,0103,GRUPO SOMA,12/10/2026,75,1,19,143,,,0,0,100,0,0,2645,H03,T52 - HERING BB0,05,CAIXA - LR,N,N,SSNN,0,,B29,0,0,B00,SHORTS (BOTTON),"Rot LANCASTER - 43627-4------4 cores PIG R$ 22, processo completo",,17,29/11/2026,0,0,BLUMENAU,R ALBERTO LOBE,130,VELHA CENTRAL,,14,25/08/2026,11/29/2026,,1,,,2642,0,,0,76.541.317/0002-88,
078026,1,05045,433,LANCASTER BENEFICIAMENTOS TEXTEIS LTDA,0,11 - SEM 45 - 2026,3,20/07,9 lcc,0,OP PRODUÇÃO,0,000,CLASSIFICAR MODELO/FAMILIA,,,04,TINTURARIA,TIN,TIN - TINTURARIA,,,Lib corte,,00/01/1900,00/01/1900,149,SEM LICENÇA HERING,LANCASTER BENEFICIAMENTOS TEXTEIS LTDA EM RECUPERACAO JUDICIAL,13.14.00.0625D,SHORTS,02,I-SHORTS / BOTTON,S,HXO,HXO - COLEÇÂO OUTONO 2027 - HERING,1E,1E,4,13,789,0,0,0,0,27/08/2026,9/16/2026,603,PCP/TINTURARIA/ROTATIVO/CORTE/COSTURA/EXPEDIÇÃO,06,,TINTURARIA,0,PC,LIBERADO PARA PRODUÇÂO,CIA. HERING,4507405484,4507405484,062007,05729,29/11/2026,2648,11 - SEM 48 - 2026,(47) 3330-6006,0,,,0103,GRUPO SOMA,12/10/2026,75,1,19,789,,,0,0,100,0,0,2645,H03,T52 - HERING BB0,05,CAIXA - LR,N,N,SSNN,0,,B29,0,0,B00,SHORTS (BOTTON),"Rot LANCASTER - 43627-4------4 cores PIG R$ 22, processo completo",,17,29/11/2026,0,0,BLUMENAU,R ALBERTO LOBE,130,VELHA CENTRAL,,14,25/08/2026,11/29/2026,,1,,,2642,0,,0,76.541.317/0002-88,
078027,1,05045,433,LANCASTER BENEFICIAMENTOS TEXTEIS LTDA,0,10 - SEM 42 - 2026,3,,9 lcc,0,OP PRODUÇÃO,0,000,CLASSIFICAR MODELO/FAMILIA,,,04,TINTURARIA,TIN,TIN - TINTURARIA,,,Lib corte,,00/01/1900,00/01/1900,149,SEM LICENÇA HERING,LANCASTER BENEFICIAMENTOS TEXTEIS LTDA EM RECUPERACAO JUDICIAL,13.13.00.0622EM,CALÇA,04,I-CALÇA / BOTTON,S,HXO,HXO - COLEÇÂO OUTONO 2027 - HERING,2T,2T,4,13,100,0,0,0,0,27/08/2026,9/16/2026,603,PCP/TINTURARIA/ROTATIVO/CORTE/COSTURA/EXPEDIÇÃO,06,,TINTURARIA,0,PC,LIBERADO PARA PRODUÇÂO,CIA. HERING,4507413394,4507413394,062039,05729,01/11/2026,2644,10 - SEM 44 - 2026,(47) 3330-6006,0,,,0103,GRUPO SOMA,07/07/2026,47,1,19,100,,,0,0,0,0,0,2642,H04,T58 - HERING BBA,05,CAIXA - LR,N,N,SSNN,0,,,0,0,B01,CALÇA (BOTTON),,,"17,4",01/11/2026,0,0,BLUMENAU,R ALBERTO LOBE,130,VELHA CENTRAL,,14,25/08/2026,8/25/2026,,1,,,2642,0,,0,76.541.317/0002-88,
078029,1,05045,433,LANCASTER BENEFICIAMENTOS TEXTEIS LTDA,0,10 - SEM 42 - 2026,3,,9 lcc,0,OP PRODUÇÃO,0,000,CLASSIFICAR MODELO/FAMILIA,,,04,TINTURARIA,TIN,TIN - TINTURARIA,,,Lib corte,,00/01/1900,00/01/1900,149,SEM LICENÇA HERING,LANCASTER BENEFICIAMENTOS TEXTEIS LTDA EM RECUPERACAO JUDICIAL,13.13.00.0623DM,CONJUNTO CURTO,C6,I-SHORTS CONJUNTO / BOTTON,S,HXO,HXO - COLEÇÂO OUTONO 2027 - HERING,1E,1E,4,13,100,0,0,0,0,27/08/2026,9/16/2026,603,PCP/TINTURARIA/ROTATIVO/CORTE/COSTURA/EXPEDIÇÃO,06,,TINTURARIA,0,PC,LIBERADO PARA PRODUÇÂO,CIA. HERING,4507413394,4507413394,062041,05729,01/11/2026,2644,10 - SEM 44 - 2026,(47) 3330-6006,0,,,0103,GRUPO SOMA,31/08/2026,47,1,19,100,,,0,0,0,0,0,2642,H04,T58 - HERING BBA,05,CAIXA - LR,N,N,SSNN,0,,,0,0,C00,CONJUNTO CURTO (TOP/BOTTON),,,"22,4",01/11/2026,1,0,BLUMENAU,R ALBERTO LOBE,130,VELHA CENTRAL,,14,25/08/2026,10/18/2026,,1,,,2642,0,,0,76.541.317/0002-88,
078030,1,05045,433,LANCASTER BENEFICIAMENTOS TEXTEIS LTDA,0,10 - SEM 42 - 2026,3,,9 lcc,0,OP PRODUÇÃO,0,000,CLASSIFICAR MODELO/FAMILIA,,,04,TINTURARIA,TIN,TIN - TINTURARIA,,,Lib corte,,00/01/1900,00/01/1900,149,SEM LICENÇA HERING,LANCASTER BENEFICIAMENTOS TEXTEIS LTDA EM RECUPERACAO JUDICIAL,13.14.00.0624DM,TOP CURTO,01,S-BLUSA / TOP,S,HXO,HXO - COLEÇÂO OUTONO 2027 - HERING,2D,2D,4,13,100,0,0,0,0,27/08/2026,9/16/2026,603,PCP/TINTURARIA/ROTATIVO/CORTE/COSTURA/EXPEDIÇÃO,06,,TINTURARIA,0,PC,LIBERADO PARA PRODUÇÂO,CIA. HERING,4507413394,4507413394,062044,05729,01/11/2026,2644,10 - SEM 44 - 2026,(47) 3330-6006,0,,,0103,GRUPO SOMA,31/08/2026,47,1,19,100,,,0,0,0,0,0,2642,H03,T52 - HERING BB0,05,CAIXA - LR,N,N,SSNN,0,,,0,0,T00,TOP CURTO (TOP),"Rot LANCASTER - 43627-4 ----4 cores PIG R$ 22, processo completo",,"14,9",01/11/2026,0,0,BLUMENAU,R ALBERTO LOBE,130,VELHA CENTRAL,,14,25/08/2026,10/18/2026,,1,,,2642,0,,0,76.541.317/0002-88,
078031,1,05045,433,LANCASTER BENEFICIAMENTOS TEXTEIS LTDA,0,10 - SEM 42 - 2026,3,,9 lcc,0,OP PRODUÇÃO,0,000,CLASSIFICAR MODELO/FAMILIA,,,04,TINTURARIA,TIN,TIN - TINTURARIA,,,Lib corte,,00/01/1900,00/01/1900,149,SEM LICENÇA HERING,LANCASTER BENEFICIAMENTOS TEXTEIS LTDA EM RECUPERACAO JUDICIAL,13.14.00.0625DM,SHORTS,02,I-SHORTS / BOTTON,S,HXO,HXO - COLEÇÂO OUTONO 2027 - HERING,1E,1E,4,13,100,0,0,0,0,27/08/2026,9/16/2026,603,PCP/TINTURARIA/ROTATIVO/CORTE/COSTURA/EXPEDIÇÃO,06,,TINTURARIA,0,PC,LIBERADO PARA PRODUÇÂO,CIA. HERING,4507413394,4507413394,062043,05729,01/11/2026,2644,10 - SEM 44 - 2026,(47) 3330-6006,0,,,0103,GRUPO SOMA,31/08/2026,47,1,19,100,,,0,0,0,0,0,2642,H03,T52 - HERING BB0,05,CAIXA - LR,N,N,SSNN,0,,,0,0,B00,SHORTS (BOTTON),LACRES: [x] MODELAGEM-[x] ESTAMP - [x] COR -[ ] AVIAMENTOS,"Rot LANCASTER - 43627-4 ----4 cores PIG R$ 22, processo completo",17,01/11/2026,0,0,BLUMENAU,R ALBERTO LOBE,130,VELHA CENTRAL,,14,25/08/2026,10/18/2026,,1,,,2642,0,,0,76.541.317/0002-88,
078035,1,05157,445,MULTICOLOR TEXTIL LTDA.,0,11 - SEM 46 - 2026,3,28/08,9 lcc,0,OP PRODUÇÃO,0,000,CLASSIFICAR MODELO/FAMILIA,,,04,TINTURARIA,TIN,TIN - TINTURARIA,,,Lib corte,,00/01/1900,00/01/1900,87,DISNEY RENNER,MULTICOLOR TEXTIL LTDA.,02.14.01.0326,TOP REGATA POLIESTER / LCO_SS27_CMC_0007,01,S-BLUSA / TOP,S,RR6,RR6 - RENNER VERÃO 27,ON1059,AMPARO BLUE 100% PES,2,11,1726,0,0,0,0,26/08/2026,9/15/2026,702,PCP/TINTURARIA/CORTE/COSTURA/EXPEDIÇÃO,06,,TINTURARIA,0,PC,LIBERADO PARA PRODUÇÂO,LOJAS RENNER S.A.,6153036,6153036,061914,04707,13/12/2026,2650,12 - SEM 50 - 2026,(47) 3534-4078,0,,,0104,RENNER,02/10/2026,89,0,20,1726,,,0,0,0,0,0,2646,R8,LICENSE MENINO RENNER,17,CABIDE,N,N,SSNN,0,,B35,0,0,T23,TOP REGATA POLIÉSTER (TOP),,,23,13/12/2026,2,0,AGROLANDIA,AV EDUARDO WILL,500,SAO JOAO,MULTICOLOR,14,26/08/2026,11/15/2026,,1,,,2642,0,,0,80.666.324/0001-00,
078035,1,05157,445,MULTICOLOR TEXTIL LTDA.,0,11 - SEM 46 - 2026,3,28/08,9 lcc,0,OP PRODUÇÃO,0,000,CLASSIFICAR MODELO/FAMILIA,,,04,TINTURARIA,TIN,TIN - TINTURARIA,,,Lib corte,,00/01/1900,00/01/1900,87,DISNEY RENNER,MULTICOLOR TEXTIL LTDA.,02.14.01.0326,TOP REGATA POLIESTER / LCO_SS27_CMC_0007,01,S-BLUSA / TOP,S,RR6,RR6 - RENNER VERÃO 27,ON1059,AMPARO BLUE 100% PES,3,12,1934,0,0,0,0,26/08/2026,9/15/2026,702,PCP/TINTURARIA/CORTE/COSTURA/EXPEDIÇÃO,06,,TINTURARIA,0,PC,LIBERADO PARA PRODUÇÂO,LOJAS RENNER S.A.,6153036,6153036,061914,04707,13/12/2026,2650,12 - SEM 50 - 2026,(47) 3534-4078,0,,,0104,RENNER,02/10/2026,89,0,20,1934,,,0,0,0,0,0,2646,R8,LICENSE MENINO RENNER,17,CABIDE,N,N,SSNN,0,,B35,0,0,T23,TOP REGATA POLIÉSTER (TOP),,,23,13/12/2026,2,0,AGROLANDIA,AV EDUARDO WILL,500,SAO JOAO,MULTICOLOR,14,26/08/2026,11/15/2026,,1,,,2642,0,,0,80.666.324/0001-00,
078035,1,05157,445,MULTICOLOR TEXTIL LTDA.,0,11 - SEM 46 - 2026,3,28/08,9 lcc,0,OP PRODUÇÃO,0,000,CLASSIFICAR MODELO/FAMILIA,,,04,TINTURARIA,TIN,TIN - TINTURARIA,,,Lib corte,,00/01/1900,00/01/1900,87,DISNEY RENNER,MULTICOLOR TEXTIL LTDA.,02.14.01.0326,TOP REGATA POLIESTER / LCO_SS27_CMC_0007,01,S-BLUSA / TOP,S,RR6,RR6 - RENNER VERÃO 27,ON1059,AMPARO BLUE 100% PES,4,13,1373,0,0,0,0,26/08/2026,9/15/2026,702,PCP/TINTURARIA/CORTE/COSTURA/EXPEDIÇÃO,06,,TINTURARIA,0,PC,LIBERADO PARA PRODUÇÂO,LOJAS RENNER S.A.,6153036,6153036,061914,04707,13/12/2026,2650,12 - SEM 50 - 2026,(47) 3534-4078,0,,,0104,RENNER,02/10/2026,89,0,20,1373,,,0,0,0,0,0,2646,R8,LICENSE MENINO RENNER,17,CABIDE,N,N,SSNN,0,,B35,0,0,T23,TOP REGATA POLIÉSTER (TOP),,,23,13/12/2026,2,0,AGROLANDIA,AV EDUARDO WILL,500,SAO JOAO,MULTICOLOR,14,26/08/2026,11/15/2026,,1,,,2642,0,,0,80.666.324/0001-00,
078035,1,05157,445,MULTICOLOR TEXTIL LTDA.,0,11 - SEM 46 - 2026,3,28/08,9 lcc,0,OP PRODUÇÃO,0,000,CLASSIFICAR MODELO/FAMILIA,,,04,TINTURARIA,TIN,TIN - TINTURARIA,,,Lib corte,,00/01/1900,00/01/1900,87,DISNEY RENNER,MULTICOLOR TEXTIL LTDA.,02.14.01.0326,TOP REGATA POLIESTER / LCO_SS27_CMC_0007,01,S-BLUSA / TOP,S,RR6,RR6 - RENNER VERÃO 27,ON1059,AMPARO BLUE 100% PES,5-6,52,1206,0,0,0,0,26/08/2026,9/15/2026,702,PCP/TINTURARIA/CORTE/COSTURA/EXPEDIÇÃO,06,,TINTURARIA,0,PC,LIBERADO PARA PRODUÇÂO,LOJAS RENNER S.A.,6153036,6153036,061914,04707,13/12/2026,2650,12 - SEM 50 - 2026,(47) 3534-4078,0,,,0104,RENNER,02/10/2026,89,0,20,1206,,,0,0,0,0,0,2646,R8,LICENSE MENINO RENNER,17,CABIDE,N,N,SSNN,0,,B35,0,0,T23,TOP REGATA POLIÉSTER (TOP),,,23,13/12/2026,2,0,AGROLANDIA,AV EDUARDO WILL,500,SAO JOAO,MULTICOLOR,14,26/08/2026,11/15/2026,,1,,,2642,0,,0,80.666.324/0001-00,
078049,2,05157,445,MULTICOLOR TEXTIL LTDA.,0,10 - SEM 44 - 2026,3,14/02,9 lcc,0,OP PRODUÇÃO,0,000,CLASSIFICAR MODELO/FAMILIA,,,04,TINTURARIA,TIN,TIN - TINTURARIA,,,Lib corte,,03/05/2026,00/01/1900,86,DISNEY C&A,MULTICOLOR TEXTIL LTDA.,01.14.01.2972,TOP CURTO / BOBS-01.14.01.2555,01,S-BLUSA / TOP,S,C7AR,C7AR - FEIRA WINTER I 2025 ( PROD. AS BS) REPEATS INCLUSOS,12538,VERMELHO ESCURO,1,10,183,0,0,0,0,09/09/2026,9/29/2026,902,PCP/TINTURARIA/CORTE/COSTURA/EXPEDIÇÃO,06,,TINTURARIA,0,PC,LIBERADO PARA PRODUÇÂO,C&A MODAS S.A.,109276,109276,062056,05461,01/11/2026,2644,10 - SEM 44 - 2026,(47) 3534-4078,0,,,0030,C&A MODAS,08/09/2026,47,14,6,183,,,0,0,100,0,0,2644,003,T52A - BBO,30,SORTER,N,N,SSNN,"9,4562",,Y06,0,0,T00,TOP CURTO (TOP),PP SAMPLE ENVIADA 12/02,,"15,8",01/11/2026,2,0,AGROLANDIA,AV EDUARDO WILL,500,SAO JOAO,MULTICOLOR,14,28/08/2026,10/18/2026,,1,24,TIN - RESERVA DE MALHA,2642,0,,0,80.666.324/0001-00,
078049,2,05157,445,MULTICOLOR TEXTIL LTDA.,0,10 - SEM 44 - 2026,3,14/02,9 lcc,0,OP PRODUÇÃO,0,000,CLASSIFICAR MODELO/FAMILIA,,,04,TINTURARIA,TIN,TIN - TINTURARIA,,,Lib corte,,03/05/2026,00/01/1900,86,DISNEY C&A,MULTICOLOR TEXTIL LTDA.,01.14.01.2972,TOP CURTO / BOBS-01.14.01.2555,01,S-BLUSA / TOP,S,C7AR,C7AR - FEIRA WINTER I 2025 ( PROD. AS BS) REPEATS INCLUSOS,12538,VERMELHO ESCURO,2,11,615,0,0,0,0,09/09/2026,9/29/2026,902,PCP/TINTURARIA/CORTE/COSTURA/EXPEDIÇÃO,06,,TINTURARIA,0,PC,LIBERADO PARA PRODUÇÂO,C&A MODAS S.A.,109276,109276,062056,05461,01/11/2026,2644,10 - SEM 44 - 2026,(47) 3534-4078,0,,,0030,C&A MODAS,08/09/2026,47,14,6,615,,,0,0,100,0,0,2644,003,T52A - BBO,30,SORTER,N,N,SSNN,"9,4562",,Y06,0,0,T00,TOP CURTO (TOP),PP SAMPLE ENVIADA 12/02,,"15,8",01/11/2026,2,0,AGROLANDIA,AV EDUARDO WILL,500,SAO JOAO,MULTICOLOR,14,28/08/2026,10/18/2026,,1,24,TIN - RESERVA DE MALHA,2642,0,,0,80.666.324/0001-00,
078049,2,05157,445,MULTICOLOR TEXTIL LTDA.,0,10 - SEM 44 - 2026,3,14/02,9 lcc,0,OP PRODUÇÃO,0,000,CLASSIFICAR MODELO/FAMILIA,,,04,TINTURARIA,TIN,TIN - TINTURARIA,,,Lib corte,,03/05/2026,00/01/1900,86,DISNEY C&A,MULTICOLOR TEXTIL LTDA.,01.14.01.2972,TOP CURTO / BOBS-01.14.01.2555,01,S-BLUSA / TOP,S,C7AR,C7AR - FEIRA WINTER I 2025 ( PROD. AS BS) REPEATS INCLUSOS,12538,VERMELHO ESCURO,3,12,490,0,0,0,0,09/09/2026,9/29/2026,902,PCP/TINTURARIA/CORTE/COSTURA/EXPEDIÇÃO,06,,TINTURARIA,0,PC,LIBERADO PARA PRODUÇÂO,C&A MODAS S.A.,109276,109276,062056,05461,01/11/2026,2644,10 - SEM 44 - 2026,(47) 3534-4078,0,,,0030,C&A MODAS,08/09/2026,47,14,6,490,,,0,0,100,0,0,2644,003,T52A - BBO,30,SORTER,N,N,SSNN,"9,4562",,Y06,0,0,T00,TOP CURTO (TOP),PP SAMPLE ENVIADA 12/02,,"15,8",01/11/2026,2,0,AGROLANDIA,AV EDUARDO WILL,500,SAO JOAO,MULTICOLOR,14,28/08/2026,10/18/2026,,1,24,TIN - RESERVA DE MALHA,2642,0,,0,80.666.324/0001-00,
078049,2,05157,445,MULTICOLOR TEXTIL LTDA.,0,10 - SEM 44 - 2026,3,14/02,9 lcc,0,OP PRODUÇÃO,0,000,CLASSIFICAR MODELO/FAMILIA,,,04,TINTURARIA,TIN,TIN - TINTURARIA,,,Lib corte,,03/05/2026,00/01/1900,86,DISNEY C&A,MULTICOLOR TEXTIL LTDA.,01.14.01.2972,TOP CURTO / BOBS-01.14.01.2555,01,S-BLUSA / TOP,S,C7AR,C7AR - FEIRA WINTER I 2025 ( PROD. AS BS) REPEATS INCLUSOS,12538,VERMELHO ESCURO,4,13,457,0,0,0,0,09/09/2026,9/29/2026,902,PCP/TINTURARIA/CORTE/COSTURA/EXPEDIÇÃO,06,,TINTURARIA,0,PC,LIBERADO PARA PRODUÇÂO,C&A MODAS S.A.,109276,109276,062056,05461,01/11/2026,2644,10 - SEM 44 - 2026,(47) 3534-4078,0,,,0030,C&A MODAS,08/09/2026,47,14,6,457,,,0,0,100,0,0,2644,003,T52A - BBO,30,SORTER,N,N,SSNN,"9,4562",,Y06,0,0,T00,TOP CURTO (TOP),PP SAMPLE ENVIADA 12/02,,"15,8",01/11/2026,2,0,AGROLANDIA,AV EDUARDO WILL,500,SAO JOAO,MULTICOLOR,14,28/08/2026,10/18/2026,,1,24,TIN - RESERVA DE MALHA,2642,0,,0,80.666.324/0001-00,
078049,2,05157,445,MULTICOLOR TEXTIL LTDA.,0,10 - SEM 44 - 2026,3,14/02,9 lcc,0,OP PRODUÇÃO,0,000,CLASSIFICAR MODELO/FAMILIA,,,04,TINTURARIA,TIN,TIN - TINTURARIA,,,Lib corte,,03/05/2026,00/01/1900,86,DISNEY C&A,MULTICOLOR TEXTIL LTDA.,01.14.01.2972,TOP CURTO / BOBS-01.14.01.2555,01,S-BLUSA / TOP,S,C7AR,C7AR - FEIRA WINTER I 2025 ( PROD. AS BS) REPEATS INCLUSOS,12538,VERMELHO ESCURO,5,58,390,0,0,0,0,09/09/2026,9/29/2026,902,PCP/TINTURARIA/CORTE/COSTURA/EXPEDIÇÃO,06,,TINTURARIA,0,PC,LIBERADO PARA PRODUÇÂO,C&A MODAS S.A.,109276,109276,062056,05461,01/11/2026,2644,10 - SEM 44 - 2026,(47) 3534-4078,0,,,0030,C&A MODAS,08/09/2026,47,14,6,390,,,0,0,100,0,0,2644,003,T52A - BBO,30,SORTER,N,N,SSNN,"9,4562",,Y06,0,0,T00,TOP CURTO (TOP),PP SAMPLE ENVIADA 12/02,,"15,8",01/11/2026,2,0,AGROLANDIA,AV EDUARDO WILL,500,SAO JOAO,MULTICOLOR,14,28/08/2026,10/18/2026,,1,24,TIN - RESERVA DE MALHA,2642,0,,0,80.666.324/0001-00,
078051,1,05157,445,MULTICOLOR TEXTIL LTDA.,0,12 - SEM 49 - 2026,3,30/04,9 lcc,0,OP PRODUÇÃO,0,T001,TOP MC BASICO,A,7 SEMANAS LEAD TIME DE PRODUÇÃO,04,TINTURARIA,TIN,TIN - TINTURARIA,,,Lib corte,,14/03/2027,00/01/1900,86,DISNEY C&A,MULTICOLOR TEXTIL LTDA.,01.14.01.3223,TOP CURTO / 2026-2-3552,01,S-BLUSA / TOP,S,CEAR,CEAR - FEIRA SUMMER II 2026 (PROD AS BS) REPEATS,1457,AZUL MEDIO,1,10,366,0,0,0,0,28/08/2026,9/17/2026,902,PCP/TINTURARIA/CORTE/COSTURA/EXPEDIÇÃO,06,,TINTURARIA,0,PC,LIBERADO PARA PRODUÇÂO,C&A MODAS S.A.,98995,98995,061628,05461,06/12/2026,2649,12 - SEM 49 - 2026,(47) 3534-4078,0,,,0030,C&A MODAS,13/10/2026,82,2,18,366,,,0,0,100,0,0,2649,003,T52A - BBO,30,SORTER,N,N,SSNN,"7,8069",,B18,0,0,T00,TOP CURTO (TOP),PPSAMPLE ENVIADA 04/05,,"15,5",06/12/2026,2,0,AGROLANDIA,AV EDUARDO WILL,500,SAO JOAO,MULTICOLOR,14,28/08/2026,11/22/2026,,1,,,2642,0,,0,80.666.324/0001-00,
078051,1,05157,445,MULTICOLOR TEXTIL LTDA.,0,12 - SEM 49 - 2026,3,30/04,9 lcc,0,OP PRODUÇÃO,0,T001,TOP MC BASICO,A,7 SEMANAS LEAD TIME DE PRODUÇÃO,04,TINTURARIA,TIN,TIN - TINTURARIA,,,Lib corte,,14/03/2027,00/01/1900,86,DISNEY C&A,MULTICOLOR TEXTIL LTDA.,01.14.01.3223,TOP CURTO / 2026-2-3552,01,S-BLUSA / TOP,S,CEAR,CEAR - FEIRA SUMMER II 2026 (PROD AS BS) REPEATS,1457,AZUL MEDIO,2,11,1130,0,0,0,0,28/08/2026,9/17/2026,902,PCP/TINTURARIA/CORTE/COSTURA/EXPEDIÇÃO,06,,TINTURARIA,0,PC,LIBERADO PARA PRODUÇÂO,C&A MODAS S.A.,98995,98995,061628,05461,06/12/2026,2649,12 - SEM 49 - 2026,(47) 3534-4078,0,,,0030,C&A MODAS,13/10/2026,82,2,18,1130,,,0,0,100,0,0,2649,003,T52A - BBO,30,SORTER,N,N,SSNN,"7,8069",,B18,0,0,T00,TOP CURTO (TOP),PPSAMPLE ENVIADA 04/05,,"15,5",06/12/2026,2,0,AGROLANDIA,AV EDUARDO WILL,500,SAO JOAO,MULTICOLOR,14,28/08/2026,11/22/2026,,1,,,2642,0,,0,80.666.324/0001-00,
078051,1,05157,445,MULTICOLOR TEXTIL LTDA.,0,12 - SEM 49 - 2026,3,30/04,9 lcc,0,OP PRODUÇÃO,0,T001,TOP MC BASICO,A,7 SEMANAS LEAD TIME DE PRODUÇÃO,04,TINTURARIA,TIN,TIN - TINTURARIA,,,Lib corte,,14/03/2027,00/01/1900,86,DISNEY C&A,MULTICOLOR TEXTIL LTDA.,01.14.01.3223,TOP CURTO / 2026-2-3552,01,S-BLUSA / TOP,S,CEAR,CEAR - FEIRA SUMMER II 2026 (PROD AS BS) REPEATS,1457,AZUL MEDIO,3,12,1159,0,0,0,0,28/08/2026,9/17/2026,902,PCP/TINTURARIA/CORTE/COSTURA/EXPEDIÇÃO,06,,TINTURARIA,0,PC,LIBERADO PARA PRODUÇÂO,C&A MODAS S.A.,98995,98995,061628,05461,06/12/2026,2649,12 - SEM 49 - 2026,(47) 3534-4078,0,,,0030,C&A MODAS,13/10/2026,82,2,18,1159,,,0,0,100,0,0,2649,003,T52A - BBO,30,SORTER,N,N,SSNN,"7,8069",,B18,0,0,T00,TOP CURTO (TOP),PPSAMPLE ENVIADA 04/05,,"15,5",06/12/2026,2,0,AGROLANDIA,AV EDUARDO WILL,500,SAO JOAO,MULTICOLOR,14,28/08/2026,11/22/2026,,1,,,2642,0,,0,80.666.324/0001-00,
078051,1,05157,445,MULTICOLOR TEXTIL LTDA.,0,12 - SEM 49 - 2026,3,30/04,9 lcc,0,OP PRODUÇÃO,0,T001,TOP MC BASICO,A,7 SEMANAS LEAD TIME DE PRODUÇÃO,04,TINTURARIA,TIN,TIN - TINTURARIA,,,Lib corte,,14/03/2027,00/01/1900,86,DISNEY C&A,MULTICOLOR TEXTIL LTDA.,01.14.01.3223,TOP CURTO / 2026-2-3552,01,S-BLUSA / TOP,S,CEAR,CEAR - FEIRA SUMMER II 2026 (PROD AS BS) REPEATS,1457,AZUL MEDIO,4,13,946,0,0,0,0,28/08/2026,9/17/2026,902,PCP/TINTURARIA/CORTE/COSTURA/EXPEDIÇÃO,06,,TINTURARIA,0,PC,LIBERADO PARA PRODUÇÂO,C&A MODAS S.A.,98995,98995,061628,05461,06/12/2026,2649,12 - SEM 49 - 2026,(47) 3534-4078,0,,,0030,C&A MODAS,13/10/2026,82,2,18,946,,,0,0,100,0,0,2649,003,T52A - BBO,30,SORTER,N,N,SSNN,"7,8069",,B18,0,0,T00,TOP CURTO (TOP),PPSAMPLE ENVIADA 04/05,,"15,5",06/12/2026,2,0,AGROLANDIA,AV EDUARDO WILL,500,SAO JOAO,MULTICOLOR,14,28/08/2026,11/22/2026,,1,,,2642,0,,0,80.666.324/0001-00,
078051,1,05157,445,MULTICOLOR TEXTIL LTDA.,0,12 - SEM 49 - 2026,3,30/04,9 lcc,0,OP PRODUÇÃO,0,T001,TOP MC BASICO,A,7 SEMANAS LEAD TIME DE PRODUÇÃO,04,TINTURARIA,TIN,TIN - TINTURARIA,,,Lib corte,,14/03/2027,00/01/1900,86,DISNEY C&A,MULTICOLOR TEXTIL LTDA.,01.14.01.3223,TOP CURTO / 2026-2-3552,01,S-BLUSA / TOP,S,CEAR,CEAR - FEIRA SUMMER II 2026 (PROD AS BS) REPEATS,1457,AZUL MEDIO,5,58,520,0,0,0,0,28/08/2026,9/17/2026,902,PCP/TINTURARIA/CORTE/COSTURA/EXPEDIÇÃO,06,,TINTURARIA,0,PC,LIBERADO PARA PRODUÇÂO,C&A MODAS S.A.,98995,98995,061628,05461,06/12/2026,2649,12 - SEM 49 - 2026,(47) 3534-4078,0,,,0030,C&A MODAS,13/10/2026,82,2,18,520,,,0,0,100,0,0,2649,003,T52A - BBO,30,SORTER,N,N,SSNN,"7,8069",,B18,0,0,T00,TOP CURTO (TOP),PPSAMPLE ENVIADA 04/05,,"15,5",06/12/2026,2,0,AGROLANDIA,AV EDUARDO WILL,500,SAO JOAO,MULTICOLOR,14,28/08/2026,11/22/2026,,1,,,2642,0,,0,80.666.324/0001-00,
078066,1,05045,433,LANCASTER BENEFICIAMENTOS TEXTEIS LTDA,0,11 - SEM 48 - 2026,3,,9 lcc,0,OP PRODUÇÃO,0,000,CLASSIFICAR MODELO/FAMILIA,,,04,TINTURARIA,TIN,TIN - TINTURARIA,,,Lib corte,,07/02/2027,00/01/1900,85,SEM LICENSA C&A,LANCASTER BENEFICIAMENTOS TEXTEIS LTDA EM RECUPERACAO JUDICIAL,01.14.00.7490A,KIT SHORTS,02,I-SHORTS / BOTTON,S,CXA,CXA - FEIRA SUMMER II 2025 ( PROD. AS E BS),6462,AZUL MARINHO,1,10,268,0,0,0,0,31/08/2026,9/18/2026,903,PCP/TINTURARIA/ROTATIVO/CORTE/COSTURA/EXPEDIÇÃO,06,,TINTURARIA,0,PC,LIBERADO PARA PRODUÇÂO,C&A MODAS S.A.,109271,109271,062057,05461,29/11/2026,2648,11 - SEM 48 - 2026,(47) 3330-6006,0,,,0030,C&A MODAS,14/09/2026,75,3,15,268,,,0,0,0,0,0,2648,92,T52B - BBO,17,CABIDE,N,N,SSNN,0,,,0,0,C13,KIT SHORTS (BOTTON),"core tons 16936-3------------Rot 1 cor pig R$ 18,50 processo completo (LISTRAS)",,"32,85",29/11/2026,0,0,BLUMENAU,R ALBERTO LOBE,130,VELHA CENTRAL,,14,31/08/2026,11/1/2026,,1,,,2642,0,,0,76.541.317/0002-88,
078066,1,05045,433,LANCASTER BENEFICIAMENTOS TEXTEIS LTDA,0,11 - SEM 48 - 2026,3,,9 lcc,0,OP PRODUÇÃO,0,000,CLASSIFICAR MODELO/FAMILIA,,,04,TINTURARIA,TIN,TIN - TINTURARIA,,,Lib corte,,07/02/2027,00/01/1900,85,SEM LICENSA C&A,LANCASTER BENEFICIAMENTOS TEXTEIS LTDA EM RECUPERACAO JUDICIAL,01.14.00.7490A,KIT SHORTS,02,I-SHORTS / BOTTON,S,CXA,CXA - FEIRA SUMMER II 2025 ( PROD. AS E BS),6462,AZUL MARINHO,2,11,536,0,0,0,0,31/08/2026,9/18/2026,903,PCP/TINTURARIA/ROTATIVO/CORTE/COSTURA/EXPEDIÇÃO,06,,TINTURARIA,0,PC,LIBERADO PARA PRODUÇÂO,C&A MODAS S.A.,109271,109271,062057,05461,29/11/2026,2648,11 - SEM 48 - 2026,(47) 3330-6006,0,,,0030,C&A MODAS,14/09/2026,75,3,15,536,,,0,0,0,0,0,2648,92,T52B - BBO,17,CABIDE,N,N,SSNN,0,,,0,0,C13,KIT SHORTS (BOTTON),"core tons 16936-3------------Rot 1 cor pig R$ 18,50 processo completo (LISTRAS)",,"32,85",29/11/2026,0,0,BLUMENAU,R ALBERTO LOBE,130,VELHA CENTRAL,,14,31/08/2026,11/1/2026,,1,,,2642,0,,0,76.541.317/0002-88,
078066,1,05045,433,LANCASTER BENEFICIAMENTOS TEXTEIS LTDA,0,11 - SEM 48 - 2026,3,,9 lcc,0,OP PRODUÇÃO,0,000,CLASSIFICAR MODELO/FAMILIA,,,04,TINTURARIA,TIN,TIN - TINTURARIA,,,Lib corte,,07/02/2027,00/01/1900,85,SEM LICENSA C&A,LANCASTER BENEFICIAMENTOS TEXTEIS LTDA EM RECUPERACAO JUDICIAL,01.14.00.7490A,KIT SHORTS,02,I-SHORTS / BOTTON,S,CXA,CXA - FEIRA SUMMER II 2025 ( PROD. AS E BS),6462,AZUL MARINHO,3,12,803,0,0,0,0,31/08/2026,9/18/2026,903,PCP/TINTURARIA/ROTATIVO/CORTE/COSTURA/EXPEDIÇÃO,06,,TINTURARIA,0,PC,LIBERADO PARA PRODUÇÂO,C&A MODAS S.A.,109271,109271,062057,05461,29/11/2026,2648,11 - SEM 48 - 2026,(47) 3330-6006,0,,,0030,C&A MODAS,14/09/2026,75,3,15,803,,,0,0,0,0,0,2648,92,T52B - BBO,17,CABIDE,N,N,SSNN,0,,,0,0,C13,KIT SHORTS (BOTTON),"core tons 16936-3------------Rot 1 cor pig R$ 18,50 processo completo (LISTRAS)",,"32,85",29/11/2026,0,0,BLUMENAU,R ALBERTO LOBE,130,VELHA CENTRAL,,14,31/08/2026,11/1/2026,,1,,,2642,0,,0,76.541.317/0002-88,
078066,1,05045,433,LANCASTER BENEFICIAMENTOS TEXTEIS LTDA,0,11 - SEM 48 - 2026,3,,9 lcc,0,OP PRODUÇÃO,0,000,CLASSIFICAR MODELO/FAMILIA,,,04,TINTURARIA,TIN,TIN - TINTURARIA,,,Lib corte,,07/02/2027,00/01/1900,85,SEM LICENSA C&A,LANCASTER BENEFICIAMENTOS TEXTEIS LTDA EM RECUPERACAO JUDICIAL,01.14.00.7490A,KIT SHORTS,02,I-SHORTS / BOTTON,S,CXA,CXA - FEIRA SUMMER II 2025 ( PROD. AS E BS),6462,AZUL MARINHO,4,13,536,0,0,0,0,31/08/2026,9/18/2026,903,PCP/TINTURARIA/ROTATIVO/CORTE/COSTURA/EXPEDIÇÃO,06,,TINTURARIA,0,PC,LIBERADO PARA PRODUÇÂO,C&A MODAS S.A.,109271,109271,062057,05461,29/11/2026,2648,11 - SEM 48 - 2026,(47) 3330-6006,0,,,0030,C&A MODAS,14/09/2026,75,3,15,536,,,0,0,0,0,0,2648,92,T52B - BBO,17,CABIDE,N,N,SSNN,0,,,0,0,C13,KIT SHORTS (BOTTON),"core tons 16936-3------------Rot 1 cor pig R$ 18,50 processo completo (LISTRAS)",,"32,85",29/11/2026,0,0,BLUMENAU,R ALBERTO LOBE,130,VELHA CENTRAL,,14,31/08/2026,11/1/2026,,1,,,2642,0,,0,76.541.317/0002-88,
078066,1,05045,433,LANCASTER BENEFICIAMENTOS TEXTEIS LTDA,0,11 - SEM 48 - 2026,3,,9 lcc,0,OP PRODUÇÃO,0,000,CLASSIFICAR MODELO/FAMILIA,,,04,TINTURARIA,TIN,TIN - TINTURARIA,,,Lib corte,,07/02/2027,00/01/1900,85,SEM LICENSA C&A,LANCASTER BENEFICIAMENTOS TEXTEIS LTDA EM RECUPERACAO JUDICIAL,01.14.00.7490A,KIT SHORTS,02,I-SHORTS / BOTTON,S,CXA,CXA - FEIRA SUMMER II 2025 ( PROD. AS E BS),6462,AZUL MARINHO,5,58,536,0,0,0,0,31/08/2026,9/18/2026,903,PCP/TINTURARIA/ROTATIVO/CORTE/COSTURA/EXPEDIÇÃO,06,,TINTURARIA,0,PC,LIBERADO PARA PRODUÇÂO,C&A MODAS S.A.,109271,109271,062057,05461,29/11/2026,2648,11 - SEM 48 - 2026,(47) 3330-6006,0,,,0030,C&A MODAS,14/09/2026,75,3,15,536,,,0,0,0,0,0,2648,92,T52B - BBO,17,CABIDE,N,N,SSNN,0,,,0,0,C13,KIT SHORTS (BOTTON),"core tons 16936-3------------Rot 1 cor pig R$ 18,50 processo completo (LISTRAS)",,"32,85",29/11/2026,0,0,BLUMENAU,R ALBERTO LOBE,130,VELHA CENTRAL,,14,31/08/2026,11/1/2026,,1,,,2642,0,,0,76.541.317/0002-88,
078066,1,05157,445,MULTICOLOR TEXTIL LTDA.,0,11 - SEM 48 - 2026,3,,9 lcc,0,OP PRODUÇÃO,0,000,CLASSIFICAR MODELO/FAMILIA,,,04,TINTURARIA,TIN,TIN - TINTURARIA,,,Lib corte,,07/02/2027,00/01/1900,85,SEM LICENSA C&A,MULTICOLOR TEXTIL LTDA.,01.14.00.7490A,KIT SHORTS,C6,I-SHORTS CONJUNTO / BOTTON,S,CXA,CXA - FEIRA SUMMER II 2025 ( PROD. AS E BS),6462,AZUL MARINHO,1,10,268,0,0,0,0,31/08/2026,9/18/2026,902,PCP/TINTURARIA/CORTE/COSTURA/EXPEDIÇÃO,06,,TINTURARIA,0,PC,LIBERADO PARA PRODUÇÂO,C&A MODAS S.A.,109271,109271,062057,05461,29/11/2026,2648,11 - SEM 48 - 2026,(47) 3534-4078,0,,,0030,C&A MODAS,22/09/2026,75,3,15,268,,,0,0,0,0,0,2648,92,T52B - BBO,17,CABIDE,N,N,SSNN,0,,,0,0,C13,KIT SHORTS (BOTTON),"core tons 16936-3------------Rot 1 cor pig R$ 18,50 processo completo (LISTRAS)",,"32,85",29/11/2026,0,0,AGROLANDIA,AV EDUARDO WILL,500,SAO JOAO,MULTICOLOR,14,31/08/2026,11/1/2026,,1,,,2642,0,,0,80.666.324/0001-00,
078066,1,05157,445,MULTICOLOR TEXTIL LTDA.,0,11 - SEM 48 - 2026,3,,9 lcc,0,OP PRODUÇÃO,0,000,CLASSIFICAR MODELO/FAMILIA,,,04,TINTURARIA,TIN,TIN - TINTURARIA,,,Lib corte,,07/02/2027,00/01/1900,85,SEM LICENSA C&A,MULTICOLOR TEXTIL LTDA.,01.14.00.7490A,KIT SHORTS,C6,I-SHORTS CONJUNTO / BOTTON,S,CXA,CXA - FEIRA SUMMER II 2025 ( PROD. AS E BS),6462,AZUL MARINHO,2,11,536,0,0,0,0,31/08/2026,9/18/2026,902,PCP/TINTURARIA/CORTE/COSTURA/EXPEDIÇÃO,06,,TINTURARIA,0,PC,LIBERADO PARA PRODUÇÂO,C&A MODAS S.A.,109271,109271,062057,05461,29/11/2026,2648,11 - SEM 48 - 2026,(47) 3534-4078,0,,,0030,C&A MODAS,22/09/2026,75,3,15,536,,,0,0,0,0,0,2648,92,T52B - BBO,17,CABIDE,N,N,SSNN,0,,,0,0,C13,KIT SHORTS (BOTTON),"core tons 16936-3------------Rot 1 cor pig R$ 18,50 processo completo (LISTRAS)",,"32,85",29/11/2026,0,0,AGROLANDIA,AV EDUARDO WILL,500,SAO JOAO,MULTICOLOR,14,31/08/2026,11/1/2026,,1,,,2642,0,,0,80.666.324/0001-00,
078066,1,05157,445,MULTICOLOR TEXTIL LTDA.,0,11 - SEM 48 - 2026,3,,9 lcc,0,OP PRODUÇÃO,0,000,CLASSIFICAR MODELO/FAMILIA,,,04,TINTURARIA,TIN,TIN - TINTURARIA,,,Lib corte,,07/02/2027,00/01/1900,85,SEM LICENSA C&A,MULTICOLOR TEXTIL LTDA.,01.14.00.7490A,KIT SHORTS,C6,I-SHORTS CONJUNTO / BOTTON,S,CXA,CXA - FEIRA SUMMER II 2025 ( PROD. AS E BS),6462,AZUL MARINHO,3,12,803,0,0,0,0,31/08/2026,9/18/2026,902,PCP/TINTURARIA/CORTE/COSTURA/EXPEDIÇÃO,06,,TINTURARIA,0,PC,LIBERADO PARA PRODUÇÂO,C&A MODAS S.A.,109271,109271,062057,05461,29/11/2026,2648,11 - SEM 48 - 2026,(47) 3534-4078,0,,,0030,C&A MODAS,22/09/2026,75,3,15,803,,,0,0,0,0,0,2648,92,T52B - BBO,17,CABIDE,N,N,SSNN,0,,,0,0,C13,KIT SHORTS (BOTTON),"core tons 16936-3------------Rot 1 cor pig R$ 18,50 processo completo (LISTRAS)",,"32,85",29/11/2026,0,0,AGROLANDIA,AV EDUARDO WILL,500,SAO JOAO,MULTICOLOR,14,31/08/2026,11/1/2026,,1,,,2642,0,,0,80.666.324/0001-00,
078066,1,05157,445,MULTICOLOR TEXTIL LTDA.,0,11 - SEM 48 - 2026,3,,9 lcc,0,OP PRODUÇÃO,0,000,CLASSIFICAR MODELO/FAMILIA,,,04,TINTURARIA,TIN,TIN - TINTURARIA,,,Lib corte,,07/02/2027,00/01/1900,85,SEM LICENSA C&A,MULTICOLOR TEXTIL LTDA.,01.14.00.7490A,KIT SHORTS,C6,I-SHORTS CONJUNTO / BOTTON,S,CXA,CXA - FEIRA SUMMER II 2025 ( PROD. AS E BS),6462,AZUL MARINHO,4,13,536,0,0,0,0,31/08/2026,9/18/2026,902,PCP/TINTURARIA/CORTE/COSTURA/EXPEDIÇÃO,06,,TINTURARIA,0,PC,LIBERADO PARA PRODUÇÂO,C&A MODAS S.A.,109271,109271,062057,05461,29/11/2026,2648,11 - SEM 48 - 2026,(47) 3534-4078,0,,,0030,C&A MODAS,22/09/2026,75,3,15,536,,,0,0,0,0,0,2648,92,T52B - BBO,17,CABIDE,N,N,SSNN,0,,,0,0,C13,KIT SHORTS (BOTTON),"core tons 16936-3------------Rot 1 cor pig R$ 18,50 processo completo (LISTRAS)",,"32,85",29/11/2026,0,0,AGROLANDIA,AV EDUARDO WILL,500,SAO JOAO,MULTICOLOR,14,31/08/2026,11/1/2026,,1,,,2642,0,,0,80.666.324/0001-00,
078066,1,05157,445,MULTICOLOR TEXTIL LTDA.,0,11 - SEM 48 - 2026,3,,9 lcc,0,OP PRODUÇÃO,0,000,CLASSIFICAR MODELO/FAMILIA,,,04,TINTURARIA,TIN,TIN - TINTURARIA,,,Lib corte,,07/02/2027,00/01/1900,85,SEM LICENSA C&A,MULTICOLOR TEXTIL LTDA.,01.14.00.7490A,KIT SHORTS,C6,I-SHORTS CONJUNTO / BOTTON,S,CXA,CXA - FEIRA SUMMER II 2025 ( PROD. AS E BS),6462,AZUL MARINHO,5,58,536,0,0,0,0,31/08/2026,9/18/2026,902,PCP/TINTURARIA/CORTE/COSTURA/EXPEDIÇÃO,06,,TINTURARIA,0,PC,LIBERADO PARA PRODUÇÂO,C&A MODAS S.A.,109271,109271,062057,05461,29/11/2026,2648,11 - SEM 48 - 2026,(47) 3534-4078,0,,,0030,C&A MODAS,22/09/2026,75,3,15,536,,,0,0,0,0,0,2648,92,T52B - BBO,17,CABIDE,N,N,SSNN,0,,,0,0,C13,KIT SHORTS (BOTTON),"core tons 16936-3------------Rot 1 cor pig R$ 18,50 processo completo (LISTRAS)",,"32,85",29/11/2026,0,0,AGROLANDIA,AV EDUARDO WILL,500,SAO JOAO,MULTICOLOR,14,31/08/2026,11/1/2026,,1,,,2642,0,,0,80.666.324/0001-00,
078106,1,05157,445,MULTICOLOR TEXTIL LTDA.,0,11 - SEM 46 - 2026,3,03/03,9 lcc,0,OP PRODUÇÃO,0,T200,TOP FEM MC BASICO,A,7 SEMANAS LEAD TIME DE PRODUÇÃO,04,TINTURARIA,TIN,TIN - TINTURARIA,,,Lib corte,,14/02/2027,00/01/1900,146,LICENÇAS VARIADAS,MULTICOLOR TEXTIL LTDA.,01.13.42.0520,TOP CURTO / 2026-2-2884,01,S-BLUSA / TOP,S,CEAR,CEAR - FEIRA SUMMER II 2026 (PROD AS BS) REPEATS,02,AMARELO,1,10,125,0,0,0,0,03/09/2026,9/23/2026,902,PCP/TINTURARIA/CORTE/COSTURA/EXPEDIÇÃO,06,GRADE: TAM 1/3/4 - 3X 6X 6X -- TAM 2/5 - 2X 2X,TINTURARIA,0,PC,LIBERADO PARA PRODUÇÂO,C&A MODAS S.A.,92278,92278,061594,05461,15/11/2026,2646,11 - SEM 46 - 2026,(47) 3534-4078,0,,,0030,C&A MODAS,06/10/2026,61,8,12,125,,,0,0,100,0,0,2646,005,T58A - BBA,30,SORTER,N,N,SSNN,"8,9762",,B07,0,0,T00,TOP CURTO (TOP),PP SAMPLE ENVIADA 26/03,9 cores + 1 glitter,"14,5",15/11/2026,2,0,AGROLANDIA,AV EDUARDO WILL,500,SAO JOAO,MULTICOLOR,14,03/09/2026,11/15/2026,,1,,,2643,0,,0,80.666.324/0001-00,
078106,1,05157,445,MULTICOLOR TEXTIL LTDA.,0,11 - SEM 46 - 2026,3,03/03,9 lcc,0,OP PRODUÇÃO,0,T200,TOP FEM MC BASICO,A,7 SEMANAS LEAD TIME DE PRODUÇÃO,04,TINTURARIA,TIN,TIN - TINTURARIA,,,Lib corte,,14/02/2027,00/01/1900,146,LICENÇAS VARIADAS,MULTICOLOR TEXTIL LTDA.,01.13.42.0520,TOP CURTO / 2026-2-2884,01,S-BLUSA / TOP,S,CEAR,CEAR - FEIRA SUMMER II 2026 (PROD AS BS) REPEATS,02,AMARELO,2,11,211,0,0,0,0,03/09/2026,9/23/2026,902,PCP/TINTURARIA/CORTE/COSTURA/EXPEDIÇÃO,06,GRADE: TAM 1/3/4 - 3X 6X 6X -- TAM 2/5 - 2X 2X,TINTURARIA,0,PC,LIBERADO PARA PRODUÇÂO,C&A MODAS S.A.,92278,92278,061594,05461,15/11/2026,2646,11 - SEM 46 - 2026,(47) 3534-4078,0,,,0030,C&A MODAS,06/10/2026,61,8,12,211,,,0,0,100,0,0,2646,005,T58A - BBA,30,SORTER,N,N,SSNN,"8,9762",,B07,0,0,T00,TOP CURTO (TOP),PP SAMPLE ENVIADA 26/03,9 cores + 1 glitter,"14,5",15/11/2026,2,0,AGROLANDIA,AV EDUARDO WILL,500,SAO JOAO,MULTICOLOR,14,03/09/2026,11/15/2026,,1,,,2643,0,,0,80.666.324/0001-00,
078106,1,05157,445,MULTICOLOR TEXTIL LTDA.,0,11 - SEM 46 - 2026,3,03/03,9 lcc,0,OP PRODUÇÃO,0,T200,TOP FEM MC BASICO,A,7 SEMANAS LEAD TIME DE PRODUÇÃO,04,TINTURARIA,TIN,TIN - TINTURARIA,,,Lib corte,,14/02/2027,00/01/1900,146,LICENÇAS VARIADAS,MULTICOLOR TEXTIL LTDA.,01.13.42.0520,TOP CURTO / 2026-2-2884,01,S-BLUSA / TOP,S,CEAR,CEAR - FEIRA SUMMER II 2026 (PROD AS BS) REPEATS,02,AMARELO,3,12,238,0,0,0,0,03/09/2026,9/23/2026,902,PCP/TINTURARIA/CORTE/COSTURA/EXPEDIÇÃO,06,GRADE: TAM 1/3/4 - 3X 6X 6X -- TAM 2/5 - 2X 2X,TINTURARIA,0,PC,LIBERADO PARA PRODUÇÂO,C&A MODAS S.A.,92278,92278,061594,05461,15/11/2026,2646,11 - SEM 46 - 2026,(47) 3534-4078,0,,,0030,C&A MODAS,06/10/2026,61,8,12,238,,,0,0,100,0,0,2646,005,T58A - BBA,30,SORTER,N,N,SSNN,"8,9762",,B07,0,0,T00,TOP CURTO (TOP),PP SAMPLE ENVIADA 26/03,9 cores + 1 glitter,"14,5",15/11/2026,2,0,AGROLANDIA,AV EDUARDO WILL,500,SAO JOAO,MULTICOLOR,14,03/09/2026,11/15/2026,,1,,,2643,0,,0,80.666.324/0001-00,
078106,1,05157,445,MULTICOLOR TEXTIL LTDA.,0,11 - SEM 46 - 2026,3,03/03,9 lcc,0,OP PRODUÇÃO,0,T200,TOP FEM MC BASICO,A,7 SEMANAS LEAD TIME DE PRODUÇÃO,04,TINTURARIA,TIN,TIN - TINTURARIA,,,Lib corte,,14/02/2027,00/01/1900,146,LICENÇAS VARIADAS,MULTICOLOR TEXTIL LTDA.,01.13.42.0520,TOP CURTO / 2026-2-2884,01,S-BLUSA / TOP,S,CEAR,CEAR - FEIRA SUMMER II 2026 (PROD AS BS) REPEATS,02,AMARELO,4,13,235,0,0,0,0,03/09/2026,9/23/2026,902,PCP/TINTURARIA/CORTE/COSTURA/EXPEDIÇÃO,06,GRADE: TAM 1/3/4 - 3X 6X 6X -- TAM 2/5 - 2X 2X,TINTURARIA,0,PC,LIBERADO PARA PRODUÇÂO,C&A MODAS S.A.,92278,92278,061594,05461,15/11/2026,2646,11 - SEM 46 - 2026,(47) 3534-4078,0,,,0030,C&A MODAS,06/10/2026,61,8,12,235,,,0,0,100,0,0,2646,005,T58A - BBA,30,SORTER,N,N,SSNN,"8,9762",,B07,0,0,T00,TOP CURTO (TOP),PP SAMPLE ENVIADA 26/03,9 cores + 1 glitter,"14,5",15/11/2026,2,0,AGROLANDIA,AV EDUARDO WILL,500,SAO JOAO,MULTICOLOR,14,03/09/2026,11/15/2026,,1,,,2643,0,,0,80.666.324/0001-00,
078106,1,05157,445,MULTICOLOR TEXTIL LTDA.,0,11 - SEM 46 - 2026,3,03/03,9 lcc,0,OP PRODUÇÃO,0,T200,TOP FEM MC BASICO,A,7 SEMANAS LEAD TIME DE PRODUÇÃO,04,TINTURARIA,TIN,TIN - TINTURARIA,,,Lib corte,,14/02/2027,00/01/1900,146,LICENÇAS VARIADAS,MULTICOLOR TEXTIL LTDA.,01.13.42.0520,TOP CURTO / 2026-2-2884,01,S-BLUSA / TOP,S,CEAR,CEAR - FEIRA SUMMER II 2026 (PROD AS BS) REPEATS,02,AMARELO,5,58,222,0,0,0,0,03/09/2026,9/23/2026,902,PCP/TINTURARIA/CORTE/COSTURA/EXPEDIÇÃO,06,GRADE: TAM 1/3/4 - 3X 6X 6X -- TAM 2/5 - 2X 2X,TINTURARIA,0,PC,LIBERADO PARA PRODUÇÂO,C&A MODAS S.A.,92278,92278,061594,05461,15/11/2026,2646,11 - SEM 46 - 2026,(47) 3534-4078,0,,,0030,C&A MODAS,06/10/2026,61,8,12,222,,,0,0,100,0,0,2646,005,T58A - BBA,30,SORTER,N,N,SSNN,"8,9762",,B07,0,0,T00,TOP CURTO (TOP),PP SAMPLE ENVIADA 26/03,9 cores + 1 glitter,"14,5",15/11/2026,2,0,AGROLANDIA,AV EDUARDO WILL,500,SAO JOAO,MULTICOLOR,14,03/09/2026,11/15/2026,,1,,,2643,0,,0,80.666.324/0001-00,
078164,1,05157,445,MULTICOLOR TEXTIL LTDA.,0,01 - SEM 01 - 2027,3,,9 lcc,0,OP PRODUÇÃO,0,000,CLASSIFICAR MODELO/FAMILIA,,,04,TINTURARIA,TIN,TIN - TINTURARIA,,,Lib corte,,00/01/1900,00/01/1900,86,DISNEY C&A,MULTICOLOR TEXTIL LTDA.,01.14.01.3106A,TOP CURTO / 2025-2-3973,01,S-BLUSA / TOP,S,CYAR,CYAR - C&A FEIRA WINTER II 2026 (AS E BS) - REPEATS INCLUSOS NEGOCIAÇÃO,1368,AZUL CLARO,1,10,103,0,0,0,0,14/09/2026,10/2/2026,902,PCP/TINTURARIA/CORTE/COSTURA/EXPEDIÇÃO,06,,TINTURARIA,0,PC,LIBERADO PARA PRODUÇÂO,C&A MODAS S.A.,116532,116532,062062,05461,03/01/2027,2701,01 - SEM 01 - 2027,(47) 3534-4078,0,,,0030,C&A MODAS,24/11/2026,110,17,1,103,,,0,0,100,0,0,2701,003,T52A - BBO,30,SORTER,N,N,SSNN,"8,2811",,A18 (ASQ4),0,0,T00,TOP CURTO (TOP),,15/04 - 5 cores,"12,38",03/01/2027,2,0,AGROLANDIA,AV EDUARDO WILL,500,SAO JOAO,MULTICOLOR,14,14/09/2026,1/3/2027,,1,,,2645,0,,0,80.666.324/0001-00,
078164,1,05157,445,MULTICOLOR TEXTIL LTDA.,0,01 - SEM 01 - 2027,3,,9 lcc,0,OP PRODUÇÃO,0,000,CLASSIFICAR MODELO/FAMILIA,,,04,TINTURARIA,TIN,TIN - TINTURARIA,,,Lib corte,,00/01/1900,00/01/1900,86,DISNEY C&A,MULTICOLOR TEXTIL LTDA.,01.14.01.3106A,TOP CURTO / 2025-2-3973,01,S-BLUSA / TOP,S,CYAR,CYAR - C&A FEIRA WINTER II 2026 (AS E BS) - REPEATS INCLUSOS NEGOCIAÇÃO,1368,AZUL CLARO,2,11,206,0,0,0,0,14/09/2026,10/2/2026,902,PCP/TINTURARIA/CORTE/COSTURA/EXPEDIÇÃO,06,,TINTURARIA,0,PC,LIBERADO PARA PRODUÇÂO,C&A MODAS S.A.,116532,116532,062062,05461,03/01/2027,2701,01 - SEM 01 - 2027,(47) 3534-4078,0,,,0030,C&A MODAS,24/11/2026,110,17,1,206,,,0,0,100,0,0,2701,003,T52A - BBO,30,SORTER,N,N,SSNN,"8,2811",,A18 (ASQ4),0,0,T00,TOP CURTO (TOP),,15/04 - 5 cores,"12,38",03/01/2027,2,0,AGROLANDIA,AV EDUARDO WILL,500,SAO JOAO,MULTICOLOR,14,14/09/2026,1/3/2027,,1,,,2645,0,,0,80.666.324/0001-00,
078164,1,05157,445,MULTICOLOR TEXTIL LTDA.,0,01 - SEM 01 - 2027,3,,9 lcc,0,OP PRODUÇÃO,0,000,CLASSIFICAR MODELO/FAMILIA,,,04,TINTURARIA,TIN,TIN - TINTURARIA,,,Lib corte,,00/01/1900,00/01/1900,86,DISNEY C&A,MULTICOLOR TEXTIL LTDA.,01.14.01.3106A,TOP CURTO / 2025-2-3973,01,S-BLUSA / TOP,S,CYAR,CYAR - C&A FEIRA WINTER II 2026 (AS E BS) - REPEATS INCLUSOS NEGOCIAÇÃO,1368,AZUL CLARO,3,12,309,0,0,0,0,14/09/2026,10/2/2026,902,PCP/TINTURARIA/CORTE/COSTURA/EXPEDIÇÃO,06,,TINTURARIA,0,PC,LIBERADO PARA PRODUÇÂO,C&A MODAS S.A.,116532,116532,062062,05461,03/01/2027,2701,01 - SEM 01 - 2027,(47) 3534-4078,0,,,0030,C&A MODAS,24/11/2026,110,17,1,309,,,0,0,100,0,0,2701,003,T52A - BBO,30,SORTER,N,N,SSNN,"8,2811",,A18 (ASQ4),0,0,T00,TOP CURTO (TOP),,15/04 - 5 cores,"12,38",03/01/2027,2,0,AGROLANDIA,AV EDUARDO WILL,500,SAO JOAO,MULTICOLOR,14,14/09/2026,1/3/2027,,1,,,2645,0,,0,80.666.324/0001-00,
078164,1,05157,445,MULTICOLOR TEXTIL LTDA.,0,01 - SEM 01 - 2027,3,,9 lcc,0,OP PRODUÇÃO,0,000,CLASSIFICAR MODELO/FAMILIA,,,04,TINTURARIA,TIN,TIN - TINTURARIA,,,Lib corte,,00/01/1900,00/01/1900,86,DISNEY C&A,MULTICOLOR TEXTIL LTDA.,01.14.01.3106A,TOP CURTO / 2025-2-3973,01,S-BLUSA / TOP,S,CYAR,CYAR - C&A FEIRA WINTER II 2026 (AS E BS) - REPEATS INCLUSOS NEGOCIAÇÃO,1368,AZUL CLARO,4,13,206,0,0,0,0,14/09/2026,10/2/2026,902,PCP/TINTURARIA/CORTE/COSTURA/EXPEDIÇÃO,06,,TINTURARIA,0,PC,LIBERADO PARA PRODUÇÂO,C&A MODAS S.A.,116532,116532,062062,05461,03/01/2027,2701,01 - SEM 01 - 2027,(47) 3534-4078,0,,,0030,C&A MODAS,24/11/2026,110,17,1,206,,,0,0,100,0,0,2701,003,T52A - BBO,30,SORTER,N,N,SSNN,"8,2811",,A18 (ASQ4),0,0,T00,TOP CURTO (TOP),,15/04 - 5 cores,"12,38",03/01/2027,2,0,AGROLANDIA,AV EDUARDO WILL,500,SAO JOAO,MULTICOLOR,14,14/09/2026,1/3/2027,,1,,,2645,0,,0,80.666.324/0001-00,
078164,1,05157,445,MULTICOLOR TEXTIL LTDA.,0,01 - SEM 01 - 2027,3,,9 lcc,0,OP PRODUÇÃO,0,000,CLASSIFICAR MODELO/FAMILIA,,,04,TINTURARIA,TIN,TIN - TINTURARIA,,,Lib corte,,00/01/1900,00/01/1900,86,DISNEY C&A,MULTICOLOR TEXTIL LTDA.,01.14.01.3106A,TOP CURTO / 2025-2-3973,01,S-BLUSA / TOP,S,CYAR,CYAR - C&A FEIRA WINTER II 2026 (AS E BS) - REPEATS INCLUSOS NEGOCIAÇÃO,1368,AZUL CLARO,5,58,206,0,0,0,0,14/09/2026,10/2/2026,902,PCP/TINTURARIA/CORTE/COSTURA/EXPEDIÇÃO,06,,TINTURARIA,0,PC,LIBERADO PARA PRODUÇÂO,C&A MODAS S.A.,116532,116532,062062,05461,03/01/2027,2701,01 - SEM 01 - 2027,(47) 3534-4078,0,,,0030,C&A MODAS,24/11/2026,110,17,1,206,,,0,0,100,0,0,2701,003,T52A - BBO,30,SORTER,N,N,SSNN,"8,2811",,A18 (ASQ4),0,0,T00,TOP CURTO (TOP),,15/04 - 5 cores,"12,38",03/01/2027,2,0,AGROLANDIA,AV EDUARDO WILL,500,SAO JOAO,MULTICOLOR,14,14/09/2026,1/3/2027,,1,,,2645,0,,0,80.666.324/0001-00,
077666,1,834,,,0,11 - SEM 47 - 2026,6,,9 lcc,0,OP PRODUÇÃO,0,T030,TOP MC C/ APLIQUE,B,8 SEMANAS,0097,GERAL,TIN,TIN - TINTURARIA,,,Lib corte,,25/10/2026,00/01/1900,86,DISNEY C&A,CONFECCOES ONEDA LTDA,01.16.01.3157,TOP CURTO / 2025-2-7966,01,S-BLUSA / TOP,S,CEAR,CEAR - FEIRA SUMMER II 2026 (PROD AS BS) REPEATS,10564,CINZA CLARO,4,13,315,0,0,0,0,11/09/2026,9/14/2026,902,PCP/TINTURARIA/CORTE/COSTURA/EXPEDIÇÃO,12,,LAB-APROVAÇÃO LOTE TINTURARIA,0,PC,LIBERADO PARA PRODUÇÂO,C&A MODAS S.A.,98949,98949,061669,05461,22/11/2026,2647,11 - SEM 47 - 2026,(47) 3332-5004,0,,,0030,C&A MODAS,30/09/2026,68,-1,4,315,,,0,0,100,0,0,2647,001,T54A - LICENSE MASC.,30,SORTER,N,N,SSNN,"10,1584",,A29,0,0,T00,TOP CURTO (TOP),"mbossing alt - 4,00 - est. 1 cor metzalizado",PP SAMPLE ENV 10/07 -,"22,85",22/11/2026,3,0,GASPAR,AVENIDA DEPUTADO FRANCISCO MASTELLA,3955,SETE DE SETEMBRO,,1,07/08/2026,11/8/2026,,1,,,2641,0,,0,00.577.158/0001-29,
077666,1,834,,,0,11 - SEM 47 - 2026,6,,9 lcc,0,OP PRODUÇÃO,0,T030,TOP MC C/ APLIQUE,B,8 SEMANAS,0097,GERAL,TIN,TIN - TINTURARIA,,,Lib corte,,25/10/2026,00/01/1900,86,DISNEY C&A,CONFECCOES ONEDA LTDA,01.16.01.3157,TOP CURTO / 2025-2-7966,01,S-BLUSA / TOP,S,CEAR,CEAR - FEIRA SUMMER II 2026 (PROD AS BS) REPEATS,10564,CINZA CLARO,6,14,566,0,0,0,0,11/09/2026,9/14/2026,902,PCP/TINTURARIA/CORTE/COSTURA/EXPEDIÇÃO,12,,LAB-APROVAÇÃO LOTE TINTURARIA,0,PC,LIBERADO PARA PRODUÇÂO,C&A MODAS S.A.,98949,98949,061669,05461,22/11/2026,2647,11 - SEM 47 - 2026,(47) 3332-5004,0,,,0030,C&A MODAS,30/09/2026,68,-1,4,566,,,0,0,100,0,0,2647,001,T54A - LICENSE MASC.,30,SORTER,N,N,SSNN,"10,1584",,A29,0,0,T00,TOP CURTO (TOP),"mbossing alt - 4,00 - est. 1 cor metzalizado",PP SAMPLE ENV 10/07 -,"22,85",22/11/2026,3,0,GASPAR,AVENIDA DEPUTADO FRANCISCO MASTELLA,3955,SETE DE SETEMBRO,,1,07/08/2026,11/8/2026,,1,,,2641,0,,0,00.577.158/0001-29,
077666,1,834,,,0,11 - SEM 47 - 2026,6,,9 lcc,0,OP PRODUÇÃO,0,T030,TOP MC C/ APLIQUE,B,8 SEMANAS,0097,GERAL,TIN,TIN - TINTURARIA,,,Lib corte,,25/10/2026,00/01/1900,86,DISNEY C&A,CONFECCOES ONEDA LTDA,01.16.01.3157,TOP CURTO / 2025-2-7966,01,S-BLUSA / TOP,S,CEAR,CEAR - FEIRA SUMMER II 2026 (PROD AS BS) REPEATS,10564,CINZA CLARO,8,15,637,0,0,0,0,11/09/2026,9/14/2026,902,PCP/TINTURARIA/CORTE/COSTURA/EXPEDIÇÃO,12,,LAB-APROVAÇÃO LOTE TINTURARIA,0,PC,LIBERADO PARA PRODUÇÂO,C&A MODAS S.A.,98949,98949,061669,05461,22/11/2026,2647,11 - SEM 47 - 2026,(47) 3332-5004,0,,,0030,C&A MODAS,30/09/2026,68,-1,4,637,,,0,0,100,0,0,2647,001,T54A - LICENSE MASC.,30,SORTER,N,N,SSNN,"10,1584",,A29,0,0,T00,TOP CURTO (TOP),"mbossing alt - 4,00 - est. 1 cor metzalizado",PP SAMPLE ENV 10/07 -,"22,85",22/11/2026,3,0,GASPAR,AVENIDA DEPUTADO FRANCISCO MASTELLA,3955,SETE DE SETEMBRO,,1,07/08/2026,11/8/2026,,1,,,2641,0,,0,00.577.158/0001-29,
077666,1,834,,,0,11 - SEM 47 - 2026,6,,9 lcc,0,OP PRODUÇÃO,0,T030,TOP MC C/ APLIQUE,B,8 SEMANAS,0097,GERAL,TIN,TIN - TINTURARIA,,,Lib corte,,25/10/2026,00/01/1900,86,DISNEY C&A,CONFECCOES ONEDA LTDA,01.16.01.3157,TOP CURTO / 2025-2-7966,01,S-BLUSA / TOP,S,CEAR,CEAR - FEIRA SUMMER II 2026 (PROD AS BS) REPEATS,10564,CINZA CLARO,10,16,531,0,0,0,0,11/09/2026,9/14/2026,902,PCP/TINTURARIA/CORTE/COSTURA/EXPEDIÇÃO,12,,LAB-APROVAÇÃO LOTE TINTURARIA,0,PC,LIBERADO PARA PRODUÇÂO,C&A MODAS S.A.,98949,98949,061669,05461,22/11/2026,2647,11 - SEM 47 - 2026,(47) 3332-5004,0,,,0030,C&A MODAS,30/09/2026,68,-1,4,531,,,0,0,100,0,0,2647,001,T54A - LICENSE MASC.,30,SORTER,N,N,SSNN,"10,1584",,A29,0,0,T00,TOP CURTO (TOP),"mbossing alt - 4,00 - est. 1 cor metzalizado",PP SAMPLE ENV 10/07 -,"22,85",22/11/2026,3,0,GASPAR,AVENIDA DEPUTADO FRANCISCO MASTELLA,3955,SETE DE SETEMBRO,,1,07/08/2026,11/8/2026,,1,,,2641,0,,0,00.577.158/0001-29,
077666,1,834,,,0,11 - SEM 47 - 2026,6,,9 lcc,0,OP PRODUÇÃO,0,T030,TOP MC C/ APLIQUE,B,8 SEMANAS,0097,GERAL,TIN,TIN - TINTURARIA,,,Lib corte,,25/10/2026,00/01/1900,86,DISNEY C&A,CONFECCOES ONEDA LTDA,01.16.01.3157,TOP CURTO / 2025-2-7966,01,S-BLUSA / TOP,S,CEAR,CEAR - FEIRA SUMMER II 2026 (PROD AS BS) REPEATS,10564,CINZA CLARO,12,17,492,0,0,0,0,11/09/2026,9/14/2026,902,PCP/TINTURARIA/CORTE/COSTURA/EXPEDIÇÃO,12,,LAB-APROVAÇÃO LOTE TINTURARIA,0,PC,LIBERADO PARA PRODUÇÂO,C&A MODAS S.A.,98949,98949,061669,05461,22/11/2026,2647,11 - SEM 47 - 2026,(47) 3332-5004,0,,,0030,C&A MODAS,30/09/2026,68,-1,4,492,,,0,0,100,0,0,2647,001,T54A - LICENSE MASC.,30,SORTER,N,N,SSNN,"10,1584",,A29,0,0,T00,TOP CURTO (TOP),"mbossing alt - 4,00 - est. 1 cor metzalizado",PP SAMPLE ENV 10/07 -,"22,85",22/11/2026,3,0,GASPAR,AVENIDA DEPUTADO FRANCISCO MASTELLA,3955,SETE DE SETEMBRO,,1,07/08/2026,11/8/2026,,1,,,2641,0,,0,00.577.158/0001-29,
077667,1,834,,,0,12 - SEM 50 - 2026,6,,9 lcc,0,OP PRODUÇÃO,0,T030,TOP MC C/ APLIQUE,B,8 SEMANAS,0097,GERAL,TIN,TIN - TINTURARIA,,,Lib corte,,25/10/2026,00/01/1900,86,DISNEY C&A,CONFECCOES ONEDA LTDA,01.16.01.3157,TOP CURTO / 2025-2-7966,01,S-BLUSA / TOP,S,CEAR,CEAR - FEIRA SUMMER II 2026 (PROD AS BS) REPEATS,10564,CINZA CLARO,4,13,255,0,0,0,0,11/09/2026,9/14/2026,902,PCP/TINTURARIA/CORTE/COSTURA/EXPEDIÇÃO,12,,LAB-APROVAÇÃO LOTE TINTURARIA,0,PC,LIBERADO PARA PRODUÇÂO,C&A MODAS S.A.,98950,98950,061670,05461,13/12/2026,2650,12 - SEM 50 - 2026,(47) 3332-5004,0,,,0030,C&A MODAS,04/11/2026,89,-1,4,255,,,0,0,100,0,0,2650,001,T54A - LICENSE MASC.,30,SORTER,N,N,SSNN,"10,1584",,A29,0,0,T00,TOP CURTO (TOP),"mbossing alt - 4,00 - est. 1 cor metzalizado",PP SAMPLE ENV 10/07 -,"22,85",13/12/2026,3,0,GASPAR,AVENIDA DEPUTADO FRANCISCO MASTELLA,3955,SETE DE SETEMBRO,,1,07/08/2026,12/13/2026,,1,,,2641,0,,0,00.577.158/0001-29,
077667,1,834,,,0,12 - SEM 50 - 2026,6,,9 lcc,0,OP PRODUÇÃO,0,T030,TOP MC C/ APLIQUE,B,8 SEMANAS,0097,GERAL,TIN,TIN - TINTURARIA,,,Lib corte,,25/10/2026,00/01/1900,86,DISNEY C&A,CONFECCOES ONEDA LTDA,01.16.01.3157,TOP CURTO / 2025-2-7966,01,S-BLUSA / TOP,S,CEAR,CEAR - FEIRA SUMMER II 2026 (PROD AS BS) REPEATS,10564,CINZA CLARO,6,14,459,0,0,0,0,11/09/2026,9/14/2026,902,PCP/TINTURARIA/CORTE/COSTURA/EXPEDIÇÃO,12,,LAB-APROVAÇÃO LOTE TINTURARIA,0,PC,LIBERADO PARA PRODUÇÂO,C&A MODAS S.A.,98950,98950,061670,05461,13/12/2026,2650,12 - SEM 50 - 2026,(47) 3332-5004,0,,,0030,C&A MODAS,04/11/2026,89,-1,4,459,,,0,0,100,0,0,2650,001,T54A - LICENSE MASC.,30,SORTER,N,N,SSNN,"10,1584",,A29,0,0,T00,TOP CURTO (TOP),"mbossing alt - 4,00 - est. 1 cor metzalizado",PP SAMPLE ENV 10/07 -,"22,85",13/12/2026,3,0,GASPAR,AVENIDA DEPUTADO FRANCISCO MASTELLA,3955,SETE DE SETEMBRO,,1,07/08/2026,12/13/2026,,1,,,2641,0,,0,00.577.158/0001-29,
077667,1,834,,,0,12 - SEM 50 - 2026,6,,9 lcc,0,OP PRODUÇÃO,0,T030,TOP MC C/ APLIQUE,B,8 SEMANAS,0097,GERAL,TIN,TIN - TINTURARIA,,,Lib corte,,25/10/2026,00/01/1900,86,DISNEY C&A,CONFECCOES ONEDA LTDA,01.16.01.3157,TOP CURTO / 2025-2-7966,01,S-BLUSA / TOP,S,CEAR,CEAR - FEIRA SUMMER II 2026 (PROD AS BS) REPEATS,10564,CINZA CLARO,8,15,516,0,0,0,0,11/09/2026,9/14/2026,902,PCP/TINTURARIA/CORTE/COSTURA/EXPEDIÇÃO,12,,LAB-APROVAÇÃO LOTE TINTURARIA,0,PC,LIBERADO PARA PRODUÇÂO,C&A MODAS S.A.,98950,98950,061670,05461,13/12/2026,2650,12 - SEM 50 - 2026,(47) 3332-5004,0,,,0030,C&A MODAS,04/11/2026,89,-1,4,516,,,0,0,100,0,0,2650,001,T54A - LICENSE MASC.,30,SORTER,N,N,SSNN,"10,1584",,A29,0,0,T00,TOP CURTO (TOP),"mbossing alt - 4,00 - est. 1 cor metzalizado",PP SAMPLE ENV 10/07 -,"22,85",13/12/2026,3,0,GASPAR,AVENIDA DEPUTADO FRANCISCO MASTELLA,3955,SETE DE SETEMBRO,,1,07/08/2026,12/13/2026,,1,,,2641,0,,0,00.577.158/0001-29,
077667,1,834,,,0,12 - SEM 50 - 2026,6,,9 lcc,0,OP PRODUÇÃO,0,T030,TOP MC C/ APLIQUE,B,8 SEMANAS,0097,GERAL,TIN,TIN - TINTURARIA,,,Lib corte,,25/10/2026,00/01/1900,86,DISNEY C&A,CONFECCOES ONEDA LTDA,01.16.01.3157,TOP CURTO / 2025-2-7966,01,S-BLUSA / TOP,S,CEAR,CEAR - FEIRA SUMMER II 2026 (PROD AS BS) REPEATS,10564,CINZA CLARO,10,16,431,0,0,0,0,11/09/2026,9/14/2026,902,PCP/TINTURARIA/CORTE/COSTURA/EXPEDIÇÃO,12,,LAB-APROVAÇÃO LOTE TINTURARIA,0,PC,LIBERADO PARA PRODUÇÂO,C&A MODAS S.A.,98950,98950,061670,05461,13/12/2026,2650,12 - SEM 50 - 2026,(47) 3332-5004,0,,,0030,C&A MODAS,04/11/2026,89,-1,4,431,,,0,0,100,0,0,2650,001,T54A - LICENSE MASC.,30,SORTER,N,N,SSNN,"10,1584",,A29,0,0,T00,TOP CURTO (TOP),"mbossing alt - 4,00 - est. 1 cor metzalizado",PP SAMPLE ENV 10/07 -,"22,85",13/12/2026,3,0,GASPAR,AVENIDA DEPUTADO FRANCISCO MASTELLA,3955,SETE DE SETEMBRO,,1,07/08/2026,12/13/2026,,1,,,2641,0,,0,00.577.158/0001-29,
077667,1,834,,,0,12 - SEM 50 - 2026,6,,9 lcc,0,OP PRODUÇÃO,0,T030,TOP MC C/ APLIQUE,B,8 SEMANAS,0097,GERAL,TIN,TIN - TINTURARIA,,,Lib corte,,25/10/2026,00/01/1900,86,DISNEY C&A,CONFECCOES ONEDA LTDA,01.16.01.3157,TOP CURTO / 2025-2-7966,01,S-BLUSA / TOP,S,CEAR,CEAR - FEIRA SUMMER II 2026 (PROD AS BS) REPEATS,10564,CINZA CLARO,12,17,399,0,0,0,0,11/09/2026,9/14/2026,902,PCP/TINTURARIA/CORTE/COSTURA/EXPEDIÇÃO,12,,LAB-APROVAÇÃO LOTE TINTURARIA,0,PC,LIBERADO PARA PRODUÇÂO,C&A MODAS S.A.,98950,98950,061670,05461,13/12/2026,2650,12 - SEM 50 - 2026,(47) 3332-5004,0,,,0030,C&A MODAS,04/11/2026,89,-1,4,399,,,0,0,100,0,0,2650,001,T54A - LICENSE MASC.,30,SORTER,N,N,SSNN,"10,1584",,A29,0,0,T00,TOP CURTO (TOP),"mbossing alt - 4,00 - est. 1 cor metzalizado",PP SAMPLE ENV 10/07 -,"22,85",13/12/2026,3,0,GASPAR,AVENIDA DEPUTADO FRANCISCO MASTELLA,3955,SETE DE SETEMBRO,,1,07/08/2026,12/13/2026,,1,,,2641,0,,0,00.577.158/0001-29,
077715,1,834,,,0,10 - SEM 42 - 2026,6,10/12,9 lcc,0,OP PRODUÇÃO,0,000,CLASSIFICAR MODELO/FAMILIA,,,0097,GERAL,TIN,TIN - TINTURARIA,,,Lib corte,,05/09/2027,00/01/1900,85,SEM LICENSA C&A,CONFECCOES ONEDA LTDA,01.14.00.7267Q,SHORTS / 2025-2-12525,02,I-SHORTS / BOTTON,S,CEAR,CEAR - FEIRA SUMMER II 2026 (PROD AS BS) REPEATS,656,AZUL,1,10,41,0,0,0,0,11/09/2026,9/14/2026,902,PCP/TINTURARIA/CORTE/COSTURA/EXPEDIÇÃO,12,,LAB-APROVAÇÃO LOTE TINTURARIA,0,PC,LIBERADO PARA PRODUÇÂO,C&A MODAS S.A.,104209,104209,061872,05461,18/10/2026,2642,10 - SEM 42 - 2026,(47) 3332-5004,0,,,0030,C&A MODAS,09/09/2026,33,-1,4,41,,,0,0,100,0,0,2642,003,T52A - BBO,30,SORTER,N,N,SSNN,"21,0479",,(ASQ4),0,0,B00,SHORTS (BOTTON),,"R$147,06/milheiro","24,7",18/10/2026,1,0,GASPAR,AVENIDA DEPUTADO FRANCISCO MASTELLA,3955,SETE DE SETEMBRO,,1,12/10/2026,10/18/2026,,1,,,2640,0,,0,00.577.158/0001-29,
077715,1,834,,,0,10 - SEM 42 - 2026,6,10/12,9 lcc,0,OP PRODUÇÃO,0,000,CLASSIFICAR MODELO/FAMILIA,,,0097,GERAL,TIN,TIN - TINTURARIA,,,Lib corte,,05/09/2027,00/01/1900,85,SEM LICENSA C&A,CONFECCOES ONEDA LTDA,01.14.00.7267Q,SHORTS / 2025-2-12525,02,I-SHORTS / BOTTON,S,CEAR,CEAR - FEIRA SUMMER II 2026 (PROD AS BS) REPEATS,656,AZUL,2,11,268,0,0,0,0,11/09/2026,9/14/2026,902,PCP/TINTURARIA/CORTE/COSTURA/EXPEDIÇÃO,12,,LAB-APROVAÇÃO LOTE TINTURARIA,0,PC,LIBERADO PARA PRODUÇÂO,C&A MODAS S.A.,104209,104209,061872,05461,18/10/2026,2642,10 - SEM 42 - 2026,(47) 3332-5004,0,,,0030,C&A MODAS,09/09/2026,33,-1,4,268,,,0,0,100,0,0,2642,003,T52A - BBO,30,SORTER,N,N,SSNN,"21,0479",,(ASQ4),0,0,B00,SHORTS (BOTTON),,"R$147,06/milheiro","24,7",18/10/2026,1,0,GASPAR,AVENIDA DEPUTADO FRANCISCO MASTELLA,3955,SETE DE SETEMBRO,,1,12/10/2026,10/18/2026,,1,,,2640,0,,0,00.577.158/0001-29,
077715,1,834,,,0,10 - SEM 42 - 2026,6,10/12,9 lcc,0,OP PRODUÇÃO,0,000,CLASSIFICAR MODELO/FAMILIA,,,0097,GERAL,TIN,TIN - TINTURARIA,,,Lib corte,,05/09/2027,00/01/1900,85,SEM LICENSA C&A,CONFECCOES ONEDA LTDA,01.14.00.7267Q,SHORTS / 2025-2-12525,02,I-SHORTS / BOTTON,S,CEAR,CEAR - FEIRA SUMMER II 2026 (PROD AS BS) REPEATS,656,AZUL,3,12,268,0,0,0,0,11/09/2026,9/14/2026,902,PCP/TINTURARIA/CORTE/COSTURA/EXPEDIÇÃO,12,,LAB-APROVAÇÃO LOTE TINTURARIA,0,PC,LIBERADO PARA PRODUÇÂO,C&A MODAS S.A.,104209,104209,061872,05461,18/10/2026,2642,10 - SEM 42 - 2026,(47) 3332-5004,0,,,0030,C&A MODAS,09/09/2026,33,-1,4,268,,,0,0,100,0,0,2642,003,T52A - BBO,30,SORTER,N,N,SSNN,"21,0479",,(ASQ4),0,0,B00,SHORTS (BOTTON),,"R$147,06/milheiro","24,7",18/10/2026,1,0,GASPAR,AVENIDA DEPUTADO FRANCISCO MASTELLA,3955,SETE DE SETEMBRO,,1,12/10/2026,10/18/2026,,1,,,2640,0,,0,00.577.158/0001-29,
077715,1,834,,,0,10 - SEM 42 - 2026,6,10/12,9 lcc,0,OP PRODUÇÃO,0,000,CLASSIFICAR MODELO/FAMILIA,,,0097,GERAL,TIN,TIN - TINTURARIA,,,Lib corte,,05/09/2027,00/01/1900,85,SEM LICENSA C&A,CONFECCOES ONEDA LTDA,01.14.00.7267Q,SHORTS / 2025-2-12525,02,I-SHORTS / BOTTON,S,CEAR,CEAR - FEIRA SUMMER II 2026 (PROD AS BS) REPEATS,656,AZUL,4,13,288,0,0,0,0,11/09/2026,9/14/2026,902,PCP/TINTURARIA/CORTE/COSTURA/EXPEDIÇÃO,12,,LAB-APROVAÇÃO LOTE TINTURARIA,0,PC,LIBERADO PARA PRODUÇÂO,C&A MODAS S.A.,104209,104209,061872,05461,18/10/2026,2642,10 - SEM 42 - 2026,(47) 3332-5004,0,,,0030,C&A MODAS,09/09/2026,33,-1,4,288,,,0,0,100,0,0,2642,003,T52A - BBO,30,SORTER,N,N,SSNN,"21,0479",,(ASQ4),0,0,B00,SHORTS (BOTTON),,"R$147,06/milheiro","24,7",18/10/2026,1,0,GASPAR,AVENIDA DEPUTADO FRANCISCO MASTELLA,3955,SETE DE SETEMBRO,,1,12/10/2026,10/18/2026,,1,,,2640,0,,0,00.577.158/0001-29,
077715,1,834,,,0,10 - SEM 42 - 2026,6,10/12,9 lcc,0,OP PRODUÇÃO,0,000,CLASSIFICAR MODELO/FAMILIA,,,0097,GERAL,TIN,TIN - TINTURARIA,,,Lib corte,,05/09/2027,00/01/1900,85,SEM LICENSA C&A,CONFECCOES ONEDA LTDA,01.14.00.7267Q,SHORTS / 2025-2-12525,02,I-SHORTS / BOTTON,S,CEAR,CEAR - FEIRA SUMMER II 2026 (PROD AS BS) REPEATS,656,AZUL,5,58,144,0,0,0,0,11/09/2026,9/14/2026,902,PCP/TINTURARIA/CORTE/COSTURA/EXPEDIÇÃO,12,,LAB-APROVAÇÃO LOTE TINTURARIA,0,PC,LIBERADO PARA PRODUÇÂO,C&A MODAS S.A.,104209,104209,061872,05461,18/10/2026,2642,10 - SEM 42 - 2026,(47) 3332-5004,0,,,0030,C&A MODAS,09/09/2026,33,-1,4,144,,,0,0,100,0,0,2642,003,T52A - BBO,30,SORTER,N,N,SSNN,"21,0479",,(ASQ4),0,0,B00,SHORTS (BOTTON),,"R$147,06/milheiro","24,7",18/10/2026,1,0,GASPAR,AVENIDA DEPUTADO FRANCISCO MASTELLA,3955,SETE DE SETEMBRO,,1,12/10/2026,10/18/2026,,1,,,2640,0,,0,00.577.158/0001-29,
077718,1,834,,,0,10 - SEM 44 - 2026,6,10/12,9 lcc,0,OP PRODUÇÃO,0,000,CLASSIFICAR MODELO/FAMILIA,,,0097,GERAL,TIN,TIN - TINTURARIA,,,Lib corte,,05/09/2027,00/01/1900,85,SEM LICENSA C&A,CONFECCOES ONEDA LTDA,01.14.00.7267Q,SHORTS / 2025-2-12525,02,I-SHORTS / BOTTON,S,CEAR,CEAR - FEIRA SUMMER II 2026 (PROD AS BS) REPEATS,656,AZUL,1,10,227,0,0,0,0,11/09/2026,9/14/2026,902,PCP/TINTURARIA/CORTE/COSTURA/EXPEDIÇÃO,12,,LAB-APROVAÇÃO LOTE TINTURARIA,0,PC,LIBERADO PARA PRODUÇÂO,C&A MODAS S.A.,107566,107566,061874,05461,01/11/2026,2644,10 - SEM 44 - 2026,(47) 3332-5004,0,,,0030,C&A MODAS,23/09/2026,47,-1,4,227,,,0,0,100,0,0,2644,003,T52A - BBO,30,SORTER,N,N,SSNN,"21,0479",,(ASQ4),0,0,B00,SHORTS (BOTTON),,"R$147,06/milheiro","24,7",01/11/2026,1,0,GASPAR,AVENIDA DEPUTADO FRANCISCO MASTELLA,3955,SETE DE SETEMBRO,,1,10/08/2026,11/1/2026,,1,,,2640,0,,0,00.577.158/0001-29,
077718,1,834,,,0,10 - SEM 44 - 2026,6,10/12,9 lcc,0,OP PRODUÇÃO,0,000,CLASSIFICAR MODELO/FAMILIA,,,0097,GERAL,TIN,TIN - TINTURARIA,,,Lib corte,,05/09/2027,00/01/1900,85,SEM LICENSA C&A,CONFECCOES ONEDA LTDA,01.14.00.7267Q,SHORTS / 2025-2-12525,02,I-SHORTS / BOTTON,S,CEAR,CEAR - FEIRA SUMMER II 2026 (PROD AS BS) REPEATS,656,AZUL,2,11,381,0,0,0,0,11/09/2026,9/14/2026,902,PCP/TINTURARIA/CORTE/COSTURA/EXPEDIÇÃO,12,,LAB-APROVAÇÃO LOTE TINTURARIA,0,PC,LIBERADO PARA PRODUÇÂO,C&A MODAS S.A.,107566,107566,061874,05461,01/11/2026,2644,10 - SEM 44 - 2026,(47) 3332-5004,0,,,0030,C&A MODAS,23/09/2026,47,-1,4,381,,,0,0,100,0,0,2644,003,T52A - BBO,30,SORTER,N,N,SSNN,"21,0479",,(ASQ4),0,0,B00,SHORTS (BOTTON),,"R$147,06/milheiro","24,7",01/11/2026,1,0,GASPAR,AVENIDA DEPUTADO FRANCISCO MASTELLA,3955,SETE DE SETEMBRO,,1,10/08/2026,11/1/2026,,1,,,2640,0,,0,00.577.158/0001-29,
077718,1,834,,,0,10 - SEM 44 - 2026,6,10/12,9 lcc,0,OP PRODUÇÃO,0,000,CLASSIFICAR MODELO/FAMILIA,,,0097,GERAL,TIN,TIN - TINTURARIA,,,Lib corte,,05/09/2027,00/01/1900,85,SEM LICENSA C&A,CONFECCOES ONEDA LTDA,01.14.00.7267Q,SHORTS / 2025-2-12525,02,I-SHORTS / BOTTON,S,CEAR,CEAR - FEIRA SUMMER II 2026 (PROD AS BS) REPEATS,656,AZUL,3,12,402,0,0,0,0,11/09/2026,9/14/2026,902,PCP/TINTURARIA/CORTE/COSTURA/EXPEDIÇÃO,12,,LAB-APROVAÇÃO LOTE TINTURARIA,0,PC,LIBERADO PARA PRODUÇÂO,C&A MODAS S.A.,107566,107566,061874,05461,01/11/2026,2644,10 - SEM 44 - 2026,(47) 3332-5004,0,,,0030,C&A MODAS,23/09/2026,47,-1,4,402,,,0,0,100,0,0,2644,003,T52A - BBO,30,SORTER,N,N,SSNN,"21,0479",,(ASQ4),0,0,B00,SHORTS (BOTTON),,"R$147,06/milheiro","24,7",01/11/2026,1,0,GASPAR,AVENIDA DEPUTADO FRANCISCO MASTELLA,3955,SETE DE SETEMBRO,,1,10/08/2026,11/1/2026,,1,,,2640,0,,0,00.577.158/0001-29,
077718,1,834,,,0,10 - SEM 44 - 2026,6,10/12,9 lcc,0,OP PRODUÇÃO,0,000,CLASSIFICAR MODELO/FAMILIA,,,0097,GERAL,TIN,TIN - TINTURARIA,,,Lib corte,,05/09/2027,00/01/1900,85,SEM LICENSA C&A,CONFECCOES ONEDA LTDA,01.14.00.7267Q,SHORTS / 2025-2-12525,02,I-SHORTS / BOTTON,S,CEAR,CEAR - FEIRA SUMMER II 2026 (PROD AS BS) REPEATS,656,AZUL,4,13,371,0,0,0,0,11/09/2026,9/14/2026,902,PCP/TINTURARIA/CORTE/COSTURA/EXPEDIÇÃO,12,,LAB-APROVAÇÃO LOTE TINTURARIA,0,PC,LIBERADO PARA PRODUÇÂO,C&A MODAS S.A.,107566,107566,061874,05461,01/11/2026,2644,10 - SEM 44 - 2026,(47) 3332-5004,0,,,0030,C&A MODAS,23/09/2026,47,-1,4,371,,,0,0,100,0,0,2644,003,T52A - BBO,30,SORTER,N,N,SSNN,"21,0479",,(ASQ4),0,0,B00,SHORTS (BOTTON),,"R$147,06/milheiro","24,7",01/11/2026,1,0,GASPAR,AVENIDA DEPUTADO FRANCISCO MASTELLA,3955,SETE DE SETEMBRO,,1,10/08/2026,11/1/2026,,1,,,2640,0,,0,00.577.158/0001-29,
077718,1,834,,,0,10 - SEM 44 - 2026,6,10/12,9 lcc,0,OP PRODUÇÃO,0,000,CLASSIFICAR MODELO/FAMILIA,,,0097,GERAL,TIN,TIN - TINTURARIA,,,Lib corte,,05/09/2027,00/01/1900,85,SEM LICENSA C&A,CONFECCOES ONEDA LTDA,01.14.00.7267Q,SHORTS / 2025-2-12525,02,I-SHORTS / BOTTON,S,CEAR,CEAR - FEIRA SUMMER II 2026 (PROD AS BS) REPEATS,656,AZUL,5,58,299,0,0,0,0,11/09/2026,9/14/2026,902,PCP/TINTURARIA/CORTE/COSTURA/EXPEDIÇÃO,12,,LAB-APROVAÇÃO LOTE TINTURARIA,0,PC,LIBERADO PARA PRODUÇÂO,C&A MODAS S.A.,107566,107566,061874,05461,01/11/2026,2644,10 - SEM 44 - 2026,(47) 3332-5004,0,,,0030,C&A MODAS,23/09/2026,47,-1,4,299,,,0,0,100,0,0,2644,003,T52A - BBO,30,SORTER,N,N,SSNN,"21,0479",,(ASQ4),0,0,B00,SHORTS (BOTTON),,"R$147,06/milheiro","24,7",01/11/2026,1,0,GASPAR,AVENIDA DEPUTADO FRANCISCO MASTELLA,3955,SETE DE SETEMBRO,,1,10/08/2026,11/1/2026,,1,,,2640,0,,0,00.577.158/0001-29,
077945,1,834,,,0,10 - SEM 44 - 2026,6,30/04,9 lcc,0,OP PRODUÇÃO,0,T001,TOP MC BASICO,A,7 SEMANAS LEAD TIME DE PRODUÇÃO,0097,GERAL,TIN,TIN - TINTURARIA,,,Lib corte,,14/03/2027,00/01/1900,86,DISNEY C&A,CONFECCOES ONEDA LTDA,01.14.01.3223,TOP CURTO / 2026-2-3552,01,S-BLUSA / TOP,S,CEAR,CEAR - FEIRA SUMMER II 2026 (PROD AS BS) REPEATS,1457,AZUL MEDIO,1,10,206,0,0,0,0,14/09/2026,9/15/2026,902,PCP/TINTURARIA/CORTE/COSTURA/EXPEDIÇÃO,12,,LAB-APROVAÇÃO LOTE TINTURARIA,0,PC,LIBERADO PARA PRODUÇÂO,C&A MODAS S.A.,66683,66683,061918,05461,01/11/2026,2644,10 - SEM 44 - 2026,(47) 3332-5004,0,,,0030,C&A MODAS,23/09/2026,47,0,1,206,,,0,0,100,0,0,2644,003,T52A - BBO,30,SORTER,N,N,SSNN,"7,8069",,B18,0,0,T00,TOP CURTO (TOP),PPSAMPLE ENVIADA 04/05,,"15,5",01/11/2026,2,0,GASPAR,AVENIDA DEPUTADO FRANCISCO MASTELLA,3955,SETE DE SETEMBRO,,1,20/08/2026,11/1/2026,,1,,,2642,0,,0,00.577.158/0001-29,
077945,1,834,,,0,10 - SEM 44 - 2026,6,30/04,9 lcc,0,OP PRODUÇÃO,0,T001,TOP MC BASICO,A,7 SEMANAS LEAD TIME DE PRODUÇÃO,0097,GERAL,TIN,TIN - TINTURARIA,,,Lib corte,,14/03/2027,00/01/1900,86,DISNEY C&A,CONFECCOES ONEDA LTDA,01.14.01.3223,TOP CURTO / 2026-2-3552,01,S-BLUSA / TOP,S,CEAR,CEAR - FEIRA SUMMER II 2026 (PROD AS BS) REPEATS,1457,AZUL MEDIO,2,11,412,0,0,0,0,14/09/2026,9/15/2026,902,PCP/TINTURARIA/CORTE/COSTURA/EXPEDIÇÃO,12,,LAB-APROVAÇÃO LOTE TINTURARIA,0,PC,LIBERADO PARA PRODUÇÂO,C&A MODAS S.A.,66683,66683,061918,05461,01/11/2026,2644,10 - SEM 44 - 2026,(47) 3332-5004,0,,,0030,C&A MODAS,23/09/2026,47,0,1,412,,,0,0,100,0,0,2644,003,T52A - BBO,30,SORTER,N,N,SSNN,"7,8069",,B18,0,0,T00,TOP CURTO (TOP),PPSAMPLE ENVIADA 04/05,,"15,5",01/11/2026,2,0,GASPAR,AVENIDA DEPUTADO FRANCISCO MASTELLA,3955,SETE DE SETEMBRO,,1,20/08/2026,11/1/2026,,1,,,2642,0,,0,00.577.158/0001-29,
077945,1,834,,,0,10 - SEM 44 - 2026,6,30/04,9 lcc,0,OP PRODUÇÃO,0,T001,TOP MC BASICO,A,7 SEMANAS LEAD TIME DE PRODUÇÃO,0097,GERAL,TIN,TIN - TINTURARIA,,,Lib corte,,14/03/2027,00/01/1900,86,DISNEY C&A,CONFECCOES ONEDA LTDA,01.14.01.3223,TOP CURTO / 2026-2-3552,01,S-BLUSA / TOP,S,CEAR,CEAR - FEIRA SUMMER II 2026 (PROD AS BS) REPEATS,1457,AZUL MEDIO,3,12,618,0,0,0,0,14/09/2026,9/15/2026,902,PCP/TINTURARIA/CORTE/COSTURA/EXPEDIÇÃO,12,,LAB-APROVAÇÃO LOTE TINTURARIA,0,PC,LIBERADO PARA PRODUÇÂO,C&A MODAS S.A.,66683,66683,061918,05461,01/11/2026,2644,10 - SEM 44 - 2026,(47) 3332-5004,0,,,0030,C&A MODAS,23/09/2026,47,0,1,618,,,0,0,100,0,0,2644,003,T52A - BBO,30,SORTER,N,N,SSNN,"7,8069",,B18,0,0,T00,TOP CURTO (TOP),PPSAMPLE ENVIADA 04/05,,"15,5",01/11/2026,2,0,GASPAR,AVENIDA DEPUTADO FRANCISCO MASTELLA,3955,SETE DE SETEMBRO,,1,20/08/2026,11/1/2026,,1,,,2642,0,,0,00.577.158/0001-29,
077945,1,834,,,0,10 - SEM 44 - 2026,6,30/04,9 lcc,0,OP PRODUÇÃO,0,T001,TOP MC BASICO,A,7 SEMANAS LEAD TIME DE PRODUÇÃO,0097,GERAL,TIN,TIN - TINTURARIA,,,Lib corte,,14/03/2027,00/01/1900,86,DISNEY C&A,CONFECCOES ONEDA LTDA,01.14.01.3223,TOP CURTO / 2026-2-3552,01,S-BLUSA / TOP,S,CEAR,CEAR - FEIRA SUMMER II 2026 (PROD AS BS) REPEATS,1457,AZUL MEDIO,4,13,412,0,0,0,0,14/09/2026,9/15/2026,902,PCP/TINTURARIA/CORTE/COSTURA/EXPEDIÇÃO,12,,LAB-APROVAÇÃO LOTE TINTURARIA,0,PC,LIBERADO PARA PRODUÇÂO,C&A MODAS S.A.,66683,66683,061918,05461,01/11/2026,2644,10 - SEM 44 - 2026,(47) 3332-5004,0,,,0030,C&A MODAS,23/09/2026,47,0,1,412,,,0,0,100,0,0,2644,003,T52A - BBO,30,SORTER,N,N,SSNN,"7,8069",,B18,0,0,T00,TOP CURTO (TOP),PPSAMPLE ENVIADA 04/05,,"15,5",01/11/2026,2,0,GASPAR,AVENIDA DEPUTADO FRANCISCO MASTELLA,3955,SETE DE SETEMBRO,,1,20/08/2026,11/1/2026,,1,,,2642,0,,0,00.577.158/0001-29,
077945,1,834,,,0,10 - SEM 44 - 2026,6,30/04,9 lcc,0,OP PRODUÇÃO,0,T001,TOP MC BASICO,A,7 SEMANAS LEAD TIME DE PRODUÇÃO,0097,GERAL,TIN,TIN - TINTURARIA,,,Lib corte,,14/03/2027,00/01/1900,86,DISNEY C&A,CONFECCOES ONEDA LTDA,01.14.01.3223,TOP CURTO / 2026-2-3552,01,S-BLUSA / TOP,S,CEAR,CEAR - FEIRA SUMMER II 2026 (PROD AS BS) REPEATS,1457,AZUL MEDIO,5,58,412,0,0,0,0,14/09/2026,9/15/2026,902,PCP/TINTURARIA/CORTE/COSTURA/EXPEDIÇÃO,12,,LAB-APROVAÇÃO LOTE TINTURARIA,0,PC,LIBERADO PARA PRODUÇÂO,C&A MODAS S.A.,66683,66683,061918,05461,01/11/2026,2644,10 - SEM 44 - 2026,(47) 3332-5004,0,,,0030,C&A MODAS,23/09/2026,47,0,1,412,,,0,0,100,0,0,2644,003,T52A - BBO,30,SORTER,N,N,SSNN,"7,8069",,B18,0,0,T00,TOP CURTO (TOP),PPSAMPLE ENVIADA 04/05,,"15,5",01/11/2026,2,0,GASPAR,AVENIDA DEPUTADO FRANCISCO MASTELLA,3955,SETE DE SETEMBRO,,1,20/08/2026,11/1/2026,,1,,,2642,0,,0,00.577.158/0001-29,
077956,1,834,,,0,11 - SEM 45 - 2026,6,20/10,9 lcc,0,OP PRODUÇÃO,0,000,CLASSIFICAR MODELO/FAMILIA,,,0097,GERAL,TIN,TIN - TINTURARIA,,,Lib corte,,06/12/2026,00/01/1900,97,MOJANG C&A,CONFECCOES ONEDA LTDA,01.16.11.0342,TOP CURTO,01,S-BLUSA / TOP,S,CWA,CWA - C&A FEIRA WINTER I 2026 (AS E BS),1370,VERDE ESCURO,4,13,144,0,0,0,0,14/09/2026,9/15/2026,902,PCP/TINTURARIA/CORTE/COSTURA/EXPEDIÇÃO,12,,LAB-APROVAÇÃO LOTE TINTURARIA,0,PC,LIB. P PRODUÇÃO/FALTA FOTO PP,C&A MODAS S.A.,111452,111452,061947,05461,08/11/2026,2645,11 - SEM 45 - 2026,(47) 3332-5004,0,,,0030,C&A MODAS,30/09/2026,54,0,1,144,,,0,0,100,0,0,2645,001,T54A - LICENSE MASC.,30,SORTER,N,N,SSNN,"11,4978",,A43 (ASQ4),0,0,T00,TOP CURTO (TOP),,,"14,56",08/11/2026,1,0,GASPAR,AVENIDA DEPUTADO FRANCISCO MASTELLA,3955,SETE DE SETEMBRO,,1,20/08/2026,11/8/2026,,1,,,2642,0,,0,00.577.158/0001-29,
077956,1,834,,,0,11 - SEM 45 - 2026,6,20/10,9 lcc,0,OP PRODUÇÃO,0,000,CLASSIFICAR MODELO/FAMILIA,,,0097,GERAL,TIN,TIN - TINTURARIA,,,Lib corte,,06/12/2026,00/01/1900,97,MOJANG C&A,CONFECCOES ONEDA LTDA,01.16.11.0342,TOP CURTO,01,S-BLUSA / TOP,S,CWA,CWA - C&A FEIRA WINTER I 2026 (AS E BS),1370,VERDE ESCURO,6,14,371,0,0,0,0,14/09/2026,9/15/2026,902,PCP/TINTURARIA/CORTE/COSTURA/EXPEDIÇÃO,12,,LAB-APROVAÇÃO LOTE TINTURARIA,0,PC,LIB. P PRODUÇÃO/FALTA FOTO PP,C&A MODAS S.A.,111452,111452,061947,05461,08/11/2026,2645,11 - SEM 45 - 2026,(47) 3332-5004,0,,,0030,C&A MODAS,30/09/2026,54,0,1,371,,,0,0,100,0,0,2645,001,T54A - LICENSE MASC.,30,SORTER,N,N,SSNN,"11,4978",,A43 (ASQ4),0,0,T00,TOP CURTO (TOP),,,"14,56",08/11/2026,1,0,GASPAR,AVENIDA DEPUTADO FRANCISCO MASTELLA,3955,SETE DE SETEMBRO,,1,20/08/2026,11/8/2026,,1,,,2642,0,,0,00.577.158/0001-29,
077956,1,834,,,0,11 - SEM 45 - 2026,6,20/10,9 lcc,0,OP PRODUÇÃO,0,000,CLASSIFICAR MODELO/FAMILIA,,,0097,GERAL,TIN,TIN - TINTURARIA,,,Lib corte,,06/12/2026,00/01/1900,97,MOJANG C&A,CONFECCOES ONEDA LTDA,01.16.11.0342,TOP CURTO,01,S-BLUSA / TOP,S,CWA,CWA - C&A FEIRA WINTER I 2026 (AS E BS),1370,VERDE ESCURO,8,15,536,0,0,0,0,14/09/2026,9/15/2026,902,PCP/TINTURARIA/CORTE/COSTURA/EXPEDIÇÃO,12,,LAB-APROVAÇÃO LOTE TINTURARIA,0,PC,LIB. P PRODUÇÃO/FALTA FOTO PP,C&A MODAS S.A.,111452,111452,061947,05461,08/11/2026,2645,11 - SEM 45 - 2026,(47) 3332-5004,0,,,0030,C&A MODAS,30/09/2026,54,0,1,536,,,0,0,100,0,0,2645,001,T54A - LICENSE MASC.,30,SORTER,N,N,SSNN,"11,4978",,A43 (ASQ4),0,0,T00,TOP CURTO (TOP),,,"14,56",08/11/2026,1,0,GASPAR,AVENIDA DEPUTADO FRANCISCO MASTELLA,3955,SETE DE SETEMBRO,,1,20/08/2026,11/8/2026,,1,,,2642,0,,0,00.577.158/0001-29,
077956,1,834,,,0,11 - SEM 45 - 2026,6,20/10,9 lcc,0,OP PRODUÇÃO,0,000,CLASSIFICAR MODELO/FAMILIA,,,0097,GERAL,TIN,TIN - TINTURARIA,,,Lib corte,,06/12/2026,00/01/1900,97,MOJANG C&A,CONFECCOES ONEDA LTDA,01.16.11.0342,TOP CURTO,01,S-BLUSA / TOP,S,CWA,CWA - C&A FEIRA WINTER I 2026 (AS E BS),1370,VERDE ESCURO,10,16,464,0,0,0,0,14/09/2026,9/15/2026,902,PCP/TINTURARIA/CORTE/COSTURA/EXPEDIÇÃO,12,,LAB-APROVAÇÃO LOTE TINTURARIA,0,PC,LIB. P PRODUÇÃO/FALTA FOTO PP,C&A MODAS S.A.,111452,111452,061947,05461,08/11/2026,2645,11 - SEM 45 - 2026,(47) 3332-5004,0,,,0030,C&A MODAS,30/09/2026,54,0,1,464,,,0,0,100,0,0,2645,001,T54A - LICENSE MASC.,30,SORTER,N,N,SSNN,"11,4978",,A43 (ASQ4),0,0,T00,TOP CURTO (TOP),,,"14,56",08/11/2026,1,0,GASPAR,AVENIDA DEPUTADO FRANCISCO MASTELLA,3955,SETE DE SETEMBRO,,1,20/08/2026,11/8/2026,,1,,,2642,0,,0,00.577.158/0001-29,
077956,1,834,,,0,11 - SEM 45 - 2026,6,20/10,9 lcc,0,OP PRODUÇÃO,0,000,CLASSIFICAR MODELO/FAMILIA,,,0097,GERAL,TIN,TIN - TINTURARIA,,,Lib corte,,06/12/2026,00/01/1900,97,MOJANG C&A,CONFECCOES ONEDA LTDA,01.16.11.0342,TOP CURTO,01,S-BLUSA / TOP,S,CWA,CWA - C&A FEIRA WINTER I 2026 (AS E BS),1370,VERDE ESCURO,12,17,525,0,0,0,0,14/09/2026,9/15/2026,902,PCP/TINTURARIA/CORTE/COSTURA/EXPEDIÇÃO,12,,LAB-APROVAÇÃO LOTE TINTURARIA,0,PC,LIB. P PRODUÇÃO/FALTA FOTO PP,C&A MODAS S.A.,111452,111452,061947,05461,08/11/2026,2645,11 - SEM 45 - 2026,(47) 3332-5004,0,,,0030,C&A MODAS,30/09/2026,54,0,1,525,,,0,0,100,0,0,2645,001,T54A - LICENSE MASC.,30,SORTER,N,N,SSNN,"11,4978",,A43 (ASQ4),0,0,T00,TOP CURTO (TOP),,,"14,56",08/11/2026,1,0,GASPAR,AVENIDA DEPUTADO FRANCISCO MASTELLA,3955,SETE DE SETEMBRO,,1,20/08/2026,11/8/2026,,1,,,2642,0,,0,00.577.158/0001-29,
077957,1,834,,,0,11 - SEM 46 - 2026,6,20/10,9 lcc,0,OP PRODUÇÃO,0,000,CLASSIFICAR MODELO/FAMILIA,,,0097,GERAL,TIN,TIN - TINTURARIA,,,Lib corte,,06/12/2026,00/01/1900,97,MOJANG C&A,CONFECCOES ONEDA LTDA,01.16.11.0342,TOP CURTO,01,S-BLUSA / TOP,S,CWA,CWA - C&A FEIRA WINTER I 2026 (AS E BS),1370,VERDE ESCURO,4,13,72,0,0,0,0,14/09/2026,9/15/2026,902,PCP/TINTURARIA/CORTE/COSTURA/EXPEDIÇÃO,12,,LAB-APROVAÇÃO LOTE TINTURARIA,0,PC,LIB. P PRODUÇÃO/FALTA FOTO PP,C&A MODAS S.A.,111453,111453,061948,05461,15/11/2026,2646,11 - SEM 46 - 2026,(47) 3332-5004,0,,,0030,C&A MODAS,07/10/2026,61,0,1,72,,,0,0,100,0,0,2646,001,T54A - LICENSE MASC.,30,SORTER,N,N,SSNN,"11,4978",,A43 (ASQ4),0,0,T00,TOP CURTO (TOP),,,"14,56",15/11/2026,1,0,GASPAR,AVENIDA DEPUTADO FRANCISCO MASTELLA,3955,SETE DE SETEMBRO,,1,20/08/2026,11/15/2026,,1,,,2642,0,,0,00.577.158/0001-29,
077957,1,834,,,0,11 - SEM 46 - 2026,6,20/10,9 lcc,0,OP PRODUÇÃO,0,000,CLASSIFICAR MODELO/FAMILIA,,,0097,GERAL,TIN,TIN - TINTURARIA,,,Lib corte,,06/12/2026,00/01/1900,97,MOJANG C&A,CONFECCOES ONEDA LTDA,01.16.11.0342,TOP CURTO,01,S-BLUSA / TOP,S,CWA,CWA - C&A FEIRA WINTER I 2026 (AS E BS),1370,VERDE ESCURO,6,14,299,0,0,0,0,14/09/2026,9/15/2026,902,PCP/TINTURARIA/CORTE/COSTURA/EXPEDIÇÃO,12,,LAB-APROVAÇÃO LOTE TINTURARIA,0,PC,LIB. P PRODUÇÃO/FALTA FOTO PP,C&A MODAS S.A.,111453,111453,061948,05461,15/11/2026,2646,11 - SEM 46 - 2026,(47) 3332-5004,0,,,0030,C&A MODAS,07/10/2026,61,0,1,299,,,0,0,100,0,0,2646,001,T54A - LICENSE MASC.,30,SORTER,N,N,SSNN,"11,4978",,A43 (ASQ4),0,0,T00,TOP CURTO (TOP),,,"14,56",15/11/2026,1,0,GASPAR,AVENIDA DEPUTADO FRANCISCO MASTELLA,3955,SETE DE SETEMBRO,,1,20/08/2026,11/15/2026,,1,,,2642,0,,0,00.577.158/0001-29,
077957,1,834,,,0,11 - SEM 46 - 2026,6,20/10,9 lcc,0,OP PRODUÇÃO,0,000,CLASSIFICAR MODELO/FAMILIA,,,0097,GERAL,TIN,TIN - TINTURARIA,,,Lib corte,,06/12/2026,00/01/1900,97,MOJANG C&A,CONFECCOES ONEDA LTDA,01.16.11.0342,TOP CURTO,01,S-BLUSA / TOP,S,CWA,CWA - C&A FEIRA WINTER I 2026 (AS E BS),1370,VERDE ESCURO,8,15,433,0,0,0,0,14/09/2026,9/15/2026,902,PCP/TINTURARIA/CORTE/COSTURA/EXPEDIÇÃO,12,,LAB-APROVAÇÃO LOTE TINTURARIA,0,PC,LIB. P PRODUÇÃO/FALTA FOTO PP,C&A MODAS S.A.,111453,111453,061948,05461,11/15/2026,2646,11 - SEM 46 - 2026,(47) 3332-5004,0,,,0030,C&A MODAS,10/7/2026,61,0,1,433,,,0,0,100,0,0,2646,001,T54A - LICENSE MASC.,30,SORTER,N,N,SSNN,"11,4978",,A43 (ASQ4),0,0,T00,TOP CURTO (TOP),,,"14,56",15/11/2026,1,0,GASPAR,AVENIDA DEPUTADO FRANCISCO MASTELLA,3955,SETE DE SETEMBRO,,1,20/08/2026,11/15/2026,,1,,,2642,0,,0,00.577.158/0001-29,
077957,1,834,,,0,11 - SEM 46 - 2026,6,20/10,9 lcc,0,OP PRODUÇÃO,0,000,CLASSIFICAR MODELO/FAMILIA,,,0097,GERAL,TIN,TIN - TINTURARIA,,,Lib corte,,06/12/2026,00/01/1900,97,MOJANG C&A,CONFECCOES ONEDA LTDA,01.16.11.0342,TOP CURTO,01,S-BLUSA / TOP,S,CWA,CWA - C&A FEIRA WINTER I 2026 (AS E BS),1370,VERDE ESCURO,10,16,381,0,0,0,0,14/09/2026,9/15/2026,902,PCP/TINTURARIA/CORTE/COSTURA/EXPEDIÇÃO,12,,LAB-APROVAÇÃO LOTE TINTURARIA,0,PC,LIB. P PRODUÇÃO/FALTA FOTO PP,C&A MODAS S.A.,111453,111453,061948,05461,11/15/2026,2646,11 - SEM 46 - 2026,(47) 3332-5004,0,,,0030,C&A MODAS,10/7/2026,61,0,1,381,,,0,0,100,0,0,2646,001,T54A - LICENSE MASC.,30,SORTER,N,N,SSNN,"11,4978",,A43 (ASQ4),0,0,T00,TOP CURTO (TOP),,,"14,56",15/11/2026,1,0,GASPAR,AVENIDA DEPUTADO FRANCISCO MASTELLA,3955,SETE DE SETEMBRO,,1,20/08/2026,11/15/2026,,1,,,2642,0,,0,00.577.158/0001-29,
077957,1,834,,,0,11 - SEM 46 - 2026,6,20/10,9 lcc,0,OP PRODUÇÃO,0,000,CLASSIFICAR MODELO/FAMILIA,,,0097,GERAL,TIN,TIN - TINTURARIA,,,Lib corte,,06/12/2026,00/01/1900,97,MOJANG C&A,CONFECCOES ONEDA LTDA,01.16.11.0342,TOP CURTO,01,S-BLUSA / TOP,S,CWA,CWA - C&A FEIRA WINTER I 2026 (AS E BS),1370,VERDE ESCURO,12,17,443,0,0,0,0,14/09/2026,9/15/2026,902,PCP/TINTURARIA/CORTE/COSTURA/EXPEDIÇÃO,12,,LAB-APROVAÇÃO LOTE TINTURARIA,0,PC,LIB. P PRODUÇÃO/FALTA FOTO PP,C&A MODAS S.A.,111453,111453,061948,05461,11/15/2026,2646,11 - SEM 46 - 2026,(47) 3332-5004,0,,,0030,C&A MODAS,10/7/2026,61,0,1,443,,,0,0,100,0,0,2646,001,T54A - LICENSE MASC.,30,SORTER,N,N,SSNN,"11,4978",,A43 (ASQ4),0,0,T00,TOP CURTO (TOP),,,"14,56",15/11/2026,1,0,GASPAR,AVENIDA DEPUTADO FRANCISCO MASTELLA,3955,SETE DE SETEMBRO,,1,20/08/2026,11/15/2026,,1,,,2642,0,,0,00.577.158/0001-29,
077958,1,834,,,0,11 - SEM 47 - 2026,6,20/10,9 lcc,0,OP PRODUÇÃO,0,000,CLASSIFICAR MODELO/FAMILIA,,,0097,GERAL,TIN,TIN - TINTURARIA,,,Lib corte,,06/12/2026,00/01/1900,97,MOJANG C&A,CONFECCOES ONEDA LTDA,01.16.11.0342,TOP CURTO,01,S-BLUSA / TOP,S,CWA,CWA - C&A FEIRA WINTER I 2026 (AS E BS),1370,VERDE ESCURO,4,13,62,0,0,0,0,14/09/2026,9/15/2026,902,PCP/TINTURARIA/CORTE/COSTURA/EXPEDIÇÃO,12,,LAB-APROVAÇÃO LOTE TINTURARIA,0,PC,LIB. P PRODUÇÃO/FALTA FOTO PP,C&A MODAS S.A.,111455,111455,061949,05461,11/22/2026,2647,11 - SEM 47 - 2026,(47) 3332-5004,0,,,0030,C&A MODAS,10/14/2026,68,0,1,62,,,0,0,100,0,0,2647,001,T54A - LICENSE MASC.,30,SORTER,N,N,SSNN,"11,4978",,A43 (ASQ4),0,0,T00,TOP CURTO (TOP),,,"14,56",22/11/2026,1,0,GASPAR,AVENIDA DEPUTADO FRANCISCO MASTELLA,3955,SETE DE SETEMBRO,,1,20/08/2026,11/22/2026,,1,,,2642,0,,0,00.577.158/0001-29,
077958,1,834,,,0,11 - SEM 47 - 2026,6,20/10,9 lcc,0,OP PRODUÇÃO,0,000,CLASSIFICAR MODELO/FAMILIA,,,0097,GERAL,TIN,TIN - TINTURARIA,,,Lib corte,,06/12/2026,00/01/1900,97,MOJANG C&A,CONFECCOES ONEDA LTDA,01.16.11.0342,TOP CURTO,01,S-BLUSA / TOP,S,CWA,CWA - C&A FEIRA WINTER I 2026 (AS E BS),1370,VERDE ESCURO,6,14,288,0,0,0,0,14/09/2026,9/15/2026,902,PCP/TINTURARIA/CORTE/COSTURA/EXPEDIÇÃO,12,,LAB-APROVAÇÃO LOTE TINTURARIA,0,PC,LIB. P PRODUÇÃO/FALTA FOTO PP,C&A MODAS S.A.,111455,111455,061949,05461,11/22/2026,2647,11 - SEM 47 - 2026,(47) 3332-5004,0,,,0030,C&A MODAS,10/14/2026,68,0,1,288,,,0,0,100,0,0,2647,001,T54A - LICENSE MASC.,30,SORTER,N,N,SSNN,"11,4978",,A43 (ASQ4),0,0,T00,TOP CURTO (TOP),,,"14,56",22/11/2026,1,0,GASPAR,AVENIDA DEPUTADO FRANCISCO MASTELLA,3955,SETE DE SETEMBRO,,1,20/08/2026,11/22/2026,,1,,,2642,0,,0,00.577.158/0001-29,
077958,1,834,,,0,11 - SEM 47 - 2026,6,20/10,9 lcc,0,OP PRODUÇÃO,0,000,CLASSIFICAR MODELO/FAMILIA,,,0097,GERAL,TIN,TIN - TINTURARIA,,,Lib corte,,06/12/2026,00/01/1900,97,MOJANG C&A,CONFECCOES ONEDA LTDA,01.16.11.0342,TOP CURTO,01,S-BLUSA / TOP,S,CWA,CWA - C&A FEIRA WINTER I 2026 (AS E BS),1370,VERDE ESCURO,8,15,103,0,0,0,0,14/09/2026,9/15/2026,902,PCP/TINTURARIA/CORTE/COSTURA/EXPEDIÇÃO,12,,LAB-APROVAÇÃO LOTE TINTURARIA,0,PC,LIB. P PRODUÇÃO/FALTA FOTO PP,C&A MODAS S.A.,111455,111455,061949,05461,11/22/2026,2647,11 - SEM 47 - 2026,(47) 3332-5004,0,,,0030,C&A MODAS,10/14/2026,68,0,1,103,,,0,0,100,0,0,2647,001,T54A - LICENSE MASC.,30,SORTER,N,N,SSNN,"11,4978",,A43 (ASQ4),0,0,T00,TOP CURTO (TOP),,,"14,56",22/11/2026,1,0,GASPAR,AVENIDA DEPUTADO FRANCISCO MASTELLA,3955,SETE DE SETEMBRO,,1,20/08/2026,11/22/2026,,1,,,2642,0,,0,00.577.158/0001-29,
077958,1,834,,,0,11 - SEM 47 - 2026,6,20/10,9 lcc,0,OP PRODUÇÃO,0,000,CLASSIFICAR MODELO/FAMILIA,,,0097,GERAL,TIN,TIN - TINTURARIA,,,Lib corte,,06/12/2026,00/01/1900,97,MOJANG C&A,CONFECCOES ONEDA LTDA,01.16.11.0342,TOP CURTO,01,S-BLUSA / TOP,S,CWA,CWA - C&A FEIRA WINTER I 2026 (AS E BS),1370,VERDE ESCURO,10,16,175,0,0,0,0,14/09/2026,9/15/2026,902,PCP/TINTURARIA/CORTE/COSTURA/EXPEDIÇÃO,12,,LAB-APROVAÇÃO LOTE TINTURARIA,0,PC,LIB. P PRODUÇÃO/FALTA FOTO PP,C&A MODAS S.A.,111455,111455,061949,05461,11/22/2026,2647,11 - SEM 47 - 2026,(47) 3332-5004,0,,,0030,C&A MODAS,10/14/2026,68,0,1,175,,,0,0,100,0,0,2647,001,T54A - LICENSE MASC.,30,SORTER,N,N,SSNN,"11,4978",,A43 (ASQ4),0,0,T00,TOP CURTO (TOP),,,"14,56",22/11/2026,1,0,GASPAR,AVENIDA DEPUTADO FRANCISCO MASTELLA,3955,SETE DE SETEMBRO,,1,20/08/2026,11/22/2026,,1,,,2642,0,,0,00.577.158/0001-29,
077958,1,834,,,0,11 - SEM 47 - 2026,6,20/10,9 lcc,0,OP PRODUÇÃO,0,000,CLASSIFICAR MODELO/FAMILIA,,,0097,GERAL,TIN,TIN - TINTURARIA,,,Lib corte,,06/12/2026,00/01/1900,97,MOJANG C&A,CONFECCOES ONEDA LTDA,01.16.11.0342,TOP CURTO,01,S-BLUSA / TOP,S,CWA,CWA - C&A FEIRA WINTER I 2026 (AS E BS),1370,VERDE ESCURO,12,17,453,0,0,0,0,14/09/2026,9/15/2026,902,PCP/TINTURARIA/CORTE/COSTURA/EXPEDIÇÃO,12,,LAB-APROVAÇÃO LOTE TINTURARIA,0,PC,LIB. P PRODUÇÃO/FALTA FOTO PP,C&A MODAS S.A.,111455,111455,061949,05461,11/22/2026,2647,11 - SEM 47 - 2026,(47) 3332-5004,0,,,0030,C&A MODAS,10/14/2026,68,0,1,453,,,0,0,100,0,0,2647,001,T54A - LICENSE MASC.,30,SORTER,N,N,SSNN,"11,4978",,A43 (ASQ4),0,0,T00,TOP CURTO (TOP),,,"14,56",22/11/2026,1,0,GASPAR,AVENIDA DEPUTADO FRANCISCO MASTELLA,3955,SETE DE SETEMBRO,,1,20/08/2026,11/22/2026,,1,,,2642,0,,0,00.577.158/0001-29,
077968,1,834,,,0,11 - SEM 48 - 2026,6,,9 lcc,0,OP PRODUÇÃO,0,000,CLASSIFICAR MODELO/FAMILIA,,,0097,GERAL,TIN,TIN - TINTURARIA,,,Lib corte,,28/03/2027,00/01/1900,171,MATTEL (HOT WHEELS) C&A,CONFECCOES ONEDA LTDA,01.16.42.0410,TOP CURTO \ 2024-1-11377,01,S-BLUSA / TOP,S,C9AN,C9AN - FEIRA SUMMER I 2025 ( PROD. AS E BS) - EM NEGOCIAÇÃO,100,PRETO,4,13,124,0,0,0,0,14/09/2026,9/15/2026,902,PCP/TINTURARIA/CORTE/COSTURA/EXPEDIÇÃO,12,,LAB-APROVAÇÃO LOTE TINTURARIA,0,PC,LIB. P PRODUÇÃO/FALTA CONCEITO,C&A MODAS S.A.,111517,111517,061956,05461,11/29/2026,2648,11 - SEM 48 - 2026,(47) 3332-5004,0,,,0030,C&A MODAS,10/21/2026,75,0,1,124,,,0,0,100,0,0,2648,001,T54A - LICENSE MASC.,30,SORTER,N,N,SSNN,"10,0086",,A18 (ASQ4),0,0,T00,TOP CURTO (TOP),PP SAMPLE ENVIADA 16/05,8 cores,"14,56",29/11/2026,3,0,GASPAR,AVENIDA DEPUTADO FRANCISCO MASTELLA,3955,SETE DE SETEMBRO,,1,20/08/2026,11/29/2026,,1,,,2642,0,,0,00.577.158/0001-29,
077968,1,834,,,0,11 - SEM 48 - 2026,6,,9 lcc,0,OP PRODUÇÃO,0,000,CLASSIFICAR MODELO/FAMILIA,,,0097,GERAL,TIN,TIN - TINTURARIA,,,Lib corte,,28/03/2027,00/01/1900,171,MATTEL (HOT WHEELS) C&A,CONFECCOES ONEDA LTDA,01.16.42.0410,TOP CURTO \ 2024-1-11377,01,S-BLUSA / TOP,S,C9AN,C9AN - FEIRA SUMMER I 2025 ( PROD. AS E BS) - EM NEGOCIAÇÃO,100,PRETO,6,14,196,0,0,0,0,14/09/2026,9/15/2026,902,PCP/TINTURARIA/CORTE/COSTURA/EXPEDIÇÃO,12,,LAB-APROVAÇÃO LOTE TINTURARIA,0,PC,LIB. P PRODUÇÃO/FALTA CONCEITO,C&A MODAS S.A.,111517,111517,061956,05461,11/29/2026,2648,11 - SEM 48 - 2026,(47) 3332-5004,0,,,0030,C&A MODAS,10/21/2026,75,0,1,196,,,0,0,100,0,0,2648,001,T54A - LICENSE MASC.,30,SORTER,N,N,SSNN,"10,0086",,A18 (ASQ4),0,0,T00,TOP CURTO (TOP),PP SAMPLE ENVIADA 16/05,8 cores,"14,56",29/11/2026,3,0,GASPAR,AVENIDA DEPUTADO FRANCISCO MASTELLA,3955,SETE DE SETEMBRO,,1,20/08/2026,11/29/2026,,1,,,2642,0,,0,00.577.158/0001-29,
077968,1,834,,,0,11 - SEM 48 - 2026,6,,9 lcc,0,OP PRODUÇÃO,0,000,CLASSIFICAR MODELO/FAMILIA,,,0097,GERAL,TIN,TIN - TINTURARIA,,,Lib corte,,28/03/2027,00/01/1900,171,MATTEL (HOT WHEELS) C&A,CONFECCOES ONEDA LTDA,01.16.42.0410,TOP CURTO \ 2024-1-11377,01,S-BLUSA / TOP,S,C9AN,C9AN - FEIRA SUMMER I 2025 ( PROD. AS E BS) - EM NEGOCIAÇÃO,100,PRETO,8,15,196,0,0,0,0,14/09/2026,9/15/2026,902,PCP/TINTURARIA/CORTE/COSTURA/EXPEDIÇÃO,12,,LAB-APROVAÇÃO LOTE TINTURARIA,0,PC,LIB. P PRODUÇÃO/FALTA CONCEITO,C&A MODAS S.A.,111517,111517,061956,05461,11/29/2026,2648,11 - SEM 48 - 2026,(47) 3332-5004,0,,,0030,C&A MODAS,10/21/2026,75,0,1,196,,,0,0,100,0,0,2648,001,T54A - LICENSE MASC.,30,SORTER,N,N,SSNN,"10,0086",,A18 (ASQ4),0,0,T00,TOP CURTO (TOP),PP SAMPLE ENVIADA 16/05,8 cores,"14,56",29/11/2026,3,0,GASPAR,AVENIDA DEPUTADO FRANCISCO MASTELLA,3955,SETE DE SETEMBRO,,1,20/08/2026,11/29/2026,,1,,,2642,0,,0,00.577.158/0001-29,
077968,1,834,,,0,11 - SEM 48 - 2026,6,,9 lcc,0,OP PRODUÇÃO,0,000,CLASSIFICAR MODELO/FAMILIA,,,0097,GERAL,TIN,TIN - TINTURARIA,,,Lib corte,,28/03/2027,00/01/1900,171,MATTEL (HOT WHEELS) C&A,CONFECCOES ONEDA LTDA,01.16.42.0410,TOP CURTO \ 2024-1-11377,01,S-BLUSA / TOP,S,C9AN,C9AN - FEIRA SUMMER I 2025 ( PROD. AS E BS) - EM NEGOCIAÇÃO,100,PRETO,10,16,196,0,0,0,0,14/09/2026,9/15/2026,902,PCP/TINTURARIA/CORTE/COSTURA/EXPEDIÇÃO,12,,LAB-APROVAÇÃO LOTE TINTURARIA,0,PC,LIB. P PRODUÇÃO/FALTA CONCEITO,C&A MODAS S.A.,111517,111517,061956,05461,11/29/2026,2648,11 - SEM 48 - 2026,(47) 3332-5004,0,,,0030,C&A MODAS,10/21/2026,75,0,1,196,,,0,0,100,0,0,2648,001,T54A - LICENSE MASC.,30,SORTER,N,N,SSNN,"10,0086",,A18 (ASQ4),0,0,T00,TOP CURTO (TOP),PP SAMPLE ENVIADA 16/05,8 cores,"14,56",29/11/2026,3,0,GASPAR,AVENIDA DEPUTADO FRANCISCO MASTELLA,3955,SETE DE SETEMBRO,,1,20/08/2026,11/29/2026,,1,,,2642,0,,0,00.577.158/0001-29,
077968,1,834,,,0,11 - SEM 48 - 2026,6,,9 lcc,0,OP PRODUÇÃO,0,000,CLASSIFICAR MODELO/FAMILIA,,,0097,GERAL,TIN,TIN - TINTURARIA,,,Lib corte,,28/03/2027,00/01/1900,171,MATTEL (HOT WHEELS) C&A,CONFECCOES ONEDA LTDA,01.16.42.0410,TOP CURTO \ 2024-1-11377,01,S-BLUSA / TOP,S,C9AN,C9AN - FEIRA SUMMER I 2025 ( PROD. AS E BS) - EM NEGOCIAÇÃO,100,PRETO,12,17,175,0,0,0,0,14/09/2026,9/15/2026,902,PCP/TINTURARIA/CORTE/COSTURA/EXPEDIÇÃO,12,,LAB-APROVAÇÃO LOTE TINTURARIA,0,PC,LIB. P PRODUÇÃO/FALTA CONCEITO,C&A MODAS S.A.,111517,111517,061956,05461,11/29/2026,2648,11 - SEM 48 - 2026,(47) 3332-5004,0,,,0030,C&A MODAS,10/21/2026,75,0,1,175,,,0,0,100,0,0,2648,001,T54A - LICENSE MASC.,30,SORTER,N,N,SSNN,"10,0086",,A18 (ASQ4),0,0,T00,TOP CURTO (TOP),PP SAMPLE ENVIADA 16/05,8 cores,"14,56",29/11/2026,3,0,GASPAR,AVENIDA DEPUTADO FRANCISCO MASTELLA,3955,SETE DE SETEMBRO,,1,20/08/2026,11/29/2026,,1,,,2642,0,,0,00.577.158/0001-29,
077983,1,834,,,0,10 - SEM 44 - 2026,6,28/11,9 lcc,0,OP PRODUÇÃO,0,000,CLASSIFICAR MODELO/FAMILIA,,,0097,GERAL,TIN,TIN - TINTURARIA,,,Lib corte,,00/01/1900,00/01/1900,87,DISNEY RENNER,CONFECCOES ONEDA LTDA,02.16.01.0325,TOP CURTO / LCO_FW26_CMC_0049,01,S-BLUSA / TOP,S,RR7R,RR7R - LINE RENNER VERÃO 27 - SEGUNDA ENTRADA - REPEATS,ON1139,BLUEBERRY 100%CO,5-6,52,1344,0,0,0,0,14/09/2026,9/15/2026,902,PCP/TINTURARIA/CORTE/COSTURA/EXPEDIÇÃO,12,,LAB-APROVAÇÃO LOTE TINTURARIA,0,PC,LIBERADO PARA PRODUÇÂO,LOJAS RENNER S.A.,6156383,6156383,061921,04707,11/22/2026,2647,11 - SEM 47 - 2026,(47) 3332-5004,0,,,0104,RENNER,9/23/2026,68,0,1,1344,,,0,0,100,0,0,2644,R8,LICENSE MENINO RENNER,17,CABIDE,N,N,SSNN,"8,7006",,A48,0,0,T00,TOP CURTO (TOP),,,14,22/11/2026,2,0,GASPAR,AVENIDA DEPUTADO FRANCISCO MASTELLA,3955,SETE DE SETEMBRO,,1,20/08/2026,11/1/2026,,1,,,2642,0,,0,00.577.158/0001-29,
077983,1,834,,,0,10 - SEM 44 - 2026,6,28/11,9 lcc,0,OP PRODUÇÃO,0,000,CLASSIFICAR MODELO/FAMILIA,,,0097,GERAL,TIN,TIN - TINTURARIA,,,Lib corte,,00/01/1900,00/01/1900,87,DISNEY RENNER,CONFECCOES ONEDA LTDA,02.16.01.0325,TOP CURTO / LCO_FW26_CMC_0049,01,S-BLUSA / TOP,S,RR7R,RR7R - LINE RENNER VERÃO 27 - SEGUNDA ENTRADA - REPEATS,ON1139,BLUEBERRY 100%CO,7-8,53,914,0,0,0,0,14/09/2026,9/15/2026,902,PCP/TINTURARIA/CORTE/COSTURA/EXPEDIÇÃO,12,,LAB-APROVAÇÃO LOTE TINTURARIA,0,PC,LIBERADO PARA PRODUÇÂO,LOJAS RENNER S.A.,6156383,6156383,061921,04707,11/22/2026,2647,11 - SEM 47 - 2026,(47) 3332-5004,0,,,0104,RENNER,9/23/2026,68,0,1,914,,,0,0,100,0,0,2644,R8,LICENSE MENINO RENNER,17,CABIDE,N,N,SSNN,"8,7006",,A48,0,0,T00,TOP CURTO (TOP),,,14,22/11/2026,2,0,GASPAR,AVENIDA DEPUTADO FRANCISCO MASTELLA,3955,SETE DE SETEMBRO,,1,20/08/2026,11/1/2026,,1,,,2642,0,,0,00.577.158/0001-29,
077983,1,834,,,0,10 - SEM 44 - 2026,6,28/11,9 lcc,0,OP PRODUÇÃO,0,000,CLASSIFICAR MODELO/FAMILIA,,,0097,GERAL,TIN,TIN - TINTURARIA,,,Lib corte,,00/01/1900,00/01/1900,87,DISNEY RENNER,CONFECCOES ONEDA LTDA,02.16.01.0325,TOP CURTO / LCO_FW26_CMC_0049,01,S-BLUSA / TOP,S,RR7R,RR7R - LINE RENNER VERÃO 27 - SEGUNDA ENTRADA - REPEATS,ON1139,BLUEBERRY 100%CO,9-10,54,410,0,0,0,0,14/09/2026,9/15/2026,902,PCP/TINTURARIA/CORTE/COSTURA/EXPEDIÇÃO,12,,LAB-APROVAÇÃO LOTE TINTURARIA,0,PC,LIBERADO PARA PRODUÇÂO,LOJAS RENNER S.A.,6156383,6156383,061921,04707,11/22/2026,2647,11 - SEM 47 - 2026,(47) 3332-5004,0,,,0104,RENNER,9/23/2026,68,0,1,410,,,0,0,100,0,0,2644,R8,LICENSE MENINO RENNER,17,CABIDE,N,N,SSNN,"8,7006",,A48,0,0,T00,TOP CURTO (TOP),,,14,22/11/2026,2,0,GASPAR,AVENIDA DEPUTADO FRANCISCO MASTELLA,3955,SETE DE SETEMBRO,,1,20/08/2026,11/1/2026,,1,,,2642,0,,0,00.577.158/0001-29,
077983,1,834,,,0,10 - SEM 44 - 2026,6,28/11,9 lcc,0,OP PRODUÇÃO,0,000,CLASSIFICAR MODELO/FAMILIA,,,0097,GERAL,TIN,TIN - TINTURARIA,,,Lib corte,,00/01/1900,00/01/1900,87,DISNEY RENNER,CONFECCOES ONEDA LTDA,02.16.01.0325,TOP CURTO / LCO_FW26_CMC_0049,01,S-BLUSA / TOP,S,RR7R,RR7R - LINE RENNER VERÃO 27 - SEGUNDA ENTRADA - REPEATS,ON1139,BLUEBERRY 100%CO,1112,55,126,0,0,0,0,14/09/2026,9/15/2026,902,PCP/TINTURARIA/CORTE/COSTURA/EXPEDIÇÃO,12,,LAB-APROVAÇÃO LOTE TINTURARIA,0,PC,LIBERADO PARA PRODUÇÂO,LOJAS RENNER S.A.,6156383,6156383,061921,04707,22/11/2026,2647,11 - SEM 47 - 2026,(47) 3332-5004,0,,,0104,RENNER,23/09/2026,68,0,1,126,,,0,0,100,0,0,2644,R8,LICENSE MENINO RENNER,17,CABIDE,N,N,SSNN,"8,7006",,A48,0,0,T00,TOP CURTO (TOP),,,14,22/11/2026,2,0,GASPAR,AVENIDA DEPUTADO FRANCISCO MASTELLA,3955,SETE DE SETEMBRO,,1,20/08/2026,11/1/2026,,1,,,2642,0,,0,00.577.158/0001-29,
077983,1,834,,,0,10 - SEM 44 - 2026,6,28/11,9 lcc,0,OP PRODUÇÃO,0,000,CLASSIFICAR MODELO/FAMILIA,,,0097,GERAL,TIN,TIN - TINTURARIA,,,Lib corte,,00/01/1900,00/01/1900,87,DISNEY RENNER,CONFECCOES ONEDA LTDA,02.16.01.0325,TOP CURTO / LCO_FW26_CMC_0049,01,S-BLUSA / TOP,S,RR7R,RR7R - LINE RENNER VERÃO 27 - SEGUNDA ENTRADA - REPEATS,ON1139,BLUEBERRY 100%CO,04,57,1407,0,0,0,0,14/09/2026,9/15/2026,902,PCP/TINTURARIA/CORTE/COSTURA/EXPEDIÇÃO,12,,LAB-APROVAÇÃO LOTE TINTURARIA,0,PC,LIBERADO PARA PRODUÇÂO,LOJAS RENNER S.A.,6156383,6156383,061921,04707,22/11/2026,2647,11 - SEM 47 - 2026,(47) 3332-5004,0,,,0104,RENNER,23/09/2026,68,0,1,1407,,,0,0,100,0,0,2644,R8,LICENSE MENINO RENNER,17,CABIDE,N,N,SSNN,"8,7006",,A48,0,0,T00,TOP CURTO (TOP),,,14,22/11/2026,2,0,GASPAR,AVENIDA DEPUTADO FRANCISCO MASTELLA,3955,SETE DE SETEMBRO,,1,20/08/2026,11/1/2026,,1,,,2642,0,,0,00.577.158/0001-29,
078022,1,834,,,0,11 - SEM 45 - 2026,6,20/07,9 lcc,0,OP PRODUÇÃO,0,000,CLASSIFICAR MODELO/FAMILIA,,,0097,GERAL,TIN,TIN - TINTURARIA,,,Lib corte,,00/01/1900,00/01/1900,149,SEM LICENÇA HERING,CONFECCOES ONEDA LTDA,13.13.00.0623D,CONJUNTO CURTO,01,S-BLUSA / TOP,S,HXO,HXO - COLEÇÂO OUTONO 2027 - HERING,1E,1E,1,10,286,0,0,0,0,14/09/2026,9/15/2026,602,ENGENHARIA/PCP/TINTURARIA/CORTE/COSTURA/EXPEDIÇÃO,12,,LAB-APROVAÇÃO LOTE TINTURARIA,0,PC,LIBERADO PARA PRODUÇÂO,CIA. HERING,4507405484,4507405484,061989,05729,29/11/2026,2648,11 - SEM 48 - 2026,(47) 3332-5004,0,,,0103,GRUPO SOMA,21/10/2026,75,0,1,286,,,0,0,100,0,0,2645,H04,T58 - HERING BBA,05,CAIXA - LR,N,N,SSNN,0,,B30,0,0,C00,CONJUNTO CURTO (TOP/BOTTON),"Rot LANCASTER - 32425-19----- 4 cores PIG R$ 22, processo completo",,"22,4",29/11/2026,1,0,GASPAR,AVENIDA DEPUTADO FRANCISCO MASTELLA,3955,SETE DE SETEMBRO,,1,25/08/2026,11/29/2026,,1,,,2642,0,,0,00.577.158/0001-29,
078022,1,834,,,0,11 - SEM 45 - 2026,6,20/07,9 lcc,0,OP PRODUÇÃO,0,000,CLASSIFICAR MODELO/FAMILIA,,,0097,GERAL,TIN,TIN - TINTURARIA,,,Lib corte,,00/01/1900,00/01/1900,149,SEM LICENÇA HERING,CONFECCOES ONEDA LTDA,13.13.00.0623D,CONJUNTO CURTO,01,S-BLUSA / TOP,S,HXO,HXO - COLEÇÂO OUTONO 2027 - HERING,1E,1E,2,11,234,0,0,0,0,14/09/2026,9/15/2026,602,ENGENHARIA/PCP/TINTURARIA/CORTE/COSTURA/EXPEDIÇÃO,12,,LAB-APROVAÇÃO LOTE TINTURARIA,0,PC,LIBERADO PARA PRODUÇÂO,CIA. HERING,4507405484,4507405484,061989,05729,29/11/2026,2648,11 - SEM 48 - 2026,(47) 3332-5004,0,,,0103,GRUPO SOMA,21/10/2026,75,0,1,234,,,0,0,100,0,0,2645,H04,T58 - HERING BBA,05,CAIXA - LR,N,N,SSNN,0,,B30,0,0,C00,CONJUNTO CURTO (TOP/BOTTON),"Rot LANCASTER - 32425-19----- 4 cores PIG R$ 22, processo completo",,"22,4",29/11/2026,1,0,GASPAR,AVENIDA DEPUTADO FRANCISCO MASTELLA,3955,SETE DE SETEMBRO,,1,25/08/2026,11/29/2026,,1,,,2642,0,,0,00.577.158/0001-29,
078022,1,834,,,0,11 - SEM 45 - 2026,6,20/07,9 lcc,0,OP PRODUÇÃO,0,000,CLASSIFICAR MODELO/FAMILIA,,,0097,GERAL,TIN,TIN - TINTURARIA,,,Lib corte,,00/01/1900,00/01/1900,149,SEM LICENÇA HERING,CONFECCOES ONEDA LTDA,13.13.00.0623D,CONJUNTO CURTO,01,S-BLUSA / TOP,S,HXO,HXO - COLEÇÂO OUTONO 2027 - HERING,1E,1E,3,12,302,0,0,0,0,14/09/2026,9/15/2026,602,ENGENHARIA/PCP/TINTURARIA/CORTE/COSTURA/EXPEDIÇÃO,12,,LAB-APROVAÇÃO LOTE TINTURARIA,0,PC,LIBERADO PARA PRODUÇÂO,CIA. HERING,4507405484,4507405484,061989,05729,29/11/2026,2648,11 - SEM 48 - 2026,(47) 3332-5004,0,,,0103,GRUPO SOMA,21/10/2026,75,0,1,302,,,0,0,100,0,0,2645,H04,T58 - HERING BBA,05,CAIXA - LR,N,N,SSNN,0,,B30,0,0,C00,CONJUNTO CURTO (TOP/BOTTON),"Rot LANCASTER - 32425-19----- 4 cores PIG R$ 22, processo completo",,"22,4",29/11/2026,1,0,GASPAR,AVENIDA DEPUTADO FRANCISCO MASTELLA,3955,SETE DE SETEMBRO,,1,25/08/2026,11/29/2026,,1,,,2642,0,,0,00.577.158/0001-29,
078022,1,834,,,0,11 - SEM 45 - 2026,6,20/07,9 lcc,0,OP PRODUÇÃO,0,000,CLASSIFICAR MODELO/FAMILIA,,,0097,GERAL,TIN,TIN - TINTURARIA,,,Lib corte,,00/01/1900,00/01/1900,149,SEM LICENÇA HERING,CONFECCOES ONEDA LTDA,13.13.00.0623D,CONJUNTO CURTO,01,S-BLUSA / TOP,S,HXO,HXO - COLEÇÂO OUTONO 2027 - HERING,1E,1E,4,13,651,0,0,0,0,14/09/2026,9/15/2026,602,ENGENHARIA/PCP/TINTURARIA/CORTE/COSTURA/EXPEDIÇÃO,12,,LAB-APROVAÇÃO LOTE TINTURARIA,0,PC,LIBERADO PARA PRODUÇÂO,CIA. HERING,4507405484,4507405484,061989,05729,29/11/2026,2648,11 - SEM 48 - 2026,(47) 3332-5004,0,,,0103,GRUPO SOMA,21/10/2026,75,0,1,651,,,0,0,100,0,0,2645,H04,T58 - HERING BBA,05,CAIXA - LR,N,N,SSNN,0,,B30,0,0,C00,CONJUNTO CURTO (TOP/BOTTON),"Rot LANCASTER - 32425-19----- 4 cores PIG R$ 22, processo completo",,"22,4",29/11/2026,1,0,GASPAR,AVENIDA DEPUTADO FRANCISCO MASTELLA,3955,SETE DE SETEMBRO,,1,25/08/2026,11/29/2026,,1,,,2642,0,,0,00.577.158/0001-29,
078029,1,834,,,0,10 - SEM 42 - 2026,6,,9 lcc,0,OP PRODUÇÃO,0,000,CLASSIFICAR MODELO/FAMILIA,,,0097,GERAL,TIN,TIN - TINTURARIA,,,Lib corte,,00/01/1900,00/01/1900,149,SEM LICENÇA HERING,CONFECCOES ONEDA LTDA,13.13.00.0623DM,CONJUNTO CURTO,01,S-BLUSA / TOP,S,HXO,HXO - COLEÇÂO OUTONO 2027 - HERING,1E,1E,4,13,100,0,0,0,0,14/09/2026,9/15/2026,602,ENGENHARIA/PCP/TINTURARIA/CORTE/COSTURA/EXPEDIÇÃO,12,,LAB-APROVAÇÃO LOTE TINTURARIA,0,PC,LIBERADO PARA PRODUÇÂO,CIA. HERING,4507413394,4507413394,062041,05729,01/11/2026,2644,10 - SEM 44 - 2026,(47) 3332-5004,0,,,0103,GRUPO SOMA,09/09/2026,47,0,1,100,,,0,0,0,0,0,2642,H04,T58 - HERING BBA,05,CAIXA - LR,N,N,SSNN,0,,,0,0,C00,CONJUNTO CURTO (TOP/BOTTON),,,"22,4",01/11/2026,1,0,GASPAR,AVENIDA DEPUTADO FRANCISCO MASTELLA,3955,SETE DE SETEMBRO,,1,25/08/2026,10/18/2026,,1,,,2642,0,,0,00.577.158/0001-29,
077884,1,834,,,0,11 - SEM 46 - 2026,8,15/07,9 lcc,0,OP PRODUÇÃO,0,T032,TOP MC C/ APLIQUE ROTATIVO,C,9 SEMANAS,0097,GERAL,MOD,MODELAGEM / ENGENHARIA,,,Lib corte,,00/01/1900,00/01/1900,85,SEM LICENSA C&A,CONFECCOES ONEDA LTDA,01.18.00.7861,TOP CURTO,01,S-BLUSA / TOP,S,CEYN,CEYN - FEIRA SUMMER II 2026 (PROD CS) INCLUSÃO NEGOCIADO,000316,AZUL CLARO,10,16,230,0,0,0,0,09/09/2026,9/10/2026,903,PCP/TINTURARIA/ROTATIVO/CORTE/COSTURA/EXPEDIÇÃO,13,,VALIDACAO MODELAGEM PARA CORTE,0,PC,LIBERADO PARA PRODUÇÂO,C&A MODAS S.A.,SII26,,061707,05461,11/15/2026,2646,11 - SEM 46 - 2026,(47) 3332-5004,0,,,0030,C&A MODAS,10/8/2026,61,-5,6,230,,,0,0,0,0,0,2646,96,T59B - TEEN,05,CAIXA - LR,N,N,SSNN,0,,B29,0,0,T00,TOP CURTO (TOP),"rot tx cristina S65447-1---------1C/PIG/($6,72+4,32ram)+(2,16+preç ting)/listras","Etq. R$ 1,29 o milheiro","23,5",15/11/2026,2,0,GASPAR,AVENIDA DEPUTADO FRANCISCO MASTELLA,3955,SETE DE SETEMBRO,,1,13/08/2026,11/15/2026,,1,,,2641,0,,0,00.577.158/0001-29,
077884,1,834,,,0,11 - SEM 46 - 2026,8,15/07,9 lcc,0,OP PRODUÇÃO,0,T032,TOP MC C/ APLIQUE ROTATIVO,C,9 SEMANAS,0097,GERAL,MOD,MODELAGEM / ENGENHARIA,,,Lib corte,,00/01/1900,00/01/1900,85,SEM LICENSA C&A,CONFECCOES ONEDA LTDA,01.18.00.7861,TOP CURTO,01,S-BLUSA / TOP,S,CEYN,CEYN - FEIRA SUMMER II 2026 (PROD CS) INCLUSÃO NEGOCIADO,000316,AZUL CLARO,12,17,689,0,0,0,0,09/09/2026,9/10/2026,903,PCP/TINTURARIA/ROTATIVO/CORTE/COSTURA/EXPEDIÇÃO,13,,VALIDACAO MODELAGEM PARA CORTE,0,PC,LIBERADO PARA PRODUÇÂO,C&A MODAS S.A.,SII26,,061707,05461,11/15/2026,2646,11 - SEM 46 - 2026,(47) 3332-5004,0,,,0030,C&A MODAS,10/8/2026,61,-5,6,689,,,0,0,0,0,0,2646,96,T59B - TEEN,05,CAIXA - LR,N,N,SSNN,0,,B29,0,0,T00,TOP CURTO (TOP),"rot tx cristina S65447-1---------1C/PIG/($6,72+4,32ram)+(2,16+preç ting)/listras","Etq. R$ 1,29 o milheiro","23,5",15/11/2026,2,0,GASPAR,AVENIDA DEPUTADO FRANCISCO MASTELLA,3955,SETE DE SETEMBRO,,1,13/08/2026,11/15/2026,,1,,,2641,0,,0,00.577.158/0001-29,
077884,1,834,,,0,11 - SEM 46 - 2026,8,15/07,9 lcc,0,OP PRODUÇÃO,0,T032,TOP MC C/ APLIQUE ROTATIVO,C,9 SEMANAS,0097,GERAL,MOD,MODELAGEM / ENGENHARIA,,,Lib corte,,00/01/1900,00/01/1900,85,SEM LICENSA C&A,CONFECCOES ONEDA LTDA,01.18.00.7861,TOP CURTO,01,S-BLUSA / TOP,S,CEYN,CEYN - FEIRA SUMMER II 2026 (PROD CS) INCLUSÃO NEGOCIADO,000316,AZUL CLARO,14,18,689,0,0,0,0,09/09/2026,9/10/2026,903,PCP/TINTURARIA/ROTATIVO/CORTE/COSTURA/EXPEDIÇÃO,13,,VALIDACAO MODELAGEM PARA CORTE,0,PC,LIBERADO PARA PRODUÇÂO,C&A MODAS S.A.,SII26,,061707,05461,11/15/2026,2646,11 - SEM 46 - 2026,(47) 3332-5004,0,,,0030,C&A MODAS,10/8/2026,61,-5,6,689,,,0,0,0,0,0,2646,96,T59B - TEEN,05,CAIXA - LR,N,N,SSNN,0,,B29,0,0,T00,TOP CURTO (TOP),"rot tx cristina S65447-1---------1C/PIG/($6,72+4,32ram)+(2,16+preç ting)/listras","Etq. R$ 1,29 o milheiro","23,5",15/11/2026,2,0,GASPAR,AVENIDA DEPUTADO FRANCISCO MASTELLA,3955,SETE DE SETEMBRO,,1,13/08/2026,11/15/2026,,1,,,2641,0,,0,00.577.158/0001-29,
077884,1,834,,,0,11 - SEM 46 - 2026,8,15/07,9 lcc,0,OP PRODUÇÃO,0,T032,TOP MC C/ APLIQUE ROTATIVO,C,9 SEMANAS,0097,GERAL,MOD,MODELAGEM / ENGENHARIA,,,Lib corte,,00/01/1900,00/01/1900,85,SEM LICENSA C&A,CONFECCOES ONEDA LTDA,01.18.00.7861,TOP CURTO,01,S-BLUSA / TOP,S,CEYN,CEYN - FEIRA SUMMER II 2026 (PROD CS) INCLUSÃO NEGOCIADO,000316,AZUL CLARO,16,19,459,0,0,0,0,09/09/2026,9/10/2026,903,PCP/TINTURARIA/ROTATIVO/CORTE/COSTURA/EXPEDIÇÃO,13,,VALIDACAO MODELAGEM PARA CORTE,0,PC,LIBERADO PARA PRODUÇÂO,C&A MODAS S.A.,SII26,,061707,05461,11/15/2026,2646,11 - SEM 46 - 2026,(47) 3332-5004,0,,,0030,C&A MODAS,10/8/2026,61,-5,6,459,,,0,0,0,0,0,2646,96,T59B - TEEN,05,CAIXA - LR,N,N,SSNN,0,,B29,0,0,T00,TOP CURTO (TOP),"rot tx cristina S65447-1---------1C/PIG/($6,72+4,32ram)+(2,16+preç ting)/listras","Etq. R$ 1,29 o milheiro","23,5",15/11/2026,2,0,GASPAR,AVENIDA DEPUTADO FRANCISCO MASTELLA,3955,SETE DE SETEMBRO,,1,13/08/2026,11/15/2026,,1,,,2641,0,,0,00.577.158/0001-29,
077895,1,834,,,0,10 - SEM 44 - 2026,8,,5 L CF,0,OP PRODUÇÃO,0,T010,TOP MC C/ RECORTES,A,7 SEMANAS LEAD TIME DE PRODUÇÃO,0097,GERAL,MOD,MODELAGEM / ENGENHARIA,,,ok CLiente/ fazend teste grade/mov,,10/01/2027,00/01/1900,85,SEM LICENSA C&A,CONFECCOES ONEDA LTDA,01.14.00.7032A,TOP CURTO / 2025-2-12530,01,S-BLUSA / TOP,S,CECR,CECR - FEIRA SUMMER II 2026 (PROD CS) REPEATS,60,AZUL,1,10,412,0,0,0,0,14/09/2026,9/15/2026,902,PCP/TINTURARIA/CORTE/COSTURA/EXPEDIÇÃO,13,,VALIDACAO MODELAGEM PARA CORTE,0,PC,LIBERADO PARA PRODUÇÂO,C&A MODAS S.A.,99002,99002,061598,05461,11/1/2026,2644,10 - SEM 44 - 2026,(47) 3332-5004,0,,,0030,C&A MODAS,9/10/2026,47,0,1,412,,,0,0,100,0,0,2644,92,T52B - BBO,17,CABIDE,N,N,SSNN,"12,6171",,A31*C,0,0,T00,TOP CURTO (TOP),,,"15,65",01/11/2026,1,0,GASPAR,AVENIDA DEPUTADO FRANCISCO MASTELLA,3955,SETE DE SETEMBRO,,1,14/08/2026,10/18/2026,,1,,,2641,0,,0,00.577.158/0001-29,
077895,1,834,,,0,10 - SEM 44 - 2026,8,,5 L CF,0,OP PRODUÇÃO,0,T010,TOP MC C/ RECORTES,A,7 SEMANAS LEAD TIME DE PRODUÇÃO,0097,GERAL,MOD,MODELAGEM / ENGENHARIA,,,ok CLiente/ fazend teste grade/mov,,10/01/2027,00/01/1900,85,SEM LICENSA C&A,CONFECCOES ONEDA LTDA,01.14.00.7032A,TOP CURTO / 2025-2-12530,01,S-BLUSA / TOP,S,CECR,CECR - FEIRA SUMMER II 2026 (PROD CS) REPEATS,60,AZUL,2,11,824,0,0,0,0,14/09/2026,9/15/2026,902,PCP/TINTURARIA/CORTE/COSTURA/EXPEDIÇÃO,13,,VALIDACAO MODELAGEM PARA CORTE,0,PC,LIBERADO PARA PRODUÇÂO,C&A MODAS S.A.,99002,99002,061598,05461,11/1/2026,2644,10 - SEM 44 - 2026,(47) 3332-5004,0,,,0030,C&A MODAS,9/10/2026,47,0,1,824,,,0,0,100,0,0,2644,92,T52B - BBO,17,CABIDE,N,N,SSNN,"12,6171",,A31*C,0,0,T00,TOP CURTO (TOP),,,"15,65",01/11/2026,1,0,GASPAR,AVENIDA DEPUTADO FRANCISCO MASTELLA,3955,SETE DE SETEMBRO,,1,14/08/2026,10/18/2026,,1,,,2641,0,,0,00.577.158/0001-29,
077895,1,834,,,0,10 - SEM 44 - 2026,8,,5 L CF,0,OP PRODUÇÃO,0,T010,TOP MC C/ RECORTES,A,7 SEMANAS LEAD TIME DE PRODUÇÃO,0097,GERAL,MOD,MODELAGEM / ENGENHARIA,,,ok CLiente/ fazend teste grade/mov,,10/01/2027,00/01/1900,85,SEM LICENSA C&A,CONFECCOES ONEDA LTDA,01.14.00.7032A,TOP CURTO / 2025-2-12530,01,S-BLUSA / TOP,S,CECR,CECR - FEIRA SUMMER II 2026 (PROD CS) REPEATS,60,AZUL,3,12,1236,0,0,0,0,14/09/2026,9/15/2026,902,PCP/TINTURARIA/CORTE/COSTURA/EXPEDIÇÃO,13,,VALIDACAO MODELAGEM PARA CORTE,0,PC,LIBERADO PARA PRODUÇÂO,C&A MODAS S.A.,99002,99002,061598,05461,11/1/2026,2644,10 - SEM 44 - 2026,(47) 3332-5004,0,,,0030,C&A MODAS,9/10/2026,47,0,1,1236,,,0,0,100,0,0,2644,92,T52B - BBO,17,CABIDE,N,N,SSNN,"12,6171",,A31*C,0,0,T00,TOP CURTO (TOP),,,"15,65",01/11/2026,1,0,GASPAR,AVENIDA DEPUTADO FRANCISCO MASTELLA,3955,SETE DE SETEMBRO,,1,14/08/2026,10/18/2026,,1,,,2641,0,,0,00.577.158/0001-29,
077895,1,834,,,0,10 - SEM 44 - 2026,8,,5 L CF,0,OP PRODUÇÃO,0,T010,TOP MC C/ RECORTES,A,7 SEMANAS LEAD TIME DE PRODUÇÃO,0097,GERAL,MOD,MODELAGEM / ENGENHARIA,,,ok CLiente/ fazend teste grade/mov,,10/01/2027,00/01/1900,85,SEM LICENSA C&A,CONFECCOES ONEDA LTDA,01.14.00.7032A,TOP CURTO / 2025-2-12530,01,S-BLUSA / TOP,S,CECR,CECR - FEIRA SUMMER II 2026 (PROD CS) REPEATS,60,AZUL,4,13,824,0,0,0,0,14/09/2026,9/15/2026,902,PCP/TINTURARIA/CORTE/COSTURA/EXPEDIÇÃO,13,,VALIDACAO MODELAGEM PARA CORTE,0,PC,LIBERADO PARA PRODUÇÂO,C&A MODAS S.A.,99002,99002,061598,05461,11/1/2026,2644,10 - SEM 44 - 2026,(47) 3332-5004,0,,,0030,C&A MODAS,9/10/2026,47,0,1,824,,,0,0,100,0,0,2644,92,T52B - BBO,17,CABIDE,N,N,SSNN,"12,6171",,A31*C,0,0,T00,TOP CURTO (TOP),,,"15,65",01/11/2026,1,0,GASPAR,AVENIDA DEPUTADO FRANCISCO MASTELLA,3955,SETE DE SETEMBRO,,1,14/08/2026,10/18/2026,,1,,,2641,0,,0,00.577.158/0001-29,
077895,1,834,,,0,10 - SEM 44 - 2026,8,,5 L CF,0,OP PRODUÇÃO,0,T010,TOP MC C/ RECORTES,A,7 SEMANAS LEAD TIME DE PRODUÇÃO,0097,GERAL,MOD,MODELAGEM / ENGENHARIA,,,ok CLiente/ fazend teste grade/mov,,10/01/2027,00/01/1900,85,SEM LICENSA C&A,CONFECCOES ONEDA LTDA,01.14.00.7032A,TOP CURTO / 2025-2-12530,01,S-BLUSA / TOP,S,CECR,CECR - FEIRA SUMMER II 2026 (PROD CS) REPEATS,60,AZUL,5,58,824,0,0,0,0,14/09/2026,9/15/2026,902,PCP/TINTURARIA/CORTE/COSTURA/EXPEDIÇÃO,13,,VALIDACAO MODELAGEM PARA CORTE,0,PC,LIBERADO PARA PRODUÇÂO,C&A MODAS S.A.,99002,99002,061598,05461,01/11/2026,2644,10 - SEM 44 - 2026,(47) 3332-5004,0,,,0030,C&A MODAS,10/09/2026,47,0,1,824,,,0,0,100,0,0,2644,92,T52B - BBO,17,CABIDE,N,N,SSNN,"12,6171",,A31*C,0,0,T00,TOP CURTO (TOP),,,"15,65",01/11/2026,1,0,GASPAR,AVENIDA DEPUTADO FRANCISCO MASTELLA,3955,SETE DE SETEMBRO,,1,14/08/2026,10/18/2026,,1,,,2641,0,,0,00.577.158/0001-29,
078141,1,834,,,0,10 - SEM 43 - 2026,8,15/09,1 Ag F,0,OP PRODUÇÃO,0,000,CLASSIFICAR MODELO/FAMILIA,,,0097,GERAL,MOD,MODELAGEM / ENGENHARIA,,,Agu retor Feira / pos fei,,00/01/1900,00/01/1900,85,SEM LICENSA C&A,CONFECCOES ONEDA LTDA,01.16.00.7930,TOP CURTO,01,S-BLUSA / TOP,S,CEY,CEY - FEIRA SUMMER II 2026 (PROD CS) INCLUSÃO,000521,OFF WHITE,4,13,195,0,0,0,0,11/09/2026,9/14/2026,902,PCP/TINTURARIA/CORTE/COSTURA/EXPEDIÇÃO,13,,VALIDACAO MODELAGEM PARA CORTE,0,PC,PENDENTE DESENVOLVIMENTO,C&A MODAS S.A.,115666,115666,062060,05461,10/25/2026,2643,10 - SEM 43 - 2026,(47) 3332-5004,0,,,0030,C&A MODAS,9/17/2026,40,-1,4,195,,,0,0,0,0,0,2643,84,T54C - KIDS O,19,CABIDE-DORSAL,N,N,SSNN,0,utilizar rib do estoque,B38,0,0,T00,TOP CURTO (TOP),,Frente: 1 cor / Costas: 1 cor,"19,95",25/10/2026,3,0,GASPAR,AVENIDA DEPUTADO FRANCISCO MASTELLA,3955,SETE DE SETEMBRO,,1,11/09/2026,10/25/2026,,1,,,2643,0,,0,00.577.158/0001-29,
078141,1,834,,,0,10 - SEM 43 - 2026,8,15/09,1 Ag F,0,OP PRODUÇÃO,0,000,CLASSIFICAR MODELO/FAMILIA,,,0097,GERAL,MOD,MODELAGEM / ENGENHARIA,,,Agu retor Feira / pos fei,,00/01/1900,00/01/1900,85,SEM LICENSA C&A,CONFECCOES ONEDA LTDA,01.16.00.7930,TOP CURTO,01,S-BLUSA / TOP,S,CEY,CEY - FEIRA SUMMER II 2026 (PROD CS) INCLUSÃO,000521,OFF WHITE,6,14,389,0,0,0,0,11/09/2026,9/14/2026,902,PCP/TINTURARIA/CORTE/COSTURA/EXPEDIÇÃO,13,,VALIDACAO MODELAGEM PARA CORTE,0,PC,PENDENTE DESENVOLVIMENTO,C&A MODAS S.A.,115666,115666,062060,05461,25/10/2026,2643,10 - SEM 43 - 2026,(47) 3332-5004,0,,,0030,C&A MODAS,17/09/2026,40,-1,4,389,,,0,0,0,0,0,2643,84,T54C - KIDS O,19,CABIDE-DORSAL,N,N,SSNN,0,utilizar rib do estoque,B38,0,0,T00,TOP CURTO (TOP),,Frente: 1 cor / Costas: 1 cor,"19,95",25/10/2026,3,0,GASPAR,AVENIDA DEPUTADO FRANCISCO MASTELLA,3955,SETE DE SETEMBRO,,1,11/09/2026,10/25/2026,,1,,,2643,0,,0,00.577.158/0001-29,
078141,1,834,,,0,10 - SEM 43 - 2026,8,15/09,1 Ag F,0,OP PRODUÇÃO,0,000,CLASSIFICAR MODELO/FAMILIA,,,0097,GERAL,MOD,MODELAGEM / ENGENHARIA,,,Agu retor Feira / pos fei,,00/01/1900,00/01/1900,85,SEM LICENSA C&A,CONFECCOES ONEDA LTDA,01.16.00.7930,TOP CURTO,01,S-BLUSA / TOP,S,CEY,CEY - FEIRA SUMMER II 2026 (PROD CS) INCLUSÃO,000521,OFF WHITE,8,15,389,0,0,0,0,11/09/2026,9/14/2026,902,PCP/TINTURARIA/CORTE/COSTURA/EXPEDIÇÃO,13,,VALIDACAO MODELAGEM PARA CORTE,0,PC,PENDENTE DESENVOLVIMENTO,C&A MODAS S.A.,115666,115666,062060,05461,25/10/2026,2643,10 - SEM 43 - 2026,(47) 3332-5004,0,,,0030,C&A MODAS,17/09/2026,40,-1,4,389,,,0,0,0,0,0,2643,84,T54C - KIDS O,19,CABIDE-DORSAL,N,N,SSNN,0,utilizar rib do estoque,B38,0,0,T00,TOP CURTO (TOP),,Frente: 1 cor / Costas: 1 cor,"19,95",25/10/2026,3,0,GASPAR,AVENIDA DEPUTADO FRANCISCO MASTELLA,3955,SETE DE SETEMBRO,,1,11/09/2026,10/25/2026,,1,,,2643,0,,0,00.577.158/0001-29,
078141,1,834,,,0,10 - SEM 43 - 2026,8,15/09,1 Ag F,0,OP PRODUÇÃO,0,000,CLASSIFICAR MODELO/FAMILIA,,,0097,GERAL,MOD,MODELAGEM / ENGENHARIA,,,Agu retor Feira / pos fei,,00/01/1900,00/01/1900,85,SEM LICENSA C&A,CONFECCOES ONEDA LTDA,01.16.00.7930,TOP CURTO,01,S-BLUSA / TOP,S,CEY,CEY - FEIRA SUMMER II 2026 (PROD CS) INCLUSÃO,000521,OFF WHITE,10,16,389,0,0,0,0,11/09/2026,9/14/2026,902,PCP/TINTURARIA/CORTE/COSTURA/EXPEDIÇÃO,13,,VALIDACAO MODELAGEM PARA CORTE,0,PC,PENDENTE DESENVOLVIMENTO,C&A MODAS S.A.,115666,115666,062060,05461,10/25/2026,2643,10 - SEM 43 - 2026,(47) 3332-5004,0,,,0030,C&A MODAS,9/17/2026,40,-1,4,389,,,0,0,0,0,0,2643,84,T54C - KIDS O,19,CABIDE-DORSAL,N,N,SSNN,0,utilizar rib do estoque,B38,0,0,T00,TOP CURTO (TOP),,Frente: 1 cor / Costas: 1 cor,"19,95",25/10/2026,3,0,GASPAR,AVENIDA DEPUTADO FRANCISCO MASTELLA,3955,SETE DE SETEMBRO,,1,11/09/2026,10/25/2026,,1,,,2643,0,,0,00.577.158/0001-29,
078141,1,834,,,0,10 - SEM 43 - 2026,8,15/09,1 Ag F,0,OP PRODUÇÃO,0,000,CLASSIFICAR MODELO/FAMILIA,,,0097,GERAL,MOD,MODELAGEM / ENGENHARIA,,,Agu retor Feira / pos fei,,00/01/1900,00/01/1900,85,SEM LICENSA C&A,CONFECCOES ONEDA LTDA,01.16.00.7930,TOP CURTO,01,S-BLUSA / TOP,S,CEY,CEY - FEIRA SUMMER II 2026 (PROD CS) INCLUSÃO,000521,OFF WHITE,12,17,389,0,0,0,0,11/09/2026,9/14/2026,902,PCP/TINTURARIA/CORTE/COSTURA/EXPEDIÇÃO,13,,VALIDACAO MODELAGEM PARA CORTE,0,PC,PENDENTE DESENVOLVIMENTO,C&A MODAS S.A.,115666,115666,062060,05461,10/25/2026,2643,10 - SEM 43 - 2026,(47) 3332-5004,0,,,0030,C&A MODAS,9/17/2026,40,-1,4,389,,,0,0,0,0,0,2643,84,T54C - KIDS O,19,CABIDE-DORSAL,N,N,SSNN,0,utilizar rib do estoque,B38,0,0,T00,TOP CURTO (TOP),,Frente: 1 cor / Costas: 1 cor,"19,95",25/10/2026,3,0,GASPAR,AVENIDA DEPUTADO FRANCISCO MASTELLA,3955,SETE DE SETEMBRO,,1,11/09/2026,10/25/2026,,1,,,2643,0,,0,00.577.158/0001-29,
078142,1,834,,,0,10 - SEM 43 - 2026,8,15/09,1 Ag F,0,OP PRODUÇÃO,0,000,CLASSIFICAR MODELO/FAMILIA,,,0097,GERAL,MOD,MODELAGEM / ENGENHARIA,,,Agu retor Feira / pos fei,,00/01/1900,00/01/1900,146,LICENÇAS VARIADAS,CONFECCOES ONEDA LTDA,01.16.42.0572,TOP CURTO,01,S-BLUSA / TOP,S,CEY,CEY - FEIRA SUMMER II 2026 (PROD CS) INCLUSÃO,000521,OFF WHITE,4,13,321,0,0,0,0,11/09/2026,9/14/2026,902,PCP/TINTURARIA/CORTE/COSTURA/EXPEDIÇÃO,13,,VALIDACAO MODELAGEM PARA CORTE,0,PC,AGUAR. APROV. LIC./ PP SAMPLE,C&A MODAS S.A.,115667,115667,062061,05461,10/25/2026,2643,10 - SEM 43 - 2026,(47) 3332-5004,0,,,0030,C&A MODAS,9/17/2026,40,-1,4,321,,,0,0,0,0,0,2643,84,T54C - KIDS O,19,CABIDE-DORSAL,N,N,SSNN,0,,B38,0,0,T00,TOP CURTO (TOP),,Frente: 3 cores / Costas: 5 cores,"19,05",25/10/2026,3,0,GASPAR,AVENIDA DEPUTADO FRANCISCO MASTELLA,3955,SETE DE SETEMBRO,,1,11/09/2026,10/25/2026,,1,,,2643,0,,0,00.577.158/0001-29,
078142,1,834,,,0,10 - SEM 43 - 2026,8,15/09,1 Ag F,0,OP PRODUÇÃO,0,000,CLASSIFICAR MODELO/FAMILIA,,,0097,GERAL,MOD,MODELAGEM / ENGENHARIA,,,Agu retor Feira / pos fei,,00/01/1900,00/01/1900,146,LICENÇAS VARIADAS,CONFECCOES ONEDA LTDA,01.16.42.0572,TOP CURTO,01,S-BLUSA / TOP,S,CEY,CEY - FEIRA SUMMER II 2026 (PROD CS) INCLUSÃO,000521,OFF WHITE,6,14,643,0,0,0,0,11/09/2026,9/14/2026,902,PCP/TINTURARIA/CORTE/COSTURA/EXPEDIÇÃO,13,,VALIDACAO MODELAGEM PARA CORTE,0,PC,AGUAR. APROV. LIC./ PP SAMPLE,C&A MODAS S.A.,115667,115667,062061,05461,10/25/2026,2643,10 - SEM 43 - 2026,(47) 3332-5004,0,,,0030,C&A MODAS,9/17/2026,40,-1,4,643,,,0,0,0,0,0,2643,84,T54C - KIDS O,19,CABIDE-DORSAL,N,N,SSNN,0,,B38,0,0,T00,TOP CURTO (TOP),,Frente: 3 cores / Costas: 5 cores,"19,05",25/10/2026,3,0,GASPAR,AVENIDA DEPUTADO FRANCISCO MASTELLA,3955,SETE DE SETEMBRO,,1,11/09/2026,10/25/2026,,1,,,2643,0,,0,00.577.158/0001-29,
078142,1,834,,,0,10 - SEM 43 - 2026,8,15/09,1 Ag F,0,OP PRODUÇÃO,0,000,CLASSIFICAR MODELO/FAMILIA,,,0097,GERAL,MOD,MODELAGEM / ENGENHARIA,,,Agu retor Feira / pos fei,,00/01/1900,00/01/1900,146,LICENÇAS VARIADAS,CONFECCOES ONEDA LTDA,01.16.42.0572,TOP CURTO,01,S-BLUSA / TOP,S,CEY,CEY - FEIRA SUMMER II 2026 (PROD CS) INCLUSÃO,000521,OFF WHITE,8,15,643,0,0,0,0,11/09/2026,9/14/2026,902,PCP/TINTURARIA/CORTE/COSTURA/EXPEDIÇÃO,13,,VALIDACAO MODELAGEM PARA CORTE,0,PC,AGUAR. APROV. LIC./ PP SAMPLE,C&A MODAS S.A.,115667,115667,062061,05461,25/10/2026,2643,10 - SEM 43 - 2026,(47) 3332-5004,0,,,0030,C&A MODAS,17/09/2026,40,-1,4,643,,,0,0,0,0,0,2643,84,T54C - KIDS O,19,CABIDE-DORSAL,N,N,SSNN,0,,B38,0,0,T00,TOP CURTO (TOP),,Frente: 3 cores / Costas: 5 cores,"19,05",25/10/2026,3,0,GASPAR,AVENIDA DEPUTADO FRANCISCO MASTELLA,3955,SETE DE SETEMBRO,,1,11/09/2026,10/25/2026,,1,,,2643,0,,0,00.577.158/0001-29,
078142,1,834,,,0,10 - SEM 43 - 2026,8,15/09,1 Ag F,0,OP PRODUÇÃO,0,000,CLASSIFICAR MODELO/FAMILIA,,,0097,GERAL,MOD,MODELAGEM / ENGENHARIA,,,Agu retor Feira / pos fei,,00/01/1900,00/01/1900,146,LICENÇAS VARIADAS,CONFECCOES ONEDA LTDA,01.16.42.0572,TOP CURTO,01,S-BLUSA / TOP,S,CEY,CEY - FEIRA SUMMER II 2026 (PROD CS) INCLUSÃO,000521,OFF WHITE,10,16,643,0,0,0,0,11/09/2026,9/14/2026,902,PCP/TINTURARIA/CORTE/COSTURA/EXPEDIÇÃO,13,,VALIDACAO MODELAGEM PARA CORTE,0,PC,AGUAR. APROV. LIC./ PP SAMPLE,C&A MODAS S.A.,115667,115667,062061,05461,10/25/2026,2643,10 - SEM 43 - 2026,(47) 3332-5004,0,,,0030,C&A MODAS,9/17/2026,40,-1,4,643,,,0,0,0,0,0,2643,84,T54C - KIDS O,19,CABIDE-DORSAL,N,N,SSNN,0,,B38,0,0,T00,TOP CURTO (TOP),,Frente: 3 cores / Costas: 5 cores,"19,05",25/10/2026,3,0,GASPAR,AVENIDA DEPUTADO FRANCISCO MASTELLA,3955,SETE DE SETEMBRO,,1,11/09/2026,10/25/2026,,1,,,2643,0,,0,00.577.158/0001-29,
078142,1,834,,,0,10 - SEM 43 - 2026,8,15/09,1 Ag F,0,OP PRODUÇÃO,0,000,CLASSIFICAR MODELO/FAMILIA,,,0097,GERAL,MOD,MODELAGEM / ENGENHARIA,,,Agu retor Feira / pos fei,,00/01/1900,00/01/1900,146,LICENÇAS VARIADAS,CONFECCOES ONEDA LTDA,01.16.42.0572,TOP CURTO,01,S-BLUSA / TOP,S,CEY,CEY - FEIRA SUMMER II 2026 (PROD CS) INCLUSÃO,000521,OFF WHITE,12,17,643,0,0,0,0,11/09/2026,9/14/2026,902,PCP/TINTURARIA/CORTE/COSTURA/EXPEDIÇÃO,13,,VALIDACAO MODELAGEM PARA CORTE,0,PC,AGUAR. APROV. LIC./ PP SAMPLE,C&A MODAS S.A.,115667,115667,062061,05461,10/25/2026,2643,10 - SEM 43 - 2026,(47) 3332-5004,0,,,0030,C&A MODAS,9/17/2026,40,-1,4,643,,,0,0,0,0,0,2643,84,T54C - KIDS O,19,CABIDE-DORSAL,N,N,SSNN,0,,B38,0,0,T00,TOP CURTO (TOP),,Frente: 3 cores / Costas: 5 cores,"19,05",25/10/2026,3,0,GASPAR,AVENIDA DEPUTADO FRANCISCO MASTELLA,3955,SETE DE SETEMBRO,,1,11/09/2026,10/25/2026,,1,,,2643,0,,0,00.577.158/0001-29,
077571,1,834,,,0,10 - SEM 40 - 2026,999,22/05,5 L CF,2,OP PROJEÇÃO,0,000,CLASSIFICAR MODELO/FAMILIA,,,0097,GERAL,PRD,PRD - FASE PRODUTO,,,ok CLiente/ fazend teste grade/mov,,00/01/1900,00/01/1900,73,BARCELONA,CONFECCOES ONEDA LTDA,02.16.42.0050,TOP CURTO POLIESTER / LCO_SS27_CMC_0012,D7,MALOTES,N,RR7R,RR7R - LINE RENNER VERÃO 27 - SEGUNDA ENTRADA - REPEATS,000729,BEET RED,5-6,52,166,0,0,0,0,11/08/2026,8/18/2026,D3,MALOTES,83,FALTA MALOTE COSTURA,MALOTE,0,PC,LIBERADO PARA PRODUÇÂO,LOJAS RENNER S.A.,6149199,6149199,061794,04707,10/18/2026,2642,10 - SEM 42 - 2026,(47) 3332-5004,0,,,0104,RENNER,10/4/2026,33,-28,35,166,,,0,0,100,0,0,2640,R8,LICENSE MENINO RENNER,17,CABIDE,N,N,SSNN,"18,619",,B21,0,0,T22,TOP CURTO POLIÉSTER (TOP),,,34,18/10/2026,5,0,GASPAR,AVENIDA DEPUTADO FRANCISCO MASTELLA,3955,SETE DE SETEMBRO,,5,30/07/2026,10/4/2026,,1,,,2638,0,,0,00.577.158/0001-29,
077571,1,834,,,0,10 - SEM 40 - 2026,999,22/05,5 L CF,2,OP PROJEÇÃO,0,000,CLASSIFICAR MODELO/FAMILIA,,,0097,GERAL,PRD,PRD - FASE PRODUTO,,,ok CLiente/ fazend teste grade/mov,,00/01/1900,00/01/1900,73,BARCELONA,CONFECCOES ONEDA LTDA,02.16.42.0050,TOP CURTO POLIESTER / LCO_SS27_CMC_0012,D7,MALOTES,N,RR7R,RR7R - LINE RENNER VERÃO 27 - SEGUNDA ENTRADA - REPEATS,000729,BEET RED,7-8,53,686,0,0,0,0,11/08/2026,8/18/2026,D3,MALOTES,83,FALTA MALOTE COSTURA,MALOTE,0,PC,LIBERADO PARA PRODUÇÂO,LOJAS RENNER S.A.,6149199,6149199,061794,04707,10/18/2026,2642,10 - SEM 42 - 2026,(47) 3332-5004,0,,,0104,RENNER,10/4/2026,33,-28,35,686,,,0,0,100,0,0,2640,R8,LICENSE MENINO RENNER,17,CABIDE,N,N,SSNN,"18,619",,B21,0,0,T22,TOP CURTO POLIÉSTER (TOP),,,34,18/10/2026,5,0,GASPAR,AVENIDA DEPUTADO FRANCISCO MASTELLA,3955,SETE DE SETEMBRO,,5,30/07/2026,10/4/2026,,1,,,2638,0,,0,00.577.158/0001-29,
077571,1,834,,,0,10 - SEM 40 - 2026,999,22/05,5 L CF,2,OP PROJEÇÃO,0,000,CLASSIFICAR MODELO/FAMILIA,,,0097,GERAL,PRD,PRD - FASE PRODUTO,,,ok CLiente/ fazend teste grade/mov,,00/01/1900,00/01/1900,73,BARCELONA,CONFECCOES ONEDA LTDA,02.16.42.0050,TOP CURTO POLIESTER / LCO_SS27_CMC_0012,D7,MALOTES,N,RR7R,RR7R - LINE RENNER VERÃO 27 - SEGUNDA ENTRADA - REPEATS,000729,BEET RED,9-10,54,1654,0,0,0,0,11/08/2026,8/18/2026,D3,MALOTES,83,FALTA MALOTE COSTURA,MALOTE,0,PC,LIBERADO PARA PRODUÇÂO,LOJAS RENNER S.A.,6149199,6149199,061794,04707,18/10/2026,2642,10 - SEM 42 - 2026,(47) 3332-5004,0,,,0104,RENNER,04/10/2026,33,-28,35,1654,,,0,0,100,0,0,2640,R8,LICENSE MENINO RENNER,17,CABIDE,N,N,SSNN,"18,619",,B21,0,0,T22,TOP CURTO POLIÉSTER (TOP),,,34,18/10/2026,5,0,GASPAR,AVENIDA DEPUTADO FRANCISCO MASTELLA,3955,SETE DE SETEMBRO,,5,30/07/2026,10/4/2026,,1,,,2638,0,,0,00.577.158/0001-29,
077571,1,834,,,0,10 - SEM 40 - 2026,999,22/05,5 L CF,2,OP PROJEÇÃO,0,000,CLASSIFICAR MODELO/FAMILIA,,,0097,GERAL,PRD,PRD - FASE PRODUTO,,,ok CLiente/ fazend teste grade/mov,,00/01/1900,00/01/1900,73,BARCELONA,CONFECCOES ONEDA LTDA,02.16.42.0050,TOP CURTO POLIESTER / LCO_SS27_CMC_0012,D7,MALOTES,N,RR7R,RR7R - LINE RENNER VERÃO 27 - SEGUNDA ENTRADA - REPEATS,000729,BEET RED,1112,55,1654,0,0,0,0,11/08/2026,8/18/2026,D3,MALOTES,83,FALTA MALOTE COSTURA,MALOTE,0,PC,LIBERADO PARA PRODUÇÂO,LOJAS RENNER S.A.,6149199,6149199,061794,04707,18/10/2026,2642,10 - SEM 42 - 2026,(47) 3332-5004,0,,,0104,RENNER,04/10/2026,33,-28,35,1654,,,0,0,100,0,0,2640,R8,LICENSE MENINO RENNER,17,CABIDE,N,N,SSNN,"18,619",,B21,0,0,T22,TOP CURTO POLIÉSTER (TOP),,,34,18/10/2026,5,0,GASPAR,AVENIDA DEPUTADO FRANCISCO MASTELLA,3955,SETE DE SETEMBRO,,5,30/07/2026,10/4/2026,,1,,,2638,0,,0,00.577.158/0001-29,
077571,1,834,,,0,10 - SEM 40 - 2026,999,22/05,5 L CF,2,OP PROJEÇÃO,0,000,CLASSIFICAR MODELO/FAMILIA,,,0097,GERAL,PRD,PRD - FASE PRODUTO,,,ok CLiente/ fazend teste grade/mov,,00/01/1900,00/01/1900,73,BARCELONA,CONFECCOES ONEDA LTDA,02.16.42.0050,TOP CURTO POLIESTER / LCO_SS27_CMC_0012,D7,MALOTES,N,RR7R,RR7R - LINE RENNER VERÃO 27 - SEGUNDA ENTRADA - REPEATS,000729,BEET RED,1314,56,1040,0,0,0,0,11/08/2026,8/18/2026,D3,MALOTES,83,FALTA MALOTE COSTURA,MALOTE,0,PC,LIBERADO PARA PRODUÇÂO,LOJAS RENNER S.A.,6149199,6149199,061794,04707,18/10/2026,2642,10 - SEM 42 - 2026,(47) 3332-5004,0,,,0104,RENNER,04/10/2026,33,-28,35,1040,,,0,0,100,0,0,2640,R8,LICENSE MENINO RENNER,17,CABIDE,N,N,SSNN,"18,619",,B21,0,0,T22,TOP CURTO POLIÉSTER (TOP),,,34,18/10/2026,5,0,GASPAR,AVENIDA DEPUTADO FRANCISCO MASTELLA,3955,SETE DE SETEMBRO,,5,30/07/2026,10/4/2026,,1,,,2638,0,,0,00.577.158/0001-29,
077572,1,834,,,0,10 - SEM 42 - 2026,999,22/05,5 L CF,2,OP PROJEÇÃO,0,000,CLASSIFICAR MODELO/FAMILIA,,,0097,GERAL,PRD,PRD - FASE PRODUTO,,,ok CLiente/ fazend teste grade/mov,,00/01/1900,00/01/1900,73,BARCELONA,CONFECCOES ONEDA LTDA,02.16.42.0050,TOP CURTO POLIESTER / LCO_SS27_CMC_0012,D7,MALOTES,N,RR7R,RR7R - LINE RENNER VERÃO 27 - SEGUNDA ENTRADA - REPEATS,000729,BEET RED,5-6,52,330,0,0,0,0,11/08/2026,8/18/2026,D3,MALOTES,83,FALTA MALOTE COSTURA,MALOTE,0,PC,LIBERADO PARA PRODUÇÂO,LOJAS RENNER S.A.,6149251,6149251,061795,04707,11/15/2026,2646,11 - SEM 46 - 2026,(47) 3332-5004,0,,,0104,RENNER,10/18/2026,61,-28,35,330,,,0,0,100,0,0,2642,R8,LICENSE MENINO RENNER,17,CABIDE,N,N,SSNN,"18,619",,B21,0,0,T22,TOP CURTO POLIÉSTER (TOP),,,34,15/11/2026,5,0,GASPAR,AVENIDA DEPUTADO FRANCISCO MASTELLA,3955,SETE DE SETEMBRO,,5,30/07/2026,10/18/2026,,1,,,2638,0,,0,00.577.158/0001-29,
077572,1,834,,,0,10 - SEM 42 - 2026,999,22/05,5 L CF,2,OP PROJEÇÃO,0,000,CLASSIFICAR MODELO/FAMILIA,,,0097,GERAL,PRD,PRD - FASE PRODUTO,,,ok CLiente/ fazend teste grade/mov,,00/01/1900,00/01/1900,73,BARCELONA,CONFECCOES ONEDA LTDA,02.16.42.0050,TOP CURTO POLIESTER / LCO_SS27_CMC_0012,D7,MALOTES,N,RR7R,RR7R - LINE RENNER VERÃO 27 - SEGUNDA ENTRADA - REPEATS,000729,BEET RED,7-8,53,824,0,0,0,0,11/08/2026,8/18/2026,D3,MALOTES,83,FALTA MALOTE COSTURA,MALOTE,0,PC,LIBERADO PARA PRODUÇÂO,LOJAS RENNER S.A.,6149251,6149251,061795,04707,15/11/2026,2646,11 - SEM 46 - 2026,(47) 3332-5004,0,,,0104,RENNER,18/10/2026,61,-28,35,824,,,0,0,100,0,0,2642,R8,LICENSE MENINO RENNER,17,CABIDE,N,N,SSNN,"18,619",,B21,0,0,T22,TOP CURTO POLIÉSTER (TOP),,,34,15/11/2026,5,0,GASPAR,AVENIDA DEPUTADO FRANCISCO MASTELLA,3955,SETE DE SETEMBRO,,5,30/07/2026,10/18/2026,,1,,,2638,0,,0,00.577.158/0001-29,
077572,1,834,,,0,10 - SEM 42 - 2026,999,22/05,5 L CF,2,OP PROJEÇÃO,0,000,CLASSIFICAR MODELO/FAMILIA,,,0097,GERAL,PRD,PRD - FASE PRODUTO,,,ok CLiente/ fazend teste grade/mov,,00/01/1900,00/01/1900,73,BARCELONA,CONFECCOES ONEDA LTDA,02.16.42.0050,TOP CURTO POLIESTER / LCO_SS27_CMC_0012,D7,MALOTES,N,RR7R,RR7R - LINE RENNER VERÃO 27 - SEGUNDA ENTRADA - REPEATS,000729,BEET RED,9-10,54,2246,0,0,0,0,11/08/2026,8/18/2026,D3,MALOTES,83,FALTA MALOTE COSTURA,MALOTE,0,PC,LIBERADO PARA PRODUÇÂO,LOJAS RENNER S.A.,6149251,6149251,061795,04707,11/15/2026,2646,11 - SEM 46 - 2026,(47) 3332-5004,0,,,0104,RENNER,10/18/2026,61,-28,35,2246,,,0,0,100,0,0,2642,R8,LICENSE MENINO RENNER,17,CABIDE,N,N,SSNN,"18,619",,B21,0,0,T22,TOP CURTO POLIÉSTER (TOP),,,34,15/11/2026,5,0,GASPAR,AVENIDA DEPUTADO FRANCISCO MASTELLA,3955,SETE DE SETEMBRO,,5,30/07/2026,10/18/2026,,1,,,2638,0,,0,00.577.158/0001-29,
077572,1,834,,,0,10 - SEM 42 - 2026,999,22/05,5 L CF,2,OP PROJEÇÃO,0,000,CLASSIFICAR MODELO/FAMILIA,,,0097,GERAL,PRD,PRD - FASE PRODUTO,,,ok CLiente/ fazend teste grade/mov,,00/01/1900,00/01/1900,73,BARCELONA,CONFECCOES ONEDA LTDA,02.16.42.0050,TOP CURTO POLIESTER / LCO_SS27_CMC_0012,D7,MALOTES,N,RR7R,RR7R - LINE RENNER VERÃO 27 - SEGUNDA ENTRADA - REPEATS,000729,BEET RED,1112,55,2236,0,0,0,0,11/08/2026,8/18/2026,D3,MALOTES,83,FALTA MALOTE COSTURA,MALOTE,0,PC,LIBERADO PARA PRODUÇÂO,LOJAS RENNER S.A.,6149251,6149251,061795,04707,11/15/2026,2646,11 - SEM 46 - 2026,(47) 3332-5004,0,,,0104,RENNER,10/18/2026,61,-28,35,2236,,,0,0,100,0,0,2642,R8,LICENSE MENINO RENNER,17,CABIDE,N,N,SSNN,"18,619",,B21,0,0,T22,TOP CURTO POLIÉSTER (TOP),,,34,15/11/2026,5,0,GASPAR,AVENIDA DEPUTADO FRANCISCO MASTELLA,3955,SETE DE SETEMBRO,,5,30/07/2026,10/18/2026,,1,,,2638,0,,0,00.577.158/0001-29,
077572,1,834,,,0,10 - SEM 42 - 2026,999,22/05,5 L CF,2,OP PROJEÇÃO,0,000,CLASSIFICAR MODELO/FAMILIA,,,0097,GERAL,PRD,PRD - FASE PRODUTO,,,ok CLiente/ fazend teste grade/mov,,00/01/1900,00/01/1900,73,BARCELONA,CONFECCOES ONEDA LTDA,02.16.42.0050,TOP CURTO POLIESTER / LCO_SS27_CMC_0012,D7,MALOTES,N,RR7R,RR7R - LINE RENNER VERÃO 27 - SEGUNDA ENTRADA - REPEATS,000729,BEET RED,1314,56,1576,0,0,0,0,11/08/2026,8/18/2026,D3,MALOTES,83,FALTA MALOTE COSTURA,MALOTE,0,PC,LIBERADO PARA PRODUÇÂO,LOJAS RENNER S.A.,6149251,6149251,061795,04707,15/11/2026,2646,11 - SEM 46 - 2026,(47) 3332-5004,0,,,0104,RENNER,18/10/2026,61,-28,35,1576,,,0,0,100,0,0,2642,R8,LICENSE MENINO RENNER,17,CABIDE,N,N,SSNN,"18,619",,B21,0,0,T22,TOP CURTO POLIÉSTER (TOP),,,34,15/11/2026,5,0,GASPAR,AVENIDA DEPUTADO FRANCISCO MASTELLA,3955,SETE DE SETEMBRO,,5,30/07/2026,10/18/2026,,1,,,2638,0,,0,00.577.158/0001-29,
077627,1,834,,,0,10 - SEM 43 - 2026,999,14/08,10 LCM,0,OP PRODUÇÃO,0,000,CLASSIFICAR MODELO/FAMILIA,,,0097,GERAL,PRD,PRD - FASE PRODUTO,,,Lib Corte C/ Move testado,,00/01/1900,00/01/1900,73,BARCELONA,CONFECCOES ONEDA LTDA,02.16.42.0048,TOP CURTO / LCO_SS27_CMC_0014,D7,MALOTES,N,RR7R,RR7R - LINE RENNER VERÃO 27 - SEGUNDA ENTRADA - REPEATS,11895,MARITIME BLUE,5-6,52,75,0,0,0,0,31/08/2026,9/7/2026,D3,MALOTES,83,falta malote costura,MALOTE,0,PC,LIBERADO PARA PRODUÇÂO,LOJAS RENNER S.A.,6149622,6149622,061800,04707,15/11/2026,2646,11 - SEM 46 - 2026,(47) 3332-5004,0,,,0104,RENNER,15/11/2026,61,-8,15,75,,,0,0,100,0,0,2643,R8,LICENSE MENINO RENNER,17,CABIDE,N,N,SSNN,0,,B33,0,0,T00,TOP CURTO (TOP),,,"32,5",15/11/2026,4,0,GASPAR,AVENIDA DEPUTADO FRANCISCO MASTELLA,3955,SETE DE SETEMBRO,,5,05/08/2026,11/15/2026,,1,,,2641,0,,0,00.577.158/0001-29,
077627,1,834,,,0,10 - SEM 43 - 2026,999,14/08,10 LCM,0,OP PRODUÇÃO,0,000,CLASSIFICAR MODELO/FAMILIA,,,0097,GERAL,PRD,PRD - FASE PRODUTO,,,Lib Corte C/ Move testado,,00/01/1900,00/01/1900,73,BARCELONA,CONFECCOES ONEDA LTDA,02.16.42.0048,TOP CURTO / LCO_SS27_CMC_0014,D7,MALOTES,N,RR7R,RR7R - LINE RENNER VERÃO 27 - SEGUNDA ENTRADA - REPEATS,11895,MARITIME BLUE,7-8,53,321,0,0,0,0,31/08/2026,9/7/2026,D3,MALOTES,83,falta malote costura,MALOTE,0,PC,LIBERADO PARA PRODUÇÂO,LOJAS RENNER S.A.,6149622,6149622,061800,04707,15/11/2026,2646,11 - SEM 46 - 2026,(47) 3332-5004,0,,,0104,RENNER,15/11/2026,61,-8,15,321,,,0,0,100,0,0,2643,R8,LICENSE MENINO RENNER,17,CABIDE,N,N,SSNN,0,,B33,0,0,T00,TOP CURTO (TOP),,,"32,5",15/11/2026,4,0,GASPAR,AVENIDA DEPUTADO FRANCISCO MASTELLA,3955,SETE DE SETEMBRO,,5,05/08/2026,11/15/2026,,1,,,2641,0,,0,00.577.158/0001-29,
077627,1,834,,,0,10 - SEM 43 - 2026,999,14/08,10 LCM,0,OP PRODUÇÃO,0,000,CLASSIFICAR MODELO/FAMILIA,,,0097,GERAL,PRD,PRD - FASE PRODUTO,,,Lib Corte C/ Move testado,,00/01/1900,00/01/1900,73,BARCELONA,CONFECCOES ONEDA LTDA,02.16.42.0048,TOP CURTO / LCO_SS27_CMC_0014,D7,MALOTES,N,RR7R,RR7R - LINE RENNER VERÃO 27 - SEGUNDA ENTRADA - REPEATS,11895,MARITIME BLUE,9-10,54,674,0,0,0,0,31/08/2026,9/7/2026,D3,MALOTES,83,falta malote costura,MALOTE,0,PC,LIBERADO PARA PRODUÇÂO,LOJAS RENNER S.A.,6149622,6149622,061800,04707,15/11/2026,2646,11 - SEM 46 - 2026,(47) 3332-5004,0,,,0104,RENNER,15/11/2026,61,-8,15,674,,,0,0,100,0,0,2643,R8,LICENSE MENINO RENNER,17,CABIDE,N,N,SSNN,0,,B33,0,0,T00,TOP CURTO (TOP),,,"32,5",15/11/2026,4,0,GASPAR,AVENIDA DEPUTADO FRANCISCO MASTELLA,3955,SETE DE SETEMBRO,,5,05/08/2026,11/15/2026,,1,,,2641,0,,0,00.577.158/0001-29,
077627,1,834,,,0,10 - SEM 43 - 2026,999,14/08,10 LCM,0,OP PRODUÇÃO,0,000,CLASSIFICAR MODELO/FAMILIA,,,0097,GERAL,PRD,PRD - FASE PRODUTO,,,Lib Corte C/ Move testado,,00/01/1900,00/01/1900,73,BARCELONA,CONFECCOES ONEDA LTDA,02.16.42.0048,TOP CURTO / LCO_SS27_CMC_0014,D7,MALOTES,N,RR7R,RR7R - LINE RENNER VERÃO 27 - SEGUNDA ENTRADA - REPEATS,11895,MARITIME BLUE,1112,55,535,0,0,0,0,31/08/2026,9/7/2026,D3,MALOTES,83,falta malote costura,MALOTE,0,PC,LIBERADO PARA PRODUÇÂO,LOJAS RENNER S.A.,6149622,6149622,061800,04707,15/11/2026,2646,11 - SEM 46 - 2026,(47) 3332-5004,0,,,0104,RENNER,15/11/2026,61,-8,15,535,,,0,0,100,0,0,2643,R8,LICENSE MENINO RENNER,17,CABIDE,N,N,SSNN,0,,B33,0,0,T00,TOP CURTO (TOP),,,"32,5",15/11/2026,4,0,GASPAR,AVENIDA DEPUTADO FRANCISCO MASTELLA,3955,SETE DE SETEMBRO,,5,05/08/2026,11/15/2026,,1,,,2641,0,,0,00.577.158/0001-29,
077627,1,834,,,0,10 - SEM 43 - 2026,999,14/08,10 LCM,0,OP PRODUÇÃO,0,000,CLASSIFICAR MODELO/FAMILIA,,,0097,GERAL,PRD,PRD - FASE PRODUTO,,,Lib Corte C/ Move testado,,00/01/1900,00/01/1900,73,BARCELONA,CONFECCOES ONEDA LTDA,02.16.42.0048,TOP CURTO / LCO_SS27_CMC_0014,D7,MALOTES,N,RR7R,RR7R - LINE RENNER VERÃO 27 - SEGUNDA ENTRADA - REPEATS,11895,MARITIME BLUE,1314,56,535,0,0,0,0,31/08/2026,9/7/2026,D3,MALOTES,83,falta malote costura,MALOTE,0,PC,LIBERADO PARA PRODUÇÂO,LOJAS RENNER S.A.,6149622,6149622,061800,04707,15/11/2026,2646,11 - SEM 46 - 2026,(47) 3332-5004,0,,,0104,RENNER,15/11/2026,61,-8,15,535,,,0,0,100,0,0,2643,R8,LICENSE MENINO RENNER,17,CABIDE,N,N,SSNN,0,,B33,0,0,T00,TOP CURTO (TOP),,,"32,5",15/11/2026,4,0,GASPAR,AVENIDA DEPUTADO FRANCISCO MASTELLA,3955,SETE DE SETEMBRO,,5,05/08/2026,11/15/2026,,1,,,2641,0,,0,00.577.158/0001-29,
077685,1,834,,,0,11 - SEM 47 - 2026,999,04/08,9 lcc,0,OP PRODUÇÃO,0,T032,TOP MC C/ APLIQUE ROTATIVO,C,9 SEMANAS,0097,GERAL,PRD,PRD - FASE PRODUTO,,,Lib corte,,00/01/1900,00/01/1900,85,SEM LICENSA C&A,CONFECCOES ONEDA LTDA,01.14.00.7846-1,TOP CURTO,D7,MALOTES,N,CEYN,CEYN - FEIRA SUMMER II 2026 (PROD CS) INCLUSÃO NEGOCIADO,0000c,BRANCO,1,10,309,0,0,0,0,10/08/2026,8/17/2026,D3,MALOTES,83,FALTA MALOTE COSTURA,MALOTE,0,PC,LIBERADO PARA PRODUÇÂO,C&A MODAS S.A.,99032,99032,061623,05461,22/11/2026,2647,11 - SEM 47 - 2026,(47) 3332-5004,0,,,0030,C&A MODAS,08/11/2026,68,-29,36,309,,,0,0,0,0,0,2647,82,T52C - BBO,19,CABIDE-DORSAL,N,N,SSNN,0,utilizar malha do estoque para o Reforço,B32,0,0,T00,TOP CURTO (TOP),"Rot Lancaster 23036-1 ------------ 2 cores PIG R$ 20,00 (processo completo)","GS39433/ R$2,60 Com proteção","21,85",22/11/2026,2,0,GASPAR,AVENIDA DEPUTADO FRANCISCO MASTELLA,3955,SETE DE SETEMBRO,,5,07/08/2026,11/8/2026,,1,,,2641,0,,0,00.577.158/0001-29,
077685,1,834,,,0,11 - SEM 47 - 2026,999,04/08,9 lcc,0,OP PRODUÇÃO,0,T032,TOP MC C/ APLIQUE ROTATIVO,C,9 SEMANAS,0097,GERAL,PRD,PRD - FASE PRODUTO,,,Lib corte,,00/01/1900,00/01/1900,85,SEM LICENSA C&A,CONFECCOES ONEDA LTDA,01.14.00.7846-1,TOP CURTO,D7,MALOTES,N,CEYN,CEYN - FEIRA SUMMER II 2026 (PROD CS) INCLUSÃO NEGOCIADO,0000c,BRANCO,2,11,618,0,0,0,0,10/08/2026,8/17/2026,D3,MALOTES,83,FALTA MALOTE COSTURA,MALOTE,0,PC,LIBERADO PARA PRODUÇÂO,C&A MODAS S.A.,99032,99032,061623,05461,22/11/2026,2647,11 - SEM 47 - 2026,(47) 3332-5004,0,,,0030,C&A MODAS,08/11/2026,68,-29,36,618,,,0,0,0,0,0,2647,82,T52C - BBO,19,CABIDE-DORSAL,N,N,SSNN,0,utilizar malha do estoque para o Reforço,B32,0,0,T00,TOP CURTO (TOP),"Rot Lancaster 23036-1 ------------ 2 cores PIG R$ 20,00 (processo completo)","GS39433/ R$2,60 Com proteção","21,85",22/11/2026,2,0,GASPAR,AVENIDA DEPUTADO FRANCISCO MASTELLA,3955,SETE DE SETEMBRO,,5,07/08/2026,11/8/2026,,1,,,2641,0,,0,00.577.158/0001-29,
077685,1,834,,,0,11 - SEM 47 - 2026,999,04/08,9 lcc,0,OP PRODUÇÃO,0,T032,TOP MC C/ APLIQUE ROTATIVO,C,9 SEMANAS,0097,GERAL,PRD,PRD - FASE PRODUTO,,,Lib corte,,00/01/1900,00/01/1900,85,SEM LICENSA C&A,CONFECCOES ONEDA LTDA,01.14.00.7846-1,TOP CURTO,D7,MALOTES,N,CEYN,CEYN - FEIRA SUMMER II 2026 (PROD CS) INCLUSÃO NEGOCIADO,0000c,BRANCO,3,12,927,0,0,0,0,10/08/2026,8/17/2026,D3,MALOTES,83,FALTA MALOTE COSTURA,MALOTE,0,PC,LIBERADO PARA PRODUÇÂO,C&A MODAS S.A.,99032,99032,061623,05461,22/11/2026,2647,11 - SEM 47 - 2026,(47) 3332-5004,0,,,0030,C&A MODAS,08/11/2026,68,-29,36,927,,,0,0,0,0,0,2647,82,T52C - BBO,19,CABIDE-DORSAL,N,N,SSNN,0,utilizar malha do estoque para o Reforço,B32,0,0,T00,TOP CURTO (TOP),"Rot Lancaster 23036-1 ------------ 2 cores PIG R$ 20,00 (processo completo)","GS39433/ R$2,60 Com proteção","21,85",22/11/2026,2,0,GASPAR,AVENIDA DEPUTADO FRANCISCO MASTELLA,3955,SETE DE SETEMBRO,,5,07/08/2026,11/8/2026,,1,,,2641,0,,0,00.577.158/0001-29,
077685,1,834,,,0,11 - SEM 47 - 2026,999,04/08,9 lcc,0,OP PRODUÇÃO,0,T032,TOP MC C/ APLIQUE ROTATIVO,C,9 SEMANAS,0097,GERAL,PRD,PRD - FASE PRODUTO,,,Lib corte,,00/01/1900,00/01/1900,85,SEM LICENSA C&A,CONFECCOES ONEDA LTDA,01.14.00.7846-1,TOP CURTO,D7,MALOTES,N,CEYN,CEYN - FEIRA SUMMER II 2026 (PROD CS) INCLUSÃO NEGOCIADO,0000c,BRANCO,4,13,618,0,0,0,0,10/08/2026,8/17/2026,D3,MALOTES,83,FALTA MALOTE COSTURA,MALOTE,0,PC,LIBERADO PARA PRODUÇÂO,C&A MODAS S.A.,99032,99032,061623,05461,22/11/2026,2647,11 - SEM 47 - 2026,(47) 3332-5004,0,,,0030,C&A MODAS,08/11/2026,68,-29,36,618,,,0,0,0,0,0,2647,82,T52C - BBO,19,CABIDE-DORSAL,N,N,SSNN,0,utilizar malha do estoque para o Reforço,B32,0,0,T00,TOP CURTO (TOP),"Rot Lancaster 23036-1 ------------ 2 cores PIG R$ 20,00 (processo completo)","GS39433/ R$2,60 Com proteção","21,85",22/11/2026,2,0,GASPAR,AVENIDA DEPUTADO FRANCISCO MASTELLA,3955,SETE DE SETEMBRO,,5,07/08/2026,11/8/2026,,1,,,2641,0,,0,00.577.158/0001-29,
077685,1,834,,,0,11 - SEM 47 - 2026,999,04/08,9 lcc,0,OP PRODUÇÃO,0,T032,TOP MC C/ APLIQUE ROTATIVO,C,9 SEMANAS,0097,GERAL,PRD,PRD - FASE PRODUTO,,,Lib corte,,00/01/1900,00/01/1900,85,SEM LICENSA C&A,CONFECCOES ONEDA LTDA,01.14.00.7846-1,TOP CURTO,D7,MALOTES,N,CEYN,CEYN - FEIRA SUMMER II 2026 (PROD CS) INCLUSÃO NEGOCIADO,0000c,BRANCO,5,58,618,0,0,0,0,10/08/2026,8/17/2026,D3,MALOTES,83,FALTA MALOTE COSTURA,MALOTE,0,PC,LIBERADO PARA PRODUÇÂO,C&A MODAS S.A.,99032,99032,061623,05461,22/11/2026,2647,11 - SEM 47 - 2026,(47) 3332-5004,0,,,0030,C&A MODAS,08/11/2026,68,-29,36,618,,,0,0,0,0,0,2647,82,T52C - BBO,19,CABIDE-DORSAL,N,N,SSNN,0,utilizar malha do estoque para o Reforço,B32,0,0,T00,TOP CURTO (TOP),"Rot Lancaster 23036-1 ------------ 2 cores PIG R$ 20,00 (processo completo)","GS39433/ R$2,60 Com proteção","21,85",22/11/2026,2,0,GASPAR,AVENIDA DEPUTADO FRANCISCO MASTELLA,3955,SETE DE SETEMBRO,,5,07/08/2026,11/8/2026,,1,,,2641,0,,0,00.577.158/0001-29,
077882,1,834,,,0,11 - SEM 46 - 2026,999,15/07,7 L C,0,OP PRODUÇÃO,0,T121,TOP POLO MC C/ PEITILHO SIMPLES SEM BOTÃO ROTATIVO,C,9 SEMANAS,0097,GERAL,PRD,PRD - FASE PRODUTO,,,Lib Corte/ EM TEST MODELAGEM,,00/01/1900,00/01/1900,85,SEM LICENSA C&A,CONFECCOES ONEDA LTDA,01.18.00.7832,TOP CURTO POLIESTER/ 2026-1-15452,D7,MALOTES,N,CEI,CEI - FEIRA SUMMER II 2026 (PROD AS BS) INCLUSÃO,000521,OFF WHITE,10,16,401,0,0,0,0,11/09/2026,9/18/2026,D3,MALOTES,83,FALTA MALOTE COSTURA,MALOTE,0,PC,PP SAMPL APROVADA,C&A MODAS S.A.,107372,107372,061702,05461,11/15/2026,2646,11 - SEM 46 - 2026,(47) 3332-5004,0,,,0030,C&A MODAS,10/25/2026,61,3,4,401,,,0,0,100,0,0,2646,86,T59C - TEEN,19,CABIDE-DORSAL,N,N,SSNN,0,,B24,0,0,T22,TOP CURTO POLIÉSTER (TOP),0118007832 VR1 TCTNTdry TM183 RT 2 --SUBLIMAÇÃO EM ROLO,,37,15/11/2026,3,0,GASPAR,AVENIDA DEPUTADO FRANCISCO MASTELLA,3955,SETE DE SETEMBRO,,5,13/08/2026,10/25/2026,,1,,,2641,0,,0,00.577.158/0001-29,
077882,1,834,,,0,11 - SEM 46 - 2026,999,15/07,7 L C,0,OP PRODUÇÃO,0,T121,TOP POLO MC C/ PEITILHO SIMPLES SEM BOTÃO ROTATIVO,C,9 SEMANAS,0097,GERAL,PRD,PRD - FASE PRODUTO,,,Lib Corte/ EM TEST MODELAGEM,,00/01/1900,00/01/1900,85,SEM LICENSA C&A,CONFECCOES ONEDA LTDA,01.18.00.7832,TOP CURTO POLIESTER/ 2026-1-15452,D7,MALOTES,N,CEI,CEI - FEIRA SUMMER II 2026 (PROD AS BS) INCLUSÃO,000521,OFF WHITE,12,17,1202,0,0,0,0,11/09/2026,9/18/2026,D3,MALOTES,83,FALTA MALOTE COSTURA,MALOTE,0,PC,PP SAMPL APROVADA,C&A MODAS S.A.,107372,107372,061702,05461,11/15/2026,2646,11 - SEM 46 - 2026,(47) 3332-5004,0,,,0030,C&A MODAS,10/25/2026,61,3,4,1202,,,0,0,100,0,0,2646,86,T59C - TEEN,19,CABIDE-DORSAL,N,N,SSNN,0,,B24,0,0,T22,TOP CURTO POLIÉSTER (TOP),0118007832 VR1 TCTNTdry TM183 RT 2 --SUBLIMAÇÃO EM ROLO,,37,15/11/2026,3,0,GASPAR,AVENIDA DEPUTADO FRANCISCO MASTELLA,3955,SETE DE SETEMBRO,,5,13/08/2026,10/25/2026,,1,,,2641,0,,0,00.577.158/0001-29,
077882,1,834,,,0,11 - SEM 46 - 2026,999,15/07,7 L C,0,OP PRODUÇÃO,0,T121,TOP POLO MC C/ PEITILHO SIMPLES SEM BOTÃO ROTATIVO,C,9 SEMANAS,0097,GERAL,PRD,PRD - FASE PRODUTO,,,Lib Corte/ EM TEST MODELAGEM,,00/01/1900,00/01/1900,85,SEM LICENSA C&A,CONFECCOES ONEDA LTDA,01.18.00.7832,TOP CURTO POLIESTER/ 2026-1-15452,D7,MALOTES,N,CEI,CEI - FEIRA SUMMER II 2026 (PROD AS BS) INCLUSÃO,000521,OFF WHITE,14,18,1202,0,0,0,0,11/09/2026,9/18/2026,D3,MALOTES,83,FALTA MALOTE COSTURA,MALOTE,0,PC,PP SAMPL APROVADA,C&A MODAS S.A.,107372,107372,061702,05461,15/11/2026,2646,11 - SEM 46 - 2026,(47) 3332-5004,0,,,0030,C&A MODAS,25/10/2026,61,3,4,1202,,,0,0,100,0,0,2646,86,T59C - TEEN,19,CABIDE-DORSAL,N,N,SSNN,0,,B24,0,0,T22,TOP CURTO POLIÉSTER (TOP),0118007832 VR1 TCTNTdry TM183 RT 2 --SUBLIMAÇÃO EM ROLO,,37,15/11/2026,3,0,GASPAR,AVENIDA DEPUTADO FRANCISCO MASTELLA,3955,SETE DE SETEMBRO,,5,13/08/2026,10/25/2026,,1,,,2641,0,,0,00.577.158/0001-29,
077882,1,834,,,0,11 - SEM 46 - 2026,999,15/07,7 L C,0,OP PRODUÇÃO,0,T121,TOP POLO MC C/ PEITILHO SIMPLES SEM BOTÃO ROTATIVO,C,9 SEMANAS,0097,GERAL,PRD,PRD - FASE PRODUTO,,,Lib Corte/ EM TEST MODELAGEM,,00/01/1900,00/01/1900,85,SEM LICENSA C&A,CONFECCOES ONEDA LTDA,01.18.00.7832,TOP CURTO POLIESTER/ 2026-1-15452,D7,MALOTES,N,CEI,CEI - FEIRA SUMMER II 2026 (PROD AS BS) INCLUSÃO,000521,OFF WHITE,16,19,801,0,0,0,0,11/09/2026,9/18/2026,D3,MALOTES,83,FALTA MALOTE COSTURA,MALOTE,0,PC,PP SAMPL APROVADA,C&A MODAS S.A.,107372,107372,061702,05461,15/11/2026,2646,11 - SEM 46 - 2026,(47) 3332-5004,0,,,0030,C&A MODAS,25/10/2026,61,3,4,801,,,0,0,100,0,0,2646,86,T59C - TEEN,19,CABIDE-DORSAL,N,N,SSNN,0,,B24,0,0,T22,TOP CURTO POLIÉSTER (TOP),0118007832 VR1 TCTNTdry TM183 RT 2 --SUBLIMAÇÃO EM ROLO,,37,15/11/2026,3,0,GASPAR,AVENIDA DEPUTADO FRANCISCO MASTELLA,3955,SETE DE SETEMBRO,,5,13/08/2026,10/25/2026,,1,,,2641,0,,0,00.577.158/0001-29,
077886,1,834,,,0,01 - SEM 02 - 2027,999,15/07,9 lcc,0,OP PRODUÇÃO,0,T180,REGATA BASICA,A,7 SEMANAS LEAD TIME DE PRODUÇÃO,0097,GERAL,PRD,PRD - FASE PRODUTO,,,Lib corte,,00/01/1900,00/01/1900,85,SEM LICENSA C&A,CONFECCOES ONEDA LTDA,01.18.00.7833,TOP REGATA / 2026-2-8101,D7,MALOTES,N,CEIN,CEIN - FEIRA SUMMER II 2026 (PROD AS BS) INCLUSÃO NEGOCIADO,50,A DEFINIR,10,16,286,0,0,0,0,14/09/2026,9/21/2026,D3,MALOTES,83,,MALOTE,0,PC,LIBERADO PARA PRODUÇÂO,C&A MODAS S.A.,SII26,,061703,05461,10/01/2027,2702,01 - SEM 02 - 2027,(47) 3332-5004,0,,,0030,C&A MODAS,22/11/2026,117,6,1,286,,,0,0,0,0,0,2702,013,T59A - FIFTEEN MP,11,MASCULINO,N,N,SSNN,0,,B24,0,0,T06,TOP REGATA (TOP),,,21,10/01/2027,3,0,GASPAR,AVENIDA DEPUTADO FRANCISCO MASTELLA,3955,SETE DE SETEMBRO,,5,13/08/2026,11/22/2026,,1,,,2641,0,,0,00.577.158/0001-29,
077886,1,834,,,0,01 - SEM 02 - 2027,999,15/07,9 lcc,0,OP PRODUÇÃO,0,T180,REGATA BASICA,A,7 SEMANAS LEAD TIME DE PRODUÇÃO,0097,GERAL,PRD,PRD - FASE PRODUTO,,,Lib corte,,00/01/1900,00/01/1900,85,SEM LICENSA C&A,CONFECCOES ONEDA LTDA,01.18.00.7833,TOP REGATA / 2026-2-8101,D7,MALOTES,N,CEIN,CEIN - FEIRA SUMMER II 2026 (PROD AS BS) INCLUSÃO NEGOCIADO,50,A DEFINIR,12,17,859,0,0,0,0,14/09/2026,9/21/2026,D3,MALOTES,83,,MALOTE,0,PC,LIBERADO PARA PRODUÇÂO,C&A MODAS S.A.,SII26,,061703,05461,1/10/2027,2702,01 - SEM 02 - 2027,(47) 3332-5004,0,,,0030,C&A MODAS,11/22/2026,117,6,1,859,,,0,0,0,0,0,2702,013,T59A - FIFTEEN MP,11,MASCULINO,N,N,SSNN,0,,B24,0,0,T06,TOP REGATA (TOP),,,21,10/01/2027,3,0,GASPAR,AVENIDA DEPUTADO FRANCISCO MASTELLA,3955,SETE DE SETEMBRO,,5,13/08/2026,11/22/2026,,1,,,2641,0,,0,00.577.158/0001-29,
077886,1,834,,,0,01 - SEM 02 - 2027,999,15/07,9 lcc,0,OP PRODUÇÃO,0,T180,REGATA BASICA,A,7 SEMANAS LEAD TIME DE PRODUÇÃO,0097,GERAL,PRD,PRD - FASE PRODUTO,,,Lib corte,,00/01/1900,00/01/1900,85,SEM LICENSA C&A,CONFECCOES ONEDA LTDA,01.18.00.7833,TOP REGATA / 2026-2-8101,D7,MALOTES,N,CEIN,CEIN - FEIRA SUMMER II 2026 (PROD AS BS) INCLUSÃO NEGOCIADO,50,A DEFINIR,14,18,859,0,0,0,0,14/09/2026,9/21/2026,D3,MALOTES,83,,MALOTE,0,PC,LIBERADO PARA PRODUÇÂO,C&A MODAS S.A.,SII26,,061703,05461,1/10/2027,2702,01 - SEM 02 - 2027,(47) 3332-5004,0,,,0030,C&A MODAS,11/22/2026,117,6,1,859,,,0,0,0,0,0,2702,013,T59A - FIFTEEN MP,11,MASCULINO,N,N,SSNN,0,,B24,0,0,T06,TOP REGATA (TOP),,,21,10/01/2027,3,0,GASPAR,AVENIDA DEPUTADO FRANCISCO MASTELLA,3955,SETE DE SETEMBRO,,5,13/08/2026,11/22/2026,,1,,,2641,0,,0,00.577.158/0001-29,
077886,1,834,,,0,01 - SEM 02 - 2027,999,15/07,9 lcc,0,OP PRODUÇÃO,0,T180,REGATA BASICA,A,7 SEMANAS LEAD TIME DE PRODUÇÃO,0097,GERAL,PRD,PRD - FASE PRODUTO,,,Lib corte,,00/01/1900,00/01/1900,85,SEM LICENSA C&A,CONFECCOES ONEDA LTDA,01.18.00.7833,TOP REGATA / 2026-2-8101,D7,MALOTES,N,CEIN,CEIN - FEIRA SUMMER II 2026 (PROD AS BS) INCLUSÃO NEGOCIADO,50,A DEFINIR,16,19,573,0,0,0,0,14/09/2026,9/21/2026,D3,MALOTES,83,,MALOTE,0,PC,LIBERADO PARA PRODUÇÂO,C&A MODAS S.A.,SII26,,061703,05461,1/10/2027,2702,01 - SEM 02 - 2027,(47) 3332-5004,0,,,0030,C&A MODAS,11/22/2026,117,6,1,573,,,0,0,0,0,0,2702,013,T59A - FIFTEEN MP,11,MASCULINO,N,N,SSNN,0,,B24,0,0,T06,TOP REGATA (TOP),,,21,10/01/2027,3,0,GASPAR,AVENIDA DEPUTADO FRANCISCO MASTELLA,3955,SETE DE SETEMBRO,,5,13/08/2026,11/22/2026,,1,,,2641,0,,0,00.577.158/0001-29,
077887,1,834,,,0,01 - SEM 02 - 2027,999,07/08,9 lcc,0,OP PRODUÇÃO,0,000,CLASSIFICAR MODELO/FAMILIA,,,0097,GERAL,PRD,PRD - FASE PRODUTO,,,Lib corte,,00/01/1900,00/01/1900,85,SEM LICENSA C&A,CONFECCOES ONEDA LTDA,01.18.00.7833A,TOP REGATA / 2026-2-8101,D7,MALOTES,N,CEYN,CEYN - FEIRA SUMMER II 2026 (PROD CS) INCLUSÃO NEGOCIADO,50,A DEFINIR,10,16,149,0,0,0,0,14/09/2026,9/21/2026,D3,MALOTES,83,,MALOTE,0,PC,LIBERADO PARA PRODUÇÂO,C&A MODAS S.A.,SII26,,061704,05461,10/01/2027,2702,01 - SEM 02 - 2027,(47) 3332-5004,0,,,0030,C&A MODAS,22/11/2026,117,6,1,149,,,0,0,0,0,0,2702,013,T59A - FIFTEEN MP,11,MASCULINO,N,N,SSNN,0,,B32,0,0,T06,TOP REGATA (TOP),,EST. FRENTE E COSTAS - 1 COR CADA,21,10/01/2027,3,0,GASPAR,AVENIDA DEPUTADO FRANCISCO MASTELLA,3955,SETE DE SETEMBRO,,5,13/08/2026,11/22/2026,,1,,,2641,0,,0,00.577.158/0001-29,
077887,1,834,,,0,01 - SEM 02 - 2027,999,07/08,9 lcc,0,OP PRODUÇÃO,0,000,CLASSIFICAR MODELO/FAMILIA,,,0097,GERAL,PRD,PRD - FASE PRODUTO,,,Lib corte,,00/01/1900,00/01/1900,85,SEM LICENSA C&A,CONFECCOES ONEDA LTDA,01.18.00.7833A,TOP REGATA / 2026-2-8101,D7,MALOTES,N,CEYN,CEYN - FEIRA SUMMER II 2026 (PROD CS) INCLUSÃO NEGOCIADO,50,A DEFINIR,12,17,448,0,0,0,0,14/09/2026,9/21/2026,D3,MALOTES,83,,MALOTE,0,PC,LIBERADO PARA PRODUÇÂO,C&A MODAS S.A.,SII26,,061704,05461,1/10/2027,2702,01 - SEM 02 - 2027,(47) 3332-5004,0,,,0030,C&A MODAS,11/22/2026,117,6,1,448,,,0,0,0,0,0,2702,013,T59A - FIFTEEN MP,11,MASCULINO,N,N,SSNN,0,,B32,0,0,T06,TOP REGATA (TOP),,EST. FRENTE E COSTAS - 1 COR CADA,21,10/01/2027,3,0,GASPAR,AVENIDA DEPUTADO FRANCISCO MASTELLA,3955,SETE DE SETEMBRO,,5,13/08/2026,11/22/2026,,1,,,2641,0,,0,00.577.158/0001-29,
077887,1,834,,,0,01 - SEM 02 - 2027,999,07/08,9 lcc,0,OP PRODUÇÃO,0,000,CLASSIFICAR MODELO/FAMILIA,,,0097,GERAL,PRD,PRD - FASE PRODUTO,,,Lib corte,,00/01/1900,00/01/1900,85,SEM LICENSA C&A,CONFECCOES ONEDA LTDA,01.18.00.7833A,TOP REGATA / 2026-2-8101,D7,MALOTES,N,CEYN,CEYN - FEIRA SUMMER II 2026 (PROD CS) INCLUSÃO NEGOCIADO,50,A DEFINIR,14,18,448,0,0,0,0,14/09/2026,9/21/2026,D3,MALOTES,83,,MALOTE,0,PC,LIBERADO PARA PRODUÇÂO,C&A MODAS S.A.,SII26,,061704,05461,1/10/2027,2702,01 - SEM 02 - 2027,(47) 3332-5004,0,,,0030,C&A MODAS,11/22/2026,117,6,1,448,,,0,0,0,0,0,2702,013,T59A - FIFTEEN MP,11,MASCULINO,N,N,SSNN,0,,B32,0,0,T06,TOP REGATA (TOP),,EST. FRENTE E COSTAS - 1 COR CADA,21,10/01/2027,3,0,GASPAR,AVENIDA DEPUTADO FRANCISCO MASTELLA,3955,SETE DE SETEMBRO,,5,13/08/2026,11/22/2026,,1,,,2641,0,,0,00.577.158/0001-29,
077887,1,834,,,0,01 - SEM 02 - 2027,999,07/08,9 lcc,0,OP PRODUÇÃO,0,000,CLASSIFICAR MODELO/FAMILIA,,,0097,GERAL,PRD,PRD - FASE PRODUTO,,,Lib corte,,00/01/1900,00/01/1900,85,SEM LICENSA C&A,CONFECCOES ONEDA LTDA,01.18.00.7833A,TOP REGATA / 2026-2-8101,D7,MALOTES,N,CEYN,CEYN - FEIRA SUMMER II 2026 (PROD CS) INCLUSÃO NEGOCIADO,50,A DEFINIR,16,19,299,0,0,0,0,14/09/2026,9/21/2026,D3,MALOTES,83,,MALOTE,0,PC,LIBERADO PARA PRODUÇÂO,C&A MODAS S.A.,SII26,,061704,05461,1/10/2027,2702,01 - SEM 02 - 2027,(47) 3332-5004,0,,,0030,C&A MODAS,11/22/2026,117,6,1,299,,,0,0,0,0,0,2702,013,T59A - FIFTEEN MP,11,MASCULINO,N,N,SSNN,0,,B32,0,0,T06,TOP REGATA (TOP),,EST. FRENTE E COSTAS - 1 COR CADA,21,10/01/2027,3,0,GASPAR,AVENIDA DEPUTADO FRANCISCO MASTELLA,3955,SETE DE SETEMBRO,,5,13/08/2026,11/22/2026,,1,,,2641,0,,0,00.577.158/0001-29,
077890,0,834,,,0,11 - SEM 46 - 2026,999,03/03,9 lcc,2,OP PROJEÇÃO,0,T200,TOP FEM MC BASICO,A,7 SEMANAS LEAD TIME DE PRODUÇÃO,0097,GERAL,PRD,PRD - FASE PRODUTO,,,Lib corte,,03/01/2027,00/01/1900,86,DISNEY C&A,CONFECCOES ONEDA LTDA,01.13.01.3220,TOP CURTO / 2026-2-2881,D7,MALOTES,N,CEAR,CEAR - FEIRA SUMMER II 2026 (PROD AS BS) REPEATS,000478,ROSA CLARO,1,10,120,0,0,0,0,03/09/2026,9/10/2026,D3,MALOTES,83,,MALOTE,0,PC,LIBERADO PARA PRODUÇÂO,C&A MODAS S.A.,92281,92281,061587,05461,10/11/2026,2646,11 - SEM 46 - 2026,(47) 3332-5004,0,,,0030,C&A MODAS,11/15/2026,26,-5,12,120,,,0,0,100,0,0,2646,005,T58A - BBA,30,SORTER,N,N,SSNN,"8,3078",,B20,0,0,T00,TOP CURTO (TOP),REFAZENDO PP SAMPLE - ALTERAÇÃO LICENCIADOR,10 cores,"14,5",11/10/2026,2,0,GASPAR,AVENIDA DEPUTADO FRANCISCO MASTELLA,3955,SETE DE SETEMBRO,,5,20/08/2026,11/15/2026,,1,,,,0,T14A,0,00.577.158/0001-29,
077890,0,834,,,0,11 - SEM 46 - 2026,999,03/03,9 lcc,2,OP PROJEÇÃO,0,T200,TOP FEM MC BASICO,A,7 SEMANAS LEAD TIME DE PRODUÇÃO,0097,GERAL,PRD,PRD - FASE PRODUTO,,,Lib corte,,03/01/2027,00/01/1900,86,DISNEY C&A,CONFECCOES ONEDA LTDA,01.13.01.3220,TOP CURTO / 2026-2-2881,D7,MALOTES,N,CEAR,CEAR - FEIRA SUMMER II 2026 (PROD AS BS) REPEATS,000478,ROSA CLARO,2,11,210,0,0,0,0,03/09/2026,9/10/2026,D3,MALOTES,83,,MALOTE,0,PC,LIBERADO PARA PRODUÇÂO,C&A MODAS S.A.,92281,92281,061587,05461,11/10/2026,2646,11 - SEM 46 - 2026,(47) 3332-5004,0,,,0030,C&A MODAS,15/11/2026,26,-5,12,210,,,0,0,100,0,0,2646,005,T58A - BBA,30,SORTER,N,N,SSNN,"8,3078",,B20,0,0,T00,TOP CURTO (TOP),REFAZENDO PP SAMPLE - ALTERAÇÃO LICENCIADOR,10 cores,"14,5",11/10/2026,2,0,GASPAR,AVENIDA DEPUTADO FRANCISCO MASTELLA,3955,SETE DE SETEMBRO,,5,20/08/2026,11/15/2026,,1,,,,0,T14A,0,00.577.158/0001-29,
077890,0,834,,,0,11 - SEM 46 - 2026,999,03/03,9 lcc,2,OP PROJEÇÃO,0,T200,TOP FEM MC BASICO,A,7 SEMANAS LEAD TIME DE PRODUÇÃO,0097,GERAL,PRD,PRD - FASE PRODUTO,,,Lib corte,,03/01/2027,00/01/1900,86,DISNEY C&A,CONFECCOES ONEDA LTDA,01.13.01.3220,TOP CURTO / 2026-2-2881,D7,MALOTES,N,CEAR,CEAR - FEIRA SUMMER II 2026 (PROD AS BS) REPEATS,000478,ROSA CLARO,3,12,238,0,0,0,0,03/09/2026,9/10/2026,D3,MALOTES,83,,MALOTE,0,PC,LIBERADO PARA PRODUÇÂO,C&A MODAS S.A.,92281,92281,061587,05461,11/10/2026,2646,11 - SEM 46 - 2026,(47) 3332-5004,0,,,0030,C&A MODAS,15/11/2026,26,-5,12,238,,,0,0,100,0,0,2646,005,T58A - BBA,30,SORTER,N,N,SSNN,"8,3078",,B20,0,0,T00,TOP CURTO (TOP),REFAZENDO PP SAMPLE - ALTERAÇÃO LICENCIADOR,10 cores,"14,5",11/10/2026,2,0,GASPAR,AVENIDA DEPUTADO FRANCISCO MASTELLA,3955,SETE DE SETEMBRO,,5,20/08/2026,11/15/2026,,1,,,,0,T14A,0,00.577.158/0001-29,
077890,0,834,,,0,11 - SEM 46 - 2026,999,03/03,9 lcc,2,OP PROJEÇÃO,0,T200,TOP FEM MC BASICO,A,7 SEMANAS LEAD TIME DE PRODUÇÃO,0097,GERAL,PRD,PRD - FASE PRODUTO,,,Lib corte,,03/01/2027,00/01/1900,86,DISNEY C&A,CONFECCOES ONEDA LTDA,01.13.01.3220,TOP CURTO / 2026-2-2881,D7,MALOTES,N,CEAR,CEAR - FEIRA SUMMER II 2026 (PROD AS BS) REPEATS,000478,ROSA CLARO,4,13,238,0,0,0,0,03/09/2026,9/10/2026,D3,MALOTES,83,,MALOTE,0,PC,LIBERADO PARA PRODUÇÂO,C&A MODAS S.A.,92281,92281,061587,05461,11/10/2026,2646,11 - SEM 46 - 2026,(47) 3332-5004,0,,,0030,C&A MODAS,15/11/2026,26,-5,12,238,,,0,0,100,0,0,2646,005,T58A - BBA,30,SORTER,N,N,SSNN,"8,3078",,B20,0,0,T00,TOP CURTO (TOP),REFAZENDO PP SAMPLE - ALTERAÇÃO LICENCIADOR,10 cores,"14,5",11/10/2026,2,0,GASPAR,AVENIDA DEPUTADO FRANCISCO MASTELLA,3955,SETE DE SETEMBRO,,5,20/08/2026,11/15/2026,,1,,,,0,T14A,0,00.577.158/0001-29,
077890,0,834,,,0,11 - SEM 46 - 2026,999,03/03,9 lcc,2,OP PROJEÇÃO,0,T200,TOP FEM MC BASICO,A,7 SEMANAS LEAD TIME DE PRODUÇÃO,0097,GERAL,PRD,PRD - FASE PRODUTO,,,Lib corte,,03/01/2027,00/01/1900,86,DISNEY C&A,CONFECCOES ONEDA LTDA,01.13.01.3220,TOP CURTO / 2026-2-2881,D7,MALOTES,N,CEAR,CEAR - FEIRA SUMMER II 2026 (PROD AS BS) REPEATS,000478,ROSA CLARO,5,58,224,0,0,0,0,03/09/2026,9/10/2026,D3,MALOTES,83,,MALOTE,0,PC,LIBERADO PARA PRODUÇÂO,C&A MODAS S.A.,92281,92281,061587,05461,11/10/2026,2646,11 - SEM 46 - 2026,(47) 3332-5004,0,,,0030,C&A MODAS,15/11/2026,26,-5,12,224,,,0,0,100,0,0,2646,005,T58A - BBA,30,SORTER,N,N,SSNN,"8,3078",,B20,0,0,T00,TOP CURTO (TOP),REFAZENDO PP SAMPLE - ALTERAÇÃO LICENCIADOR,10 cores,"14,5",11/10/2026,2,0,GASPAR,AVENIDA DEPUTADO FRANCISCO MASTELLA,3955,SETE DE SETEMBRO,,5,20/08/2026,11/15/2026,,1,,,,0,T14A,0,00.577.158/0001-29,
077913,1,834,,,0,11 - SEM 47 - 2026,999,10/06,9 lcc,0,OP PRODUÇÃO,0,000,CLASSIFICAR MODELO/FAMILIA,,,0097,GERAL,PRD,PRD - FASE PRODUTO,,,Lib corte,,00/01/1900,00/01/1900,85,SEM LICENSA C&A,CONFECCOES ONEDA LTDA,01.12.00.7097,CONJUNTO CURTO \ 2024-2-7311,D7,MALOTES,N,CECR,CECR - FEIRA SUMMER II 2026 (PROD CS) REPEATS,130000,AREIA,3-6,32,1374,0,0,0,0,27/08/2026,9/3/2026,D3,MALOTES,83,,MALOTE,0,PC,LIBERADO PARA PRODUÇÂO,C&A MODAS S.A.,91848,91848,061577,05461,22/11/2026,2647,11 - SEM 47 - 2026,(47) 3332-5004,0,,,0030,C&A MODAS,08/11/2026,68,-12,19,1374,,,0,0,100,0,0,2647,81,T51C - RN,19,CABIDE-DORSAL,N,N,SSNN,0,utilizar rib do estoque,Y27,0,0,C00,CONJUNTO CURTO (TOP/BOTTON),"17049-3-------------- LANCASTER - Rot/TC/1C/PIG/($6,72+2,16ram)+(2,16+preç ting)",,"35,65",22/11/2026,3,0,GASPAR,AVENIDA DEPUTADO FRANCISCO MASTELLA,3955,SETE DE SETEMBRO,,5,17/08/2026,11/8/2026,,1,,,2641,0,(C),0,00.577.158/0001-29,
077913,1,834,,,0,11 - SEM 47 - 2026,999,10/06,9 lcc,0,OP PRODUÇÃO,0,000,CLASSIFICAR MODELO/FAMILIA,,,0097,GERAL,PRD,PRD - FASE PRODUTO,,,Lib corte,,00/01/1900,00/01/1900,85,SEM LICENSA C&A,CONFECCOES ONEDA LTDA,01.12.00.7097,CONJUNTO CURTO \ 2024-2-7311,D7,MALOTES,N,CECR,CECR - FEIRA SUMMER II 2026 (PROD CS) REPEATS,130000,AREIA,6-9,33,1374,0,0,0,0,27/08/2026,9/3/2026,D3,MALOTES,83,,MALOTE,0,PC,LIBERADO PARA PRODUÇÂO,C&A MODAS S.A.,91848,91848,061577,05461,22/11/2026,2647,11 - SEM 47 - 2026,(47) 3332-5004,0,,,0030,C&A MODAS,08/11/2026,68,-12,19,1374,,,0,0,100,0,0,2647,81,T51C - RN,19,CABIDE-DORSAL,N,N,SSNN,0,utilizar rib do estoque,Y27,0,0,C00,CONJUNTO CURTO (TOP/BOTTON),"17049-3-------------- LANCASTER - Rot/TC/1C/PIG/($6,72+2,16ram)+(2,16+preç ting)",,"35,65",22/11/2026,3,0,GASPAR,AVENIDA DEPUTADO FRANCISCO MASTELLA,3955,SETE DE SETEMBRO,,5,17/08/2026,11/8/2026,,1,,,2641,0,(C),0,00.577.158/0001-29,
077913,1,834,,,0,11 - SEM 47 - 2026,999,10/06,9 lcc,0,OP PRODUÇÃO,0,000,CLASSIFICAR MODELO/FAMILIA,,,0097,GERAL,PRD,PRD - FASE PRODUTO,,,Lib corte,,00/01/1900,00/01/1900,85,SEM LICENSA C&A,CONFECCOES ONEDA LTDA,01.12.00.7097,CONJUNTO CURTO \ 2024-2-7311,D7,MALOTES,N,CECR,CECR - FEIRA SUMMER II 2026 (PROD CS) REPEATS,130000,AREIA,9-12,34,1374,0,0,0,0,27/08/2026,9/3/2026,D3,MALOTES,83,,MALOTE,0,PC,LIBERADO PARA PRODUÇÂO,C&A MODAS S.A.,91848,91848,061577,05461,22/11/2026,2647,11 - SEM 47 - 2026,(47) 3332-5004,0,,,0030,C&A MODAS,08/11/2026,68,-12,19,1374,,,0,0,100,0,0,2647,81,T51C - RN,19,CABIDE-DORSAL,N,N,SSNN,0,utilizar rib do estoque,Y27,0,0,C00,CONJUNTO CURTO (TOP/BOTTON),"17049-3-------------- LANCASTER - Rot/TC/1C/PIG/($6,72+2,16ram)+(2,16+preç ting)",,"35,65",22/11/2026,3,0,GASPAR,AVENIDA DEPUTADO FRANCISCO MASTELLA,3955,SETE DE SETEMBRO,,5,17/08/2026,11/8/2026,,1,,,2641,0,(C),0,00.577.158/0001-29,
077913,1,834,,,0,11 - SEM 47 - 2026,999,10/06,9 lcc,0,OP PRODUÇÃO,0,000,CLASSIFICAR MODELO/FAMILIA,,,0097,GERAL,PRD,PRD - FASE PRODUTO,,,Lib corte,,00/01/1900,00/01/1900,85,SEM LICENSA C&A,CONFECCOES ONEDA LTDA,01.12.00.7097,CONJUNTO CURTO \ 2024-2-7311,D7,MALOTES,N,CECR,CECR - FEIRA SUMMER II 2026 (PROD CS) REPEATS,130000,AREIA,1218,35,1374,0,0,0,0,27/08/2026,9/3/2026,D3,MALOTES,83,,MALOTE,0,PC,LIBERADO PARA PRODUÇÂO,C&A MODAS S.A.,91848,91848,061577,05461,22/11/2026,2647,11 - SEM 47 - 2026,(47) 3332-5004,0,,,0030,C&A MODAS,08/11/2026,68,-12,19,1374,,,0,0,100,0,0,2647,81,T51C - RN,19,CABIDE-DORSAL,N,N,SSNN,0,utilizar rib do estoque,Y27,0,0,C00,CONJUNTO CURTO (TOP/BOTTON),"17049-3-------------- LANCASTER - Rot/TC/1C/PIG/($6,72+2,16ram)+(2,16+preç ting)",,"35,65",22/11/2026,3,0,GASPAR,AVENIDA DEPUTADO FRANCISCO MASTELLA,3955,SETE DE SETEMBRO,,5,17/08/2026,11/8/2026,,1,,,2641,0,(C),0,00.577.158/0001-29,
077913,1,834,,,0,11 - SEM 47 - 2026,999,10/06,9 lcc,0,OP PRODUÇÃO,0,000,CLASSIFICAR MODELO/FAMILIA,,,0097,GERAL,PRD,PRD - FASE PRODUTO,,,Lib corte,,00/01/1900,00/01/1900,85,SEM LICENSA C&A,CONFECCOES ONEDA LTDA,01.12.00.7097,CONJUNTO CURTO \ 2024-2-7311,D7,MALOTES,N,CECR,CECR - FEIRA SUMMER II 2026 (PROD CS) REPEATS,130000,AREIA,1824,36,687,0,0,0,0,27/08/2026,9/3/2026,D3,MALOTES,83,,MALOTE,0,PC,LIBERADO PARA PRODUÇÂO,C&A MODAS S.A.,91848,91848,061577,05461,22/11/2026,2647,11 - SEM 47 - 2026,(47) 3332-5004,0,,,0030,C&A MODAS,08/11/2026,68,-12,19,687,,,0,0,100,0,0,2647,81,T51C - RN,19,CABIDE-DORSAL,N,N,SSNN,0,utilizar rib do estoque,Y27,0,0,C00,CONJUNTO CURTO (TOP/BOTTON),"17049-3-------------- LANCASTER - Rot/TC/1C/PIG/($6,72+2,16ram)+(2,16+preç ting)",,"35,65",22/11/2026,3,0,GASPAR,AVENIDA DEPUTADO FRANCISCO MASTELLA,3955,SETE DE SETEMBRO,,5,17/08/2026,11/8/2026,,1,,,2641,0,(C),0,00.577.158/0001-29,
077989,1,834,,,0,11 - SEM 46 - 2026,999,,9 lcc,2,OP PROJEÇÃO,0,000,CLASSIFICAR MODELO/FAMILIA,,,0097,GERAL,PRD,PRD - FASE PRODUTO,,,Lib corte,,02/05/2027,00/01/1900,86,DISNEY C&A,CONFECCOES ONEDA LTDA,01.14.01.3106A,TOP CURTO / 2025-2-3973,D7,MALOTES,N,CYAR,CYAR - C&A FEIRA WINTER II 2026 (AS E BS) - REPEATS INCLUSOS NEGOCIAÇÃO,1368,AZUL CLARO,1,10,104,0,0,0,0,14/09/2026,9/21/2026,D3,MALOTES,83,,MALOTE,0,PC,LIBERADO PARA PRODUÇÂO,C&A MODAS S.A.,104743,104743,061630,05461,15/11/2026,2646,11 - SEM 46 - 2026,(47) 3332-5004,0,,,0030,C&A MODAS,15/11/2026,61,6,1,104,,,0,0,100,0,0,2646,003,T52A - BBO,30,SORTER,N,N,SSNN,"8,2811",,A18 (ASQ4),0,0,T00,TOP CURTO (TOP),,15/04 - 5 cores,"12,38",15/11/2026,2,0,GASPAR,AVENIDA DEPUTADO FRANCISCO MASTELLA,3955,SETE DE SETEMBRO,,5,24/08/2026,11/15/2026,,1,,,2642,0,,0,00.577.158/0001-29,
077989,1,834,,,0,11 - SEM 46 - 2026,999,,9 lcc,2,OP PROJEÇÃO,0,000,CLASSIFICAR MODELO/FAMILIA,,,0097,GERAL,PRD,PRD - FASE PRODUTO,,,Lib corte,,02/05/2027,00/01/1900,86,DISNEY C&A,CONFECCOES ONEDA LTDA,01.14.01.3106A,TOP CURTO / 2025-2-3973,D7,MALOTES,N,CYAR,CYAR - C&A FEIRA WINTER II 2026 (AS E BS) - REPEATS INCLUSOS NEGOCIAÇÃO,1368,AZUL CLARO,2,11,206,0,0,0,0,14/09/2026,9/21/2026,D3,MALOTES,83,,MALOTE,0,PC,LIBERADO PARA PRODUÇÂO,C&A MODAS S.A.,104743,104743,061630,05461,15/11/2026,2646,11 - SEM 46 - 2026,(47) 3332-5004,0,,,0030,C&A MODAS,15/11/2026,61,6,1,206,,,0,0,100,0,0,2646,003,T52A - BBO,30,SORTER,N,N,SSNN,"8,2811",,A18 (ASQ4),0,0,T00,TOP CURTO (TOP),,15/04 - 5 cores,"12,38",15/11/2026,2,0,GASPAR,AVENIDA DEPUTADO FRANCISCO MASTELLA,3955,SETE DE SETEMBRO,,5,24/08/2026,11/15/2026,,1,,,2642,0,,0,00.577.158/0001-29,
077989,1,834,,,0,11 - SEM 46 - 2026,999,,9 lcc,2,OP PROJEÇÃO,0,000,CLASSIFICAR MODELO/FAMILIA,,,0097,GERAL,PRD,PRD - FASE PRODUTO,,,Lib corte,,02/05/2027,00/01/1900,86,DISNEY C&A,CONFECCOES ONEDA LTDA,01.14.01.3106A,TOP CURTO / 2025-2-3973,D7,MALOTES,N,CYAR,CYAR - C&A FEIRA WINTER II 2026 (AS E BS) - REPEATS INCLUSOS NEGOCIAÇÃO,1368,AZUL CLARO,3,12,310,0,0,0,0,14/09/2026,9/21/2026,D3,MALOTES,83,,MALOTE,0,PC,LIBERADO PARA PRODUÇÂO,C&A MODAS S.A.,104743,104743,061630,05461,15/11/2026,2646,11 - SEM 46 - 2026,(47) 3332-5004,0,,,0030,C&A MODAS,15/11/2026,61,6,1,310,,,0,0,100,0,0,2646,003,T52A - BBO,30,SORTER,N,N,SSNN,"8,2811",,A18 (ASQ4),0,0,T00,TOP CURTO (TOP),,15/04 - 5 cores,"12,38",15/11/2026,2,0,GASPAR,AVENIDA DEPUTADO FRANCISCO MASTELLA,3955,SETE DE SETEMBRO,,5,24/08/2026,11/15/2026,,1,,,2642,0,,0,00.577.158/0001-29,
077989,1,834,,,0,11 - SEM 46 - 2026,999,,9 lcc,2,OP PROJEÇÃO,0,000,CLASSIFICAR MODELO/FAMILIA,,,0097,GERAL,PRD,PRD - FASE PRODUTO,,,Lib corte,,02/05/2027,00/01/1900,86,DISNEY C&A,CONFECCOES ONEDA LTDA,01.14.01.3106A,TOP CURTO / 2025-2-3973,D7,MALOTES,N,CYAR,CYAR - C&A FEIRA WINTER II 2026 (AS E BS) - REPEATS INCLUSOS NEGOCIAÇÃO,1368,AZUL CLARO,4,13,206,0,0,0,0,14/09/2026,9/21/2026,D3,MALOTES,83,,MALOTE,0,PC,LIBERADO PARA PRODUÇÂO,C&A MODAS S.A.,104743,104743,061630,05461,15/11/2026,2646,11 - SEM 46 - 2026,(47) 3332-5004,0,,,0030,C&A MODAS,15/11/2026,61,6,1,206,,,0,0,100,0,0,2646,003,T52A - BBO,30,SORTER,N,N,SSNN,"8,2811",,A18 (ASQ4),0,0,T00,TOP CURTO (TOP),,15/04 - 5 cores,"12,38",15/11/2026,2,0,GASPAR,AVENIDA DEPUTADO FRANCISCO MASTELLA,3955,SETE DE SETEMBRO,,5,24/08/2026,11/15/2026,,1,,,2642,0,,0,00.577.158/0001-29,
077989,1,834,,,0,11 - SEM 46 - 2026,999,,9 lcc,2,OP PROJEÇÃO,0,000,CLASSIFICAR MODELO/FAMILIA,,,0097,GERAL,PRD,PRD - FASE PRODUTO,,,Lib corte,,02/05/2027,00/01/1900,86,DISNEY C&A,CONFECCOES ONEDA LTDA,01.14.01.3106A,TOP CURTO / 2025-2-3973,D7,MALOTES,N,CYAR,CYAR - C&A FEIRA WINTER II 2026 (AS E BS) - REPEATS INCLUSOS NEGOCIAÇÃO,1368,AZUL CLARO,5,58,206,0,0,0,0,14/09/2026,9/21/2026,D3,MALOTES,83,,MALOTE,0,PC,LIBERADO PARA PRODUÇÂO,C&A MODAS S.A.,104743,104743,061630,05461,15/11/2026,2646,11 - SEM 46 - 2026,(47) 3332-5004,0,,,0030,C&A MODAS,15/11/2026,61,6,1,206,,,0,0,100,0,0,2646,003,T52A - BBO,30,SORTER,N,N,SSNN,"8,2811",,A18 (ASQ4),0,0,T00,TOP CURTO (TOP),,15/04 - 5 cores,"12,38",15/11/2026,2,0,GASPAR,AVENIDA DEPUTADO FRANCISCO MASTELLA,3955,SETE DE SETEMBRO,,5,24/08/2026,11/15/2026,,1,,,2642,0,,0,00.577.158/0001-29,
077998,1,834,,,0,11 - SEM 45 - 2026,999,08/07,9 lcc,0,OP PRODUÇÃO,0,000,CLASSIFICAR MODELO/FAMILIA,,,0097,GERAL,PRD,PRD - FASE PRODUTO,,,Lib corte,,00/01/1900,00/01/1900,145,NARUTO-DRAGONBALL,CONFECCOES ONEDA LTDA,01.16.36.0654,TOP CURTO / 2026-2-11097,D7,MALOTES,N,CEI,CEI - FEIRA SUMMER II 2026 (PROD AS BS) INCLUSÃO,000731,MARROM CLARO,4,13,196,0,0,0,0,08/09/2026,9/15/2026,D3,MALOTES,83,FALTA MALOTE COSTURA,MALOTE,0,PC,LIBERADO PARA PRODUÇÂO,C&A MODAS S.A.,108567,108567,062036,05461,08/11/2026,2645,11 - SEM 45 - 2026,(47) 3332-5004,0,,,0030,C&A MODAS,25/10/2026,54,0,7,196,,,0,0,0,0,0,2645,001,T54A - LICENSE MASC.,30,SORTER,N,N,SSNN,0,,B28,0,0,T00,TOP CURTO (TOP),,,"18,5",08/11/2026,2,0,GASPAR,AVENIDA DEPUTADO FRANCISCO MASTELLA,3955,SETE DE SETEMBRO,,5,24/08/2026,10/25/2026,,1,,,2642,0,,0,00.577.158/0001-29,
077998,1,834,,,0,11 - SEM 45 - 2026,999,08/07,9 lcc,0,OP PRODUÇÃO,0,000,CLASSIFICAR MODELO/FAMILIA,,,0097,GERAL,PRD,PRD - FASE PRODUTO,,,Lib corte,,00/01/1900,00/01/1900,145,NARUTO-DRAGONBALL,CONFECCOES ONEDA LTDA,01.16.36.0654,TOP CURTO / 2026-2-11097,D7,MALOTES,N,CEI,CEI - FEIRA SUMMER II 2026 (PROD AS BS) INCLUSÃO,000731,MARROM CLARO,6,14,196,0,0,0,0,08/09/2026,9/15/2026,D3,MALOTES,83,FALTA MALOTE COSTURA,MALOTE,0,PC,LIBERADO PARA PRODUÇÂO,C&A MODAS S.A.,108567,108567,062036,05461,08/11/2026,2645,11 - SEM 45 - 2026,(47) 3332-5004,0,,,0030,C&A MODAS,25/10/2026,54,0,7,196,,,0,0,0,0,0,2645,001,T54A - LICENSE MASC.,30,SORTER,N,N,SSNN,0,,B28,0,0,T00,TOP CURTO (TOP),,,"18,5",08/11/2026,2,0,GASPAR,AVENIDA DEPUTADO FRANCISCO MASTELLA,3955,SETE DE SETEMBRO,,5,24/08/2026,10/25/2026,,1,,,2642,0,,0,00.577.158/0001-29,
077998,1,834,,,0,11 - SEM 45 - 2026,999,08/07,9 lcc,0,OP PRODUÇÃO,0,000,CLASSIFICAR MODELO/FAMILIA,,,0097,GERAL,PRD,PRD - FASE PRODUTO,,,Lib corte,,00/01/1900,00/01/1900,145,NARUTO-DRAGONBALL,CONFECCOES ONEDA LTDA,01.16.36.0654,TOP CURTO / 2026-2-11097,D7,MALOTES,N,CEI,CEI - FEIRA SUMMER II 2026 (PROD AS BS) INCLUSÃO,000731,MARROM CLARO,8,15,608,0,0,0,0,08/09/2026,9/15/2026,D3,MALOTES,83,FALTA MALOTE COSTURA,MALOTE,0,PC,LIBERADO PARA PRODUÇÂO,C&A MODAS S.A.,108567,108567,062036,05461,08/11/2026,2645,11 - SEM 45 - 2026,(47) 3332-5004,0,,,0030,C&A MODAS,25/10/2026,54,0,7,608,,,0,0,0,0,0,2645,001,T54A - LICENSE MASC.,30,SORTER,N,N,SSNN,0,,B28,0,0,T00,TOP CURTO (TOP),,,"18,5",08/11/2026,2,0,GASPAR,AVENIDA DEPUTADO FRANCISCO MASTELLA,3955,SETE DE SETEMBRO,,5,24/08/2026,10/25/2026,,1,,,2642,0,,0,00.577.158/0001-29,
077998,1,834,,,0,11 - SEM 45 - 2026,999,08/07,9 lcc,0,OP PRODUÇÃO,0,000,CLASSIFICAR MODELO/FAMILIA,,,0097,GERAL,PRD,PRD - FASE PRODUTO,,,Lib corte,,00/01/1900,00/01/1900,145,NARUTO-DRAGONBALL,CONFECCOES ONEDA LTDA,01.16.36.0654,TOP CURTO / 2026-2-11097,D7,MALOTES,N,CEI,CEI - FEIRA SUMMER II 2026 (PROD AS BS) INCLUSÃO,000731,MARROM CLARO,10,16,433,0,0,0,0,08/09/2026,9/15/2026,D3,MALOTES,83,FALTA MALOTE COSTURA,MALOTE,0,PC,LIBERADO PARA PRODUÇÂO,C&A MODAS S.A.,108567,108567,062036,05461,08/11/2026,2645,11 - SEM 45 - 2026,(47) 3332-5004,0,,,0030,C&A MODAS,25/10/2026,54,0,7,433,,,0,0,0,0,0,2645,001,T54A - LICENSE MASC.,30,SORTER,N,N,SSNN,0,,B28,0,0,T00,TOP CURTO (TOP),,,"18,5",08/11/2026,2,0,GASPAR,AVENIDA DEPUTADO FRANCISCO MASTELLA,3955,SETE DE SETEMBRO,,5,24/08/2026,10/25/2026,,1,,,2642,0,,0,00.577.158/0001-29,
077998,1,834,,,0,11 - SEM 45 - 2026,999,08/07,9 lcc,0,OP PRODUÇÃO,0,000,CLASSIFICAR MODELO/FAMILIA,,,0097,GERAL,PRD,PRD - FASE PRODUTO,,,Lib corte,,00/01/1900,00/01/1900,145,NARUTO-DRAGONBALL,CONFECCOES ONEDA LTDA,01.16.36.0654,TOP CURTO / 2026-2-11097,D7,MALOTES,N,CEI,CEI - FEIRA SUMMER II 2026 (PROD AS BS) INCLUSÃO,000731,MARROM CLARO,12,17,505,0,0,0,0,08/09/2026,9/15/2026,D3,MALOTES,83,FALTA MALOTE COSTURA,MALOTE,0,PC,LIBERADO PARA PRODUÇÂO,C&A MODAS S.A.,108567,108567,062036,05461,08/11/2026,2645,11 - SEM 45 - 2026,(47) 3332-5004,0,,,0030,C&A MODAS,25/10/2026,54,0,7,505,,,0,0,0,0,0,2645,001,T54A - LICENSE MASC.,30,SORTER,N,N,SSNN,0,,B28,0,0,T00,TOP CURTO (TOP),,,"18,5",08/11/2026,2,0,GASPAR,AVENIDA DEPUTADO FRANCISCO MASTELLA,3955,SETE DE SETEMBRO,,5,24/08/2026,10/25/2026,,1,,,2642,0,,0,00.577.158/0001-29,
077999,1,834,,,0,11 - SEM 47 - 2026,999,08/07,9 lcc,0,OP PRODUÇÃO,0,000,CLASSIFICAR MODELO/FAMILIA,,,0097,GERAL,PRD,PRD - FASE PRODUTO,,,Lib corte,,00/01/1900,00/01/1900,145,NARUTO-DRAGONBALL,CONFECCOES ONEDA LTDA,01.16.36.0654,TOP CURTO / 2026-2-11097,D7,MALOTES,N,CEI,CEI - FEIRA SUMMER II 2026 (PROD AS BS) INCLUSÃO,000731,MARROM CLARO,4,13,144,0,0,0,0,08/09/2026,9/15/2026,D3,MALOTES,83,FALTA MALOTE COSTURA,MALOTE,0,PC,LIBERADO PARA PRODUÇÂO,C&A MODAS S.A.,108630,108630,062037,05461,22/11/2026,2647,11 - SEM 47 - 2026,(47) 3332-5004,0,,,0030,C&A MODAS,01/11/2026,68,0,7,144,,,0,0,0,0,0,2647,001,T54A - LICENSE MASC.,30,SORTER,N,N,SSNN,0,,B28,0,0,T00,TOP CURTO (TOP),,,"18,5",22/11/2026,2,0,GASPAR,AVENIDA DEPUTADO FRANCISCO MASTELLA,3955,SETE DE SETEMBRO,,5,24/08/2026,11/1/2026,,1,,,2642,0,,0,00.577.158/0001-29,
077999,1,834,,,0,11 - SEM 47 - 2026,999,08/07,9 lcc,0,OP PRODUÇÃO,0,000,CLASSIFICAR MODELO/FAMILIA,,,0097,GERAL,PRD,PRD - FASE PRODUTO,,,Lib corte,,00/01/1900,00/01/1900,145,NARUTO-DRAGONBALL,CONFECCOES ONEDA LTDA,01.16.36.0654,TOP CURTO / 2026-2-11097,D7,MALOTES,N,CEI,CEI - FEIRA SUMMER II 2026 (PROD AS BS) INCLUSÃO,000731,MARROM CLARO,6,14,391,0,0,0,0,08/09/2026,9/15/2026,D3,MALOTES,83,FALTA MALOTE COSTURA,MALOTE,0,PC,LIBERADO PARA PRODUÇÂO,C&A MODAS S.A.,108630,108630,062037,05461,22/11/2026,2647,11 - SEM 47 - 2026,(47) 3332-5004,0,,,0030,C&A MODAS,01/11/2026,68,0,7,391,,,0,0,0,0,0,2647,001,T54A - LICENSE MASC.,30,SORTER,N,N,SSNN,0,,B28,0,0,T00,TOP CURTO (TOP),,,"18,5",22/11/2026,2,0,GASPAR,AVENIDA DEPUTADO FRANCISCO MASTELLA,3955,SETE DE SETEMBRO,,5,24/08/2026,11/1/2026,,1,,,2642,0,,0,00.577.158/0001-29,
077999,1,834,,,0,11 - SEM 47 - 2026,999,08/07,9 lcc,0,OP PRODUÇÃO,0,000,CLASSIFICAR MODELO/FAMILIA,,,0097,GERAL,PRD,PRD - FASE PRODUTO,,,Lib corte,,00/01/1900,00/01/1900,145,NARUTO-DRAGONBALL,CONFECCOES ONEDA LTDA,01.16.36.0654,TOP CURTO / 2026-2-11097,D7,MALOTES,N,CEI,CEI - FEIRA SUMMER II 2026 (PROD AS BS) INCLUSÃO,000731,MARROM CLARO,8,15,700,0,0,0,0,08/09/2026,9/15/2026,D3,MALOTES,83,FALTA MALOTE COSTURA,MALOTE,0,PC,LIBERADO PARA PRODUÇÂO,C&A MODAS S.A.,108630,108630,062037,05461,22/11/2026,2647,11 - SEM 47 - 2026,(47) 3332-5004,0,,,0030,C&A MODAS,01/11/2026,68,0,7,700,,,0,0,0,0,0,2647,001,T54A - LICENSE MASC.,30,SORTER,N,N,SSNN,0,,B28,0,0,T00,TOP CURTO (TOP),,,"18,5",22/11/2026,2,0,GASPAR,AVENIDA DEPUTADO FRANCISCO MASTELLA,3955,SETE DE SETEMBRO,,5,24/08/2026,11/1/2026,,1,,,2642,0,,0,00.577.158/0001-29,
077999,1,834,,,0,11 - SEM 47 - 2026,999,08/07,9 lcc,0,OP PRODUÇÃO,0,000,CLASSIFICAR MODELO/FAMILIA,,,0097,GERAL,PRD,PRD - FASE PRODUTO,,,Lib corte,,00/01/1900,00/01/1900,145,NARUTO-DRAGONBALL,CONFECCOES ONEDA LTDA,01.16.36.0654,TOP CURTO / 2026-2-11097,D7,MALOTES,N,CEI,CEI - FEIRA SUMMER II 2026 (PROD AS BS) INCLUSÃO,000731,MARROM CLARO,10,16,628,0,0,0,0,08/09/2026,9/15/2026,D3,MALOTES,83,FALTA MALOTE COSTURA,MALOTE,0,PC,LIBERADO PARA PRODUÇÂO,C&A MODAS S.A.,108630,108630,062037,05461,22/11/2026,2647,11 - SEM 47 - 2026,(47) 3332-5004,0,,,0030,C&A MODAS,01/11/2026,68,0,7,628,,,0,0,0,0,0,2647,001,T54A - LICENSE MASC.,30,SORTER,N,N,SSNN,0,,B28,0,0,T00,TOP CURTO (TOP),,,"18,5",22/11/2026,2,0,GASPAR,AVENIDA DEPUTADO FRANCISCO MASTELLA,3955,SETE DE SETEMBRO,,5,24/08/2026,11/1/2026,,1,,,2642,0,,0,00.577.158/0001-29,
077999,1,834,,,0,11 - SEM 47 - 2026,999,08/07,9 lcc,0,OP PRODUÇÃO,0,000,CLASSIFICAR MODELO/FAMILIA,,,0097,GERAL,PRD,PRD - FASE PRODUTO,,,Lib corte,,00/01/1900,00/01/1900,145,NARUTO-DRAGONBALL,CONFECCOES ONEDA LTDA,01.16.36.0654,TOP CURTO / 2026-2-11097,D7,MALOTES,N,CEI,CEI - FEIRA SUMMER II 2026 (PROD AS BS) INCLUSÃO,000731,MARROM CLARO,12,17,577,0,0,0,0,08/09/2026,9/15/2026,D3,MALOTES,83,FALTA MALOTE COSTURA,MALOTE,0,PC,LIBERADO PARA PRODUÇÂO,C&A MODAS S.A.,108630,108630,062037,05461,22/11/2026,2647,11 - SEM 47 - 2026,(47) 3332-5004,0,,,0030,C&A MODAS,01/11/2026,68,0,7,577,,,0,0,0,0,0,2647,001,T54A - LICENSE MASC.,30,SORTER,N,N,SSNN,0,,B28,0,0,T00,TOP CURTO (TOP),,,"18,5",22/11/2026,2,0,GASPAR,AVENIDA DEPUTADO FRANCISCO MASTELLA,3955,SETE DE SETEMBRO,,5,24/08/2026,11/1/2026,,1,,,2642,0,,0,00.577.158/0001-29,
078000,1,834,,,0,12 - SEM 49 - 2026,999,08/07,9 lcc,0,OP PRODUÇÃO,0,000,CLASSIFICAR MODELO/FAMILIA,,,0097,GERAL,PRD,PRD - FASE PRODUTO,,,Lib corte,,00/01/1900,00/01/1900,145,NARUTO-DRAGONBALL,CONFECCOES ONEDA LTDA,01.16.36.0654,TOP CURTO / 2026-2-11097,D7,MALOTES,N,CEI,CEI - FEIRA SUMMER II 2026 (PROD AS BS) INCLUSÃO,000731,MARROM CLARO,4,13,278,0,0,0,0,08/09/2026,9/15/2026,D3,MALOTES,83,FALTA MALOTE COSTURA,MALOTE,0,PC,LIBERADO PARA PRODUÇÂO,C&A MODAS S.A.,108634,108634,062038,05461,06/12/2026,2649,12 - SEM 49 - 2026,(47) 3332-5004,0,,,0030,C&A MODAS,22/11/2026,82,0,7,278,,,0,0,0,0,0,2649,001,T54A - LICENSE MASC.,30,SORTER,N,N,SSNN,0,,B28,0,0,T00,TOP CURTO (TOP),,,"18,5",06/12/2026,2,0,GASPAR,AVENIDA DEPUTADO FRANCISCO MASTELLA,3955,SETE DE SETEMBRO,,5,24/08/2026,11/22/2026,,1,,,2642,0,,0,00.577.158/0001-29,
078000,1,834,,,0,12 - SEM 49 - 2026,999,08/07,9 lcc,0,OP PRODUÇÃO,0,000,CLASSIFICAR MODELO/FAMILIA,,,0097,GERAL,PRD,PRD - FASE PRODUTO,,,Lib corte,,00/01/1900,00/01/1900,145,NARUTO-DRAGONBALL,CONFECCOES ONEDA LTDA,01.16.36.0654,TOP CURTO / 2026-2-11097,D7,MALOTES,N,CEI,CEI - FEIRA SUMMER II 2026 (PROD AS BS) INCLUSÃO,000731,MARROM CLARO,6,14,618,0,0,0,0,08/09/2026,9/15/2026,D3,MALOTES,83,FALTA MALOTE COSTURA,MALOTE,0,PC,LIBERADO PARA PRODUÇÂO,C&A MODAS S.A.,108634,108634,062038,05461,06/12/2026,2649,12 - SEM 49 - 2026,(47) 3332-5004,0,,,0030,C&A MODAS,22/11/2026,82,0,7,618,,,0,0,0,0,0,2649,001,T54A - LICENSE MASC.,30,SORTER,N,N,SSNN,0,,B28,0,0,T00,TOP CURTO (TOP),,,"18,5",06/12/2026,2,0,GASPAR,AVENIDA DEPUTADO FRANCISCO MASTELLA,3955,SETE DE SETEMBRO,,5,24/08/2026,11/22/2026,,1,,,2642,0,,0,00.577.158/0001-29,
078000,1,834,,,0,12 - SEM 49 - 2026,999,08/07,9 lcc,0,OP PRODUÇÃO,0,000,CLASSIFICAR MODELO/FAMILIA,,,0097,GERAL,PRD,PRD - FASE PRODUTO,,,Lib corte,,00/01/1900,00/01/1900,145,NARUTO-DRAGONBALL,CONFECCOES ONEDA LTDA,01.16.36.0654,TOP CURTO / 2026-2-11097,D7,MALOTES,N,CEI,CEI - FEIRA SUMMER II 2026 (PROD AS BS) INCLUSÃO,000731,MARROM CLARO,8,15,1123,0,0,0,0,08/09/2026,9/15/2026,D3,MALOTES,83,FALTA MALOTE COSTURA,MALOTE,0,PC,LIBERADO PARA PRODUÇÂO,C&A MODAS S.A.,108634,108634,062038,05461,06/12/2026,2649,12 - SEM 49 - 2026,(47) 3332-5004,0,,,0030,C&A MODAS,22/11/2026,82,0,7,1123,,,0,0,0,0,0,2649,001,T54A - LICENSE MASC.,30,SORTER,N,N,SSNN,0,,B28,0,0,T00,TOP CURTO (TOP),,,"18,5",06/12/2026,2,0,GASPAR,AVENIDA DEPUTADO FRANCISCO MASTELLA,3955,SETE DE SETEMBRO,,5,24/08/2026,11/22/2026,,1,,,2642,0,,0,00.577.158/0001-29,
078000,1,834,,,0,12 - SEM 49 - 2026,999,08/07,9 lcc,0,OP PRODUÇÃO,0,000,CLASSIFICAR MODELO/FAMILIA,,,0097,GERAL,PRD,PRD - FASE PRODUTO,,,Lib corte,,00/01/1900,00/01/1900,145,NARUTO-DRAGONBALL,CONFECCOES ONEDA LTDA,01.16.36.0654,TOP CURTO / 2026-2-11097,D7,MALOTES,N,CEI,CEI - FEIRA SUMMER II 2026 (PROD AS BS) INCLUSÃO,000731,MARROM CLARO,10,16,1040,0,0,0,0,08/09/2026,9/15/2026,D3,MALOTES,83,FALTA MALOTE COSTURA,MALOTE,0,PC,LIBERADO PARA PRODUÇÂO,C&A MODAS S.A.,108634,108634,062038,05461,06/12/2026,2649,12 - SEM 49 - 2026,(47) 3332-5004,0,,,0030,C&A MODAS,22/11/2026,82,0,7,1040,,,0,0,0,0,0,2649,001,T54A - LICENSE MASC.,30,SORTER,N,N,SSNN,0,,B28,0,0,T00,TOP CURTO (TOP),,,"18,5",06/12/2026,2,0,GASPAR,AVENIDA DEPUTADO FRANCISCO MASTELLA,3955,SETE DE SETEMBRO,,5,24/08/2026,11/22/2026,,1,,,2642,0,,0,00.577.158/0001-29,
078000,1,834,,,0,12 - SEM 49 - 2026,999,08/07,9 lcc,0,OP PRODUÇÃO,0,000,CLASSIFICAR MODELO/FAMILIA,,,0097,GERAL,PRD,PRD - FASE PRODUTO,,,Lib corte,,00/01/1900,00/01/1900,145,NARUTO-DRAGONBALL,CONFECCOES ONEDA LTDA,01.16.36.0654,TOP CURTO / 2026-2-11097,D7,MALOTES,N,CEI,CEI - FEIRA SUMMER II 2026 (PROD AS BS) INCLUSÃO,000731,MARROM CLARO,12,17,937,0,0,0,0,08/09/2026,9/15/2026,D3,MALOTES,83,FALTA MALOTE COSTURA,MALOTE,0,PC,LIBERADO PARA PRODUÇÂO,C&A MODAS S.A.,108634,108634,062038,05461,06/12/2026,2649,12 - SEM 49 - 2026,(47) 3332-5004,0,,,0030,C&A MODAS,22/11/2026,82,0,7,937,,,0,0,0,0,0,2649,001,T54A - LICENSE MASC.,30,SORTER,N,N,SSNN,0,,B28,0,0,T00,TOP CURTO (TOP),,,"18,5",06/12/2026,2,0,GASPAR,AVENIDA DEPUTADO FRANCISCO MASTELLA,3955,SETE DE SETEMBRO,,5,24/08/2026,11/22/2026,,1,,,2642,0,,0,00.577.158/0001-29,
078014,1,834,,,0,11 - SEM 45 - 2026,999,07/08,9 lcc,0,OP PRODUÇÃO,0,000,CLASSIFICAR MODELO/FAMILIA,,,0097,GERAL,PRD,PRD - FASE PRODUTO,,,Lib corte,,00/01/1900,00/01/1900,149,SEM LICENÇA HERING,CONFECCOES ONEDA LTDA,13.13.00.0622C,CALÇA,D7,MALOTES,N,HXO,HXO - COLEÇÂO OUTONO 2027 - HERING,2Q,2Q,1,10,174,0,0,0,0,14/09/2026,9/21/2026,D3,MALOTES,83,,MALOTE,0,PC,LIBERADO PARA PRODUÇÂO,CIA. HERING,4507405484,4507405484,062019,05729,29/11/2026,2648,11 - SEM 48 - 2026,(47) 3332-5004,0,,,0103,GRUPO SOMA,29/11/2026,75,6,1,174,,,0,0,100,0,0,2645,H04,T58 - HERING BBA,05,CAIXA - LR,N,N,SSNN,0,,B32,0,0,B01,CALÇA (BOTTON),"Rot LANCASTER - 32565-21------3 cores PIG R$ 21, processo completo",,"17,4",29/11/2026,0,0,GASPAR,AVENIDA DEPUTADO FRANCISCO MASTELLA,3955,SETE DE SETEMBRO,,5,25/08/2026,11/29/2026,,1,,,2642,0,,0,00.577.158/0001-29,
078014,1,834,,,0,11 - SEM 45 - 2026,999,07/08,9 lcc,0,OP PRODUÇÃO,0,000,CLASSIFICAR MODELO/FAMILIA,,,0097,GERAL,PRD,PRD - FASE PRODUTO,,,Lib corte,,00/01/1900,00/01/1900,149,SEM LICENÇA HERING,CONFECCOES ONEDA LTDA,13.13.00.0622C,CALÇA,D7,MALOTES,N,HXO,HXO - COLEÇÂO OUTONO 2027 - HERING,2Q,2Q,2,11,256,0,0,0,0,14/09/2026,9/21/2026,D3,MALOTES,83,,MALOTE,0,PC,LIBERADO PARA PRODUÇÂO,CIA. HERING,4507405484,4507405484,062019,05729,29/11/2026,2648,11 - SEM 48 - 2026,(47) 3332-5004,0,,,0103,GRUPO SOMA,29/11/2026,75,6,1,256,,,0,0,100,0,0,2645,H04,T58 - HERING BBA,05,CAIXA - LR,N,N,SSNN,0,,B32,0,0,B01,CALÇA (BOTTON),"Rot LANCASTER - 32565-21------3 cores PIG R$ 21, processo completo",,"17,4",29/11/2026,0,0,GASPAR,AVENIDA DEPUTADO FRANCISCO MASTELLA,3955,SETE DE SETEMBRO,,5,25/08/2026,11/29/2026,,1,,,2642,0,,0,00.577.158/0001-29,
078014,1,834,,,0,11 - SEM 45 - 2026,999,07/08,9 lcc,0,OP PRODUÇÃO,0,000,CLASSIFICAR MODELO/FAMILIA,,,0097,GERAL,PRD,PRD - FASE PRODUTO,,,Lib corte,,00/01/1900,00/01/1900,149,SEM LICENÇA HERING,CONFECCOES ONEDA LTDA,13.13.00.0622C,CALÇA,D7,MALOTES,N,HXO,HXO - COLEÇÂO OUTONO 2027 - HERING,2Q,2Q,3,12,193,0,0,0,0,14/09/2026,9/21/2026,D3,MALOTES,83,,MALOTE,0,PC,LIBERADO PARA PRODUÇÂO,CIA. HERING,4507405484,4507405484,062019,05729,29/11/2026,2648,11 - SEM 48 - 2026,(47) 3332-5004,0,,,0103,GRUPO SOMA,29/11/2026,75,6,1,193,,,0,0,100,0,0,2645,H04,T58 - HERING BBA,05,CAIXA - LR,N,N,SSNN,0,,B32,0,0,B01,CALÇA (BOTTON),"Rot LANCASTER - 32565-21------3 cores PIG R$ 21, processo completo",,"17,4",29/11/2026,0,0,GASPAR,AVENIDA DEPUTADO FRANCISCO MASTELLA,3955,SETE DE SETEMBRO,,5,25/08/2026,11/29/2026,,1,,,2642,0,,0,00.577.158/0001-29,
078014,1,834,,,0,11 - SEM 45 - 2026,999,07/08,9 lcc,0,OP PRODUÇÃO,0,000,CLASSIFICAR MODELO/FAMILIA,,,0097,GERAL,PRD,PRD - FASE PRODUTO,,,Lib corte,,00/01/1900,00/01/1900,149,SEM LICENÇA HERING,CONFECCOES ONEDA LTDA,13.13.00.0622C,CALÇA,D7,MALOTES,N,HXO,HXO - COLEÇÂO OUTONO 2027 - HERING,2Q,2Q,4,13,278,0,0,0,0,14/09/2026,9/21/2026,D3,MALOTES,83,,MALOTE,0,PC,LIBERADO PARA PRODUÇÂO,CIA. HERING,4507405484,4507405484,062019,05729,29/11/2026,2648,11 - SEM 48 - 2026,(47) 3332-5004,0,,,0103,GRUPO SOMA,29/11/2026,75,6,1,278,,,0,0,100,0,0,2645,H04,T58 - HERING BBA,05,CAIXA - LR,N,N,SSNN,0,,B32,0,0,B01,CALÇA (BOTTON),"Rot LANCASTER - 32565-21------3 cores PIG R$ 21, processo completo",,"17,4",29/11/2026,0,0,GASPAR,AVENIDA DEPUTADO FRANCISCO MASTELLA,3955,SETE DE SETEMBRO,,5,25/08/2026,11/29/2026,,1,,,2642,0,,0,00.577.158/0001-29,
078015,1,834,,,0,11 - SEM 46 - 2026,999,20/07,9 lcc,0,OP PRODUÇÃO,0,000,CLASSIFICAR MODELO/FAMILIA,,,0097,GERAL,PRD,PRD - FASE PRODUTO,,,Lib corte,,00/01/1900,00/01/1900,149,SEM LICENÇA HERING,CONFECCOES ONEDA LTDA,13.13.00.0622D,CALÇA,D7,MALOTES,N,HXO,HXO - COLEÇÂO OUTONO 2027 - HERING,2R,2R,1,10,160,0,0,0,0,14/09/2026,9/21/2026,D3,MALOTES,83,,MALOTE,0,PC,LIBERADO PARA PRODUÇÂO,CIA. HERING,4507407654,4507407654,062023,05729,06/12/2026,2649,12 - SEM 49 - 2026,(47) 3332-5004,0,,,0103,GRUPO SOMA,06/12/2026,82,6,1,160,,,0,0,100,0,0,2646,H04,T58 - HERING BBA,05,CAIXA - LR,N,N,SSNN,0,,B30,0,0,B01,CALÇA (BOTTON),"Rot LANCASTER - 22634-58--- 2 cores PIG R$ 20, processo completo",,"17,4",06/12/2026,0,0,GASPAR,AVENIDA DEPUTADO FRANCISCO MASTELLA,3955,SETE DE SETEMBRO,,5,25/08/2026,12/6/2026,,1,,,2642,0,,0,00.577.158/0001-29,
078015,1,834,,,0,11 - SEM 46 - 2026,999,20/07,9 lcc,0,OP PRODUÇÃO,0,000,CLASSIFICAR MODELO/FAMILIA,,,0097,GERAL,PRD,PRD - FASE PRODUTO,,,Lib corte,,00/01/1900,00/01/1900,149,SEM LICENÇA HERING,CONFECCOES ONEDA LTDA,13.13.00.0622D,CALÇA,D7,MALOTES,N,HXO,HXO - COLEÇÂO OUTONO 2027 - HERING,2R,2R,2,11,228,0,0,0,0,14/09/2026,9/21/2026,D3,MALOTES,83,,MALOTE,0,PC,LIBERADO PARA PRODUÇÂO,CIA. HERING,4507407654,4507407654,062023,05729,06/12/2026,2649,12 - SEM 49 - 2026,(47) 3332-5004,0,,,0103,GRUPO SOMA,06/12/2026,82,6,1,228,,,0,0,100,0,0,2646,H04,T58 - HERING BBA,05,CAIXA - LR,N,N,SSNN,0,,B30,0,0,B01,CALÇA (BOTTON),"Rot LANCASTER - 22634-58--- 2 cores PIG R$ 20, processo completo",,"17,4",06/12/2026,0,0,GASPAR,AVENIDA DEPUTADO FRANCISCO MASTELLA,3955,SETE DE SETEMBRO,,5,25/08/2026,12/6/2026,,1,,,2642,0,,0,00.577.158/0001-29,
078015,1,834,,,0,11 - SEM 46 - 2026,999,20/07,9 lcc,0,OP PRODUÇÃO,0,000,CLASSIFICAR MODELO/FAMILIA,,,0097,GERAL,PRD,PRD - FASE PRODUTO,,,Lib corte,,00/01/1900,00/01/1900,149,SEM LICENÇA HERING,CONFECCOES ONEDA LTDA,13.13.00.0622D,CALÇA,D7,MALOTES,N,HXO,HXO - COLEÇÂO OUTONO 2027 - HERING,2R,2R,3,12,174,0,0,0,0,14/09/2026,9/21/2026,D3,MALOTES,83,,MALOTE,0,PC,LIBERADO PARA PRODUÇÂO,CIA. HERING,4507407654,4507407654,062023,05729,06/12/2026,2649,12 - SEM 49 - 2026,(47) 3332-5004,0,,,0103,GRUPO SOMA,06/12/2026,82,6,1,174,,,0,0,100,0,0,2646,H04,T58 - HERING BBA,05,CAIXA - LR,N,N,SSNN,0,,B30,0,0,B01,CALÇA (BOTTON),"Rot LANCASTER - 22634-58--- 2 cores PIG R$ 20, processo completo",,"17,4",06/12/2026,0,0,GASPAR,AVENIDA DEPUTADO FRANCISCO MASTELLA,3955,SETE DE SETEMBRO,,5,25/08/2026,12/6/2026,,1,,,2642,0,,0,00.577.158/0001-29,
078015,1,834,,,0,11 - SEM 46 - 2026,999,20/07,9 lcc,0,OP PRODUÇÃO,0,000,CLASSIFICAR MODELO/FAMILIA,,,0097,GERAL,PRD,PRD - FASE PRODUTO,,,Lib corte,,00/01/1900,00/01/1900,149,SEM LICENÇA HERING,CONFECCOES ONEDA LTDA,13.13.00.0622D,CALÇA,D7,MALOTES,N,HXO,HXO - COLEÇÂO OUTONO 2027 - HERING,2R,2R,4,13,251,0,0,0,0,14/09/2026,9/21/2026,D3,MALOTES,83,,MALOTE,0,PC,LIBERADO PARA PRODUÇÂO,CIA. HERING,4507407654,4507407654,062023,05729,06/12/2026,2649,12 - SEM 49 - 2026,(47) 3332-5004,0,,,0103,GRUPO SOMA,06/12/2026,82,6,1,251,,,0,0,100,0,0,2646,H04,T58 - HERING BBA,05,CAIXA - LR,N,N,SSNN,0,,B30,0,0,B01,CALÇA (BOTTON),"Rot LANCASTER - 22634-58--- 2 cores PIG R$ 20, processo completo",,"17,4",06/12/2026,0,0,GASPAR,AVENIDA DEPUTADO FRANCISCO MASTELLA,3955,SETE DE SETEMBRO,,5,25/08/2026,12/6/2026,,1,,,2642,0,,0,00.577.158/0001-29,
078016,1,834,,,0,11 - SEM 45 - 2026,999,20/07,9 lcc,0,OP PRODUÇÃO,0,000,CLASSIFICAR MODELO/FAMILIA,,,0097,GERAL,PRD,PRD - FASE PRODUTO,,,Lib corte,,00/01/1900,00/01/1900,149,SEM LICENÇA HERING,CONFECCOES ONEDA LTDA,13.13.00.0622E,CALÇA,D7,MALOTES,N,HXO,HXO - COLEÇÂO OUTONO 2027 - HERING,2T,2T,1,10,114,0,0,0,0,14/09/2026,9/21/2026,D3,MALOTES,83,,MALOTE,0,PC,LIBERADO PARA PRODUÇÂO,CIA. HERING,4507405484,4507405484,062021,05729,29/11/2026,2648,11 - SEM 48 - 2026,(47) 3332-5004,0,,,0103,GRUPO SOMA,29/11/2026,75,6,1,114,,,0,0,100,0,0,2645,H04,T58 - HERING BBA,05,CAIXA - LR,N,N,SSNN,0,,B30,0,0,B01,CALÇA (BOTTON),"Rot LANCASTER - 32425-19---4 cores PIG R$ 22, processo completo",,"17,4",29/11/2026,0,0,GASPAR,AVENIDA DEPUTADO FRANCISCO MASTELLA,3955,SETE DE SETEMBRO,,5,25/08/2026,11/29/2026,,1,,,2642,0,,0,00.577.158/0001-29,
078016,1,834,,,0,11 - SEM 45 - 2026,999,20/07,9 lcc,0,OP PRODUÇÃO,0,000,CLASSIFICAR MODELO/FAMILIA,,,0097,GERAL,PRD,PRD - FASE PRODUTO,,,Lib corte,,00/01/1900,00/01/1900,149,SEM LICENÇA HERING,CONFECCOES ONEDA LTDA,13.13.00.0622E,CALÇA,D7,MALOTES,N,HXO,HXO - COLEÇÂO OUTONO 2027 - HERING,2T,2T,2,11,161,0,0,0,0,14/09/2026,9/21/2026,D3,MALOTES,83,,MALOTE,0,PC,LIBERADO PARA PRODUÇÂO,CIA. HERING,4507405484,4507405484,062021,05729,29/11/2026,2648,11 - SEM 48 - 2026,(47) 3332-5004,0,,,0103,GRUPO SOMA,29/11/2026,75,6,1,161,,,0,0,100,0,0,2645,H04,T58 - HERING BBA,05,CAIXA - LR,N,N,SSNN,0,,B30,0,0,B01,CALÇA (BOTTON),"Rot LANCASTER - 32425-19---4 cores PIG R$ 22, processo completo",,"17,4",29/11/2026,0,0,GASPAR,AVENIDA DEPUTADO FRANCISCO MASTELLA,3955,SETE DE SETEMBRO,,5,25/08/2026,11/29/2026,,1,,,2642,0,,0,00.577.158/0001-29,
078016,1,834,,,0,11 - SEM 45 - 2026,999,20/07,9 lcc,0,OP PRODUÇÃO,0,000,CLASSIFICAR MODELO/FAMILIA,,,0097,GERAL,PRD,PRD - FASE PRODUTO,,,Lib corte,,00/01/1900,00/01/1900,149,SEM LICENÇA HERING,CONFECCOES ONEDA LTDA,13.13.00.0622E,CALÇA,D7,MALOTES,N,HXO,HXO - COLEÇÂO OUTONO 2027 - HERING,2T,2T,3,12,127,0,0,0,0,14/09/2026,9/21/2026,D3,MALOTES,83,,MALOTE,0,PC,LIBERADO PARA PRODUÇÂO,CIA. HERING,4507405484,4507405484,062021,05729,29/11/2026,2648,11 - SEM 48 - 2026,(47) 3332-5004,0,,,0103,GRUPO SOMA,29/11/2026,75,6,1,127,,,0,0,100,0,0,2645,H04,T58 - HERING BBA,05,CAIXA - LR,N,N,SSNN,0,,B30,0,0,B01,CALÇA (BOTTON),"Rot LANCASTER - 32425-19---4 cores PIG R$ 22, processo completo",,"17,4",29/11/2026,0,0,GASPAR,AVENIDA DEPUTADO FRANCISCO MASTELLA,3955,SETE DE SETEMBRO,,5,25/08/2026,11/29/2026,,1,,,2642,0,,0,00.577.158/0001-29,
078016,1,834,,,0,11 - SEM 45 - 2026,999,20/07,9 lcc,0,OP PRODUÇÃO,0,000,CLASSIFICAR MODELO/FAMILIA,,,0097,GERAL,PRD,PRD - FASE PRODUTO,,,Lib corte,,00/01/1900,00/01/1900,149,SEM LICENÇA HERING,CONFECCOES ONEDA LTDA,13.13.00.0622E,CALÇA,D7,MALOTES,N,HXO,HXO - COLEÇÂO OUTONO 2027 - HERING,2T,2T,4,13,174,0,0,0,0,14/09/2026,9/21/2026,D3,MALOTES,83,,MALOTE,0,PC,LIBERADO PARA PRODUÇÂO,CIA. HERING,4507405484,4507405484,062021,05729,29/11/2026,2648,11 - SEM 48 - 2026,(47) 3332-5004,0,,,0103,GRUPO SOMA,29/11/2026,75,6,1,174,,,0,0,100,0,0,2645,H04,T58 - HERING BBA,05,CAIXA - LR,N,N,SSNN,0,,B30,0,0,B01,CALÇA (BOTTON),"Rot LANCASTER - 32425-19---4 cores PIG R$ 22, processo completo",,"17,4",29/11/2026,0,0,GASPAR,AVENIDA DEPUTADO FRANCISCO MASTELLA,3955,SETE DE SETEMBRO,,5,25/08/2026,11/29/2026,,1,,,2642,0,,0,00.577.158/0001-29,
078017,1,834,,,0,11 - SEM 46 - 2026,999,19/06,9 lcc,0,OP PRODUÇÃO,0,000,CLASSIFICAR MODELO/FAMILIA,,,0097,GERAL,PRD,PRD - FASE PRODUTO,,,Lib corte,,00/01/1900,00/01/1900,149,SEM LICENÇA HERING,CONFECCOES ONEDA LTDA,13.15.00.0414N,CONJUNTO REGATA / 5BH7-1R,D7,MALOTES,N,HXO,HXO - COLEÇÂO OUTONO 2027 - HERING,1R,1R,4,13,120,0,0,0,0,14/09/2026,9/21/2026,D3,MALOTES,83,,MALOTE,0,PC,LIBERADO PARA PRODUÇÂO,CIA. HERING,4507407654,4507407654,062001,05729,06/12/2026,2649,12 - SEM 49 - 2026,(47) 3332-5004,0,,,0103,GRUPO SOMA,06/12/2026,82,6,1,120,,,0,0,0,0,0,2646,H02,T53 - HERING KIDS A,05,CAIXA - LR,N,N,SSNN,0,,B25,0,0,C03,CONJUNTO REGATA (TOP/BOTTON),,,37,06/12/2026,0,0,GASPAR,AVENIDA DEPUTADO FRANCISCO MASTELLA,3955,SETE DE SETEMBRO,,5,25/08/2026,12/6/2026,,1,,,2642,0,,0,00.577.158/0001-29,
078017,1,834,,,0,11 - SEM 46 - 2026,999,19/06,9 lcc,0,OP PRODUÇÃO,0,000,CLASSIFICAR MODELO/FAMILIA,,,0097,GERAL,PRD,PRD - FASE PRODUTO,,,Lib corte,,00/01/1900,00/01/1900,149,SEM LICENÇA HERING,CONFECCOES ONEDA LTDA,13.15.00.0414N,CONJUNTO REGATA / 5BH7-1R,D7,MALOTES,N,HXO,HXO - COLEÇÂO OUTONO 2027 - HERING,1R,1R,6,14,136,0,0,0,0,14/09/2026,9/21/2026,D3,MALOTES,83,,MALOTE,0,PC,LIBERADO PARA PRODUÇÂO,CIA. HERING,4507407654,4507407654,062001,05729,06/12/2026,2649,12 - SEM 49 - 2026,(47) 3332-5004,0,,,0103,GRUPO SOMA,06/12/2026,82,6,1,136,,,0,0,0,0,0,2646,H02,T53 - HERING KIDS A,05,CAIXA - LR,N,N,SSNN,0,,B25,0,0,C03,CONJUNTO REGATA (TOP/BOTTON),,,37,06/12/2026,0,0,GASPAR,AVENIDA DEPUTADO FRANCISCO MASTELLA,3955,SETE DE SETEMBRO,,5,25/08/2026,12/6/2026,,1,,,2642,0,,0,00.577.158/0001-29,
078017,1,834,,,0,11 - SEM 46 - 2026,999,19/06,9 lcc,0,OP PRODUÇÃO,0,000,CLASSIFICAR MODELO/FAMILIA,,,0097,GERAL,PRD,PRD - FASE PRODUTO,,,Lib corte,,00/01/1900,00/01/1900,149,SEM LICENÇA HERING,CONFECCOES ONEDA LTDA,13.15.00.0414N,CONJUNTO REGATA / 5BH7-1R,D7,MALOTES,N,HXO,HXO - COLEÇÂO OUTONO 2027 - HERING,1R,1R,8,15,137,0,0,0,0,14/09/2026,9/21/2026,D3,MALOTES,83,,MALOTE,0,PC,LIBERADO PARA PRODUÇÂO,CIA. HERING,4507407654,4507407654,062001,05729,06/12/2026,2649,12 - SEM 49 - 2026,(47) 3332-5004,0,,,0103,GRUPO SOMA,06/12/2026,82,6,1,137,,,0,0,0,0,0,2646,H02,T53 - HERING KIDS A,05,CAIXA - LR,N,N,SSNN,0,,B25,0,0,C03,CONJUNTO REGATA (TOP/BOTTON),,,37,06/12/2026,0,0,GASPAR,AVENIDA DEPUTADO FRANCISCO MASTELLA,3955,SETE DE SETEMBRO,,5,25/08/2026,12/6/2026,,1,,,2642,0,,0,00.577.158/0001-29,
078017,1,834,,,0,11 - SEM 46 - 2026,999,19/06,9 lcc,0,OP PRODUÇÃO,0,000,CLASSIFICAR MODELO/FAMILIA,,,0097,GERAL,PRD,PRD - FASE PRODUTO,,,Lib corte,,00/01/1900,00/01/1900,149,SEM LICENÇA HERING,CONFECCOES ONEDA LTDA,13.15.00.0414N,CONJUNTO REGATA / 5BH7-1R,D7,MALOTES,N,HXO,HXO - COLEÇÂO OUTONO 2027 - HERING,1R,1R,10,16,146,0,0,0,0,14/09/2026,9/21/2026,D3,MALOTES,83,,MALOTE,0,PC,LIBERADO PARA PRODUÇÂO,CIA. HERING,4507407654,4507407654,062001,05729,06/12/2026,2649,12 - SEM 49 - 2026,(47) 3332-5004,0,,,0103,GRUPO SOMA,06/12/2026,82,6,1,146,,,0,0,0,0,0,2646,H02,T53 - HERING KIDS A,05,CAIXA - LR,N,N,SSNN,0,,B25,0,0,C03,CONJUNTO REGATA (TOP/BOTTON),,,37,06/12/2026,0,0,GASPAR,AVENIDA DEPUTADO FRANCISCO MASTELLA,3955,SETE DE SETEMBRO,,5,25/08/2026,12/6/2026,,1,,,2642,0,,0,00.577.158/0001-29,
078017,1,834,,,0,11 - SEM 46 - 2026,999,19/06,9 lcc,0,OP PRODUÇÃO,0,000,CLASSIFICAR MODELO/FAMILIA,,,0097,GERAL,PRD,PRD - FASE PRODUTO,,,Lib corte,,00/01/1900,00/01/1900,149,SEM LICENÇA HERING,CONFECCOES ONEDA LTDA,13.15.00.0414N,CONJUNTO REGATA / 5BH7-1R,D7,MALOTES,N,HXO,HXO - COLEÇÂO OUTONO 2027 - HERING,1R,1R,12,17,153,0,0,0,0,14/09/2026,9/21/2026,D3,MALOTES,83,,MALOTE,0,PC,LIBERADO PARA PRODUÇÂO,CIA. HERING,4507407654,4507407654,062001,05729,06/12/2026,2649,12 - SEM 49 - 2026,(47) 3332-5004,0,,,0103,GRUPO SOMA,06/12/2026,82,6,1,153,,,0,0,0,0,0,2646,H02,T53 - HERING KIDS A,05,CAIXA - LR,N,N,SSNN,0,,B25,0,0,C03,CONJUNTO REGATA (TOP/BOTTON),,,37,06/12/2026,0,0,GASPAR,AVENIDA DEPUTADO FRANCISCO MASTELLA,3955,SETE DE SETEMBRO,,5,25/08/2026,12/6/2026,,1,,,2642,0,,0,00.577.158/0001-29,
078017,1,834,,,0,11 - SEM 46 - 2026,999,19/06,9 lcc,0,OP PRODUÇÃO,0,000,CLASSIFICAR MODELO/FAMILIA,,,0097,GERAL,PRD,PRD - FASE PRODUTO,,,Lib corte,,00/01/1900,00/01/1900,149,SEM LICENÇA HERING,CONFECCOES ONEDA LTDA,13.15.00.0414N,CONJUNTO REGATA / 5BH7-1R,D7,MALOTES,N,HXO,HXO - COLEÇÂO OUTONO 2027 - HERING,1R,1R,14,18,161,0,0,0,0,14/09/2026,9/21/2026,D3,MALOTES,83,,MALOTE,0,PC,LIBERADO PARA PRODUÇÂO,CIA. HERING,4507407654,4507407654,062001,05729,06/12/2026,2649,12 - SEM 49 - 2026,(47) 3332-5004,0,,,0103,GRUPO SOMA,06/12/2026,82,6,1,161,,,0,0,0,0,0,2646,H02,T53 - HERING KIDS A,05,CAIXA - LR,N,N,SSNN,0,,B25,0,0,C03,CONJUNTO REGATA (TOP/BOTTON),,,37,06/12/2026,0,0,GASPAR,AVENIDA DEPUTADO FRANCISCO MASTELLA,3955,SETE DE SETEMBRO,,5,25/08/2026,12/6/2026,,1,,,2642,0,,0,00.577.158/0001-29,
078018,1,834,,,0,11 - SEM 45 - 2026,999,19/06,9 lcc,0,OP PRODUÇÃO,0,000,CLASSIFICAR MODELO/FAMILIA,,,0097,GERAL,PRD,PRD - FASE PRODUTO,,,Lib corte,,00/01/1900,00/01/1900,149,SEM LICENÇA HERING,CONFECCOES ONEDA LTDA,13.15.00.0414M,CONJUNTO REGATA / 5BH7-1T,D7,MALOTES,N,HXO,HXO - COLEÇÂO OUTONO 2027 - HERING,1T,1T,4,13,135,0,0,0,0,14/09/2026,9/21/2026,D3,MALOTES,83,,MALOTE,0,PC,LIBERADO PARA PRODUÇÂO,CIA. HERING,4507406971,4507406971,062000,05729,29/11/2026,2648,11 - SEM 48 - 2026,(47) 3332-5004,0,,,0103,GRUPO SOMA,29/11/2026,75,6,1,135,,,0,0,95,0,0,2645,H02,T53 - HERING KIDS A,05,CAIXA - LR,N,N,SSNN,0,A DIFERENÇA DESSE LOTE ESTA NA SOBRA DO DEPOSITO COM O PAULO,B25,0,0,C03,CONJUNTO REGATA (TOP/BOTTON),,,37,29/11/2026,0,0,GASPAR,AVENIDA DEPUTADO FRANCISCO MASTELLA,3955,SETE DE SETEMBRO,,5,25/08/2026,11/29/2026,,1,,,2642,0,,0,00.577.158/0001-29,
078018,1,834,,,0,11 - SEM 45 - 2026,999,19/06,9 lcc,0,OP PRODUÇÃO,0,000,CLASSIFICAR MODELO/FAMILIA,,,0097,GERAL,PRD,PRD - FASE PRODUTO,,,Lib corte,,00/01/1900,00/01/1900,149,SEM LICENÇA HERING,CONFECCOES ONEDA LTDA,13.15.00.0414M,CONJUNTO REGATA / 5BH7-1T,D7,MALOTES,N,HXO,HXO - COLEÇÂO OUTONO 2027 - HERING,1T,1T,6,14,154,0,0,0,0,14/09/2026,9/21/2026,D3,MALOTES,83,,MALOTE,0,PC,LIBERADO PARA PRODUÇÂO,CIA. HERING,4507406971,4507406971,062000,05729,29/11/2026,2648,11 - SEM 48 - 2026,(47) 3332-5004,0,,,0103,GRUPO SOMA,29/11/2026,75,6,1,154,,,0,0,95,0,0,2645,H02,T53 - HERING KIDS A,05,CAIXA - LR,N,N,SSNN,0,A DIFERENÇA DESSE LOTE ESTA NA SOBRA DO DEPOSITO COM O PAULO,B25,0,0,C03,CONJUNTO REGATA (TOP/BOTTON),,,37,29/11/2026,0,0,GASPAR,AVENIDA DEPUTADO FRANCISCO MASTELLA,3955,SETE DE SETEMBRO,,5,25/08/2026,11/29/2026,,1,,,2642,0,,0,00.577.158/0001-29,
078018,1,834,,,0,11 - SEM 45 - 2026,999,19/06,9 lcc,0,OP PRODUÇÃO,0,000,CLASSIFICAR MODELO/FAMILIA,,,0097,GERAL,PRD,PRD - FASE PRODUTO,,,Lib corte,,00/01/1900,00/01/1900,149,SEM LICENÇA HERING,CONFECCOES ONEDA LTDA,13.15.00.0414M,CONJUNTO REGATA / 5BH7-1T,D7,MALOTES,N,HXO,HXO - COLEÇÂO OUTONO 2027 - HERING,1T,1T,8,15,154,0,0,0,0,14/09/2026,9/21/2026,D3,MALOTES,83,,MALOTE,0,PC,LIBERADO PARA PRODUÇÂO,CIA. HERING,4507406971,4507406971,062000,05729,29/11/2026,2648,11 - SEM 48 - 2026,(47) 3332-5004,0,,,0103,GRUPO SOMA,29/11/2026,75,6,1,154,,,0,0,95,0,0,2645,H02,T53 - HERING KIDS A,05,CAIXA - LR,N,N,SSNN,0,A DIFERENÇA DESSE LOTE ESTA NA SOBRA DO DEPOSITO COM O PAULO,B25,0,0,C03,CONJUNTO REGATA (TOP/BOTTON),,,37,29/11/2026,0,0,GASPAR,AVENIDA DEPUTADO FRANCISCO MASTELLA,3955,SETE DE SETEMBRO,,5,25/08/2026,11/29/2026,,1,,,2642,0,,0,00.577.158/0001-29,
078018,1,834,,,0,11 - SEM 45 - 2026,999,19/06,9 lcc,0,OP PRODUÇÃO,0,000,CLASSIFICAR MODELO/FAMILIA,,,0097,GERAL,PRD,PRD - FASE PRODUTO,,,Lib corte,,00/01/1900,00/01/1900,149,SEM LICENÇA HERING,CONFECCOES ONEDA LTDA,13.15.00.0414M,CONJUNTO REGATA / 5BH7-1T,D7,MALOTES,N,HXO,HXO - COLEÇÂO OUTONO 2027 - HERING,1T,1T,10,16,163,0,0,0,0,14/09/2026,9/21/2026,D3,MALOTES,83,,MALOTE,0,PC,LIBERADO PARA PRODUÇÂO,CIA. HERING,4507406971,4507406971,062000,05729,29/11/2026,2648,11 - SEM 48 - 2026,(47) 3332-5004,0,,,0103,GRUPO SOMA,29/11/2026,75,6,1,163,,,0,0,95,0,0,2645,H02,T53 - HERING KIDS A,05,CAIXA - LR,N,N,SSNN,0,A DIFERENÇA DESSE LOTE ESTA NA SOBRA DO DEPOSITO COM O PAULO,B25,0,0,C03,CONJUNTO REGATA (TOP/BOTTON),,,37,29/11/2026,0,0,GASPAR,AVENIDA DEPUTADO FRANCISCO MASTELLA,3955,SETE DE SETEMBRO,,5,25/08/2026,11/29/2026,,1,,,2642,0,,0,00.577.158/0001-29,
078018,1,834,,,0,11 - SEM 45 - 2026,999,19/06,9 lcc,0,OP PRODUÇÃO,0,000,CLASSIFICAR MODELO/FAMILIA,,,0097,GERAL,PRD,PRD - FASE PRODUTO,,,Lib corte,,00/01/1900,00/01/1900,149,SEM LICENÇA HERING,CONFECCOES ONEDA LTDA,13.15.00.0414M,CONJUNTO REGATA / 5BH7-1T,D7,MALOTES,N,HXO,HXO - COLEÇÂO OUTONO 2027 - HERING,1T,1T,12,17,173,0,0,0,0,14/09/2026,9/21/2026,D3,MALOTES,83,,MALOTE,0,PC,LIBERADO PARA PRODUÇÂO,CIA. HERING,4507406971,4507406971,062000,05729,29/11/2026,2648,11 - SEM 48 - 2026,(47) 3332-5004,0,,,0103,GRUPO SOMA,29/11/2026,75,6,1,173,,,0,0,95,0,0,2645,H02,T53 - HERING KIDS A,05,CAIXA - LR,N,N,SSNN,0,A DIFERENÇA DESSE LOTE ESTA NA SOBRA DO DEPOSITO COM O PAULO,B25,0,0,C03,CONJUNTO REGATA (TOP/BOTTON),,,37,29/11/2026,0,0,GASPAR,AVENIDA DEPUTADO FRANCISCO MASTELLA,3955,SETE DE SETEMBRO,,5,25/08/2026,11/29/2026,,1,,,2642,0,,0,00.577.158/0001-29,
078018,1,834,,,0,11 - SEM 45 - 2026,999,19/06,9 lcc,0,OP PRODUÇÃO,0,000,CLASSIFICAR MODELO/FAMILIA,,,0097,GERAL,PRD,PRD - FASE PRODUTO,,,Lib corte,,00/01/1900,00/01/1900,149,SEM LICENÇA HERING,CONFECCOES ONEDA LTDA,13.15.00.0414M,CONJUNTO REGATA / 5BH7-1T,D7,MALOTES,N,HXO,HXO - COLEÇÂO OUTONO 2027 - HERING,1T,1T,14,18,181,0,0,0,0,14/09/2026,9/21/2026,D3,MALOTES,83,,MALOTE,0,PC,LIBERADO PARA PRODUÇÂO,CIA. HERING,4507406971,4507406971,062000,05729,29/11/2026,2648,11 - SEM 48 - 2026,(47) 3332-5004,0,,,0103,GRUPO SOMA,29/11/2026,75,6,1,181,,,0,0,95,0,0,2645,H02,T53 - HERING KIDS A,05,CAIXA - LR,N,N,SSNN,0,A DIFERENÇA DESSE LOTE ESTA NA SOBRA DO DEPOSITO COM O PAULO,B25,0,0,C03,CONJUNTO REGATA (TOP/BOTTON),,,37,29/11/2026,0,0,GASPAR,AVENIDA DEPUTADO FRANCISCO MASTELLA,3955,SETE DE SETEMBRO,,5,25/08/2026,11/29/2026,,1,,,2642,0,,0,00.577.158/0001-29,
078021,1,834,,,0,11 - SEM 45 - 2026,999,07/08,9 lcc,0,OP PRODUÇÃO,0,000,CLASSIFICAR MODELO/FAMILIA,,,0097,GERAL,PRD,PRD - FASE PRODUTO,,,Lib corte,,00/01/1900,00/01/1900,149,SEM LICENÇA HERING,CONFECCOES ONEDA LTDA,13.13.00.0623C,CONJUNTO CURTO,D7,MALOTES,N,HXO,HXO - COLEÇÂO OUTONO 2027 - HERING,1D,1D,1,10,322,0,0,0,0,14/09/2026,9/21/2026,D3,MALOTES,83,FALTA MALOTE COSTURA,MALOTE,0,PC,LIBERADO PARA PRODUÇÂO,CIA. HERING,4507405484,4507405484,061988,05729,29/11/2026,2648,11 - SEM 48 - 2026,(47) 3332-5004,0,,,0103,GRUPO SOMA,29/11/2026,75,6,1,322,,,0,0,100,0,0,2645,H04,T58 - HERING BBA,05,CAIXA - LR,N,N,SSNN,0,,B32,0,0,C00,CONJUNTO CURTO (TOP/BOTTON),"Rot LANCASTER - 22634-58---2 cores PIG R$ 20, processo completo",,"22,4",29/11/2026,1,0,GASPAR,AVENIDA DEPUTADO FRANCISCO MASTELLA,3955,SETE DE SETEMBRO,,5,25/08/2026,11/29/2026,,1,,,2642,0,,0,00.577.158/0001-29,
078021,1,834,,,0,11 - SEM 45 - 2026,999,07/08,9 lcc,0,OP PRODUÇÃO,0,000,CLASSIFICAR MODELO/FAMILIA,,,0097,GERAL,PRD,PRD - FASE PRODUTO,,,Lib corte,,00/01/1900,00/01/1900,149,SEM LICENÇA HERING,CONFECCOES ONEDA LTDA,13.13.00.0623C,CONJUNTO CURTO,D7,MALOTES,N,HXO,HXO - COLEÇÂO OUTONO 2027 - HERING,1D,1D,2,11,266,0,0,0,0,14/09/2026,9/21/2026,D3,MALOTES,83,FALTA MALOTE COSTURA,MALOTE,0,PC,LIBERADO PARA PRODUÇÂO,CIA. HERING,4507405484,4507405484,061988,05729,29/11/2026,2648,11 - SEM 48 - 2026,(47) 3332-5004,0,,,0103,GRUPO SOMA,29/11/2026,75,6,1,266,,,0,0,100,0,0,2645,H04,T58 - HERING BBA,05,CAIXA - LR,N,N,SSNN,0,,B32,0,0,C00,CONJUNTO CURTO (TOP/BOTTON),"Rot LANCASTER - 22634-58---2 cores PIG R$ 20, processo completo",,"22,4",29/11/2026,1,0,GASPAR,AVENIDA DEPUTADO FRANCISCO MASTELLA,3955,SETE DE SETEMBRO,,5,25/08/2026,11/29/2026,,1,,,2642,0,,0,00.577.158/0001-29,
078021,1,834,,,0,11 - SEM 45 - 2026,999,07/08,9 lcc,0,OP PRODUÇÃO,0,000,CLASSIFICAR MODELO/FAMILIA,,,0097,GERAL,PRD,PRD - FASE PRODUTO,,,Lib corte,,00/01/1900,00/01/1900,149,SEM LICENÇA HERING,CONFECCOES ONEDA LTDA,13.13.00.0623C,CONJUNTO CURTO,D7,MALOTES,N,HXO,HXO - COLEÇÂO OUTONO 2027 - HERING,1D,1D,3,12,339,0,0,0,0,14/09/2026,9/21/2026,D3,MALOTES,83,FALTA MALOTE COSTURA,MALOTE,0,PC,LIBERADO PARA PRODUÇÂO,CIA. HERING,4507405484,4507405484,061988,05729,29/11/2026,2648,11 - SEM 48 - 2026,(47) 3332-5004,0,,,0103,GRUPO SOMA,29/11/2026,75,6,1,339,,,0,0,100,0,0,2645,H04,T58 - HERING BBA,05,CAIXA - LR,N,N,SSNN,0,,B32,0,0,C00,CONJUNTO CURTO (TOP/BOTTON),"Rot LANCASTER - 22634-58---2 cores PIG R$ 20, processo completo",,"22,4",29/11/2026,1,0,GASPAR,AVENIDA DEPUTADO FRANCISCO MASTELLA,3955,SETE DE SETEMBRO,,5,25/08/2026,11/29/2026,,1,,,2642,0,,0,00.577.158/0001-29,
078021,1,834,,,0,11 - SEM 45 - 2026,999,07/08,9 lcc,0,OP PRODUÇÃO,0,000,CLASSIFICAR MODELO/FAMILIA,,,0097,GERAL,PRD,PRD - FASE PRODUTO,,,Lib corte,,00/01/1900,00/01/1900,149,SEM LICENÇA HERING,CONFECCOES ONEDA LTDA,13.13.00.0623C,CONJUNTO CURTO,D7,MALOTES,N,HXO,HXO - COLEÇÂO OUTONO 2027 - HERING,1D,1D,4,13,741,0,0,0,0,14/09/2026,9/21/2026,D3,MALOTES,83,FALTA MALOTE COSTURA,MALOTE,0,PC,LIBERADO PARA PRODUÇÂO,CIA. HERING,4507405484,4507405484,061988,05729,29/11/2026,2648,11 - SEM 48 - 2026,(47) 3332-5004,0,,,0103,GRUPO SOMA,29/11/2026,75,6,1,741,,,0,0,100,0,0,2645,H04,T58 - HERING BBA,05,CAIXA - LR,N,N,SSNN,0,,B32,0,0,C00,CONJUNTO CURTO (TOP/BOTTON),"Rot LANCASTER - 22634-58---2 cores PIG R$ 20, processo completo",,"22,4",29/11/2026,1,0,GASPAR,AVENIDA DEPUTADO FRANCISCO MASTELLA,3955,SETE DE SETEMBRO,,5,25/08/2026,11/29/2026,,1,,,2642,0,,0,00.577.158/0001-29,
078022,1,834,,,0,11 - SEM 45 - 2026,999,20/07,9 lcc,0,OP PRODUÇÃO,0,000,CLASSIFICAR MODELO/FAMILIA,,,0097,GERAL,PRD,PRD - FASE PRODUTO,,,Lib corte,,00/01/1900,00/01/1900,149,SEM LICENÇA HERING,CONFECCOES ONEDA LTDA,13.13.00.0623D,CONJUNTO CURTO,D7,MALOTES,N,HXO,HXO - COLEÇÂO OUTONO 2027 - HERING,1E,1E,1,10,286,0,0,0,0,14/09/2026,9/21/2026,D3,MALOTES,83,FALTA MALOTE COSTURA,MALOTE,0,PC,LIBERADO PARA PRODUÇÂO,CIA. HERING,4507405484,4507405484,061989,05729,29/11/2026,2648,11 - SEM 48 - 2026,(47) 3332-5004,0,,,0103,GRUPO SOMA,29/11/2026,75,6,1,286,,,0,0,100,0,0,2645,H04,T58 - HERING BBA,05,CAIXA - LR,N,N,SSNN,0,,B30,0,0,C00,CONJUNTO CURTO (TOP/BOTTON),"Rot LANCASTER - 32425-19----- 4 cores PIG R$ 22, processo completo",,"22,4",29/11/2026,1,0,GASPAR,AVENIDA DEPUTADO FRANCISCO MASTELLA,3955,SETE DE SETEMBRO,,5,25/08/2026,11/29/2026,,1,,,2642,0,,0,00.577.158/0001-29,
078022,1,834,,,0,11 - SEM 45 - 2026,999,20/07,9 lcc,0,OP PRODUÇÃO,0,000,CLASSIFICAR MODELO/FAMILIA,,,0097,GERAL,PRD,PRD - FASE PRODUTO,,,Lib corte,,00/01/1900,00/01/1900,149,SEM LICENÇA HERING,CONFECCOES ONEDA LTDA,13.13.00.0623D,CONJUNTO CURTO,D7,MALOTES,N,HXO,HXO - COLEÇÂO OUTONO 2027 - HERING,1E,1E,2,11,234,0,0,0,0,14/09/2026,9/21/2026,D3,MALOTES,83,FALTA MALOTE COSTURA,MALOTE,0,PC,LIBERADO PARA PRODUÇÂO,CIA. HERING,4507405484,4507405484,061989,05729,29/11/2026,2648,11 - SEM 48 - 2026,(47) 3332-5004,0,,,0103,GRUPO SOMA,29/11/2026,75,6,1,234,,,0,0,100,0,0,2645,H04,T58 - HERING BBA,05,CAIXA - LR,N,N,SSNN,0,,B30,0,0,C00,CONJUNTO CURTO (TOP/BOTTON),"Rot LANCASTER - 32425-19----- 4 cores PIG R$ 22, processo completo",,"22,4",29/11/2026,1,0,GASPAR,AVENIDA DEPUTADO FRANCISCO MASTELLA,3955,SETE DE SETEMBRO,,5,25/08/2026,11/29/2026,,1,,,2642,0,,0,00.577.158/0001-29,
078022,1,834,,,0,11 - SEM 45 - 2026,999,20/07,9 lcc,0,OP PRODUÇÃO,0,000,CLASSIFICAR MODELO/FAMILIA,,,0097,GERAL,PRD,PRD - FASE PRODUTO,,,Lib corte,,00/01/1900,00/01/1900,149,SEM LICENÇA HERING,CONFECCOES ONEDA LTDA,13.13.00.0623D,CONJUNTO CURTO,D7,MALOTES,N,HXO,HXO - COLEÇÂO OUTONO 2027 - HERING,1E,1E,3,12,302,0,0,0,0,14/09/2026,9/21/2026,D3,MALOTES,83,FALTA MALOTE COSTURA,MALOTE,0,PC,LIBERADO PARA PRODUÇÂO,CIA. HERING,4507405484,4507405484,061989,05729,29/11/2026,2648,11 - SEM 48 - 2026,(47) 3332-5004,0,,,0103,GRUPO SOMA,29/11/2026,75,6,1,302,,,0,0,100,0,0,2645,H04,T58 - HERING BBA,05,CAIXA - LR,N,N,SSNN,0,,B30,0,0,C00,CONJUNTO CURTO (TOP/BOTTON),"Rot LANCASTER - 32425-19----- 4 cores PIG R$ 22, processo completo",,"22,4",29/11/2026,1,0,GASPAR,AVENIDA DEPUTADO FRANCISCO MASTELLA,3955,SETE DE SETEMBRO,,5,25/08/2026,11/29/2026,,1,,,2642,0,,0,00.577.158/0001-29,
078022,1,834,,,0,11 - SEM 45 - 2026,999,20/07,9 lcc,0,OP PRODUÇÃO,0,000,CLASSIFICAR MODELO/FAMILIA,,,0097,GERAL,PRD,PRD - FASE PRODUTO,,,Lib corte,,00/01/1900,00/01/1900,149,SEM LICENÇA HERING,CONFECCOES ONEDA LTDA,13.13.00.0623D,CONJUNTO CURTO,D7,MALOTES,N,HXO,HXO - COLEÇÂO OUTONO 2027 - HERING,1E,1E,4,13,651,0,0,0,0,14/09/2026,9/21/2026,D3,MALOTES,83,FALTA MALOTE COSTURA,MALOTE,0,PC,LIBERADO PARA PRODUÇÂO,CIA. HERING,4507405484,4507405484,061989,05729,29/11/2026,2648,11 - SEM 48 - 2026,(47) 3332-5004,0,,,0103,GRUPO SOMA,29/11/2026,75,6,1,651,,,0,0,100,0,0,2645,H04,T58 - HERING BBA,05,CAIXA - LR,N,N,SSNN,0,,B30,0,0,C00,CONJUNTO CURTO (TOP/BOTTON),"Rot LANCASTER - 32425-19----- 4 cores PIG R$ 22, processo completo",,"22,4",29/11/2026,1,0,GASPAR,AVENIDA DEPUTADO FRANCISCO MASTELLA,3955,SETE DE SETEMBRO,,5,25/08/2026,11/29/2026,,1,,,2642,0,,0,00.577.158/0001-29,
078023,1,834,,,0,11 - SEM 45 - 2026,999,07/08,9 lcc,0,OP PRODUÇÃO,0,000,CLASSIFICAR MODELO/FAMILIA,,,0097,GERAL,PRD,PRD - FASE PRODUTO,,,Lib corte,,00/01/1900,00/01/1900,149,SEM LICENÇA HERING,CONFECCOES ONEDA LTDA,13.14.00.0624C,TOP CURTO,D7,MALOTES,N,HXO,HXO - COLEÇÂO OUTONO 2027 - HERING,2C,2C,1,10,287,0,0,0,0,14/09/2026,9/21/2026,D3,MALOTES,83,,MALOTE,0,PC,LIBERADO PARA PRODUÇÂO,CIA. HERING,4507406971,4507406971,062015,05729,29/11/2026,2648,11 - SEM 48 - 2026,(47) 3332-5004,0,,,0103,GRUPO SOMA,29/11/2026,75,6,1,287,,,0,0,100,0,0,2645,H03,T52 - HERING BB0,05,CAIXA - LR,N,N,SSNN,0,,B32,0,0,T00,TOP CURTO (TOP),"Rot LANCASTER - 22627-5 -------2 cores PIG R$ 20, processo completo",,"14,9",29/11/2026,0,0,GASPAR,AVENIDA DEPUTADO FRANCISCO MASTELLA,3955,SETE DE SETEMBRO,,5,25/08/2026,11/29/2026,,1,,,2642,0,,0,00.577.158/0001-29,
078023,1,834,,,0,11 - SEM 45 - 2026,999,07/08,9 lcc,0,OP PRODUÇÃO,0,000,CLASSIFICAR MODELO/FAMILIA,,,0097,GERAL,PRD,PRD - FASE PRODUTO,,,Lib corte,,00/01/1900,00/01/1900,149,SEM LICENÇA HERING,CONFECCOES ONEDA LTDA,13.14.00.0624C,TOP CURTO,D7,MALOTES,N,HXO,HXO - COLEÇÂO OUTONO 2027 - HERING,2C,2C,2,11,341,0,0,0,0,14/09/2026,9/21/2026,D3,MALOTES,83,,MALOTE,0,PC,LIBERADO PARA PRODUÇÂO,CIA. HERING,4507406971,4507406971,062015,05729,29/11/2026,2648,11 - SEM 48 - 2026,(47) 3332-5004,0,,,0103,GRUPO SOMA,29/11/2026,75,6,1,341,,,0,0,100,0,0,2645,H03,T52 - HERING BB0,05,CAIXA - LR,N,N,SSNN,0,,B32,0,0,T00,TOP CURTO (TOP),"Rot LANCASTER - 22627-5 -------2 cores PIG R$ 20, processo completo",,"14,9",29/11/2026,0,0,GASPAR,AVENIDA DEPUTADO FRANCISCO MASTELLA,3955,SETE DE SETEMBRO,,5,25/08/2026,11/29/2026,,1,,,2642,0,,0,00.577.158/0001-29,
078023,1,834,,,0,11 - SEM 45 - 2026,999,07/08,9 lcc,0,OP PRODUÇÃO,0,000,CLASSIFICAR MODELO/FAMILIA,,,0097,GERAL,PRD,PRD - FASE PRODUTO,,,Lib corte,,00/01/1900,00/01/1900,149,SEM LICENÇA HERING,CONFECCOES ONEDA LTDA,13.14.00.0624C,TOP CURTO,D7,MALOTES,N,HXO,HXO - COLEÇÂO OUTONO 2027 - HERING,2C,2C,3,12,465,0,0,0,0,14/09/2026,9/21/2026,D3,MALOTES,83,,MALOTE,0,PC,LIBERADO PARA PRODUÇÂO,CIA. HERING,4507406971,4507406971,062015,05729,29/11/2026,2648,11 - SEM 48 - 2026,(47) 3332-5004,0,,,0103,GRUPO SOMA,29/11/2026,75,6,1,465,,,0,0,100,0,0,2645,H03,T52 - HERING BB0,05,CAIXA - LR,N,N,SSNN,0,,B32,0,0,T00,TOP CURTO (TOP),"Rot LANCASTER - 22627-5 -------2 cores PIG R$ 20, processo completo",,"14,9",29/11/2026,0,0,GASPAR,AVENIDA DEPUTADO FRANCISCO MASTELLA,3955,SETE DE SETEMBRO,,5,25/08/2026,11/29/2026,,1,,,2642,0,,0,00.577.158/0001-29,
078023,1,834,,,0,11 - SEM 45 - 2026,999,07/08,9 lcc,0,OP PRODUÇÃO,0,000,CLASSIFICAR MODELO/FAMILIA,,,0097,GERAL,PRD,PRD - FASE PRODUTO,,,Lib corte,,00/01/1900,00/01/1900,149,SEM LICENÇA HERING,CONFECCOES ONEDA LTDA,13.14.00.0624C,TOP CURTO,D7,MALOTES,N,HXO,HXO - COLEÇÂO OUTONO 2027 - HERING,2C,2C,4,13,308,0,0,0,0,14/09/2026,9/21/2026,D3,MALOTES,83,,MALOTE,0,PC,LIBERADO PARA PRODUÇÂO,CIA. HERING,4507406971,4507406971,062015,05729,29/11/2026,2648,11 - SEM 48 - 2026,(47) 3332-5004,0,,,0103,GRUPO SOMA,29/11/2026,75,6,1,308,,,0,0,100,0,0,2645,H03,T52 - HERING BB0,05,CAIXA - LR,N,N,SSNN,0,,B32,0,0,T00,TOP CURTO (TOP),"Rot LANCASTER - 22627-5 -------2 cores PIG R$ 20, processo completo",,"14,9",29/11/2026,0,0,GASPAR,AVENIDA DEPUTADO FRANCISCO MASTELLA,3955,SETE DE SETEMBRO,,5,25/08/2026,11/29/2026,,1,,,2642,0,,0,00.577.158/0001-29,
078024,1,834,,,0,11 - SEM 45 - 2026,999,20/07,9 lcc,0,OP PRODUÇÃO,0,000,CLASSIFICAR MODELO/FAMILIA,,,0097,GERAL,PRD,PRD - FASE PRODUTO,,,Lib corte,,00/01/1900,00/01/1900,149,SEM LICENÇA HERING,CONFECCOES ONEDA LTDA,13.14.00.0624D,TOP CURTO,D7,MALOTES,N,HXO,HXO - COLEÇÂO OUTONO 2027 - HERING,2D,2D,1,10,398,0,0,0,0,14/09/2026,9/21/2026,D3,MALOTES,83,,MALOTE,0,PC,LIBERADO PARA PRODUÇÂO,CIA. HERING,4507406971,4507406971,062016,05729,29/11/2026,2648,11 - SEM 48 - 2026,(47) 3332-5004,0,,,0103,GRUPO SOMA,29/11/2026,75,6,1,398,,,0,0,100,0,0,2645,H03,T52 - HERING BB0,05,CAIXA - LR,N,N,SSNN,0,,B29,0,0,T00,TOP CURTO (TOP),"Rot LANCASTER - 43627-4 ----4 cores PIG R$ 22, processo completo",,"14,9",29/11/2026,0,0,GASPAR,AVENIDA DEPUTADO FRANCISCO MASTELLA,3955,SETE DE SETEMBRO,,5,25/08/2026,11/29/2026,,1,,,2642,0,,0,00.577.158/0001-29,
078024,1,834,,,0,11 - SEM 45 - 2026,999,20/07,9 lcc,0,OP PRODUÇÃO,0,000,CLASSIFICAR MODELO/FAMILIA,,,0097,GERAL,PRD,PRD - FASE PRODUTO,,,Lib corte,,00/01/1900,00/01/1900,149,SEM LICENÇA HERING,CONFECCOES ONEDA LTDA,13.14.00.0624D,TOP CURTO,D7,MALOTES,N,HXO,HXO - COLEÇÂO OUTONO 2027 - HERING,2D,2D,2,11,473,0,0,0,0,14/09/2026,9/21/2026,D3,MALOTES,83,,MALOTE,0,PC,LIBERADO PARA PRODUÇÂO,CIA. HERING,4507406971,4507406971,062016,05729,29/11/2026,2648,11 - SEM 48 - 2026,(47) 3332-5004,0,,,0103,GRUPO SOMA,29/11/2026,75,6,1,473,,,0,0,100,0,0,2645,H03,T52 - HERING BB0,05,CAIXA - LR,N,N,SSNN,0,,B29,0,0,T00,TOP CURTO (TOP),"Rot LANCASTER - 43627-4 ----4 cores PIG R$ 22, processo completo",,"14,9",29/11/2026,0,0,GASPAR,AVENIDA DEPUTADO FRANCISCO MASTELLA,3955,SETE DE SETEMBRO,,5,25/08/2026,11/29/2026,,1,,,2642,0,,0,00.577.158/0001-29,
078024,1,834,,,0,11 - SEM 45 - 2026,999,20/07,9 lcc,0,OP PRODUÇÃO,0,000,CLASSIFICAR MODELO/FAMILIA,,,0097,GERAL,PRD,PRD - FASE PRODUTO,,,Lib corte,,00/01/1900,00/01/1900,149,SEM LICENÇA HERING,CONFECCOES ONEDA LTDA,13.14.00.0624D,TOP CURTO,D7,MALOTES,N,HXO,HXO - COLEÇÂO OUTONO 2027 - HERING,2D,2D,3,12,644,0,0,0,0,14/09/2026,9/21/2026,D3,MALOTES,83,,MALOTE,0,PC,LIBERADO PARA PRODUÇÂO,CIA. HERING,4507406971,4507406971,062016,05729,29/11/2026,2648,11 - SEM 48 - 2026,(47) 3332-5004,0,,,0103,GRUPO SOMA,29/11/2026,75,6,1,644,,,0,0,100,0,0,2645,H03,T52 - HERING BB0,05,CAIXA - LR,N,N,SSNN,0,,B29,0,0,T00,TOP CURTO (TOP),"Rot LANCASTER - 43627-4 ----4 cores PIG R$ 22, processo completo",,"14,9",29/11/2026,0,0,GASPAR,AVENIDA DEPUTADO FRANCISCO MASTELLA,3955,SETE DE SETEMBRO,,5,25/08/2026,11/29/2026,,1,,,2642,0,,0,00.577.158/0001-29,
078024,1,834,,,0,11 - SEM 45 - 2026,999,20/07,9 lcc,0,OP PRODUÇÃO,0,000,CLASSIFICAR MODELO/FAMILIA,,,0097,GERAL,PRD,PRD - FASE PRODUTO,,,Lib corte,,00/01/1900,00/01/1900,149,SEM LICENÇA HERING,CONFECCOES ONEDA LTDA,13.14.00.0624D,TOP CURTO,D7,MALOTES,N,HXO,HXO - COLEÇÂO OUTONO 2027 - HERING,2D,2D,4,13,429,0,0,0,0,14/09/2026,9/21/2026,D3,MALOTES,83,,MALOTE,0,PC,LIBERADO PARA PRODUÇÂO,CIA. HERING,4507406971,4507406971,062016,05729,29/11/2026,2648,11 - SEM 48 - 2026,(47) 3332-5004,0,,,0103,GRUPO SOMA,29/11/2026,75,6,1,429,,,0,0,100,0,0,2645,H03,T52 - HERING BB0,05,CAIXA - LR,N,N,SSNN,0,,B29,0,0,T00,TOP CURTO (TOP),"Rot LANCASTER - 43627-4 ----4 cores PIG R$ 22, processo completo",,"14,9",29/11/2026,0,0,GASPAR,AVENIDA DEPUTADO FRANCISCO MASTELLA,3955,SETE DE SETEMBRO,,5,25/08/2026,11/29/2026,,1,,,2642,0,,0,00.577.158/0001-29,
078025,1,834,,,0,11 - SEM 45 - 2026,999,07/08,9 lcc,0,OP PRODUÇÃO,0,000,CLASSIFICAR MODELO/FAMILIA,,,0097,GERAL,PRD,PRD - FASE PRODUTO,,,Lib corte,,00/01/1900,00/01/1900,149,SEM LICENÇA HERING,CONFECCOES ONEDA LTDA,13.14.00.0625C,SHORTS,D7,MALOTES,N,HXO,HXO - COLEÇÂO OUTONO 2027 - HERING,1D,1D,1,10,78,0,0,0,0,14/09/2026,9/21/2026,D3,MALOTES,83,,MALOTE,0,PC,LIBERADO PARA PRODUÇÂO,CIA. HERING,4507405484,4507405484,062006,05729,29/11/2026,2648,11 - SEM 48 - 2026,(47) 3332-5004,0,,,0103,GRUPO SOMA,29/11/2026,75,6,1,78,,,0,0,100,0,0,2645,H03,T52 - HERING BB0,05,CAIXA - LR,N,N,SSNN,0,,B32,0,0,B00,SHORTS (BOTTON),"Rot 2--- LANCASTER - 22627-5 ---- cores PIG R$ 20, processo completo",,17,29/11/2026,0,0,GASPAR,AVENIDA DEPUTADO FRANCISCO MASTELLA,3955,SETE DE SETEMBRO,,5,25/08/2026,11/29/2026,,1,,,2642,0,,0,00.577.158/0001-29,
078025,1,834,,,0,11 - SEM 45 - 2026,999,07/08,9 lcc,0,OP PRODUÇÃO,0,000,CLASSIFICAR MODELO/FAMILIA,,,0097,GERAL,PRD,PRD - FASE PRODUTO,,,Lib corte,,00/01/1900,00/01/1900,149,SEM LICENÇA HERING,CONFECCOES ONEDA LTDA,13.14.00.0625C,SHORTS,D7,MALOTES,N,HXO,HXO - COLEÇÂO OUTONO 2027 - HERING,1D,1D,2,11,220,0,0,0,0,14/09/2026,9/21/2026,D3,MALOTES,83,,MALOTE,0,PC,LIBERADO PARA PRODUÇÂO,CIA. HERING,4507405484,4507405484,062006,05729,29/11/2026,2648,11 - SEM 48 - 2026,(47) 3332-5004,0,,,0103,GRUPO SOMA,29/11/2026,75,6,1,220,,,0,0,100,0,0,2645,H03,T52 - HERING BB0,05,CAIXA - LR,N,N,SSNN,0,,B32,0,0,B00,SHORTS (BOTTON),"Rot 2--- LANCASTER - 22627-5 ---- cores PIG R$ 20, processo completo",,17,29/11/2026,0,0,GASPAR,AVENIDA DEPUTADO FRANCISCO MASTELLA,3955,SETE DE SETEMBRO,,5,25/08/2026,11/29/2026,,1,,,2642,0,,0,00.577.158/0001-29,
078025,1,834,,,0,11 - SEM 45 - 2026,999,07/08,9 lcc,0,OP PRODUÇÃO,0,000,CLASSIFICAR MODELO/FAMILIA,,,0097,GERAL,PRD,PRD - FASE PRODUTO,,,Lib corte,,00/01/1900,00/01/1900,149,SEM LICENÇA HERING,CONFECCOES ONEDA LTDA,13.14.00.0625C,SHORTS,D7,MALOTES,N,HXO,HXO - COLEÇÂO OUTONO 2027 - HERING,1D,1D,3,12,80,0,0,0,0,14/09/2026,9/21/2026,D3,MALOTES,83,,MALOTE,0,PC,LIBERADO PARA PRODUÇÂO,CIA. HERING,4507405484,4507405484,062006,05729,29/11/2026,2648,11 - SEM 48 - 2026,(47) 3332-5004,0,,,0103,GRUPO SOMA,29/11/2026,75,6,1,80,,,0,0,100,0,0,2645,H03,T52 - HERING BB0,05,CAIXA - LR,N,N,SSNN,0,,B32,0,0,B00,SHORTS (BOTTON),"Rot 2--- LANCASTER - 22627-5 ---- cores PIG R$ 20, processo completo",,17,29/11/2026,0,0,GASPAR,AVENIDA DEPUTADO FRANCISCO MASTELLA,3955,SETE DE SETEMBRO,,5,25/08/2026,11/29/2026,,1,,,2642,0,,0,00.577.158/0001-29,
078025,1,834,,,0,11 - SEM 45 - 2026,999,07/08,9 lcc,0,OP PRODUÇÃO,0,000,CLASSIFICAR MODELO/FAMILIA,,,0097,GERAL,PRD,PRD - FASE PRODUTO,,,Lib corte,,00/01/1900,00/01/1900,149,SEM LICENÇA HERING,CONFECCOES ONEDA LTDA,13.14.00.0625C,SHORTS,D7,MALOTES,N,HXO,HXO - COLEÇÂO OUTONO 2027 - HERING,1D,1D,4,13,432,0,0,0,0,14/09/2026,9/21/2026,D3,MALOTES,83,,MALOTE,0,PC,LIBERADO PARA PRODUÇÂO,CIA. HERING,4507405484,4507405484,062006,05729,29/11/2026,2648,11 - SEM 48 - 2026,(47) 3332-5004,0,,,0103,GRUPO SOMA,29/11/2026,75,6,1,432,,,0,0,100,0,0,2645,H03,T52 - HERING BB0,05,CAIXA - LR,N,N,SSNN,0,,B32,0,0,B00,SHORTS (BOTTON),"Rot 2--- LANCASTER - 22627-5 ---- cores PIG R$ 20, processo completo",,17,29/11/2026,0,0,GASPAR,AVENIDA DEPUTADO FRANCISCO MASTELLA,3955,SETE DE SETEMBRO,,5,25/08/2026,11/29/2026,,1,,,2642,0,,0,00.577.158/0001-29,
078026,1,834,,,0,11 - SEM 45 - 2026,999,20/07,9 lcc,0,OP PRODUÇÃO,0,000,CLASSIFICAR MODELO/FAMILIA,,,0097,GERAL,PRD,PRD - FASE PRODUTO,,,Lib corte,,00/01/1900,00/01/1900,149,SEM LICENÇA HERING,CONFECCOES ONEDA LTDA,13.14.00.0625D,SHORTS,D7,MALOTES,N,HXO,HXO - COLEÇÂO OUTONO 2027 - HERING,1E,1E,1,10,141,0,0,0,0,14/09/2026,9/21/2026,D3,MALOTES,83,,MALOTE,0,PC,LIBERADO PARA PRODUÇÂO,CIA. HERING,4507405484,4507405484,062007,05729,29/11/2026,2648,11 - SEM 48 - 2026,(47) 3332-5004,0,,,0103,GRUPO SOMA,29/11/2026,75,6,1,141,,,0,0,100,0,0,2645,H03,T52 - HERING BB0,05,CAIXA - LR,N,N,SSNN,0,,B29,0,0,B00,SHORTS (BOTTON),"Rot LANCASTER - 43627-4------4 cores PIG R$ 22, processo completo",,17,29/11/2026,0,0,GASPAR,AVENIDA DEPUTADO FRANCISCO MASTELLA,3955,SETE DE SETEMBRO,,5,25/08/2026,11/29/2026,,1,,,2642,0,,0,00.577.158/0001-29,
078026,1,834,,,0,11 - SEM 45 - 2026,999,20/07,9 lcc,0,OP PRODUÇÃO,0,000,CLASSIFICAR MODELO/FAMILIA,,,0097,GERAL,PRD,PRD - FASE PRODUTO,,,Lib corte,,00/01/1900,00/01/1900,149,SEM LICENÇA HERING,CONFECCOES ONEDA LTDA,13.14.00.0625D,SHORTS,D7,MALOTES,N,HXO,HXO - COLEÇÂO OUTONO 2027 - HERING,1E,1E,2,11,397,0,0,0,0,14/09/2026,9/21/2026,D3,MALOTES,83,,MALOTE,0,PC,LIBERADO PARA PRODUÇÂO,CIA. HERING,4507405484,4507405484,062007,05729,29/11/2026,2648,11 - SEM 48 - 2026,(47) 3332-5004,0,,,0103,GRUPO SOMA,29/11/2026,75,6,1,397,,,0,0,100,0,0,2645,H03,T52 - HERING BB0,05,CAIXA - LR,N,N,SSNN,0,,B29,0,0,B00,SHORTS (BOTTON),"Rot LANCASTER - 43627-4------4 cores PIG R$ 22, processo completo",,17,29/11/2026,0,0,GASPAR,AVENIDA DEPUTADO FRANCISCO MASTELLA,3955,SETE DE SETEMBRO,,5,25/08/2026,11/29/2026,,1,,,2642,0,,0,00.577.158/0001-29,
078026,1,834,,,0,11 - SEM 45 - 2026,999,20/07,9 lcc,0,OP PRODUÇÃO,0,000,CLASSIFICAR MODELO/FAMILIA,,,0097,GERAL,PRD,PRD - FASE PRODUTO,,,Lib corte,,00/01/1900,00/01/1900,149,SEM LICENÇA HERING,CONFECCOES ONEDA LTDA,13.14.00.0625D,SHORTS,D7,MALOTES,N,HXO,HXO - COLEÇÂO OUTONO 2027 - HERING,1E,1E,3,12,143,0,0,0,0,14/09/2026,9/21/2026,D3,MALOTES,83,,MALOTE,0,PC,LIBERADO PARA PRODUÇÂO,CIA. HERING,4507405484,4507405484,062007,05729,29/11/2026,2648,11 - SEM 48 - 2026,(47) 3332-5004,0,,,0103,GRUPO SOMA,29/11/2026,75,6,1,143,,,0,0,100,0,0,2645,H03,T52 - HERING BB0,05,CAIXA - LR,N,N,SSNN,0,,B29,0,0,B00,SHORTS (BOTTON),"Rot LANCASTER - 43627-4------4 cores PIG R$ 22, processo completo",,17,29/11/2026,0,0,GASPAR,AVENIDA DEPUTADO FRANCISCO MASTELLA,3955,SETE DE SETEMBRO,,5,25/08/2026,11/29/2026,,1,,,2642,0,,0,00.577.158/0001-29,
078026,1,834,,,0,11 - SEM 45 - 2026,999,20/07,9 lcc,0,OP PRODUÇÃO,0,000,CLASSIFICAR MODELO/FAMILIA,,,0097,GERAL,PRD,PRD - FASE PRODUTO,,,Lib corte,,00/01/1900,00/01/1900,149,SEM LICENÇA HERING,CONFECCOES ONEDA LTDA,13.14.00.0625D,SHORTS,D7,MALOTES,N,HXO,HXO - COLEÇÂO OUTONO 2027 - HERING,1E,1E,4,13,789,0,0,0,0,14/09/2026,9/21/2026,D3,MALOTES,83,,MALOTE,0,PC,LIBERADO PARA PRODUÇÂO,CIA. HERING,4507405484,4507405484,062007,05729,29/11/2026,2648,11 - SEM 48 - 2026,(47) 3332-5004,0,,,0103,GRUPO SOMA,29/11/2026,75,6,1,789,,,0,0,100,0,0,2645,H03,T52 - HERING BB0,05,CAIXA - LR,N,N,SSNN,0,,B29,0,0,B00,SHORTS (BOTTON),"Rot LANCASTER - 43627-4------4 cores PIG R$ 22, processo completo",,17,29/11/2026,0,0,GASPAR,AVENIDA DEPUTADO FRANCISCO MASTELLA,3955,SETE DE SETEMBRO,,5,25/08/2026,11/29/2026,,1,,,2642,0,,0,00.577.158/0001-29,
078027,1,834,,,0,10 - SEM 42 - 2026,999,,9 lcc,0,OP PRODUÇÃO,0,000,CLASSIFICAR MODELO/FAMILIA,,,0097,GERAL,PRD,PRD - FASE PRODUTO,,,Lib corte,,00/01/1900,00/01/1900,149,SEM LICENÇA HERING,CONFECCOES ONEDA LTDA,13.13.00.0622EM,CALÇA,D7,MALOTES,N,HXO,HXO - COLEÇÂO OUTONO 2027 - HERING,2T,2T,4,13,100,0,0,0,0,14/09/2026,9/21/2026,D3,MALOTES,83,,MALOTE,0,PC,LIBERADO PARA PRODUÇÂO,CIA. HERING,4507413394,4507413394,062039,05729,01/11/2026,2644,10 - SEM 44 - 2026,(47) 3332-5004,0,,,0103,GRUPO SOMA,25/08/2026,47,6,1,100,,,0,0,0,0,0,2642,H04,T58 - HERING BBA,05,CAIXA - LR,N,N,SSNN,0,,,0,0,B01,CALÇA (BOTTON),,,"17,4",01/11/2026,0,0,GASPAR,AVENIDA DEPUTADO FRANCISCO MASTELLA,3955,SETE DE SETEMBRO,,5,25/08/2026,8/25/2026,,1,,,2642,0,,0,00.577.158/0001-29,
078028,1,834,,,0,10 - SEM 42 - 2026,999,,9 lcc,0,OP PRODUÇÃO,0,000,CLASSIFICAR MODELO/FAMILIA,,,0097,GERAL,PRD,PRD - FASE PRODUTO,,,Lib corte,,00/01/1900,00/01/1900,149,SEM LICENÇA HERING,CONFECCOES ONEDA LTDA,13.16.00.0439FM,CONJUNTO CURTO,D7,MALOTES,N,HXO,HXO - COLEÇÂO OUTONO 2027 - HERING,1H,1H,8,15,100,0,0,0,0,14/09/2026,9/21/2026,D3,MALOTES,83,,MALOTE,0,PC,LIBERADO PARA PRODUÇÂO,CIA. HERING,4507413394,4507413394,062040,05729,01/11/2026,2644,10 - SEM 44 - 2026,(47) 3332-5004,0,,,0103,GRUPO SOMA,18/10/2026,47,6,1,100,,,0,0,0,0,0,2642,H01,T54 - HERING KIDS O,05,CAIXA - LR,N,N,SSNN,0,,,0,0,C00,CONJUNTO CURTO (TOP/BOTTON),,,"37,35",01/11/2026,1,0,GASPAR,AVENIDA DEPUTADO FRANCISCO MASTELLA,3955,SETE DE SETEMBRO,,5,25/08/2026,10/18/2026,,1,,,2642,0,,0,00.577.158/0001-29,
078029,1,834,,,0,10 - SEM 42 - 2026,999,,9 lcc,0,OP PRODUÇÃO,0,000,CLASSIFICAR MODELO/FAMILIA,,,0097,GERAL,PRD,PRD - FASE PRODUTO,,,Lib corte,,00/01/1900,00/01/1900,149,SEM LICENÇA HERING,CONFECCOES ONEDA LTDA,13.13.00.0623DM,CONJUNTO CURTO,D7,MALOTES,N,HXO,HXO - COLEÇÂO OUTONO 2027 - HERING,1E,1E,4,13,100,0,0,0,0,14/09/2026,9/21/2026,D3,MALOTES,83,,MALOTE,0,PC,LIBERADO PARA PRODUÇÂO,CIA. HERING,4507413394,4507413394,062041,05729,01/11/2026,2644,10 - SEM 44 - 2026,(47) 3332-5004,0,,,0103,GRUPO SOMA,18/10/2026,47,6,1,100,,,0,0,0,0,0,2642,H04,T58 - HERING BBA,05,CAIXA - LR,N,N,SSNN,0,,,0,0,C00,CONJUNTO CURTO (TOP/BOTTON),,,"22,4",01/11/2026,1,0,GASPAR,AVENIDA DEPUTADO FRANCISCO MASTELLA,3955,SETE DE SETEMBRO,,5,25/08/2026,10/18/2026,,1,,,2642,0,,0,00.577.158/0001-29,
078030,1,834,,,0,10 - SEM 42 - 2026,999,,9 lcc,0,OP PRODUÇÃO,0,000,CLASSIFICAR MODELO/FAMILIA,,,0097,GERAL,PRD,PRD - FASE PRODUTO,,,Lib corte,,00/01/1900,00/01/1900,149,SEM LICENÇA HERING,CONFECCOES ONEDA LTDA,13.14.00.0624DM,TOP CURTO,D7,MALOTES,N,HXO,HXO - COLEÇÂO OUTONO 2027 - HERING,2D,2D,4,13,100,0,0,0,0,14/09/2026,9/21/2026,D3,MALOTES,83,,MALOTE,0,PC,LIBERADO PARA PRODUÇÂO,CIA. HERING,4507413394,4507413394,062044,05729,01/11/2026,2644,10 - SEM 44 - 2026,(47) 3332-5004,0,,,0103,GRUPO SOMA,18/10/2026,47,6,1,100,,,0,0,0,0,0,2642,H03,T52 - HERING BB0,05,CAIXA - LR,N,N,SSNN,0,,,0,0,T00,TOP CURTO (TOP),"Rot LANCASTER - 43627-4 ----4 cores PIG R$ 22, processo completo",,"14,9",01/11/2026,0,0,GASPAR,AVENIDA DEPUTADO FRANCISCO MASTELLA,3955,SETE DE SETEMBRO,,5,25/08/2026,10/18/2026,,1,,,2642,0,,0,00.577.158/0001-29,
078031,1,834,,,0,10 - SEM 42 - 2026,999,,9 lcc,0,OP PRODUÇÃO,0,000,CLASSIFICAR MODELO/FAMILIA,,,0097,GERAL,PRD,PRD - FASE PRODUTO,,,Lib corte,,00/01/1900,00/01/1900,149,SEM LICENÇA HERING,CONFECCOES ONEDA LTDA,13.14.00.0625DM,SHORTS,D7,MALOTES,N,HXO,HXO - COLEÇÂO OUTONO 2027 - HERING,1E,1E,4,13,100,0,0,0,0,14/09/2026,9/21/2026,D3,MALOTES,83,,MALOTE,0,PC,LIBERADO PARA PRODUÇÂO,CIA. HERING,4507413394,4507413394,062043,05729,01/11/2026,2644,10 - SEM 44 - 2026,(47) 3332-5004,0,,,0103,GRUPO SOMA,18/10/2026,47,6,1,100,,,0,0,0,0,0,2642,H03,T52 - HERING BB0,05,CAIXA - LR,N,N,SSNN,0,,,0,0,B00,SHORTS (BOTTON),LACRES: [x] MODELAGEM-[x] ESTAMP - [x] COR -[ ] AVIAMENTOS,"Rot LANCASTER - 43627-4 ----4 cores PIG R$ 22, processo completo",17,01/11/2026,0,0,GASPAR,AVENIDA DEPUTADO FRANCISCO MASTELLA,3955,SETE DE SETEMBRO,,5,25/08/2026,10/18/2026,,1,,,2642,0,,0,00.577.158/0001-29,
078049,0,834,,,0,10 - SEM 44 - 2026,999,14/02,9 lcc,0,OP PRODUÇÃO,0,000,CLASSIFICAR MODELO/FAMILIA,,,0097,GERAL,PRD,PRD - FASE PRODUTO,,,Lib corte,,03/05/2026,00/01/1900,86,DISNEY C&A,CONFECCOES ONEDA LTDA,01.14.01.2972,TOP CURTO / BOBS-01.14.01.2555,D7,MALOTES,N,C7AR,C7AR - FEIRA WINTER I 2025 ( PROD. AS BS) REPEATS INCLUSOS,12538,VERMELHO ESCURO,1,10,474,0,0,0,0,03/09/2026,9/10/2026,D3,MALOTES,83,,MALOTE,0,PC,LIBERADO PARA PRODUÇÂO,C&A MODAS S.A.,109276,109276,062056,05461,01/11/2026,2644,10 - SEM 44 - 2026,(47) 3332-5004,0,,,0030,C&A MODAS,18/10/2026,47,-5,12,474,,,0,0,100,0,0,2644,003,T52A - BBO,30,SORTER,N,N,SSNN,"9,4562",,Y06,0,0,T00,TOP CURTO (TOP),PP SAMPLE ENVIADA 12/02,,"15,8",01/11/2026,2,0,GASPAR,AVENIDA DEPUTADO FRANCISCO MASTELLA,3955,SETE DE SETEMBRO,,5,28/08/2026,10/18/2026,,1,,,2642,0,,0,00.577.158/0001-29,
078049,0,834,,,0,10 - SEM 44 - 2026,999,14/02,9 lcc,0,OP PRODUÇÃO,0,000,CLASSIFICAR MODELO/FAMILIA,,,0097,GERAL,PRD,PRD - FASE PRODUTO,,,Lib corte,,03/05/2026,00/01/1900,86,DISNEY C&A,CONFECCOES ONEDA LTDA,01.14.01.2972,TOP CURTO / BOBS-01.14.01.2555,D7,MALOTES,N,C7AR,C7AR - FEIRA WINTER I 2025 ( PROD. AS BS) REPEATS INCLUSOS,12538,VERMELHO ESCURO,2,11,1215,0,0,0,0,03/09/2026,9/10/2026,D3,MALOTES,83,,MALOTE,0,PC,LIBERADO PARA PRODUÇÂO,C&A MODAS S.A.,109276,109276,062056,05461,01/11/2026,2644,10 - SEM 44 - 2026,(47) 3332-5004,0,,,0030,C&A MODAS,18/10/2026,47,-5,12,1215,,,0,0,100,0,0,2644,003,T52A - BBO,30,SORTER,N,N,SSNN,"9,4562",,Y06,0,0,T00,TOP CURTO (TOP),PP SAMPLE ENVIADA 12/02,,"15,8",01/11/2026,2,0,GASPAR,AVENIDA DEPUTADO FRANCISCO MASTELLA,3955,SETE DE SETEMBRO,,5,28/08/2026,10/18/2026,,1,,,2642,0,,0,00.577.158/0001-29,
078049,0,834,,,0,10 - SEM 44 - 2026,999,14/02,9 lcc,0,OP PRODUÇÃO,0,000,CLASSIFICAR MODELO/FAMILIA,,,0097,GERAL,PRD,PRD - FASE PRODUTO,,,Lib corte,,03/05/2026,00/01/1900,86,DISNEY C&A,CONFECCOES ONEDA LTDA,01.14.01.2972,TOP CURTO / BOBS-01.14.01.2555,D7,MALOTES,N,C7AR,C7AR - FEIRA WINTER I 2025 ( PROD. AS BS) REPEATS INCLUSOS,12538,VERMELHO ESCURO,3,12,1494,0,0,0,0,03/09/2026,9/10/2026,D3,MALOTES,83,,MALOTE,0,PC,LIBERADO PARA PRODUÇÂO,C&A MODAS S.A.,109276,109276,062056,05461,01/11/2026,2644,10 - SEM 44 - 2026,(47) 3332-5004,0,,,0030,C&A MODAS,18/10/2026,47,-5,12,1494,,,0,0,100,0,0,2644,003,T52A - BBO,30,SORTER,N,N,SSNN,"9,4562",,Y06,0,0,T00,TOP CURTO (TOP),PP SAMPLE ENVIADA 12/02,,"15,8",01/11/2026,2,0,GASPAR,AVENIDA DEPUTADO FRANCISCO MASTELLA,3955,SETE DE SETEMBRO,,5,28/08/2026,10/18/2026,,1,,,2642,0,,0,00.577.158/0001-29,
078049,0,834,,,0,10 - SEM 44 - 2026,999,14/02,9 lcc,0,OP PRODUÇÃO,0,000,CLASSIFICAR MODELO/FAMILIA,,,0097,GERAL,PRD,PRD - FASE PRODUTO,,,Lib corte,,03/05/2026,00/01/1900,86,DISNEY C&A,CONFECCOES ONEDA LTDA,01.14.01.2972,TOP CURTO / BOBS-01.14.01.2555,D7,MALOTES,N,C7AR,C7AR - FEIRA WINTER I 2025 ( PROD. AS BS) REPEATS INCLUSOS,12538,VERMELHO ESCURO,4,13,1184,0,0,0,0,03/09/2026,9/10/2026,D3,MALOTES,83,,MALOTE,0,PC,LIBERADO PARA PRODUÇÂO,C&A MODAS S.A.,109276,109276,062056,05461,01/11/2026,2644,10 - SEM 44 - 2026,(47) 3332-5004,0,,,0030,C&A MODAS,18/10/2026,47,-5,12,1184,,,0,0,100,0,0,2644,003,T52A - BBO,30,SORTER,N,N,SSNN,"9,4562",,Y06,0,0,T00,TOP CURTO (TOP),PP SAMPLE ENVIADA 12/02,,"15,8",01/11/2026,2,0,GASPAR,AVENIDA DEPUTADO FRANCISCO MASTELLA,3955,SETE DE SETEMBRO,,5,28/08/2026,10/18/2026,,1,,,2642,0,,0,00.577.158/0001-29,
078049,0,834,,,0,10 - SEM 44 - 2026,999,14/02,9 lcc,0,OP PRODUÇÃO,0,000,CLASSIFICAR MODELO/FAMILIA,,,0097,GERAL,PRD,PRD - FASE PRODUTO,,,Lib corte,,03/05/2026,00/01/1900,86,DISNEY C&A,CONFECCOES ONEDA LTDA,01.14.01.2972,TOP CURTO / BOBS-01.14.01.2555,D7,MALOTES,N,C7AR,C7AR - FEIRA WINTER I 2025 ( PROD. AS BS) REPEATS INCLUSOS,12538,VERMELHO ESCURO,5,58,783,0,0,0,0,03/09/2026,9/10/2026,D3,MALOTES,83,,MALOTE,0,PC,LIBERADO PARA PRODUÇÂO,C&A MODAS S.A.,109276,109276,062056,05461,01/11/2026,2644,10 - SEM 44 - 2026,(47) 3332-5004,0,,,0030,C&A MODAS,18/10/2026,47,-5,12,783,,,0,0,100,0,0,2644,003,T52A - BBO,30,SORTER,N,N,SSNN,"9,4562",,Y06,0,0,T00,TOP CURTO (TOP),PP SAMPLE ENVIADA 12/02,,"15,8",01/11/2026,2,0,GASPAR,AVENIDA DEPUTADO FRANCISCO MASTELLA,3955,SETE DE SETEMBRO,,5,28/08/2026,10/18/2026,,1,,,2642,0,,0,00.577.158/0001-29,
078051,0,834,,,0,12 - SEM 49 - 2026,999,30/04,9 lcc,0,OP PRODUÇÃO,0,T001,TOP MC BASICO,A,7 SEMANAS LEAD TIME DE PRODUÇÃO,0097,GERAL,PRD,PRD - FASE PRODUTO,,,Lib corte,,14/03/2027,00/01/1900,86,DISNEY C&A,CONFECCOES ONEDA LTDA,01.14.01.3223,TOP CURTO / 2026-2-3552,D7,MALOTES,N,CEAR,CEAR - FEIRA SUMMER II 2026 (PROD AS BS) REPEATS,1457,AZUL MEDIO,1,10,366,0,0,0,0,03/09/2026,9/10/2026,D3,MALOTES,83,,MALOTE,0,PC,LIBERADO PARA PRODUÇÂO,C&A MODAS S.A.,98995,98995,061628,05461,06/12/2026,2649,12 - SEM 49 - 2026,(47) 3332-5004,0,,,0030,C&A MODAS,22/11/2026,82,-5,12,366,,,0,0,100,0,0,2649,003,T52A - BBO,30,SORTER,N,N,SSNN,"7,8069",,B18,0,0,T00,TOP CURTO (TOP),PPSAMPLE ENVIADA 04/05,,"15,5",06/12/2026,2,0,GASPAR,AVENIDA DEPUTADO FRANCISCO MASTELLA,3955,SETE DE SETEMBRO,,5,28/08/2026,11/22/2026,,1,,,2642,0,,0,00.577.158/0001-29,
078051,0,834,,,0,12 - SEM 49 - 2026,999,30/04,9 lcc,0,OP PRODUÇÃO,0,T001,TOP MC BASICO,A,7 SEMANAS LEAD TIME DE PRODUÇÃO,0097,GERAL,PRD,PRD - FASE PRODUTO,,,Lib corte,,14/03/2027,00/01/1900,86,DISNEY C&A,CONFECCOES ONEDA LTDA,01.14.01.3223,TOP CURTO / 2026-2-3552,D7,MALOTES,N,CEAR,CEAR - FEIRA SUMMER II 2026 (PROD AS BS) REPEATS,1457,AZUL MEDIO,2,11,1130,0,0,0,0,03/09/2026,9/10/2026,D3,MALOTES,83,,MALOTE,0,PC,LIBERADO PARA PRODUÇÂO,C&A MODAS S.A.,98995,98995,061628,05461,06/12/2026,2649,12 - SEM 49 - 2026,(47) 3332-5004,0,,,0030,C&A MODAS,22/11/2026,82,-5,12,1130,,,0,0,100,0,0,2649,003,T52A - BBO,30,SORTER,N,N,SSNN,"7,8069",,B18,0,0,T00,TOP CURTO (TOP),PPSAMPLE ENVIADA 04/05,,"15,5",06/12/2026,2,0,GASPAR,AVENIDA DEPUTADO FRANCISCO MASTELLA,3955,SETE DE SETEMBRO,,5,28/08/2026,11/22/2026,,1,,,2642,0,,0,00.577.158/0001-29,
078051,0,834,,,0,12 - SEM 49 - 2026,999,30/04,9 lcc,0,OP PRODUÇÃO,0,T001,TOP MC BASICO,A,7 SEMANAS LEAD TIME DE PRODUÇÃO,0097,GERAL,PRD,PRD - FASE PRODUTO,,,Lib corte,,14/03/2027,00/01/1900,86,DISNEY C&A,CONFECCOES ONEDA LTDA,01.14.01.3223,TOP CURTO / 2026-2-3552,D7,MALOTES,N,CEAR,CEAR - FEIRA SUMMER II 2026 (PROD AS BS) REPEATS,1457,AZUL MEDIO,3,12,1159,0,0,0,0,03/09/2026,9/10/2026,D3,MALOTES,83,,MALOTE,0,PC,LIBERADO PARA PRODUÇÂO,C&A MODAS S.A.,98995,98995,061628,05461,06/12/2026,2649,12 - SEM 49 - 2026,(47) 3332-5004,0,,,0030,C&A MODAS,22/11/2026,82,-5,12,1159,,,0,0,100,0,0,2649,003,T52A - BBO,30,SORTER,N,N,SSNN,"7,8069",,B18,0,0,T00,TOP CURTO (TOP),PPSAMPLE ENVIADA 04/05,,"15,5",06/12/2026,2,0,GASPAR,AVENIDA DEPUTADO FRANCISCO MASTELLA,3955,SETE DE SETEMBRO,,5,28/08/2026,11/22/2026,,1,,,2642,0,,0,00.577.158/0001-29,
078051,0,834,,,0,12 - SEM 49 - 2026,999,30/04,9 lcc,0,OP PRODUÇÃO,0,T001,TOP MC BASICO,A,7 SEMANAS LEAD TIME DE PRODUÇÃO,0097,GERAL,PRD,PRD - FASE PRODUTO,,,Lib corte,,14/03/2027,00/01/1900,86,DISNEY C&A,CONFECCOES ONEDA LTDA,01.14.01.3223,TOP CURTO / 2026-2-3552,D7,MALOTES,N,CEAR,CEAR - FEIRA SUMMER II 2026 (PROD AS BS) REPEATS,1457,AZUL MEDIO,4,13,946,0,0,0,0,03/09/2026,9/10/2026,D3,MALOTES,83,,MALOTE,0,PC,LIBERADO PARA PRODUÇÂO,C&A MODAS S.A.,98995,98995,061628,05461,06/12/2026,2649,12 - SEM 49 - 2026,(47) 3332-5004,0,,,0030,C&A MODAS,22/11/2026,82,-5,12,946,,,0,0,100,0,0,2649,003,T52A - BBO,30,SORTER,N,N,SSNN,"7,8069",,B18,0,0,T00,TOP CURTO (TOP),PPSAMPLE ENVIADA 04/05,,"15,5",06/12/2026,2,0,GASPAR,AVENIDA DEPUTADO FRANCISCO MASTELLA,3955,SETE DE SETEMBRO,,5,28/08/2026,11/22/2026,,1,,,2642,0,,0,00.577.158/0001-29,
078051,0,834,,,0,12 - SEM 49 - 2026,999,30/04,9 lcc,0,OP PRODUÇÃO,0,T001,TOP MC BASICO,A,7 SEMANAS LEAD TIME DE PRODUÇÃO,0097,GERAL,PRD,PRD - FASE PRODUTO,,,Lib corte,,14/03/2027,00/01/1900,86,DISNEY C&A,CONFECCOES ONEDA LTDA,01.14.01.3223,TOP CURTO / 2026-2-3552,D7,MALOTES,N,CEAR,CEAR - FEIRA SUMMER II 2026 (PROD AS BS) REPEATS,1457,AZUL MEDIO,5,58,520,0,0,0,0,03/09/2026,9/10/2026,D3,MALOTES,83,,MALOTE,0,PC,LIBERADO PARA PRODUÇÂO,C&A MODAS S.A.,98995,98995,061628,05461,06/12/2026,2649,12 - SEM 49 - 2026,(47) 3332-5004,0,,,0030,C&A MODAS,22/11/2026,82,-5,12,520,,,0,0,100,0,0,2649,003,T52A - BBO,30,SORTER,N,N,SSNN,"7,8069",,B18,0,0,T00,TOP CURTO (TOP),PPSAMPLE ENVIADA 04/05,,"15,5",06/12/2026,2,0,GASPAR,AVENIDA DEPUTADO FRANCISCO MASTELLA,3955,SETE DE SETEMBRO,,5,28/08/2026,11/22/2026,,1,,,2642,0,,0,00.577.158/0001-29,
078164,1,834,,,0,01 - SEM 01 - 2027,999,,9 lcc,0,OP PRODUÇÃO,0,000,CLASSIFICAR MODELO/FAMILIA,,,0097,GERAL,PRD,PRD - FASE PRODUTO,,,Lib corte,,00/01/1900,00/01/1900,86,DISNEY C&A,CONFECCOES ONEDA LTDA,01.14.01.3106A,TOP CURTO / 2025-2-3973,D7,MALOTES,N,CYAR,CYAR - C&A FEIRA WINTER II 2026 (AS E BS) - REPEATS INCLUSOS NEGOCIAÇÃO,1368,AZUL CLARO,1,10,103,0,0,0,0,14/09/2026,9/21/2026,D3,MALOTES,83,,MALOTE,0,PC,LIBERADO PARA PRODUÇÂO,C&A MODAS S.A.,116532,116532,062062,05461,03/01/2027,2701,01 - SEM 01 - 2027,(47) 3332-5004,0,,,0030,C&A MODAS,03/01/2027,110,6,1,103,,,0,0,100,0,0,2701,003,T52A - BBO,30,SORTER,N,N,SSNN,"8,2811",,A18 (ASQ4),0,0,T00,TOP CURTO (TOP),,15/04 - 5 cores,"12,38",03/01/2027,2,0,GASPAR,AVENIDA DEPUTADO FRANCISCO MASTELLA,3955,SETE DE SETEMBRO,,5,14/09/2026,1/3/2027,,1,,,2645,0,,0,00.577.158/0001-29,
078164,1,834,,,0,01 - SEM 01 - 2027,999,,9 lcc,0,OP PRODUÇÃO,0,000,CLASSIFICAR MODELO/FAMILIA,,,0097,GERAL,PRD,PRD - FASE PRODUTO,,,Lib corte,,00/01/1900,00/01/1900,86,DISNEY C&A,CONFECCOES ONEDA LTDA,01.14.01.3106A,TOP CURTO / 2025-2-3973,D7,MALOTES,N,CYAR,CYAR - C&A FEIRA WINTER II 2026 (AS E BS) - REPEATS INCLUSOS NEGOCIAÇÃO,1368,AZUL CLARO,2,11,206,0,0,0,0,14/09/2026,9/21/2026,D3,MALOTES,83,,MALOTE,0,PC,LIBERADO PARA PRODUÇÂO,C&A MODAS S.A.,116532,116532,062062,05461,03/01/2027,2701,01 - SEM 01 - 2027,(47) 3332-5004,0,,,0030,C&A MODAS,03/01/2027,110,6,1,206,,,0,0,100,0,0,2701,003,T52A - BBO,30,SORTER,N,N,SSNN,"8,2811",,A18 (ASQ4),0,0,T00,TOP CURTO (TOP),,15/04 - 5 cores,"12,38",03/01/2027,2,0,GASPAR,AVENIDA DEPUTADO FRANCISCO MASTELLA,3955,SETE DE SETEMBRO,,5,14/09/2026,1/3/2027,,1,,,2645,0,,0,00.577.158/0001-29,
078164,1,834,,,0,01 - SEM 01 - 2027,999,,9 lcc,0,OP PRODUÇÃO,0,000,CLASSIFICAR MODELO/FAMILIA,,,0097,GERAL,PRD,PRD - FASE PRODUTO,,,Lib corte,,00/01/1900,00/01/1900,86,DISNEY C&A,CONFECCOES ONEDA LTDA,01.14.01.3106A,TOP CURTO / 2025-2-3973,D7,MALOTES,N,CYAR,CYAR - C&A FEIRA WINTER II 2026 (AS E BS) - REPEATS INCLUSOS NEGOCIAÇÃO,1368,AZUL CLARO,3,12,309,0,0,0,0,14/09/2026,9/21/2026,D3,MALOTES,83,,MALOTE,0,PC,LIBERADO PARA PRODUÇÂO,C&A MODAS S.A.,116532,116532,062062,05461,03/01/2027,2701,01 - SEM 01 - 2027,(47) 3332-5004,0,,,0030,C&A MODAS,03/01/2027,110,6,1,309,,,0,0,100,0,0,2701,003,T52A - BBO,30,SORTER,N,N,SSNN,"8,2811",,A18 (ASQ4),0,0,T00,TOP CURTO (TOP),,15/04 - 5 cores,"12,38",03/01/2027,2,0,GASPAR,AVENIDA DEPUTADO FRANCISCO MASTELLA,3955,SETE DE SETEMBRO,,5,14/09/2026,1/3/2027,,1,,,2645,0,,0,00.577.158/0001-29,
078164,1,834,,,0,01 - SEM 01 - 2027,999,,9 lcc,0,OP PRODUÇÃO,0,000,CLASSIFICAR MODELO/FAMILIA,,,0097,GERAL,PRD,PRD - FASE PRODUTO,,,Lib corte,,00/01/1900,00/01/1900,86,DISNEY C&A,CONFECCOES ONEDA LTDA,01.14.01.3106A,TOP CURTO / 2025-2-3973,D7,MALOTES,N,CYAR,CYAR - C&A FEIRA WINTER II 2026 (AS E BS) - REPEATS INCLUSOS NEGOCIAÇÃO,1368,AZUL CLARO,4,13,206,0,0,0,0,14/09/2026,9/21/2026,D3,MALOTES,83,,MALOTE,0,PC,LIBERADO PARA PRODUÇÂO,C&A MODAS S.A.,116532,116532,062062,05461,03/01/2027,2701,01 - SEM 01 - 2027,(47) 3332-5004,0,,,0030,C&A MODAS,03/01/2027,110,6,1,206,,,0,0,100,0,0,2701,003,T52A - BBO,30,SORTER,N,N,SSNN,"8,2811",,A18 (ASQ4),0,0,T00,TOP CURTO (TOP),,15/04 - 5 cores,"12,38",03/01/2027,2,0,GASPAR,AVENIDA DEPUTADO FRANCISCO MASTELLA,3955,SETE DE SETEMBRO,,5,14/09/2026,1/3/2027,,1,,,2645,0,,0,00.577.158/0001-29,
078164,1,834,,,0,01 - SEM 01 - 2027,999,,9 lcc,0,OP PRODUÇÃO,0,000,CLASSIFICAR MODELO/FAMILIA,,,0097,GERAL,PRD,PRD - FASE PRODUTO,,,Lib corte,,00/01/1900,00/01/1900,86,DISNEY C&A,CONFECCOES ONEDA LTDA,01.14.01.3106A,TOP CURTO / 2025-2-3973,D7,MALOTES,N,CYAR,CYAR - C&A FEIRA WINTER II 2026 (AS E BS) - REPEATS INCLUSOS NEGOCIAÇÃO,1368,AZUL CLARO,5,58,206,0,0,0,0,14/09/2026,9/21/2026,D3,MALOTES,83,,MALOTE,0,PC,LIBERADO PARA PRODUÇÂO,C&A MODAS S.A.,116532,116532,062062,05461,03/01/2027,2701,01 - SEM 01 - 2027,(47) 3332-5004,0,,,0030,C&A MODAS,03/01/2027,110,6,1,206,,,0,0,100,0,0,2701,003,T52A - BBO,30,SORTER,N,N,SSNN,"8,2811",,A18 (ASQ4),0,0,T00,TOP CURTO (TOP),,15/04 - 5 cores,"12,38",03/01/2027,2,0,GASPAR,AVENIDA DEPUTADO FRANCISCO MASTELLA,3955,SETE DE SETEMBRO,,5,14/09/2026,1/3/2027,,1,,,2645,0,,0,00.577.158/0001-29,
077883,0,834,,,0,11 - SEM 45 - 2026,999,14/08,7 L C,0,OP PRODUÇÃO,0,000,CLASSIFICAR MODELO/FAMILIA,,,0097,GERAL,PRD,PRD - FASE PRODUTO,,,Lib Corte/ EM TEST MODELAGEM,,00/01/1900,00/01/1900,36,WARNER C&A,CONFECCOES ONEDA LTDA,01.18.07.0688,TOP CURTO POLIESTER - 2026-2-10871,D7,MALOTES,N,CEIN,CEIN - FEIRA SUMMER II 2026 (PROD AS BS) INCLUSÃO NEGOCIADO,08A,VINHO,10,16,367,0,0,0,0,11/09/2026,9/11/2026,D3,MALOTES,88,,COMBINACAO MALOTE,0,PC,AGUAR. APROV. LIC./ PP SAMPLE,C&A MODAS S.A.,107371,107371,061715,05461,08/11/2026,2645,11 - SEM 45 - 2026,(47) 3332-5004,0,,,0030,C&A MODAS,30/10/2026,54,-4,4,367,,,0,0,0,0,0,2645,86,T59C - TEEN,19,CABIDE-DORSAL,N,N,SSNN,0,,B35,0,0,T22,TOP CURTO POLIÉSTER (TOP),PPSAMPLE ENVIADA 26/08,est. fre e cost - 3 cores cada,37,08/11/2026,3,0,GASPAR,AVENIDA DEPUTADO FRANCISCO MASTELLA,3955,SETE DE SETEMBRO,,0,11/09/2026,11/6/2026,,1,,,2645,0,,0,00.577.158/0001-29,
077883,0,834,,,0,11 - SEM 45 - 2026,999,14/08,7 L C,0,OP PRODUÇÃO,0,000,CLASSIFICAR MODELO/FAMILIA,,,0097,GERAL,PRD,PRD - FASE PRODUTO,,,Lib Corte/ EM TEST MODELAGEM,,00/01/1900,00/01/1900,36,WARNER C&A,CONFECCOES ONEDA LTDA,01.18.07.0688,TOP CURTO POLIESTER - 2026-2-10871,D7,MALOTES,N,CEIN,CEIN - FEIRA SUMMER II 2026 (PROD AS BS) INCLUSÃO NEGOCIADO,08A,VINHO,12,17,1100,0,0,0,0,11/09/2026,9/11/2026,D3,MALOTES,88,,COMBINACAO MALOTE,0,PC,AGUAR. APROV. LIC./ PP SAMPLE,C&A MODAS S.A.,107371,107371,061715,05461,08/11/2026,2645,11 - SEM 45 - 2026,(47) 3332-5004,0,,,0030,C&A MODAS,30/10/2026,54,-4,4,1100,,,0,0,0,0,0,2645,86,T59C - TEEN,19,CABIDE-DORSAL,N,N,SSNN,0,,B35,0,0,T22,TOP CURTO POLIÉSTER (TOP),PPSAMPLE ENVIADA 26/08,est. fre e cost - 3 cores cada,37,08/11/2026,3,0,GASPAR,AVENIDA DEPUTADO FRANCISCO MASTELLA,3955,SETE DE SETEMBRO,,0,11/09/2026,11/6/2026,,1,,,2645,0,,0,00.577.158/0001-29,
077883,0,834,,,0,11 - SEM 45 - 2026,999,14/08,7 L C,0,OP PRODUÇÃO,0,000,CLASSIFICAR MODELO/FAMILIA,,,0097,GERAL,PRD,PRD - FASE PRODUTO,,,Lib Corte/ EM TEST MODELAGEM,,00/01/1900,00/01/1900,36,WARNER C&A,CONFECCOES ONEDA LTDA,01.18.07.0688,TOP CURTO POLIESTER - 2026-2-10871,D7,MALOTES,N,CEIN,CEIN - FEIRA SUMMER II 2026 (PROD AS BS) INCLUSÃO NEGOCIADO,08A,VINHO,14,18,1100,0,0,0,0,11/09/2026,9/11/2026,D3,MALOTES,88,,COMBINACAO MALOTE,0,PC,AGUAR. APROV. LIC./ PP SAMPLE,C&A MODAS S.A.,107371,107371,061715,05461,08/11/2026,2645,11 - SEM 45 - 2026,(47) 3332-5004,0,,,0030,C&A MODAS,30/10/2026,54,-4,4,1100,,,0,0,0,0,0,2645,86,T59C - TEEN,19,CABIDE-DORSAL,N,N,SSNN,0,,B35,0,0,T22,TOP CURTO POLIÉSTER (TOP),PPSAMPLE ENVIADA 26/08,est. fre e cost - 3 cores cada,37,08/11/2026,3,0,GASPAR,AVENIDA DEPUTADO FRANCISCO MASTELLA,3955,SETE DE SETEMBRO,,0,11/09/2026,11/6/2026,,1,,,2645,0,,0,00.577.158/0001-29,
077883,0,834,,,0,11 - SEM 45 - 2026,999,14/08,7 L C,0,OP PRODUÇÃO,0,000,CLASSIFICAR MODELO/FAMILIA,,,0097,GERAL,PRD,PRD - FASE PRODUTO,,,Lib Corte/ EM TEST MODELAGEM,,00/01/1900,00/01/1900,36,WARNER C&A,CONFECCOES ONEDA LTDA,01.18.07.0688,TOP CURTO POLIESTER - 2026-2-10871,D7,MALOTES,N,CEIN,CEIN - FEIRA SUMMER II 2026 (PROD AS BS) INCLUSÃO NEGOCIADO,08A,VINHO,16,19,733,0,0,0,0,11/09/2026,9/11/2026,D3,MALOTES,88,,COMBINACAO MALOTE,0,PC,AGUAR. APROV. LIC./ PP SAMPLE,C&A MODAS S.A.,107371,107371,061715,05461,08/11/2026,2645,11 - SEM 45 - 2026,(47) 3332-5004,0,,,0030,C&A MODAS,30/10/2026,54,-4,4,733,,,0,0,0,0,0,2645,86,T59C - TEEN,19,CABIDE-DORSAL,N,N,SSNN,0,,B35,0,0,T22,TOP CURTO POLIÉSTER (TOP),PPSAMPLE ENVIADA 26/08,est. fre e cost - 3 cores cada,37,08/11/2026,3,0,GASPAR,AVENIDA DEPUTADO FRANCISCO MASTELLA,3955,SETE DE SETEMBRO,,0,11/09/2026,11/6/2026,,1,,,2645,0,,0,00.577.158/0001-29,
078019,0,834,,,0,11 - SEM 45 - 2026,999,29/05,9 lcc,0,OP PRODUÇÃO,0,000,CLASSIFICAR MODELO/FAMILIA,,,0097,GERAL,PRD,PRD - FASE PRODUTO,,,Lib corte,,00/01/1900,00/01/1900,149,SEM LICENÇA HERING,CONFECCOES ONEDA LTDA,13.16.00.0439D,CONJUNTO CURTO / 5BHQ-1F,D7,MALOTES,N,HXO,HXO - COLEÇÂO OUTONO 2027 - HERING,1F,1F,4,13,325,0,0,0,0,25/08/2026,8/26/2026,D3,MALOTES,88,,COMBINACAO MALOTE,0,PC,PENDENTE DESENVOLVIMENTO,CIA. HERING,4507405484,4507405484,061981,05729,29/11/2026,2648,11 - SEM 48 - 2026,(47) 3332-5004,0,,,0103,GRUPO SOMA,23/11/2026,75,-20,21,325,,,0,0,0,0,0,2645,H01,T54 - HERING KIDS O,05,CAIXA - LR,N,N,SSNN,0,,B22,0,0,C00,CONJUNTO CURTO (TOP/BOTTON),,,"36,25",29/11/2026,1,0,GASPAR,AVENIDA DEPUTADO FRANCISCO MASTELLA,3955,SETE DE SETEMBRO,,0,25/08/2026,11/29/2026,,1,,,2642,0,,0,00.577.158/0001-29,
078019,0,834,,,0,11 - SEM 45 - 2026,999,29/05,9 lcc,0,OP PRODUÇÃO,0,000,CLASSIFICAR MODELO/FAMILIA,,,0097,GERAL,PRD,PRD - FASE PRODUTO,,,Lib corte,,00/01/1900,00/01/1900,149,SEM LICENÇA HERING,CONFECCOES ONEDA LTDA,13.16.00.0439D,CONJUNTO CURTO / 5BHQ-1F,D7,MALOTES,N,HXO,HXO - COLEÇÂO OUTONO 2027 - HERING,1F,1F,6,14,151,0,0,0,0,25/08/2026,8/26/2026,D3,MALOTES,88,,COMBINACAO MALOTE,0,PC,PENDENTE DESENVOLVIMENTO,CIA. HERING,4507405484,4507405484,061981,05729,29/11/2026,2648,11 - SEM 48 - 2026,(47) 3332-5004,0,,,0103,GRUPO SOMA,23/11/2026,75,-20,21,151,,,0,0,0,0,0,2645,H01,T54 - HERING KIDS O,05,CAIXA - LR,N,N,SSNN,0,,B22,0,0,C00,CONJUNTO CURTO (TOP/BOTTON),,,"36,25",29/11/2026,1,0,GASPAR,AVENIDA DEPUTADO FRANCISCO MASTELLA,3955,SETE DE SETEMBRO,,0,25/08/2026,11/29/2026,,1,,,2642,0,,0,00.577.158/0001-29,
078019,0,834,,,0,11 - SEM 45 - 2026,999,29/05,9 lcc,0,OP PRODUÇÃO,0,000,CLASSIFICAR MODELO/FAMILIA,,,0097,GERAL,PRD,PRD - FASE PRODUTO,,,Lib corte,,00/01/1900,00/01/1900,149,SEM LICENÇA HERING,CONFECCOES ONEDA LTDA,13.16.00.0439D,CONJUNTO CURTO / 5BHQ-1F,D7,MALOTES,N,HXO,HXO - COLEÇÂO OUTONO 2027 - HERING,1F,1F,8,15,133,0,0,0,0,25/08/2026,8/26/2026,D3,MALOTES,88,,COMBINACAO MALOTE,0,PC,PENDENTE DESENVOLVIMENTO,CIA. HERING,4507405484,4507405484,061981,05729,29/11/2026,2648,11 - SEM 48 - 2026,(47) 3332-5004,0,,,0103,GRUPO SOMA,23/11/2026,75,-20,21,133,,,0,0,0,0,0,2645,H01,T54 - HERING KIDS O,05,CAIXA - LR,N,N,SSNN,0,,B22,0,0,C00,CONJUNTO CURTO (TOP/BOTTON),,,"36,25",29/11/2026,1,0,GASPAR,AVENIDA DEPUTADO FRANCISCO MASTELLA,3955,SETE DE SETEMBRO,,0,25/08/2026,11/29/2026,,1,,,2642,0,,0,00.577.158/0001-29,
078019,0,834,,,0,11 - SEM 45 - 2026,999,29/05,9 lcc,0,OP PRODUÇÃO,0,000,CLASSIFICAR MODELO/FAMILIA,,,0097,GERAL,PRD,PRD - FASE PRODUTO,,,Lib corte,,00/01/1900,00/01/1900,149,SEM LICENÇA HERING,CONFECCOES ONEDA LTDA,13.16.00.0439D,CONJUNTO CURTO / 5BHQ-1F,D7,MALOTES,N,HXO,HXO - COLEÇÂO OUTONO 2027 - HERING,1F,1F,10,16,99,0,0,0,0,25/08/2026,8/26/2026,D3,MALOTES,88,,COMBINACAO MALOTE,0,PC,PENDENTE DESENVOLVIMENTO,CIA. HERING,4507405484,4507405484,061981,05729,29/11/2026,2648,11 - SEM 48 - 2026,(47) 3332-5004,0,,,0103,GRUPO SOMA,23/11/2026,75,-20,21,99,,,0,0,0,0,0,2645,H01,T54 - HERING KIDS O,05,CAIXA - LR,N,N,SSNN,0,,B22,0,0,C00,CONJUNTO CURTO (TOP/BOTTON),,,"36,25",29/11/2026,1,0,GASPAR,AVENIDA DEPUTADO FRANCISCO MASTELLA,3955,SETE DE SETEMBRO,,0,25/08/2026,11/29/2026,,1,,,2642,0,,0,00.577.158/0001-29,
078019,0,834,,,0,11 - SEM 45 - 2026,999,29/05,9 lcc,0,OP PRODUÇÃO,0,000,CLASSIFICAR MODELO/FAMILIA,,,0097,GERAL,PRD,PRD - FASE PRODUTO,,,Lib corte,,00/01/1900,00/01/1900,149,SEM LICENÇA HERING,CONFECCOES ONEDA LTDA,13.16.00.0439D,CONJUNTO CURTO / 5BHQ-1F,D7,MALOTES,N,HXO,HXO - COLEÇÂO OUTONO 2027 - HERING,1F,1F,12,17,130,0,0,0,0,25/08/2026,8/26/2026,D3,MALOTES,88,,COMBINACAO MALOTE,0,PC,PENDENTE DESENVOLVIMENTO,CIA. HERING,4507405484,4507405484,061981,05729,29/11/2026,2648,11 - SEM 48 - 2026,(47) 3332-5004,0,,,0103,GRUPO SOMA,23/11/2026,75,-20,21,130,,,0,0,0,0,0,2645,H01,T54 - HERING KIDS O,05,CAIXA - LR,N,N,SSNN,0,,B22,0,0,C00,CONJUNTO CURTO (TOP/BOTTON),,,"36,25",29/11/2026,1,0,GASPAR,AVENIDA DEPUTADO FRANCISCO MASTELLA,3955,SETE DE SETEMBRO,,0,25/08/2026,11/29/2026,,1,,,2642,0,,0,00.577.158/0001-29,
078019,0,834,,,0,11 - SEM 45 - 2026,999,29/05,9 lcc,0,OP PRODUÇÃO,0,000,CLASSIFICAR MODELO/FAMILIA,,,0097,GERAL,PRD,PRD - FASE PRODUTO,,,Lib corte,,00/01/1900,00/01/1900,149,SEM LICENÇA HERING,CONFECCOES ONEDA LTDA,13.16.00.0439D,CONJUNTO CURTO / 5BHQ-1F,D7,MALOTES,N,HXO,HXO - COLEÇÂO OUTONO 2027 - HERING,1F,1F,14,18,94,0,0,0,0,25/08/2026,8/26/2026,D3,MALOTES,88,,COMBINACAO MALOTE,0,PC,PENDENTE DESENVOLVIMENTO,CIA. HERING,4507405484,4507405484,061981,05729,29/11/2026,2648,11 - SEM 48 - 2026,(47) 3332-5004,0,,,0103,GRUPO SOMA,23/11/2026,75,-20,21,94,,,0,0,0,0,0,2645,H01,T54 - HERING KIDS O,05,CAIXA - LR,N,N,SSNN,0,,B22,0,0,C00,CONJUNTO CURTO (TOP/BOTTON),,,"36,25",29/11/2026,1,0,GASPAR,AVENIDA DEPUTADO FRANCISCO MASTELLA,3955,SETE DE SETEMBRO,,0,25/08/2026,11/29/2026,,1,,,2642,0,,0,00.577.158/0001-29,
078020,0,834,,,0,11 - SEM 45 - 2026,999,04/09,9 lcc,0,OP PRODUÇÃO,0,000,CLASSIFICAR MODELO/FAMILIA,,,0097,GERAL,PRD,PRD - FASE PRODUTO,,,Lib corte,,00/01/1900,00/01/1900,149,SEM LICENÇA HERING,CONFECCOES ONEDA LTDA,13.16.00.0439E,CONJUNTO CURTO / 5BHQ-1G,D7,MALOTES,N,HXO,HXO - COLEÇÂO OUTONO 2027 - HERING,1G,1G,4,13,230,0,0,0,0,25/08/2026,8/26/2026,D3,MALOTES,88,,COMBINACAO MALOTE,0,PC,PENDENTE DESENVOLVIMENTO,CIA. HERING,4507407493,4507407493,061983,05729,29/11/2026,2648,11 - SEM 48 - 2026,(47) 3332-5004,0,,,0103,GRUPO SOMA,23/11/2026,75,-20,21,230,,,0,0,0,0,0,2645,H01,T54 - HERING KIDS O,05,CAIXA - LR,N,N,SSNN,0,,B36,0,0,C00,CONJUNTO CURTO (TOP/BOTTON),,,"36,25",29/11/2026,1,0,GASPAR,AVENIDA DEPUTADO FRANCISCO MASTELLA,3955,SETE DE SETEMBRO,,0,25/08/2026,11/29/2026,,1,,,2642,0,,0,00.577.158/0001-29,
078020,0,834,,,0,11 - SEM 45 - 2026,999,04/09,9 lcc,0,OP PRODUÇÃO,0,000,CLASSIFICAR MODELO/FAMILIA,,,0097,GERAL,PRD,PRD - FASE PRODUTO,,,Lib corte,,00/01/1900,00/01/1900,149,SEM LICENÇA HERING,CONFECCOES ONEDA LTDA,13.16.00.0439E,CONJUNTO CURTO / 5BHQ-1G,D7,MALOTES,N,HXO,HXO - COLEÇÂO OUTONO 2027 - HERING,1G,1G,6,14,105,0,0,0,0,25/08/2026,8/26/2026,D3,MALOTES,88,,COMBINACAO MALOTE,0,PC,PENDENTE DESENVOLVIMENTO,CIA. HERING,4507407493,4507407493,061983,05729,29/11/2026,2648,11 - SEM 48 - 2026,(47) 3332-5004,0,,,0103,GRUPO SOMA,23/11/2026,75,-20,21,105,,,0,0,0,0,0,2645,H01,T54 - HERING KIDS O,05,CAIXA - LR,N,N,SSNN,0,,B36,0,0,C00,CONJUNTO CURTO (TOP/BOTTON),,,"36,25",29/11/2026,1,0,GASPAR,AVENIDA DEPUTADO FRANCISCO MASTELLA,3955,SETE DE SETEMBRO,,0,25/08/2026,11/29/2026,,1,,,2642,0,,0,00.577.158/0001-29,
078020,0,834,,,0,11 - SEM 45 - 2026,999,04/09,9 lcc,0,OP PRODUÇÃO,0,000,CLASSIFICAR MODELO/FAMILIA,,,0097,GERAL,PRD,PRD - FASE PRODUTO,,,Lib corte,,00/01/1900,00/01/1900,149,SEM LICENÇA HERING,CONFECCOES ONEDA LTDA,13.16.00.0439E,CONJUNTO CURTO / 5BHQ-1G,D7,MALOTES,N,HXO,HXO - COLEÇÂO OUTONO 2027 - HERING,1G,1G,8,15,92,0,0,0,0,25/08/2026,8/26/2026,D3,MALOTES,88,,COMBINACAO MALOTE,0,PC,PENDENTE DESENVOLVIMENTO,CIA. HERING,4507407493,4507407493,061983,05729,29/11/2026,2648,11 - SEM 48 - 2026,(47) 3332-5004,0,,,0103,GRUPO SOMA,23/11/2026,75,-20,21,92,,,0,0,0,0,0,2645,H01,T54 - HERING KIDS O,05,CAIXA - LR,N,N,SSNN,0,,B36,0,0,C00,CONJUNTO CURTO (TOP/BOTTON),,,"36,25",29/11/2026,1,0,GASPAR,AVENIDA DEPUTADO FRANCISCO MASTELLA,3955,SETE DE SETEMBRO,,0,25/08/2026,11/29/2026,,1,,,2642,0,,0,00.577.158/0001-29,
078020,0,834,,,0,11 - SEM 45 - 2026,999,04/09,9 lcc,0,OP PRODUÇÃO,0,000,CLASSIFICAR MODELO/FAMILIA,,,0097,GERAL,PRD,PRD - FASE PRODUTO,,,Lib corte,,00/01/1900,00/01/1900,149,SEM LICENÇA HERING,CONFECCOES ONEDA LTDA,13.16.00.0439E,CONJUNTO CURTO / 5BHQ-1G,D7,MALOTES,N,HXO,HXO - COLEÇÂO OUTONO 2027 - HERING,1G,1G,10,16,67,0,0,0,0,25/08/2026,8/26/2026,D3,MALOTES,88,,COMBINACAO MALOTE,0,PC,PENDENTE DESENVOLVIMENTO,CIA. HERING,4507407493,4507407493,061983,05729,29/11/2026,2648,11 - SEM 48 - 2026,(47) 3332-5004,0,,,0103,GRUPO SOMA,23/11/2026,75,-20,21,67,,,0,0,0,0,0,2645,H01,T54 - HERING KIDS O,05,CAIXA - LR,N,N,SSNN,0,,B36,0,0,C00,CONJUNTO CURTO (TOP/BOTTON),,,"36,25",29/11/2026,1,0,GASPAR,AVENIDA DEPUTADO FRANCISCO MASTELLA,3955,SETE DE SETEMBRO,,0,25/08/2026,11/29/2026,,1,,,2642,0,,0,00.577.158/0001-29,
078020,0,834,,,0,11 - SEM 45 - 2026,999,04/09,9 lcc,0,OP PRODUÇÃO,0,000,CLASSIFICAR MODELO/FAMILIA,,,0097,GERAL,PRD,PRD - FASE PRODUTO,,,Lib corte,,00/01/1900,00/01/1900,149,SEM LICENÇA HERING,CONFECCOES ONEDA LTDA,13.16.00.0439E,CONJUNTO CURTO / 5BHQ-1G,D7,MALOTES,N,HXO,HXO - COLEÇÂO OUTONO 2027 - HERING,1G,1G,12,17,90,0,0,0,0,25/08/2026,8/26/2026,D3,MALOTES,88,,COMBINACAO MALOTE,0,PC,PENDENTE DESENVOLVIMENTO,CIA. HERING,4507407493,4507407493,061983,05729,29/11/2026,2648,11 - SEM 48 - 2026,(47) 3332-5004,0,,,0103,GRUPO SOMA,23/11/2026,75,-20,21,90,,,0,0,0,0,0,2645,H01,T54 - HERING KIDS O,05,CAIXA - LR,N,N,SSNN,0,,B36,0,0,C00,CONJUNTO CURTO (TOP/BOTTON),,,"36,25",29/11/2026,1,0,GASPAR,AVENIDA DEPUTADO FRANCISCO MASTELLA,3955,SETE DE SETEMBRO,,0,25/08/2026,11/29/2026,,1,,,2642,0,,0,00.577.158/0001-29,
078020,0,834,,,0,11 - SEM 45 - 2026,999,04/09,9 lcc,0,OP PRODUÇÃO,0,000,CLASSIFICAR MODELO/FAMILIA,,,0097,GERAL,PRD,PRD - FASE PRODUTO,,,Lib corte,,00/01/1900,00/01/1900,149,SEM LICENÇA HERING,CONFECCOES ONEDA LTDA,13.16.00.0439E,CONJUNTO CURTO / 5BHQ-1G,D7,MALOTES,N,HXO,HXO - COLEÇÂO OUTONO 2027 - HERING,1G,1G,14,18,65,0,0,0,0,25/08/2026,8/26/2026,D3,MALOTES,88,,COMBINACAO MALOTE,0,PC,PENDENTE DESENVOLVIMENTO,CIA. HERING,4507407493,4507407493,061983,05729,29/11/2026,2648,11 - SEM 48 - 2026,(47) 3332-5004,0,,,0103,GRUPO SOMA,23/11/2026,75,-20,21,65,,,0,0,0,0,0,2645,H01,T54 - HERING KIDS O,05,CAIXA - LR,N,N,SSNN,0,,B36,0,0,C00,CONJUNTO CURTO (TOP/BOTTON),,,"36,25",29/11/2026,1,0,GASPAR,AVENIDA DEPUTADO FRANCISCO MASTELLA,3955,SETE DE SETEMBRO,,0,25/08/2026,11/29/2026,,1,,,2642,0,,0,00.577.158/0001-29,
078035,0,834,,,0,11 - SEM 46 - 2026,999,28/08,9 lcc,0,OP PRODUÇÃO,0,000,CLASSIFICAR MODELO/FAMILIA,,,0097,GERAL,PRD,PRD - FASE PRODUTO,,,Lib corte,,00/01/1900,00/01/1900,87,DISNEY RENNER,CONFECCOES ONEDA LTDA,02.14.01.0326,TOP REGATA POLIESTER / LCO_SS27_CMC_0007,D7,MALOTES,N,RR6,RR6 - RENNER VERÃO 27,ON1059,AMPARO BLUE 100% PES,2,11,1726,0,0,0,0,26/08/2026,8/26/2026,D3,MALOTES,88,,COMBINACAO MALOTE,0,PC,LIBERADO PARA PRODUÇÂO,LOJAS RENNER S.A.,6153036,6153036,061914,04707,13/12/2026,2650,12 - SEM 50 - 2026,(47) 3332-5004,0,,,0104,RENNER,09/11/2026,89,-20,20,1726,,,0,0,0,0,0,2646,R8,LICENSE MENINO RENNER,17,CABIDE,N,N,SSNN,0,,B35,0,0,T23,TOP REGATA POLIÉSTER (TOP),,,23,13/12/2026,2,0,GASPAR,AVENIDA DEPUTADO FRANCISCO MASTELLA,3955,SETE DE SETEMBRO,,0,26/08/2026,11/15/2026,,1,,,2642,0,,0,00.577.158/0001-29,
078035,0,834,,,0,11 - SEM 46 - 2026,999,28/08,9 lcc,0,OP PRODUÇÃO,0,000,CLASSIFICAR MODELO/FAMILIA,,,0097,GERAL,PRD,PRD - FASE PRODUTO,,,Lib corte,,00/01/1900,00/01/1900,87,DISNEY RENNER,CONFECCOES ONEDA LTDA,02.14.01.0326,TOP REGATA POLIESTER / LCO_SS27_CMC_0007,D7,MALOTES,N,RR6,RR6 - RENNER VERÃO 27,ON1059,AMPARO BLUE 100% PES,3,12,1934,0,0,0,0,26/08/2026,8/26/2026,D3,MALOTES,88,,COMBINACAO MALOTE,0,PC,LIBERADO PARA PRODUÇÂO,LOJAS RENNER S.A.,6153036,6153036,061914,04707,13/12/2026,2650,12 - SEM 50 - 2026,(47) 3332-5004,0,,,0104,RENNER,09/11/2026,89,-20,20,1934,,,0,0,0,0,0,2646,R8,LICENSE MENINO RENNER,17,CABIDE,N,N,SSNN,0,,B35,0,0,T23,TOP REGATA POLIÉSTER (TOP),,,23,13/12/2026,2,0,GASPAR,AVENIDA DEPUTADO FRANCISCO MASTELLA,3955,SETE DE SETEMBRO,,0,26/08/2026,11/15/2026,,1,,,2642,0,,0,00.577.158/0001-29,
078035,0,834,,,0,11 - SEM 46 - 2026,999,28/08,9 lcc,0,OP PRODUÇÃO,0,000,CLASSIFICAR MODELO/FAMILIA,,,0097,GERAL,PRD,PRD - FASE PRODUTO,,,Lib corte,,00/01/1900,00/01/1900,87,DISNEY RENNER,CONFECCOES ONEDA LTDA,02.14.01.0326,TOP REGATA POLIESTER / LCO_SS27_CMC_0007,D7,MALOTES,N,RR6,RR6 - RENNER VERÃO 27,ON1059,AMPARO BLUE 100% PES,4,13,1373,0,0,0,0,26/08/2026,8/26/2026,D3,MALOTES,88,,COMBINACAO MALOTE,0,PC,LIBERADO PARA PRODUÇÂO,LOJAS RENNER S.A.,6153036,6153036,061914,04707,12/13/2026,2650,12 - SEM 50 - 2026,(47) 3332-5004,0,,,0104,RENNER,11/9/2026,89,-20,20,1373,,,0,0,0,0,0,2646,R8,LICENSE MENINO RENNER,17,CABIDE,N,N,SSNN,0,,B35,0,0,T23,TOP REGATA POLIÉSTER (TOP),,,23,13/12/2026,2,0,GASPAR,AVENIDA DEPUTADO FRANCISCO MASTELLA,3955,SETE DE SETEMBRO,,0,26/08/2026,11/15/2026,,1,,,2642,0,,0,00.577.158/0001-29,
078035,0,834,,,0,11 - SEM 46 - 2026,999,28/08,9 lcc,0,OP PRODUÇÃO,0,000,CLASSIFICAR MODELO/FAMILIA,,,0097,GERAL,PRD,PRD - FASE PRODUTO,,,Lib corte,,00/01/1900,00/01/1900,87,DISNEY RENNER,CONFECCOES ONEDA LTDA,02.14.01.0326,TOP REGATA POLIESTER / LCO_SS27_CMC_0007,D7,MALOTES,N,RR6,RR6 - RENNER VERÃO 27,ON1059,AMPARO BLUE 100% PES,5-6,52,1206,0,0,0,0,26/08/2026,8/26/2026,D3,MALOTES,88,,COMBINACAO MALOTE,0,PC,LIBERADO PARA PRODUÇÂO,LOJAS RENNER S.A.,6153036,6153036,061914,04707,12/13/2026,2650,12 - SEM 50 - 2026,(47) 3332-5004,0,,,0104,RENNER,11/9/2026,89,-20,20,1206,,,0,0,0,0,0,2646,R8,LICENSE MENINO RENNER,17,CABIDE,N,N,SSNN,0,,B35,0,0,T23,TOP REGATA POLIÉSTER (TOP),,,23,13/12/2026,2,0,GASPAR,AVENIDA DEPUTADO FRANCISCO MASTELLA,3955,SETE DE SETEMBRO,,0,26/08/2026,11/15/2026,,1,,,2642,0,,0,00.577.158/0001-29,
078036,0,834,,,0,11 - SEM 46 - 2026,999,26/08,9 lcc,0,OP PRODUÇÃO,0,000,CLASSIFICAR MODELO/FAMILIA,,,0097,GERAL,PRD,PRD - FASE PRODUTO,,,Lib corte,,00/01/1900,00/01/1900,36,WARNER C&A,CONFECCOES ONEDA LTDA,01.18.07.0692,TOP CURTO / 2026-2-11933,D7,MALOTES,N,CEY,CEY - FEIRA SUMMER II 2026 (PROD CS) INCLUSÃO,01114,CHUMBO,10,16,300,0,0,0,0,26/08/2026,8/26/2026,D3,MALOTES,88,,COMBINACAO MALOTE,0,PC,PP SAMPL APROVADA,C&A MODAS S.A.,108816,108816,062034,05461,11/15/2026,2646,11 - SEM 46 - 2026,(47) 3332-5004,0,,,0030,C&A MODAS,11/2/2026,61,-20,20,300,,,0,0,0,0,0,2646,96,T59B - TEEN,30,SORTER,N,N,SSNN,0,,B37,0,0,T00,TOP CURTO (TOP),PPSAMPLE REENVIADA 09/09,,"21,9",15/11/2026,3,0,GASPAR,AVENIDA DEPUTADO FRANCISCO MASTELLA,3955,SETE DE SETEMBRO,,0,26/08/2026,11/8/2026,,1,,,2642,0,,0,00.577.158/0001-29,
078036,0,834,,,0,11 - SEM 46 - 2026,999,26/08,9 lcc,0,OP PRODUÇÃO,0,000,CLASSIFICAR MODELO/FAMILIA,,,0097,GERAL,PRD,PRD - FASE PRODUTO,,,Lib corte,,00/01/1900,00/01/1900,36,WARNER C&A,CONFECCOES ONEDA LTDA,01.18.07.0692,TOP CURTO / 2026-2-11933,D7,MALOTES,N,CEY,CEY - FEIRA SUMMER II 2026 (PROD CS) INCLUSÃO,01114,CHUMBO,12,17,471,0,0,0,0,26/08/2026,8/26/2026,D3,MALOTES,88,,COMBINACAO MALOTE,0,PC,PP SAMPL APROVADA,C&A MODAS S.A.,108816,108816,062034,05461,11/15/2026,2646,11 - SEM 46 - 2026,(47) 3332-5004,0,,,0030,C&A MODAS,11/2/2026,61,-20,20,471,,,0,0,0,0,0,2646,96,T59B - TEEN,30,SORTER,N,N,SSNN,0,,B37,0,0,T00,TOP CURTO (TOP),PPSAMPLE REENVIADA 09/09,,"21,9",15/11/2026,3,0,GASPAR,AVENIDA DEPUTADO FRANCISCO MASTELLA,3955,SETE DE SETEMBRO,,0,26/08/2026,11/8/2026,,1,,,2642,0,,0,00.577.158/0001-29,
078036,0,834,,,0,11 - SEM 46 - 2026,999,26/08,9 lcc,0,OP PRODUÇÃO,0,000,CLASSIFICAR MODELO/FAMILIA,,,0097,GERAL,PRD,PRD - FASE PRODUTO,,,Lib corte,,00/01/1900,00/01/1900,36,WARNER C&A,CONFECCOES ONEDA LTDA,01.18.07.0692,TOP CURTO / 2026-2-11933,D7,MALOTES,N,CEY,CEY - FEIRA SUMMER II 2026 (PROD CS) INCLUSÃO,01114,CHUMBO,14,18,443,0,0,0,0,26/08/2026,8/26/2026,D3,MALOTES,88,,COMBINACAO MALOTE,0,PC,PP SAMPL APROVADA,C&A MODAS S.A.,108816,108816,062034,05461,11/15/2026,2646,11 - SEM 46 - 2026,(47) 3332-5004,0,,,0030,C&A MODAS,11/2/2026,61,-20,20,443,,,0,0,0,0,0,2646,96,T59B - TEEN,30,SORTER,N,N,SSNN,0,,B37,0,0,T00,TOP CURTO (TOP),PPSAMPLE REENVIADA 09/09,,"21,9",15/11/2026,3,0,GASPAR,AVENIDA DEPUTADO FRANCISCO MASTELLA,3955,SETE DE SETEMBRO,,0,26/08/2026,11/8/2026,,1,,,2642,0,,0,00.577.158/0001-29,
078036,0,834,,,0,11 - SEM 46 - 2026,999,26/08,9 lcc,0,OP PRODUÇÃO,0,000,CLASSIFICAR MODELO/FAMILIA,,,0097,GERAL,PRD,PRD - FASE PRODUTO,,,Lib corte,,00/01/1900,00/01/1900,36,WARNER C&A,CONFECCOES ONEDA LTDA,01.18.07.0692,TOP CURTO / 2026-2-11933,D7,MALOTES,N,CEY,CEY - FEIRA SUMMER II 2026 (PROD CS) INCLUSÃO,01114,CHUMBO,16,19,332,0,0,0,0,26/08/2026,8/26/2026,D3,MALOTES,88,,COMBINACAO MALOTE,0,PC,PP SAMPL APROVADA,C&A MODAS S.A.,108816,108816,062034,05461,11/15/2026,2646,11 - SEM 46 - 2026,(47) 3332-5004,0,,,0030,C&A MODAS,11/2/2026,61,-20,20,332,,,0,0,0,0,0,2646,96,T59B - TEEN,30,SORTER,N,N,SSNN,0,,B37,0,0,T00,TOP CURTO (TOP),PPSAMPLE REENVIADA 09/09,,"21,9",15/11/2026,3,0,GASPAR,AVENIDA DEPUTADO FRANCISCO MASTELLA,3955,SETE DE SETEMBRO,,0,26/08/2026,11/8/2026,,1,,,2642,0,,0,00.577.158/0001-29,
078141,0,834,,,0,10 - SEM 43 - 2026,999,15/09,1 Ag F,0,OP PRODUÇÃO,0,000,CLASSIFICAR MODELO/FAMILIA,,,0097,GERAL,PRD,PRD - FASE PRODUTO,,,Agu retor Feira / pos fei,,00/01/1900,00/01/1900,85,SEM LICENSA C&A,CONFECCOES ONEDA LTDA,01.16.00.7930,TOP CURTO,D7,MALOTES,N,CEY,CEY - FEIRA SUMMER II 2026 (PROD CS) INCLUSÃO,000521,OFF WHITE,4,13,195,0,0,0,0,11/09/2026,9/11/2026,D3,MALOTES,88,,COMBINACAO MALOTE,0,PC,PENDENTE DESENVOLVIMENTO,C&A MODAS S.A.,115666,115666,062060,05461,10/25/2026,2643,10 - SEM 43 - 2026,(47) 3332-5004,0,,,0030,C&A MODAS,10/19/2026,40,-4,4,195,,,0,0,0,0,0,2643,84,T54C - KIDS O,19,CABIDE-DORSAL,N,N,SSNN,0,utilizar rib do estoque,B38,0,0,T00,TOP CURTO (TOP),,Frente: 1 cor / Costas: 1 cor,"19,95",25/10/2026,3,0,GASPAR,AVENIDA DEPUTADO FRANCISCO MASTELLA,3955,SETE DE SETEMBRO,,0,11/09/2026,10/25/2026,,1,,,2643,0,,0,00.577.158/0001-29,
078141,0,834,,,0,10 - SEM 43 - 2026,999,15/09,1 Ag F,0,OP PRODUÇÃO,0,000,CLASSIFICAR MODELO/FAMILIA,,,0097,GERAL,PRD,PRD - FASE PRODUTO,,,Agu retor Feira / pos fei,,00/01/1900,00/01/1900,85,SEM LICENSA C&A,CONFECCOES ONEDA LTDA,01.16.00.7930,TOP CURTO,D7,MALOTES,N,CEY,CEY - FEIRA SUMMER II 2026 (PROD CS) INCLUSÃO,000521,OFF WHITE,6,14,389,0,0,0,0,11/09/2026,9/11/2026,D3,MALOTES,88,,COMBINACAO MALOTE,0,PC,PENDENTE DESENVOLVIMENTO,C&A MODAS S.A.,115666,115666,062060,05461,10/25/2026,2643,10 - SEM 43 - 2026,(47) 3332-5004,0,,,0030,C&A MODAS,10/19/2026,40,-4,4,389,,,0,0,0,0,0,2643,84,T54C - KIDS O,19,CABIDE-DORSAL,N,N,SSNN,0,utilizar rib do estoque,B38,0,0,T00,TOP CURTO (TOP),,Frente: 1 cor / Costas: 1 cor,"19,95",25/10/2026,3,0,GASPAR,AVENIDA DEPUTADO FRANCISCO MASTELLA,3955,SETE DE SETEMBRO,,0,11/09/2026,10/25/2026,,1,,,2643,0,,0,00.577.158/0001-29,
078141,0,834,,,0,10 - SEM 43 - 2026,999,15/09,1 Ag F,0,OP PRODUÇÃO,0,000,CLASSIFICAR MODELO/FAMILIA,,,0097,GERAL,PRD,PRD - FASE PRODUTO,,,Agu retor Feira / pos fei,,00/01/1900,00/01/1900,85,SEM LICENSA C&A,CONFECCOES ONEDA LTDA,01.16.00.7930,TOP CURTO,D7,MALOTES,N,CEY,CEY - FEIRA SUMMER II 2026 (PROD CS) INCLUSÃO,000521,OFF WHITE,8,15,389,0,0,0,0,11/09/2026,9/11/2026,D3,MALOTES,88,,COMBINACAO MALOTE,0,PC,PENDENTE DESENVOLVIMENTO,C&A MODAS S.A.,115666,115666,062060,05461,10/25/2026,2643,10 - SEM 43 - 2026,(47) 3332-5004,0,,,0030,C&A MODAS,10/19/2026,40,-4,4,389,,,0,0,0,0,0,2643,84,T54C - KIDS O,19,CABIDE-DORSAL,N,N,SSNN,0,utilizar rib do estoque,B38,0,0,T00,TOP CURTO (TOP),,Frente: 1 cor / Costas: 1 cor,"19,95",25/10/2026,3,0,GASPAR,AVENIDA DEPUTADO FRANCISCO MASTELLA,3955,SETE DE SETEMBRO,,0,11/09/2026,10/25/2026,,1,,,2643,0,,0,00.577.158/0001-29,
078141,0,834,,,0,10 - SEM 43 - 2026,999,15/09,1 Ag F,0,OP PRODUÇÃO,0,000,CLASSIFICAR MODELO/FAMILIA,,,0097,GERAL,PRD,PRD - FASE PRODUTO,,,Agu retor Feira / pos fei,,00/01/1900,00/01/1900,85,SEM LICENSA C&A,CONFECCOES ONEDA LTDA,01.16.00.7930,TOP CURTO,D7,MALOTES,N,CEY,CEY - FEIRA SUMMER II 2026 (PROD CS) INCLUSÃO,000521,OFF WHITE,10,16,389,0,0,0,0,11/09/2026,9/11/2026,D3,MALOTES,88,,COMBINACAO MALOTE,0,PC,PENDENTE DESENVOLVIMENTO,C&A MODAS S.A.,115666,115666,062060,05461,10/25/2026,2643,10 - SEM 43 - 2026,(47) 3332-5004,0,,,0030,C&A MODAS,10/19/2026,40,-4,4,389,,,0,0,0,0,0,2643,84,T54C - KIDS O,19,CABIDE-DORSAL,N,N,SSNN,0,utilizar rib do estoque,B38,0,0,T00,TOP CURTO (TOP),,Frente: 1 cor / Costas: 1 cor,"19,95",25/10/2026,3,0,GASPAR,AVENIDA DEPUTADO FRANCISCO MASTELLA,3955,SETE DE SETEMBRO,,0,11/09/2026,10/25/2026,,1,,,2643,0,,0,00.577.158/0001-29,
078141,0,834,,,0,10 - SEM 43 - 2026,999,15/09,1 Ag F,0,OP PRODUÇÃO,0,000,CLASSIFICAR MODELO/FAMILIA,,,0097,GERAL,PRD,PRD - FASE PRODUTO,,,Agu retor Feira / pos fei,,00/01/1900,00/01/1900,85,SEM LICENSA C&A,CONFECCOES ONEDA LTDA,01.16.00.7930,TOP CURTO,D7,MALOTES,N,CEY,CEY - FEIRA SUMMER II 2026 (PROD CS) INCLUSÃO,000521,OFF WHITE,12,17,389,0,0,0,0,11/09/2026,9/11/2026,D3,MALOTES,88,,COMBINACAO MALOTE,0,PC,PENDENTE DESENVOLVIMENTO,C&A MODAS S.A.,115666,115666,062060,05461,10/25/2026,2643,10 - SEM 43 - 2026,(47) 3332-5004,0,,,0030,C&A MODAS,10/19/2026,40,-4,4,389,,,0,0,0,0,0,2643,84,T54C - KIDS O,19,CABIDE-DORSAL,N,N,SSNN,0,utilizar rib do estoque,B38,0,0,T00,TOP CURTO (TOP),,Frente: 1 cor / Costas: 1 cor,"19,95",25/10/2026,3,0,GASPAR,AVENIDA DEPUTADO FRANCISCO MASTELLA,3955,SETE DE SETEMBRO,,0,11/09/2026,10/25/2026,,1,,,2643,0,,0,00.577.158/0001-29,
078142,0,834,,,0,10 - SEM 43 - 2026,999,15/09,1 Ag F,0,OP PRODUÇÃO,0,000,CLASSIFICAR MODELO/FAMILIA,,,0097,GERAL,PRD,PRD - FASE PRODUTO,,,Agu retor Feira / pos fei,,00/01/1900,00/01/1900,146,LICENÇAS VARIADAS,CONFECCOES ONEDA LTDA,01.16.42.0572,TOP CURTO,D7,MALOTES,N,CEY,CEY - FEIRA SUMMER II 2026 (PROD CS) INCLUSÃO,000521,OFF WHITE,4,13,321,0,0,0,0,11/09/2026,9/11/2026,D3,MALOTES,88,,COMBINACAO MALOTE,0,PC,AGUAR. APROV. LIC./ PP SAMPLE,C&A MODAS S.A.,115667,115667,062061,05461,10/25/2026,2643,10 - SEM 43 - 2026,(47) 3332-5004,0,,,0030,C&A MODAS,10/19/2026,40,-4,4,321,,,0,0,0,0,0,2643,84,T54C - KIDS O,19,CABIDE-DORSAL,N,N,SSNN,0,,B38,0,0,T00,TOP CURTO (TOP),,Frente: 3 cores / Costas: 5 cores,"19,05",25/10/2026,3,0,GASPAR,AVENIDA DEPUTADO FRANCISCO MASTELLA,3955,SETE DE SETEMBRO,,0,11/09/2026,10/25/2026,,1,,,2643,0,,0,00.577.158/0001-29,
078142,0,834,,,0,10 - SEM 43 - 2026,999,15/09,1 Ag F,0,OP PRODUÇÃO,0,000,CLASSIFICAR MODELO/FAMILIA,,,0097,GERAL,PRD,PRD - FASE PRODUTO,,,Agu retor Feira / pos fei,,00/01/1900,00/01/1900,146,LICENÇAS VARIADAS,CONFECCOES ONEDA LTDA,01.16.42.0572,TOP CURTO,D7,MALOTES,N,CEY,CEY - FEIRA SUMMER II 2026 (PROD CS) INCLUSÃO,000521,OFF WHITE,6,14,643,0,0,0,0,11/09/2026,9/11/2026,D3,MALOTES,88,,COMBINACAO MALOTE,0,PC,AGUAR. APROV. LIC./ PP SAMPLE,C&A MODAS S.A.,115667,115667,062061,05461,10/25/2026,2643,10 - SEM 43 - 2026,(47) 3332-5004,0,,,0030,C&A MODAS,10/19/2026,40,-4,4,643,,,0,0,0,0,0,2643,84,T54C - KIDS O,19,CABIDE-DORSAL,N,N,SSNN,0,,B38,0,0,T00,TOP CURTO (TOP),,Frente: 3 cores / Costas: 5 cores,"19,05",25/10/2026,3,0,GASPAR,AVENIDA DEPUTADO FRANCISCO MASTELLA,3955,SETE DE SETEMBRO,,0,11/09/2026,10/25/2026,,1,,,2643,0,,0,00.577.158/0001-29,
078142,0,834,,,0,10 - SEM 43 - 2026,999,15/09,1 Ag F,0,OP PRODUÇÃO,0,000,CLASSIFICAR MODELO/FAMILIA,,,0097,GERAL,PRD,PRD - FASE PRODUTO,,,Agu retor Feira / pos fei,,00/01/1900,00/01/1900,146,LICENÇAS VARIADAS,CONFECCOES ONEDA LTDA,01.16.42.0572,TOP CURTO,D7,MALOTES,N,CEY,CEY - FEIRA SUMMER II 2026 (PROD CS) INCLUSÃO,000521,OFF WHITE,8,15,643,0,0,0,0,11/09/2026,9/11/2026,D3,MALOTES,88,,COMBINACAO MALOTE,0,PC,AGUAR. APROV. LIC./ PP SAMPLE,C&A MODAS S.A.,115667,115667,062061,05461,10/25/2026,2643,10 - SEM 43 - 2026,(47) 3332-5004,0,,,0030,C&A MODAS,10/19/2026,40,-4,4,643,,,0,0,0,0,0,2643,84,T54C - KIDS O,19,CABIDE-DORSAL,N,N,SSNN,0,,B38,0,0,T00,TOP CURTO (TOP),,Frente: 3 cores / Costas: 5 cores,"19,05",25/10/2026,3,0,GASPAR,AVENIDA DEPUTADO FRANCISCO MASTELLA,3955,SETE DE SETEMBRO,,0,11/09/2026,10/25/2026,,1,,,2643,0,,0,00.577.158/0001-29,
078142,0,834,,,0,10 - SEM 43 - 2026,999,15/09,1 Ag F,0,OP PRODUÇÃO,0,000,CLASSIFICAR MODELO/FAMILIA,,,0097,GERAL,PRD,PRD - FASE PRODUTO,,,Agu retor Feira / pos fei,,00/01/1900,00/01/1900,146,LICENÇAS VARIADAS,CONFECCOES ONEDA LTDA,01.16.42.0572,TOP CURTO,D7,MALOTES,N,CEY,CEY - FEIRA SUMMER II 2026 (PROD CS) INCLUSÃO,000521,OFF WHITE,10,16,643,0,0,0,0,11/09/2026,9/11/2026,D3,MALOTES,88,,COMBINACAO MALOTE,0,PC,AGUAR. APROV. LIC./ PP SAMPLE,C&A MODAS S.A.,115667,115667,062061,05461,10/25/2026,2643,10 - SEM 43 - 2026,(47) 3332-5004,0,,,0030,C&A MODAS,10/19/2026,40,-4,4,643,,,0,0,0,0,0,2643,84,T54C - KIDS O,19,CABIDE-DORSAL,N,N,SSNN,0,,B38,0,0,T00,TOP CURTO (TOP),,Frente: 3 cores / Costas: 5 cores,"19,05",25/10/2026,3,0,GASPAR,AVENIDA DEPUTADO FRANCISCO MASTELLA,3955,SETE DE SETEMBRO,,0,11/09/2026,10/25/2026,,1,,,2643,0,,0,00.577.158/0001-29,
078142,0,834,,,0,10 - SEM 43 - 2026,999,15/09,1 Ag F,0,OP PRODUÇÃO,0,000,CLASSIFICAR MODELO/FAMILIA,,,0097,GERAL,PRD,PRD - FASE PRODUTO,,,Agu retor Feira / pos fei,,00/01/1900,00/01/1900,146,LICENÇAS VARIADAS,CONFECCOES ONEDA LTDA,01.16.42.0572,TOP CURTO,D7,MALOTES,N,CEY,CEY - FEIRA SUMMER II 2026 (PROD CS) INCLUSÃO,000521,OFF WHITE,12,17,643,0,0,0,0,11/09/2026,9/11/2026,D3,MALOTES,88,,COMBINACAO MALOTE,0,PC,AGUAR. APROV. LIC./ PP SAMPLE,C&A MODAS S.A.,115667,115667,062061,05461,10/25/2026,2643,10 - SEM 43 - 2026,(47) 3332-5004,0,,,0030,C&A MODAS,10/19/2026,40,-4,4,643,,,0,0,0,0,0,2643,84,T54C - KIDS O,19,CABIDE-DORSAL,N,N,SSNN,0,,B38,0,0,T00,TOP CURTO (TOP),,Frente: 3 cores / Costas: 5 cores,"19,05",25/10/2026,3,0,GASPAR,AVENIDA DEPUTADO FRANCISCO MASTELLA,3955,SETE DE SETEMBRO,,0,11/09/2026,10/25/2026,,1,,,2643,0,,0,00.577.158/0001-29,